userSet	dbSet	collection	pValueLog	oddsRatio	support	rnkPV	rnkOR	rnkSup	maxRnk	meanRnk	b	c	d	description	cellType	tissue	antibody	treatment	dataSource	filename	qValue	size
1	1116	ucsc_features	200.162985367059	6.62288735353359	1212	1	1	989	989	330	293	2567	4111	UCSC LaminB1 Lads	NA	NA	NA	NA	NA	laminB1Lads.bed	1.54320771160584e-197	1296
2	512	roadmap_epigenomics	173.140862642563	4.34270573311678	3825	1	4	80	80	28.3	2208	613	1537	roadmap_epigenomics H3K36me3	NA	NA	H3K36me3	NA	NA	E056-H3K36me3.narrowPeak	8.11927242904947e-171	339193
2	514	roadmap_epigenomics	171.520434698718	5.2518502847013	4060	2	1	9	9	4	2515	378	1230	roadmap_epigenomics H3K4me3	NA	NA	H3K4me3	NA	NA	E056-H3K4me3.narrowPeak	2.25867527856506e-169	152592
2	513	roadmap_epigenomics	150.741092816294	4.7764056889726	4053	3	2	10	10	5	2576	385	1169	roadmap_epigenomics H3K4me1	NA	NA	H3K4me1	NA	NA	E056-H3K4me1.narrowPeak	1.01919420181823e-148	303644
2	505	roadmap_epigenomics	146.904947399005	4.30600998939912	3964	4	5	28	28	12.3	2472	474	1273	roadmap_epigenomics H3K4me3	NA	NA	H3K4me3	NA	NA	E055-H3K4me3.narrowPeak	5.59103677175007e-145	115193
2	510	roadmap_epigenomics	139.439537904815	4.66170119648549	4075	5	3	6	6	4.67	2646	363	1099	roadmap_epigenomics H3K27ac	NA	NA	H3K27ac	NA	NA	E056-H3K27ac.narrowPeak	1.36056907897407e-137	271197
2	504	roadmap_epigenomics	131.56890532029	4.29220367169713	4034	6	6	15	15	9	2619	404	1126	roadmap_epigenomics H3K4me1	NA	NA	H3K4me1	NA	NA	E055-H3K4me1.narrowPeak	8.65777692433944e-130	338865
2	503	roadmap_epigenomics	127.341801185403	3.1946859831548	3510	7	19	303	303	110	2030	928	1715	roadmap_epigenomics H3K36me3	NA	NA	H3K36me3	NA	NA	E055-H3K36me3.narrowPeak	1.27796388090697e-125	289239
2	501	roadmap_epigenomics	121.212982137095	3.96066165000057	4002	8	7	20	20	11.7	2616	436	1129	roadmap_epigenomics H3K27ac	NA	NA	H3K27ac	NA	NA	E055-H3K27ac.narrowPeak	1.5282172776127e-119	274023
2	876	roadmap_epigenomics	120.553535433328	3.49703414667963	3830	9	9	79	79	32.3	2408	608	1337	roadmap_epigenomics H3K9ac	NA	NA	H3K9ac	NA	NA	E107-H3K9ac.narrowPeak	6.27876629968172e-119	144247
1	515	roadmap_epigenomics	110.553517738936	3.82090342172812	1073	2	3	1028	1028	344	414	2706	3990	roadmap_epigenomics H3K9me3	NA	NA	H3K9me3	NA	NA	E056-H3K9me3.narrowPeak	5.70820192697719e-109	314736
2	537	roadmap_epigenomics	110.32234887301	3.07997493727976	3647	10	24	184	184	72.7	2245	791	1500	roadmap_epigenomics H3K4me3	NA	NA	H3K4me3	NA	NA	E059-H3K4me3.narrowPeak	8.91003957205614e-109	47573
2	874	roadmap_epigenomics	108.824866165502	3.28737840267988	3819	11	16	83	83	36.7	2443	619	1302	roadmap_epigenomics H3K4me1	NA	NA	H3K4me1	NA	NA	E107-H3K4me1.narrowPeak	2.58583157437498e-107	238000
2	1051	roadmap_epigenomics	108.599403623059	2.72723990134492	2623	12	72	767	767	284	1297	1815	2448	roadmap_epigenomics H4K20me1	NA	NA	H4K20me1	NA	NA	E124-H4K20me1.narrowPeak	4.03532105280784e-107	157666
2	930	roadmap_epigenomics	107.722224395639	2.76735540790604	2339	13	66	817	817	299	1075	2099	2670	roadmap_epigenomics H4K20me1	NA	NA	H4K20me1	NA	NA	E114-H4K20me1.narrowPeak	2.83853397812192e-106	69077
2	536	roadmap_epigenomics	106.784579074006	2.74690792622335	3161	14	69	564	564	216	1775	1277	1970	roadmap_epigenomics H3K4me1	NA	NA	H3K4me1	NA	NA	E059-H3K4me1.narrowPeak	2.30521106361072e-105	104649
2	740	roadmap_epigenomics	104.446497642267	3.39898849657183	3913	15	11	47	47	24.3	2572	525	1173	roadmap_epigenomics H3K4me1	NA	NA	H3K4me1	NA	NA	E089-H3K4me1.narrowPeak	4.7256677943975e-103	234241
2	963	roadmap_epigenomics	104.282448263208	2.83436879193162	3445	16	52	345	345	138	2061	993	1684	roadmap_epigenomics H3K9ac	NA	NA	H3K9ac	NA	NA	E117-H3K9ac.narrowPeak	6.51161902855574e-103	64430
2	881	roadmap_epigenomics	104.089146609798	3.45429069804789	3939	17	10	36	36	21	2605	499	1140	roadmap_epigenomics H3K4me1	NA	NA	H3K4me1	NA	NA	E108-H3K4me1.narrowPeak	9.62741163555265e-103	272216
2	705	roadmap_epigenomics	103.670416287665	2.93032948784247	3590	18	33	237	237	96	2213	848	1532	roadmap_epigenomics H3K36me3	NA	NA	H3K36me3	NA	NA	E085-H3K36me3.narrowPeak	2.39863114567761e-102	359487
2	110	roadmap_epigenomics	102.212450267816	2.98761611659261	3672	19	29	167	167	71.7	2307	766	1438	roadmap_epigenomics H4K8ac	NA	NA	H4K8ac	NA	NA	E006-H4K8ac.narrowPeak	6.55752853926383e-101	209112
2	611	roadmap_epigenomics	101.679547270783	3.03632583067266	3722	20	27	130	130	59	2364	716	1381	roadmap_epigenomics H3K27ac	NA	NA	H3K27ac	NA	NA	E073-H3K27ac.narrowPeak	2.13520609418698e-100	206720
2	222	roadmap_epigenomics	101.403453011071	2.69157992026968	3209	21	78	527	527	209	1844	1229	1901	roadmap_epigenomics H2AK5ac	NA	NA	H2AK5ac	NA	NA	E017-H2AK5ac.narrowPeak	3.85681586401658e-100	296165
2	1063	roadmap_epigenomics	101.057129033272	2.62226209171735	2707	22	100	749	749	290	1399	1731	2346	roadmap_epigenomics H4K20me1	NA	NA	H4K20me1	NA	NA	E125-H4K20me1.narrowPeak	8.20482791853913e-100	167649
2	242	roadmap_epigenomics	97.6473989654598	2.830839867169	3573	23	56	256	256	112	2222	865	1523	roadmap_epigenomics H3K9ac	NA	NA	H3K9ac	NA	NA	E017-H3K9ac.narrowPeak	2.02334890080938e-96	130449
2	1032	roadmap_epigenomics	97.4684071513813	2.79191295006668	3524	24	60	296	296	127	2172	914	1573	roadmap_epigenomics H3K4me1	NA	NA	H3K4me1	NA	NA	E123-H3K4me1.narrowPeak	2.93784752853961e-96	169621
2	234	roadmap_epigenomics	97.2842985042881	2.61941231699692	3143	25	102	576	576	234	1801	1295	1944	roadmap_epigenomics H3K36me3	NA	NA	H3K36me3	NA	NA	E017-H3K36me3.narrowPeak	4.32262422952947e-96	352022
2	367	roadmap_epigenomics	96.5064117034818	3.27678907038236	3921	26	17	42	42	28.3	2615	517	1130	roadmap_epigenomics H3K4me1	NA	NA	H3K4me1	NA	NA	E034-H3K4me1.narrowPeak	2.49942446850762e-95	198110
2	533	roadmap_epigenomics	96.4584380830366	2.78701913589495	3537	27	63	281	281	124	2190	901	1555	roadmap_epigenomics H3K27ac	NA	NA	H3K27ac	NA	NA	E059-H3K27ac.narrowPeak	2.69509247214639e-95	103939
2	766	roadmap_epigenomics	95.3037681486223	2.67577709783218	3374	28	81	404	404	171	2031	1064	1714	roadmap_epigenomics H3K36me3	NA	NA	H3K36me3	NA	NA	E092-H3K36me3.narrowPeak	3.65449351194726e-94	329663
2	408	roadmap_epigenomics	95.2972208629009	3.12416703680285	3853	29	21	68	68	39.3	2540	585	1205	roadmap_epigenomics H3K4me1	NA	NA	H3K4me1	NA	NA	E041-H3K4me1.narrowPeak	3.65449351194726e-94	159193
2	393	roadmap_epigenomics	93.5776077757327	2.61033716789113	3271	30	105	480	480	205	1939	1167	1806	roadmap_epigenomics H3K27ac	NA	NA	H3K27ac	NA	NA	E039-H3K27ac.narrowPeak	1.85631638428091e-92	79843
2	628	roadmap_epigenomics	93.4556349036513	3.11414282034625	3865	31	22	61	61	38	2562	573	1183	roadmap_epigenomics H3K4me1	NA	NA	H3K4me1	NA	NA	E075-H3K4me1.narrowPeak	2.38375111061373e-92	196719
2	95	roadmap_epigenomics	92.7199209058296	2.64313877758132	3378	32	93	401	401	175	2047	1060	1698	roadmap_epigenomics H2BK12ac	NA	NA	H2BK12ac	NA	NA	E006-H2BK12ac.narrowPeak	1.25895419429376e-91	286658
2	826	roadmap_epigenomics	92.372331075105	3.69191304053893	4084	33	8	4	33	15	2837	354	908	roadmap_epigenomics	NA	NA	NA	NA	NA	E100-DNase.macs2.narrowPeak	2.72276796652312e-91	441628
2	609	roadmap_epigenomics	91.9619765432064	2.94255568775635	3767	34	32	103	103	56.3	2457	671	1288	roadmap_epigenomics H3K9ac	NA	NA	H3K9ac	NA	NA	E072-H3K9ac.narrowPeak	6.80974278083298e-91	165236
2	883	roadmap_epigenomics	91.879231746271	2.89172813501609	3726	35	39	128	128	67.3	2412	712	1333	roadmap_epigenomics H3K9ac	NA	NA	H3K9ac	NA	NA	E108-H3K9ac.narrowPeak	8.01634282007467e-91	129620
2	426	roadmap_epigenomics	91.6592887654924	2.8883617670232	3726	36	40	128	128	68	2413	712	1332	roadmap_epigenomics H3K4me1	NA	NA	H3K4me1	NA	NA	E044-H3K4me1.narrowPeak	1.29520165241119e-90	150223
2	539	roadmap_epigenomics	91.6221049455044	3.06114345827505	3852	37	26	71	71	44.7	2555	586	1190	roadmap_epigenomics H3K27ac	NA	NA	H3K27ac	NA	NA	E061-H3K27ac.narrowPeak	1.35102979443512e-90	199363
2	1094	roadmap_epigenomics	91.6186848339174	2.57182309353742	3233	38	120	510	510	223	1912	1205	1833	roadmap_epigenomics H3K4me1	NA	NA	H3K4me1	NA	NA	E128-H3K4me1.narrowPeak	1.35102979443512e-90	167405
2	776	roadmap_epigenomics	91.5222824470347	3.16166165245133	3908	39	20	51	51	36.7	2621	530	1124	roadmap_epigenomics H3K4me1	NA	NA	H3K4me1	NA	NA	E093-H3K4me1.narrowPeak	1.64567263734849e-90	250705
2	689	roadmap_epigenomics	90.7114759438774	2.83417449808104	3689	40	53	156	156	83	2377	749	1368	roadmap_epigenomics H3K9ac	NA	NA	H3K9ac	NA	NA	E083-H3K9ac.narrowPeak	1.03916501618154e-89	110500
2	598	roadmap_epigenomics	90.5830528068094	2.88447322933796	3737	41	41	122	122	68	2430	701	1315	roadmap_epigenomics H3K27ac	NA	NA	H3K27ac	NA	NA	E071-H3K27ac.narrowPeak	1.36423280801936e-89	152169
2	396	roadmap_epigenomics	90.3643018300247	2.9037612139614	3756	42	38	108	108	62.7	2452	682	1293	roadmap_epigenomics H3K4me1	NA	NA	H3K4me1	NA	NA	E039-H3K4me1.narrowPeak	2.20625265527041e-89	159065
2	663	roadmap_epigenomics	90.3131285493615	3.34717877178006	3996	43	14	21	43	26	2733	442	1012	roadmap_epigenomics H3K4me1	NA	NA	H3K4me1	NA	NA	E080-H3K4me1.narrowPeak	2.42699392240852e-89	279457
2	420	roadmap_epigenomics	90.0603428448911	2.98221202802327	3818	44	30	85	85	53	2523	620	1222	roadmap_epigenomics H3K4me1	NA	NA	H3K4me1	NA	NA	E043-H3K4me1.narrowPeak	4.24921861483617e-89	154217
2	557	roadmap_epigenomics	89.9515315590154	2.79079720722752	3656	45	61	178	178	94.7	2345	782	1400	roadmap_epigenomics H3K9ac	NA	NA	H3K9ac	NA	NA	E063-H3K9ac.narrowPeak	5.34294046494116e-89	112712
2	236	roadmap_epigenomics	89.8825952319383	2.87136173116196	3735	46	42	124	124	70.7	2431	703	1314	roadmap_epigenomics H3K4me1	NA	NA	H3K4me1	NA	NA	E017-H3K4me1.narrowPeak	6.13159247574657e-89	328152
1	793	roadmap_epigenomics	89.7816088994996	2.79399293635173	1404	3	6	912	912	307	769	2375	3635	roadmap_epigenomics H3K9me3	NA	NA	H3K9me3	NA	NA	E095-H3K9me3.narrowPeak	7.57887549183574e-89	192228
2	380	roadmap_epigenomics	88.7555841974892	2.5850932970984	3367	47	116	414	414	192	2055	1071	1690	roadmap_epigenomics H3K27ac	NA	NA	H3K27ac	NA	NA	E037-H3K27ac.narrowPeak	7.88597779916221e-88	75646
2	389	roadmap_epigenomics	88.5677928371999	2.77776975939455	3664	48	64	171	171	94.3	2360	774	1385	roadmap_epigenomics H3K4me1	NA	NA	H3K4me1	NA	NA	E038-H3K4me1.narrowPeak	1.19137021599449e-87	143594
2	447	roadmap_epigenomics	88.4610799879591	2.83165800908452	3719	49	55	133	133	79	2420	719	1325	roadmap_epigenomics H3K4me1	NA	NA	H3K4me1	NA	NA	E047-H3K4me1.narrowPeak	1.49391683142422e-87	124596
2	414	roadmap_epigenomics	88.3168031547767	2.85639533620395	3743	50	46	115	115	70.3	2447	695	1298	roadmap_epigenomics H3K4me1	NA	NA	H3K4me1	NA	NA	E042-H3K4me1.narrowPeak	2.04329337811835e-87	160756
2	281	roadmap_epigenomics	88.3034758693323	2.72843800068414	3612	51	71	211	211	111	2306	826	1439	roadmap_epigenomics H3K27ac	NA	NA	H3K27ac	NA	NA	E022-H3K27ac.narrowPeak	2.06795042295348e-87	140357
2	975	roadmap_epigenomics	88.2704795606247	2.55272861798577	3304	52	123	451	451	209	1996	1134	1749	roadmap_epigenomics H3K9ac	NA	NA	H3K9ac	NA	NA	E118-H3K9ac.narrowPeak	2.19062228708162e-87	55292
2	748	roadmap_epigenomics	87.9681638688632	2.49577277848557	3129	53	144	582	582	260	1832	1309	1913	roadmap_epigenomics H3K36me3	NA	NA	H3K36me3	NA	NA	E090-H3K36me3.narrowPeak	4.31576566977797e-87	278916
2	383	roadmap_epigenomics	87.8646655466835	2.80149968470914	3699	54	58	146	146	86	2401	739	1344	roadmap_epigenomics H3K4me1	NA	NA	H3K4me1	NA	NA	E037-H3K4me1.narrowPeak	5.38107877162388e-87	143294
2	341	roadmap_epigenomics	87.7442493034529	2.74044050222968	3636	55	70	193	193	106	2334	802	1411	roadmap_epigenomics H3K4me1	NA	NA	H3K4me1	NA	NA	E031-H3K4me1.narrowPeak	6.97802393727174e-87	93412
2	193	roadmap_epigenomics	87.5211301357394	2.48459155820232	3105	56	152	595	595	268	1812	1333	1933	roadmap_epigenomics H3K36me3	NA	NA	H3K36me3	NA	NA	E013-H3K36me3.narrowPeak	1.13276184985569e-86	304339
2	346	roadmap_epigenomics	87.5191198874992	3.38599332935661	4028	57	12	17	57	28.7	2785	410	960	roadmap_epigenomics	NA	NA	NA	NA	NA	E032-DNase.macs2.narrowPeak	1.13276184985569e-86	359211
1	564	roadmap_epigenomics	87.1791203114406	2.84338771782548	1299	4	5	960	960	323	685	2480	3719	roadmap_epigenomics H3K9me3	NA	NA	H3K9me3	NA	NA	E065-H3K9me3.narrowPeak	2.43758408366024e-86	124507
2	591	roadmap_epigenomics	86.9980964863496	2.74986778479537	3659	58	68	174	174	100	2362	779	1383	roadmap_epigenomics H3K9ac	NA	NA	H3K9ac	NA	NA	E069-H3K9ac.narrowPeak	3.63849327100024e-86	133007
1	506	roadmap_epigenomics	86.9817408778331	2.62040236104699	1578	5	8	842	842	285	946	2201	3458	roadmap_epigenomics H3K9me3	NA	NA	H3K9me3	NA	NA	E055-H3K9me3.narrowPeak	3.69641641597606e-86	439063
2	405	roadmap_epigenomics	86.9774488876409	2.5527179792926	3347	59	124	430	430	204	2044	1091	1701	roadmap_epigenomics H3K27ac	NA	NA	H3K27ac	NA	NA	E041-H3K27ac.narrowPeak	3.69641641597606e-86	106442
2	363	roadmap_epigenomics	86.7058337227783	3.3757328434942	4030	60	13	16	60	29.7	2791	408	954	roadmap_epigenomics	NA	NA	NA	NA	NA	E034-DNase.macs2.narrowPeak	6.79855480014851e-86	416560
2	662	roadmap_epigenomics	86.6994492138283	2.49521868251648	3191	61	145	544	544	250	1896	1247	1849	roadmap_epigenomics H3K36me3	NA	NA	H3K36me3	NA	NA	E080-H3K36me3.narrowPeak	6.79855480014851e-86	296790
2	586	roadmap_epigenomics	86.6154974418915	2.67047887283932	3568	62	83	260	260	135	2268	870	1477	roadmap_epigenomics H3K27ac	NA	NA	H3K27ac	NA	NA	E069-H3K27ac.narrowPeak	8.12526449918808e-86	169793
2	441	roadmap_epigenomics	86.3032518784527	2.99479178987909	3866	63	28	60	63	50.3	2595	572	1150	roadmap_epigenomics H3K4me1	NA	NA	H3K4me1	NA	NA	E046-H3K4me1.narrowPeak	1.64304311834941e-85	167778
2	432	roadmap_epigenomics	86.2482087411414	2.71765647883435	3635	64	75	196	196	112	2340	803	1405	roadmap_epigenomics H3K4me1	NA	NA	H3K4me1	NA	NA	E045-H3K4me1.narrowPeak	1.83802714097321e-85	132617
2	1029	roadmap_epigenomics	86.0950664013106	2.47886388703495	3159	65	155	568	568	263	1869	1279	1876	roadmap_epigenomics H3K27ac	NA	NA	H3K27ac	NA	NA	E123-H3K27ac.narrowPeak	2.57777679929626e-85	72757
2	223	roadmap_epigenomics	85.9752507055653	2.51405250283784	3281	66	134	467	467	222	1985	1157	1760	roadmap_epigenomics H2AK9ac	NA	NA	H2AK9ac	NA	NA	E017-H2AK9ac.narrowPeak	3.34888857351886e-85	85385
2	903	roadmap_epigenomics	85.629456421532	2.83205705258113	3758	67	54	106	106	75.7	2476	680	1269	roadmap_epigenomics H3K4me1	NA	NA	H3K4me1	NA	NA	E111-H3K4me1.narrowPeak	7.3218501104953e-85	225429
2	454	roadmap_epigenomics	85.5951880823546	2.67588814761312	3595	68	80	229	229	126	2301	843	1444	roadmap_epigenomics H3K4me1	NA	NA	H3K4me1	NA	NA	E048-H3K4me1.narrowPeak	7.81445706641486e-85	144692
2	1036	roadmap_epigenomics	84.8890945963916	2.46683353052659	3173	69	157	556	556	261	1888	1265	1857	roadmap_epigenomics H3K9ac	NA	NA	H3K9ac	NA	NA	E123-H3K9ac.narrowPeak	3.91817145017707e-84	48136
2	618	roadmap_epigenomics	84.8092793474159	2.651193604283	3577	70	90	247	247	136	2286	861	1459	roadmap_epigenomics H3K27ac	NA	NA	H3K27ac	NA	NA	E074-H3K27ac.narrowPeak	4.64589233477871e-84	158702
2	614	roadmap_epigenomics	84.4242517997453	2.79477509649863	3742	71	59	117	117	82.3	2464	696	1281	roadmap_epigenomics H3K4me1	NA	NA	H3K4me1	NA	NA	E073-H3K4me1.narrowPeak	1.1126135889228e-83	233560
2	956	roadmap_epigenomics	84.2276575342005	2.48758166035894	3271	72	147	480	480	233	1984	1167	1761	roadmap_epigenomics H3K27ac	NA	NA	H3K27ac	NA	NA	E117-H3K27ac.narrowPeak	1.7268773471655e-83	68992
2	604	roadmap_epigenomics	84.2029658000285	2.6439584077477	3579	73	92	245	245	137	2291	859	1454	roadmap_epigenomics H3K27ac	NA	NA	H3K27ac	NA	NA	E072-H3K27ac.narrowPeak	1.80446868313949e-83	177783
2	973	roadmap_epigenomics	83.9791678464229	2.61914107707515	3548	74	103	268	268	148	2260	890	1485	roadmap_epigenomics H3K4me3	NA	NA	H3K4me3	NA	NA	E118-H3K4me3.narrowPeak	2.98273598810261e-83	58435
2	402	roadmap_epigenomics	83.6997212151663	2.79023233272213	3748	75	62	112	112	83	2474	690	1271	roadmap_epigenomics H3K4me1	NA	NA	H3K4me1	NA	NA	E040-H3K4me1.narrowPeak	5.60529597875595e-83	147396
2	939	roadmap_epigenomics	83.588094051356	2.43757175402845	3122	76	168	588	588	277	1847	1316	1898	roadmap_epigenomics H3K9ac	NA	NA	H3K9ac	NA	NA	E115-H3K9ac.narrowPeak	7.1586426193356e-83	45532
2	913	roadmap_epigenomics	83.406973640818	2.59111634482704	3517	77	114	301	301	164	2231	921	1514	roadmap_epigenomics H3K27ac	NA	NA	H3K27ac	NA	NA	E113-H3K27ac.narrowPeak	1.07305568242172e-82	130427
2	934	roadmap_epigenomics	83.3364477241345	2.40295104880928	2933	78	189	682	682	316	1677	1505	2068	roadmap_epigenomics H3K36me3	NA	NA	H3K36me3	NA	NA	E115-H3K36me3.narrowPeak	1.24705019730672e-82	329592
2	232	roadmap_epigenomics	83.3279439069193	2.5019795721054	3342	79	138	435	435	217	2057	1096	1688	roadmap_epigenomics H3K27ac	NA	NA	H3K27ac	NA	NA	E017-H3K27ac.narrowPeak	1.25656962968172e-82	179168
2	462	roadmap_epigenomics	83.2869311231218	2.65718085392019	3614	80	85	206	206	124	2332	824	1413	roadmap_epigenomics H3K9ac	NA	NA	H3K9ac	NA	NA	E049-H3K9ac.narrowPeak	1.36477074069748e-82	107453
2	86	roadmap_epigenomics	82.8743213674759	2.86607423250398	3819	81	44	83	83	69.3	2557	619	1188	roadmap_epigenomics H4K12ac	NA	NA	H4K12ac	NA	NA	E005-H4K12ac.narrowPeak	3.48810808001258e-82	157052
2	413	roadmap_epigenomics	82.8620705158924	2.42425698354715	3104	82	177	596	596	285	1834	1334	1911	roadmap_epigenomics H3K36me3	NA	NA	H3K36me3	NA	NA	E042-H3K36me3.narrowPeak	3.54666348316232e-82	199452
2	1093	roadmap_epigenomics	82.7371967515551	2.3840118851122	2636	83	198	764	764	348	1424	1802	2321	roadmap_epigenomics H3K36me3	NA	NA	H3K36me3	NA	NA	E128-H3K36me3.narrowPeak	4.67444794943515e-82	129078
2	336	roadmap_epigenomics	82.6836424960491	2.67879832268602	3651	84	79	182	182	115	2374	787	1371	roadmap_epigenomics H3K4me1	NA	NA	H3K4me1	NA	NA	E030-H3K4me1.narrowPeak	5.22850164786607e-82	116739
2	73	roadmap_epigenomics	82.6558213605813	2.64720132693356	3613	85	91	207	207	128	2334	825	1411	roadmap_epigenomics H3K18ac	NA	NA	H3K18ac	NA	NA	E005-H3K18ac.narrowPeak	5.51246546789871e-82	251380
2	948	roadmap_epigenomics	82.4156388041281	2.65643305494265	3629	86	86	200	200	124	2352	809	1393	roadmap_epigenomics H3K4me2	NA	NA	H3K4me2	NA	NA	E116-H3K4me2.narrowPeak	9.47828046557096e-82	124500
2	863	roadmap_epigenomics	82.0681227674308	2.90844059458929	3857	87	37	64	87	62.7	2604	581	1141	roadmap_epigenomics H3K4me1	NA	NA	H3K4me1	NA	NA	E105-H3K4me1.narrowPeak	2.08688807381164e-81	309072
2	749	roadmap_epigenomics	82.0122936014054	2.91532550811849	3862	88	36	62	88	62	2610	576	1135	roadmap_epigenomics H3K4me1	NA	NA	H3K4me1	NA	NA	E090-H3K4me1.narrowPeak	2.34764919708792e-81	268484
2	860	roadmap_epigenomics	81.7117304492468	3.07626287506207	3952	89	25	35	89	49.7	2717	486	1028	roadmap_epigenomics H3K27ac	NA	NA	H3K27ac	NA	NA	E105-H3K27ac.narrowPeak	4.64035759131663e-81	294261
2	641	roadmap_epigenomics	81.5870601771447	2.96119364299854	3894	90	31	55	90	58.7	2649	544	1096	roadmap_epigenomics H3K4me1	NA	NA	H3K4me1	NA	NA	E077-H3K4me1.narrowPeak	6.11823239900162e-81	231713
2	577	roadmap_epigenomics	81.3908127695049	2.65621356106497	3647	91	87	184	184	121	2376	791	1369	roadmap_epigenomics H3K9ac	NA	NA	H3K9ac	NA	NA	E067-H3K9ac.narrowPeak	9.51318077147748e-81	146266
2	900	roadmap_epigenomics	81.3397851233746	2.45255399792611	3280	92	162	470	470	241	2007	1158	1738	roadmap_epigenomics H3K27ac	NA	NA	H3K27ac	NA	NA	E111-H3K27ac.narrowPeak	1.05889499188419e-80	102045
2	924	roadmap_epigenomics	81.1912003879493	2.60715131096142	3588	93	106	238	238	146	2315	850	1430	roadmap_epigenomics H3K4me1	NA	NA	H3K4me1	NA	NA	E114-H3K4me1.narrowPeak	1.47564974896125e-80	202029
2	972	roadmap_epigenomics	81.1859844578513	2.66693800226647	3663	94	84	173	173	117	2394	775	1351	roadmap_epigenomics H3K4me2	NA	NA	H3K4me2	NA	NA	E118-H3K4me2.narrowPeak	1.47839368737484e-80	96755
2	739	roadmap_epigenomics	81.1582381460669	2.38336252924837	2998	95	199	645	645	313	1746	1440	1999	roadmap_epigenomics H3K36me3	NA	NA	H3K36me3	NA	NA	E089-H3K36me3.narrowPeak	1.56016886163236e-80	233424
2	291	roadmap_epigenomics	81.1424590558591	2.60213673782821	3582	96	107	241	241	148	2309	856	1436	roadmap_epigenomics H3K9ac	NA	NA	H3K9ac	NA	NA	E023-H3K9ac.narrowPeak	1.60187757732863e-80	124570
2	632	roadmap_epigenomics	80.8695581663315	2.49842323896465	3410	97	140	373	373	203	2136	1028	1609	roadmap_epigenomics H3K27ac	NA	NA	H3K27ac	NA	NA	E076-H3K27ac.narrowPeak	2.97338683241866e-80	142168
2	961	roadmap_epigenomics	80.6522090867318	2.50018984495767	3420	98	139	368	368	202	2147	1018	1598	roadmap_epigenomics H3K4me3	NA	NA	H3K4me3	NA	NA	E117-H3K4me3.narrowPeak	4.85694785106521e-80	60631
2	802	roadmap_epigenomics	80.5830739610647	3.31575414784298	4051	99	15	11	99	41.7	2844	387	901	roadmap_epigenomics	NA	NA	NA	NA	NA	E097-DNase.macs2.narrowPeak	5.64030321334568e-80	492363
2	1110	roadmap_epigenomics	80.4858416534999	2.35909361891567	2542	100	212	787	787	366	1357	1896	2388	roadmap_epigenomics H4K20me1	NA	NA	H4K20me1	NA	NA	E129-H4K20me1.narrowPeak	6.98841680445398e-80	157676
2	395	roadmap_epigenomics	80.3822346589863	2.38599837894422	3073	101	197	606	606	301	1818	1365	1927	roadmap_epigenomics H3K36me3	NA	NA	H3K36me3	NA	NA	E039-H3K36me3.narrowPeak	8.78757870332858e-80	205683
2	643	roadmap_epigenomics	80.2059940904049	2.59580400679394	3592	102	111	234	234	149	2324	846	1421	roadmap_epigenomics H3K9ac	NA	NA	H3K9ac	NA	NA	E077-H3K9ac.narrowPeak	1.30626678450643e-79	96957
2	898	roadmap_epigenomics	80.0397239004002	2.62793114091052	3637	103	96	191	191	130	2372	801	1373	roadmap_epigenomics H3K9ac	NA	NA	H3K9ac	NA	NA	E110-H3K9ac.narrowPeak	1.89785092572736e-79	89018
2	966	roadmap_epigenomics	79.6872772992672	3.08039892435785	3971	104	23	25	104	50.7	2749	467	996	roadmap_epigenomics	NA	NA	NA	NA	NA	E118-DNase.macs2.narrowPeak	4.23356229608618e-79	277975
2	630	roadmap_epigenomics	79.5398050081038	2.69259740443197	3717	105	77	135	135	106	2460	721	1285	roadmap_epigenomics H3K9ac	NA	NA	H3K9ac	NA	NA	E075-H3K9ac.narrowPeak	5.89131247978839e-79	109949
2	579	roadmap_epigenomics	79.488928490862	2.63809569827261	3659	106	94	174	174	125	2398	779	1347	roadmap_epigenomics H3K27ac	NA	NA	H3K27ac	NA	NA	E068-H3K27ac.narrowPeak	6.56384447547254e-79	214725
2	820	roadmap_epigenomics	79.4512373363332	2.3673645087659	3036	107	208	627	627	314	1789	1402	1956	roadmap_epigenomics H3K36me3	NA	NA	H3K36me3	NA	NA	E099-H3K36me3.narrowPeak	7.09503256149956e-79	192233
2	429	roadmap_epigenomics	79.2042925303385	2.39918084550799	3197	108	191	537	537	279	1939	1241	1806	roadmap_epigenomics H3K27ac	NA	NA	H3K27ac	NA	NA	E045-H3K27ac.narrowPeak	1.24176317953148e-78	75442
2	616	roadmap_epigenomics	79.1684078311531	2.53397084509589	3521	109	128	300	300	179	2256	917	1489	roadmap_epigenomics H3K9ac	NA	NA	H3K9ac	NA	NA	E073-H3K9ac.narrowPeak	1.33689429324914e-78	108381
2	706	roadmap_epigenomics	79.0431113620502	2.83491646448359	3842	110	51	76	110	79	2601	596	1144	roadmap_epigenomics H3K4me1	NA	NA	H3K4me1	NA	NA	E085-H3K4me1.narrowPeak	1.76848161597618e-78	285846
2	971	roadmap_epigenomics	79.0382802674826	2.48733136721299	3439	111	148	350	350	203	2174	999	1571	roadmap_epigenomics H3K4me1	NA	NA	H3K4me1	NA	NA	E118-H3K4me1.narrowPeak	1.77284797326557e-78	142346
2	550	roadmap_epigenomics	78.9720179058843	2.72155680113829	3753	112	73	110	112	98.3	2502	685	1243	roadmap_epigenomics H3K9ac	NA	NA	H3K9ac	NA	NA	E062-H3K9ac.narrowPeak	2.0474154881988e-78	142197
2	758	roadmap_epigenomics	78.9423403633017	2.84933430978327	3853	113	47	68	113	76	2614	585	1131	roadmap_epigenomics H3K4me1	NA	NA	H3K4me1	NA	NA	E091-H3K4me1.narrowPeak	2.1736388178812e-78	214541
2	794	roadmap_epigenomics	78.8674396287225	2.65446924222651	3688	114	88	157	157	120	2432	750	1313	roadmap_epigenomics H3K27ac	NA	NA	H3K27ac	NA	NA	E096-H3K27ac.narrowPeak	2.56108010113943e-78	220045
2	451	roadmap_epigenomics	78.7286575947233	2.39994683953394	3222	115	190	516	516	274	1965	1216	1780	roadmap_epigenomics H3K27ac	NA	NA	H3K27ac	NA	NA	E048-H3K27ac.narrowPeak	3.49599587198256e-78	60881
2	572	roadmap_epigenomics	78.7059800429581	2.51629118625637	3502	116	133	309	309	186	2239	936	1506	roadmap_epigenomics H3K27ac	NA	NA	H3K27ac	NA	NA	E067-H3K27ac.narrowPeak	3.65295513786226e-78	171902
2	350	roadmap_epigenomics	78.2249884534493	2.82258153149893	3843	117	57	75	117	83	2606	595	1139	roadmap_epigenomics H3K4me1	NA	NA	H3K4me1	NA	NA	E032-H3K4me1.narrowPeak	1.09663339699556e-77	167617
2	767	roadmap_epigenomics	77.6265658344554	2.77166122800902	3813	118	65	87	118	90	2575	625	1170	roadmap_epigenomics H3K4me1	NA	NA	H3K4me1	NA	NA	E092-H3K4me1.narrowPeak	4.31458278208505e-77	275943
2	168	roadmap_epigenomics	77.5492921965639	2.33328360489462	2972	119	225	658	658	334	1741	1466	2004	roadmap_epigenomics H3K36me3	NA	NA	H3K36me3	NA	NA	E009-H3K36me3.narrowPeak	5.11323637991121e-77	389216
2	936	roadmap_epigenomics	77.4438222628557	2.39231071677058	3253	120	194	488	488	267	2001	1185	1744	roadmap_epigenomics H3K4me2	NA	NA	H3K4me2	NA	NA	E115-H3K4me2.narrowPeak	6.46662200934276e-77	70834
2	836	roadmap_epigenomics	77.3382351191701	2.71923649683349	3774	121	74	99	121	98	2533	664	1212	roadmap_epigenomics H3K4me1	NA	NA	H3K4me1	NA	NA	E101-H3K4me1.narrowPeak	8.17867975966908e-77	208728
2	240	roadmap_epigenomics	77.3349228274652	2.33065393534972	2973	122	232	657	657	337	1743	1465	2002	roadmap_epigenomics H3K79me1	NA	NA	H3K79me1	NA	NA	E017-H3K79me1.narrowPeak	8.17867975966908e-77	390673
2	103	roadmap_epigenomics	77.1747334512599	2.41957906045633	3342	123	180	435	435	246	2088	1096	1657	roadmap_epigenomics H3K4ac	NA	NA	H3K4ac	NA	NA	E006-H3K4ac.narrowPeak	1.1734547060711e-76	187901
2	500	roadmap_epigenomics	77.032264872181	3.19827489677205	4037	124	18	13	124	51.7	2842	401	903	roadmap_epigenomics	NA	NA	NA	NA	NA	E055-DNase.macs2.narrowPeak	1.61642355113443e-76	447741
2	878	roadmap_epigenomics	77.0285219836732	2.43000974693535	3373	125	171	407	407	234	2119	1065	1626	roadmap_epigenomics H3K27ac	NA	NA	H3K27ac	NA	NA	E108-H3K27ac.narrowPeak	1.61787295766006e-76	109113
2	888	roadmap_epigenomics	76.8988176088766	2.55785115359096	3606	126	122	221	221	156	2355	832	1390	roadmap_epigenomics H3K27ac	NA	NA	H3K27ac	NA	NA	E109-H3K27ac.narrowPeak	2.16431688385482e-76	194782
2	423	roadmap_epigenomics	76.866779358395	2.35067667025283	3123	127	214	587	587	309	1882	1315	1863	roadmap_epigenomics H3K27ac	NA	NA	H3K27ac	NA	NA	E044-H3K27ac.narrowPeak	2.31236539965686e-76	85187
2	757	roadmap_epigenomics	76.4775528306932	2.32150563748484	2987	128	235	652	652	338	1760	1451	1985	roadmap_epigenomics H3K36me3	NA	NA	H3K36me3	NA	NA	E091-H3K36me3.narrowPeak	5.6234816232392e-76	240653
2	923	roadmap_epigenomics	76.3310299464961	2.30479294995809	2844	129	248	712	712	363	1634	1594	2111	roadmap_epigenomics H3K36me3	NA	NA	H3K36me3	NA	NA	E114-H3K36me3.narrowPeak	7.82122909289116e-76	218138
2	910	roadmap_epigenomics	75.9452694434424	2.42991310305862	3407	130	173	376	376	226	2158	1031	1587	roadmap_epigenomics H3K4me1	NA	NA	H3K4me1	NA	NA	E112-H3K4me1.narrowPeak	1.88715051527445e-75	124560
2	827	roadmap_epigenomics	75.8785162740972	2.41279725033226	3369	131	182	410	410	241	2121	1069	1624	roadmap_epigenomics H3K27ac	NA	NA	H3K27ac	NA	NA	E100-H3K27ac.narrowPeak	2.18451267770417e-75	163031
2	1042	roadmap_epigenomics	75.7997150856038	2.42049660100035	3390	132	179	391	391	234	2142	1048	1603	roadmap_epigenomics H3K27ac	NA	NA	H3K27ac	NA	NA	E124-H3K27ac.narrowPeak	2.60000449719527e-75	154618
2	873	roadmap_epigenomics	75.6747585977759	2.31433923044934	3009	133	238	641	641	337	1784	1429	1961	roadmap_epigenomics H3K36me3	NA	NA	H3K36me3	NA	NA	E107-H3K36me3.narrowPeak	3.44169251834014e-75	192945
2	959	roadmap_epigenomics	75.6144551568197	2.4860813479678	3525	134	149	293	293	192	2278	913	1467	roadmap_epigenomics H3K4me1	NA	NA	H3K4me1	NA	NA	E117-H3K4me1.narrowPeak	3.92590507795435e-75	156415
2	568	roadmap_epigenomics	75.6057465228445	2.83648512316092	3882	135	50	58	135	81	2663	556	1082	roadmap_epigenomics H3K4me1	NA	NA	H3K4me1	NA	NA	E066-H3K4me1.narrowPeak	3.97681321594637e-75	233359
2	601	roadmap_epigenomics	75.3829690968554	2.75815009671912	3831	136	67	78	136	93.7	2606	607	1139	roadmap_epigenomics H3K4me1	NA	NA	H3K4me1	NA	NA	E071-H3K4me1.narrowPeak	6.59510238984746e-75	226083
2	486	roadmap_epigenomics	75.3043293008716	2.43832191411724	3444	137	167	346	346	217	2198	994	1547	roadmap_epigenomics H3K9ac	NA	NA	H3K9ac	NA	NA	E052-H3K9ac.narrowPeak	7.82242494845945e-75	98792
2	467	roadmap_epigenomics	75.3027323094208	2.40459288002335	3368	138	188	413	413	246	2123	1070	1622	roadmap_epigenomics H3K27ac	NA	NA	H3K27ac	NA	NA	E050-H3K27ac.narrowPeak	7.82242494845945e-75	105551
2	951	roadmap_epigenomics	75.0809914711573	2.32831523415966	3127	139	233	584	584	319	1895	1311	1850	roadmap_epigenomics H3K9ac	NA	NA	H3K9ac	NA	NA	E116-H3K9ac.narrowPeak	1.2943621021536e-74	50567
2	575	roadmap_epigenomics	74.8424261709271	2.58180432298189	3675	140	117	165	165	141	2438	763	1307	roadmap_epigenomics H3K4me1	NA	NA	H3K4me1	NA	NA	E067-H3K4me1.narrowPeak	2.22646349454591e-74	240432
2	548	roadmap_epigenomics	74.7923017056389	2.49583846925382	3560	141	143	263	263	182	2318	878	1427	roadmap_epigenomics H3K4me1	NA	NA	H3K4me1	NA	NA	E062-H3K4me1.narrowPeak	2.48173377075951e-74	122182
2	928	roadmap_epigenomics	74.5278893882111	2.4285474113737	3446	142	175	344	344	220	2204	992	1541	roadmap_epigenomics H3K9ac	NA	NA	H3K9ac	NA	NA	E114-H3K9ac.narrowPeak	4.5310935515715e-74	71993
2	775	roadmap_epigenomics	74.5050054759351	2.29031361689202	2942	143	256	676	676	358	1730	1496	2015	roadmap_epigenomics H3K36me3	NA	NA	H3K36me3	NA	NA	E093-H3K36me3.narrowPeak	4.74397684492561e-74	312106
2	245	roadmap_epigenomics	74.501664686097	2.28728449235611	2442	144	261	802	802	402	1305	1996	2440	roadmap_epigenomics H4K20me1	NA	NA	H4K20me1	NA	NA	E017-H4K20me1.narrowPeak	4.7485257500623e-74	192735
2	821	roadmap_epigenomics	74.3037459311471	2.62710458317681	3733	145	97	125	145	122	2503	705	1242	roadmap_epigenomics H3K4me1	NA	NA	H3K4me1	NA	NA	E099-H3K4me1.narrowPeak	7.43999359594984e-74	176837
2	535	roadmap_epigenomics	74.1681595088994	2.27171387927684	2629	146	271	765	765	394	1461	1809	2284	roadmap_epigenomics H3K36me3	NA	NA	H3K36me3	NA	NA	E059-H3K36me3.narrowPeak	1.00988819535006e-73	98754
2	526	roadmap_epigenomics	74.0510748236867	2.30134835786689	3058	147	251	615	615	338	1837	1380	1908	roadmap_epigenomics H3K36me3	NA	NA	H3K36me3	NA	NA	E058-H3K36me3.narrowPeak	1.31368530019508e-73	288215
2	905	roadmap_epigenomics	73.4346964327383	2.34510794807884	3272	148	218	479	479	282	2040	1166	1705	roadmap_epigenomics H3K9ac	NA	NA	H3K9ac	NA	NA	E111-H3K9ac.narrowPeak	5.39537814445866e-73	73574
2	648	roadmap_epigenomics	73.4096551577402	2.59569624176758	3715	149	112	137	149	133	2488	723	1257	roadmap_epigenomics H3K4me1	NA	NA	H3K4me1	NA	NA	E078-H3K4me1.narrowPeak	5.67850318027062e-73	192644
2	845	roadmap_epigenomics	73.3269223635669	2.46180519256108	3539	150	159	277	277	195	2304	899	1441	roadmap_epigenomics H3K9ac	NA	NA	H3K9ac	NA	NA	E102-H3K9ac.narrowPeak	6.82583349526985e-73	85154
2	687	roadmap_epigenomics	73.1162586982897	2.53203285145566	3646	151	130	186	186	156	2416	792	1329	roadmap_epigenomics H3K4me1	NA	NA	H3K4me1	NA	NA	E083-H3K4me1.narrowPeak	1.10160641244292e-72	190314
2	1080	roadmap_epigenomics	73.1113862605766	2.28195216411513	3014	152	264	637	637	351	1802	1424	1943	roadmap_epigenomics H3K36me3	NA	NA	H3K36me3	NA	NA	E127-H3K36me3.narrowPeak	1.10693938240792e-72	328717
2	565	roadmap_epigenomics	72.7937232699111	2.40689901476485	3451	153	184	341	341	226	2218	987	1527	roadmap_epigenomics H3K27ac	NA	NA	H3K27ac	NA	NA	E066-H3K27ac.narrowPeak	2.28575350851275e-72	117377
2	246	roadmap_epigenomics	72.7680964125492	2.34005613447866	3284	154	222	463	463	280	2055	1154	1690	roadmap_epigenomics H4K5ac	NA	NA	H4K5ac	NA	NA	E017-H4K5ac.narrowPeak	2.40944054984358e-72	228064
2	995	roadmap_epigenomics	72.4293100846061	2.36598276978465	3369	155	209	410	410	258	2139	1069	1606	roadmap_epigenomics H3K4me1	NA	NA	H3K4me1	NA	NA	E120-H3K4me1.narrowPeak	5.2237175303087e-72	205504
2	607	roadmap_epigenomics	72.4088039314553	2.49614723058316	3612	156	142	211	211	170	2384	826	1361	roadmap_epigenomics H3K4me1	NA	NA	H3K4me1	NA	NA	E072-H3K4me1.narrowPeak	5.4422682505548e-72	211846
2	937	roadmap_epigenomics	72.3543300225399	2.27932930071402	3058	157	267	615	615	346	1846	1380	1899	roadmap_epigenomics H3K4me3	NA	NA	H3K4me3	NA	NA	E115-H3K4me3.narrowPeak	6.13147151278258e-72	45841
2	174	roadmap_epigenomics	72.3295002414395	2.26388113717263	2956	158	275	667	667	367	1754	1482	1991	roadmap_epigenomics H3K36me3	NA	NA	H3K36me3	NA	NA	E010-H3K36me3.narrowPeak	6.45240926432145e-72	378468
2	584	roadmap_epigenomics	72.1409642028723	2.57132111365532	3710	159	121	142	159	141	2489	728	1256	roadmap_epigenomics H3K9ac	NA	NA	H3K9ac	NA	NA	E068-H3K9ac.narrowPeak	9.89923652316628e-72	183791
2	483	roadmap_epigenomics	72.0013815433493	2.59678135389297	3739	160	110	119	160	130	2521	699	1224	roadmap_epigenomics H3K4me1	NA	NA	H3K4me1	NA	NA	E052-H3K4me1.narrowPeak	1.3568888206998e-71	247579
2	947	roadmap_epigenomics	71.9949829125006	2.30718470995927	3207	161	247	530	530	313	1986	1231	1759	roadmap_epigenomics H3K4me1	NA	NA	H3K4me1	NA	NA	E116-H3K4me1.narrowPeak	1.36873304163672e-71	129094
2	209	roadmap_epigenomics	71.8947538157826	2.53861557354493	3677	162	127	163	163	151	2455	761	1290	roadmap_epigenomics H3K9ac	NA	NA	H3K9ac	NA	NA	E015-H3K9ac.narrowPeak	1.71371842079135e-71	116131
2	697	roadmap_epigenomics	71.8250550363927	2.65176795957549	3793	163	89	95	163	116	2581	645	1164	roadmap_epigenomics H3K4me1	NA	NA	H3K4me1	NA	NA	E084-H3K4me1.narrowPeak	2.00007109653899e-71	247694
2	355	roadmap_epigenomics	71.7942613410614	2.84041890279366	3925	164	48	41	164	84.3	2731	513	1014	roadmap_epigenomics	NA	NA	NA	NA	NA	E033-DNase.macs2.narrowPeak	2.13433067531605e-71	279354
2	425	roadmap_epigenomics	71.7196197674263	2.25749554766576	2968	165	281	661	661	369	1768	1470	1977	roadmap_epigenomics H3K36me3	NA	NA	H3K36me3	NA	NA	E044-H3K36me3.narrowPeak	2.51965490364662e-71	227711
2	968	roadmap_epigenomics	71.6954376204472	2.25862290516483	2979	166	279	655	655	367	1778	1459	1967	roadmap_epigenomics H3K27ac	NA	NA	H3K27ac	NA	NA	E118-H3K27ac.narrowPeak	2.64835390970838e-71	71755
2	921	roadmap_epigenomics	71.5341879148216	2.3032378801921	3215	167	249	521	521	312	1996	1223	1749	roadmap_epigenomics H3K27ac	NA	NA	H3K27ac	NA	NA	E114-H3K27ac.narrowPeak	3.81674715195875e-71	69512
2	421	roadmap_epigenomics	71.4787469067771	2.38064508626134	3434	168	201	353	353	241	2208	1004	1537	roadmap_epigenomics H3K4me3	NA	NA	H3K4me3	NA	NA	E043-H3K4me3.narrowPeak	4.31138436077638e-71	41721
2	541	roadmap_epigenomics	71.3803214059844	2.26329425703334	3038	169	276	626	626	357	1833	1400	1912	roadmap_epigenomics H3K36me3	NA	NA	H3K36me3	NA	NA	E061-H3K36me3.narrowPeak	5.37698837649793e-71	295294
2	302	roadmap_epigenomics	71.1897595099435	2.47323031827575	3605	170	156	222	222	183	2383	833	1362	roadmap_epigenomics H3K9ac	NA	NA	H3K9ac	NA	NA	E025-H3K9ac.narrowPeak	8.29110076437772e-71	134727
2	623	roadmap_epigenomics	71.0802416192533	2.3978189311184	3481	171	192	322	322	228	2257	957	1488	roadmap_epigenomics H3K9ac	NA	NA	H3K9ac	NA	NA	E074-H3K9ac.narrowPeak	1.06085362531122e-70	124462
2	1095	roadmap_epigenomics	71.0220059940257	2.45403113134168	3580	172	161	242	242	192	2358	858	1387	roadmap_epigenomics H3K4me2	NA	NA	H3K4me2	NA	NA	E128-H3K4me2.narrowPeak	1.20623101649981e-70	118811
2	833	roadmap_epigenomics	70.7323690500703	2.43841457498284	3562	173	166	261	261	200	2341	876	1404	roadmap_epigenomics H3K27ac	NA	NA	H3K27ac	NA	NA	E101-H3K27ac.narrowPeak	2.33679545645416e-70	137582
2	915	roadmap_epigenomics	70.6091077685901	2.44478712199687	3575	174	163	250	250	196	2355	863	1390	roadmap_epigenomics H3K36me3	NA	NA	H3K36me3	NA	NA	E113-H3K36me3.narrowPeak	3.08637684685804e-70	279691
2	399	roadmap_epigenomics	70.4611988322627	2.24789426100066	3016	175	289	636	636	367	1818	1422	1927	roadmap_epigenomics H3K27ac	NA	NA	H3K27ac	NA	NA	E040-H3K27ac.narrowPeak	4.31457889293952e-70	50690
2	932	roadmap_epigenomics	70.3822966881443	2.24597003385453	3010	176	293	640	640	370	1813	1428	1932	roadmap_epigenomics H3K27ac	NA	NA	H3K27ac	NA	NA	E115-H3K27ac.narrowPeak	5.14558182704912e-70	105299
2	509	roadmap_epigenomics	70.3686246242613	2.92300852030346	3981	177	34	22	177	77.7	2804	457	941	roadmap_epigenomics	NA	NA	NA	NA	NA	E056-DNase.macs2.narrowPeak	5.28097047803686e-70	397102
2	427	roadmap_epigenomics	70.327313215992	2.37159010677615	3449	178	205	343	343	242	2229	989	1516	roadmap_epigenomics H3K4me3	NA	NA	H3K4me3	NA	NA	E044-H3K4me3.narrowPeak	5.77624288003395e-70	48938
1	922	roadmap_epigenomics	70.2541542177325	2.64778187155454	1145	6	7	1018	1018	344	621	2634	3783	roadmap_epigenomics H3K27me3	NA	NA	H3K27me3	NA	NA	E114-H3K27me3.narrowPeak	6.79888524794008e-70	215893
2	555	roadmap_epigenomics	70.2463082305294	2.87123462538899	3957	179	43	31	179	84.3	2776	481	969	roadmap_epigenomics H3K4me1	NA	NA	H3K4me1	NA	NA	E063-H3K4me1.narrowPeak	6.88540979459385e-70	260722
2	87	roadmap_epigenomics	70.2191362946263	2.49074861766346	3649	180	146	183	183	170	2434	789	1311	roadmap_epigenomics H4K8ac	NA	NA	H4K8ac	NA	NA	E005-H4K8ac.narrowPeak	7.29055369816079e-70	197762
2	935	roadmap_epigenomics	70.2137500956058	2.33232503122932	3360	181	228	417	417	275	2142	1078	1603	roadmap_epigenomics H3K4me1	NA	NA	H3K4me1	NA	NA	E115-H3K4me1.narrowPeak	7.34206203723357e-70	130919
2	417	roadmap_epigenomics	70.2063654859724	2.23461656677765	2941	182	300	677	677	386	1752	1497	1993	roadmap_epigenomics H3K27ac	NA	NA	H3K27ac	NA	NA	E043-H3K27ac.narrowPeak	7.42824837619041e-70	65032
2	582	roadmap_epigenomics	70.2040291387001	2.601975180092	3772	183	108	101	183	131	2566	666	1179	roadmap_epigenomics H3K4me1	NA	NA	H3K4me1	NA	NA	E068-H3K4me1.narrowPeak	7.42880244146085e-70	279154
2	543	roadmap_epigenomics	70.1410392750802	2.38918978593755	3490	184	195	317	317	232	2271	948	1474	roadmap_epigenomics H3K4me3	NA	NA	H3K4me3	NA	NA	E061-H3K4me3.narrowPeak	8.5431272629609e-70	39368
2	470	roadmap_epigenomics	70.1313933847475	2.86319707050382	3954	185	45	33	185	87.7	2773	484	972	roadmap_epigenomics H3K4me1	NA	NA	H3K4me1	NA	NA	E050-H3K4me1.narrowPeak	8.6892641527171e-70	180375
2	482	roadmap_epigenomics	70.1242803159783	2.2276530699363	2883	186	303	704	704	398	1701	1555	2044	roadmap_epigenomics H3K36me3	NA	NA	H3K36me3	NA	NA	E052-H3K36me3.narrowPeak	8.78674872907093e-70	253308
2	1104	roadmap_epigenomics	70.0965462956767	2.22353647623311	2835	187	310	717	717	405	1659	1603	2086	roadmap_epigenomics H3K36me3	NA	NA	H3K36me3	NA	NA	E129-H3K36me3.narrowPeak	9.31764472811218e-70	239707
2	1019	roadmap_epigenomics	70.0136032367565	2.43356884952732	3571	188	169	257	257	205	2354	867	1391	roadmap_epigenomics H3K4me1	NA	NA	H3K4me1	NA	NA	E122-H3K4me1.narrowPeak	1.12203081723992e-69	142277
2	411	roadmap_epigenomics	69.7419900101627	2.25445886364709	3107	189	285	594	594	356	1905	1331	1840	roadmap_epigenomics H3K27ac	NA	NA	H3K27ac	NA	NA	E042-H3K27ac.narrowPeak	2.08634022014134e-69	68927
2	459	roadmap_epigenomics	69.7095722971422	2.2268325303358	2929	190	304	684	684	393	1744	1509	2001	roadmap_epigenomics H3K36me3	NA	NA	H3K36me3	NA	NA	E049-H3K36me3.narrowPeak	2.23656427430116e-69	236300
2	843	roadmap_epigenomics	69.6784179542817	2.58607401485221	3765	191	115	104	191	137	2561	673	1184	roadmap_epigenomics H3K4me1	NA	NA	H3K4me1	NA	NA	E102-H3K4me1.narrowPeak	2.39070269700337e-69	236074
2	490	roadmap_epigenomics	69.5531693673942	2.50277256260165	3677	192	137	163	192	164	2467	761	1278	roadmap_epigenomics H3K4me1	NA	NA	H3K4me1	NA	NA	E053-H3K4me1.narrowPeak	3.1737681263036e-69	185030
2	1035	roadmap_epigenomics	69.5047705600511	2.21067939470501	2613	193	321	769	769	428	1472	1825	2273	roadmap_epigenomics H3K79me2	NA	NA	H3K79me2	NA	NA	E123-H3K79me2.narrowPeak	3.53009274375301e-69	112209
2	111	roadmap_epigenomics	69.4869927179428	2.54830620721889	3730	194	125	126	194	148	2524	708	1221	roadmap_epigenomics H4K91ac	NA	NA	H4K91ac	NA	NA	E006-H4K91ac.narrowPeak	3.65920750770596e-69	234539
2	896	roadmap_epigenomics	69.3842634607835	2.63129817686432	3810	195	95	89	195	126	2612	628	1133	roadmap_epigenomics H3K4me1	NA	NA	H3K4me1	NA	NA	E110-H3K4me1.narrowPeak	4.61264714704832e-69	214877
2	68	roadmap_epigenomics	69.3552123739371	2.33074491381217	3386	196	231	393	393	273	2172	1052	1573	roadmap_epigenomics H2AK5ac	NA	NA	H2AK5ac	NA	NA	E005-H2AK5ac.narrowPeak	4.90733841661719e-69	229817
2	1098	roadmap_epigenomics	69.337871730803	2.2582638287601	3150	197	280	575	575	351	1947	1288	1798	roadmap_epigenomics H3K9ac	NA	NA	H3K9ac	NA	NA	E128-H3K9ac.narrowPeak	5.08208568663449e-69	50400
2	1033	roadmap_epigenomics	69.3154200924843	2.40591525426522	3542	198	186	273	273	219	2328	896	1417	roadmap_epigenomics H3K4me2	NA	NA	H3K4me2	NA	NA	E123-H3K4me2.narrowPeak	5.32548900055233e-69	93300
2	306	roadmap_epigenomics	69.1397436850119	2.21369101050018	2869	199	317	708	708	408	1694	1569	2051	roadmap_epigenomics H3K36me3	NA	NA	H3K36me3	NA	NA	E026-H3K36me3.narrowPeak	7.94167674734378e-69	262442
2	235	roadmap_epigenomics	69.0990469478981	2.25948420940913	3169	200	278	560	560	346	1966	1269	1779	roadmap_epigenomics H3K4ac	NA	NA	H3K4ac	NA	NA	E017-H3K4ac.narrowPeak	8.67951751043642e-69	243193
2	927	roadmap_epigenomics	68.9496818229113	2.20331245851752	2711	201	329	748	748	426	1558	1727	2187	roadmap_epigenomics H3K79me2	NA	NA	H3K79me2	NA	NA	E114-H3K79me2.narrowPeak	1.2183093677054e-68	178908
2	1034	roadmap_epigenomics	68.9378833987563	2.3130536193576	3355	202	241	423	423	289	2144	1083	1601	roadmap_epigenomics H3K4me3	NA	NA	H3K4me3	NA	NA	E123-H3K4me3.narrowPeak	1.24584214465209e-68	62691
2	528	roadmap_epigenomics	68.91584782216	2.44230148357491	3609	203	164	217	217	195	2399	829	1346	roadmap_epigenomics H3K4me3	NA	NA	H3K4me3	NA	NA	E058-H3K4me3.narrowPeak	1.30441457759123e-68	45445
2	1108	roadmap_epigenomics	68.9007523649642	2.20362484460604	2748	204	327	742	742	424	1590	1690	2155	roadmap_epigenomics H3K79me2	NA	NA	H3K79me2	NA	NA	E129-H3K79me2.narrowPeak	1.34412015149004e-68	217609
2	98	roadmap_epigenomics	68.8518756918988	2.28761006053579	3284	205	260	463	463	309	2076	1154	1669	roadmap_epigenomics H3K18ac	NA	NA	H3K18ac	NA	NA	E006-H3K18ac.narrowPeak	1.49710273834596e-68	207264
2	613	roadmap_epigenomics	68.7827446707814	2.23767105030357	3085	206	298	600	600	368	1890	1353	1855	roadmap_epigenomics H3K36me3	NA	NA	H3K36me3	NA	NA	E073-H3K36me3.narrowPeak	1.74714608834822e-68	202192
2	1045	roadmap_epigenomics	68.7652172154344	2.61978483147124	3809	207	101	90	207	133	2614	629	1131	roadmap_epigenomics H3K4me1	NA	NA	H3K4me1	NA	NA	E124-H3K4me1.narrowPeak	1.8105600484077e-68	127405
2	409	roadmap_epigenomics	68.6666615473525	2.34066995573109	3432	208	219	355	355	261	2221	1006	1524	roadmap_epigenomics H3K4me3	NA	NA	H3K4me3	NA	NA	E041-H3K4me3.narrowPeak	2.26117633316422e-68	57727
2	397	roadmap_epigenomics	68.4928224177831	2.33560386454817	3426	209	224	363	363	265	2216	1012	1529	roadmap_epigenomics H3K4me3	NA	NA	H3K4me3	NA	NA	E039-H3K4me3.narrowPeak	3.35852723339895e-68	51115
2	1102	roadmap_epigenomics	67.9440850466104	2.28276583108646	3307	210	262	448	448	307	2103	1131	1642	roadmap_epigenomics H3K27ac	NA	NA	H3K27ac	NA	NA	E129-H3K27ac.narrowPeak	1.18269008014002e-67	145020
2	372	roadmap_epigenomics	67.6252275188794	2.40739928192492	3585	211	183	240	240	211	2381	853	1364	roadmap_epigenomics H3K4me1	NA	NA	H3K4me1	NA	NA	E035-H3K4me1.narrowPeak	2.45314093326537e-67	126220
1	571	roadmap_epigenomics	67.556256931941	2.39524106888318	1393	7	11	916	916	311	863	2386	3541	roadmap_epigenomics H3K9me3	NA	NA	H3K9me3	NA	NA	E066-H3K9me3.narrowPeak	2.86217593830905e-67	280982
2	941	roadmap_epigenomics	67.5508454259988	2.18570282801787	2579	212	342	781	781	445	1454	1859	2291	roadmap_epigenomics H4K20me1	NA	NA	H4K20me1	NA	NA	E115-H4K20me1.narrowPeak	2.88482990274037e-67	156894
2	484	roadmap_epigenomics	67.4420147364516	2.48423741369466	3694	213	153	151	213	172	2496	744	1249	roadmap_epigenomics H3K4me2	NA	NA	H3K4me2	NA	NA	E052-H3K4me2.narrowPeak	3.68954094774681e-67	119840
2	723	roadmap_epigenomics	67.3736583106404	2.24624242117494	3208	214	292	528	528	345	2012	1230	1733	roadmap_epigenomics H3K9ac	NA	NA	H3K9ac	NA	NA	E087-H3K9ac.narrowPeak	4.29891806318451e-67	62354
2	104	roadmap_epigenomics	67.3658710302014	2.83964470974004	3969	215	49	26	215	96.7	2804	469	941	roadmap_epigenomics H3K4me1	NA	NA	H3K4me1	NA	NA	E006-H3K4me1.narrowPeak	4.3569818147503e-67	392101
2	1091	roadmap_epigenomics	66.9381761608821	2.22132186981485	3125	216	312	586	586	371	1937	1313	1808	roadmap_epigenomics H3K27ac	NA	NA	H3K27ac	NA	NA	E128-H3K27ac.narrowPeak	1.16125802431499e-66	84016
2	285	roadmap_epigenomics	66.9353113809136	2.43877875967654	3646	217	165	186	217	189	2448	792	1297	roadmap_epigenomics H3K4me3	NA	NA	H3K4me3	NA	NA	E022-H3K4me3.narrowPeak	1.16372496897838e-66	75387
2	907	roadmap_epigenomics	66.9002314910118	2.26638105625982	3300	218	273	454	454	315	2102	1138	1643	roadmap_epigenomics H3K27ac	NA	NA	H3K27ac	NA	NA	E112-H3K27ac.narrowPeak	1.25601765144618e-66	123630
2	522	roadmap_epigenomics	66.865985174169	2.368778533046	3539	219	207	277	277	234	2338	899	1407	roadmap_epigenomics H3K4me3	NA	NA	H3K4me3	NA	NA	E057-H3K4me3.narrowPeak	1.35305714386547e-66	48504
2	520	roadmap_epigenomics	66.8428627215811	2.18428367579094	2874	220	344	705	705	423	1711	1564	2034	roadmap_epigenomics H3K36me3	NA	NA	H3K36me3	NA	NA	E057-H3K36me3.narrowPeak	1.42076147753111e-66	239831
2	635	roadmap_epigenomics	66.7056569761444	2.37099984963084	3547	221	206	271	271	233	2347	891	1398	roadmap_epigenomics H3K4me1	NA	NA	H3K4me1	NA	NA	E076-H3K4me1.narrowPeak	1.94007236185827e-66	178997
2	1031	roadmap_epigenomics	66.6700567447815	2.1735991979011	2596	222	353	774	774	450	1473	1842	2272	roadmap_epigenomics H3K36me3	NA	NA	H3K36me3	NA	NA	E123-H3K36me3.narrowPeak	2.09660938170595e-66	190856
2	377	roadmap_epigenomics	66.5917130806976	2.61572804566791	3836	223	104	77	223	135	2655	602	1090	roadmap_epigenomics H3K4me1	NA	NA	H3K4me1	NA	NA	E036-H3K4me1.narrowPeak	2.50016594440036e-66	232778
2	875	roadmap_epigenomics	66.5446082868363	2.37270083302696	3554	224	204	265	265	231	2355	884	1390	roadmap_epigenomics H3K4me3	NA	NA	H3K4me3	NA	NA	E107-H3K4me3.narrowPeak	2.7745303842774e-66	80526
2	552	roadmap_epigenomics	66.5164893958264	2.28252806808645	3362	225	263	416	416	301	2164	1076	1581	roadmap_epigenomics H3K27ac	NA	NA	H3K27ac	NA	NA	E063-H3K27ac.narrowPeak	2.94735447574182e-66	123465
2	337	roadmap_epigenomics	66.4513133896253	2.26419522243217	3312	226	274	446	446	315	2116	1126	1629	roadmap_epigenomics H3K4me3	NA	NA	H3K4me3	NA	NA	E030-H3K4me3.narrowPeak	3.4098905653673e-66	53793
2	376	roadmap_epigenomics	66.4413790718101	2.18075627556074	2893	227	348	699	699	425	1730	1545	2015	roadmap_epigenomics H3K36me3	NA	NA	H3K36me3	NA	NA	E036-H3K36me3.narrowPeak	3.47243354990387e-66	328921
2	949	roadmap_epigenomics	66.4397079460248	2.25668491834876	3289	228	282	460	460	323	2094	1149	1651	roadmap_epigenomics H3K4me3	NA	NA	H3K4me3	NA	NA	E116-H3K4me3.narrowPeak	3.47243354990387e-66	76167
2	916	roadmap_epigenomics	66.3929071398504	2.9226851996128	4016	229	35	18	229	94	2865	422	880	roadmap_epigenomics H3K4me1	NA	NA	H3K4me1	NA	NA	E113-H3K4me1.narrowPeak	3.85115154864906e-66	347200
2	589	roadmap_epigenomics	66.315583540423	2.48109581861004	3711	230	154	141	230	175	2520	727	1225	roadmap_epigenomics H3K4me1	NA	NA	H3K4me1	NA	NA	E069-H3K4me1.narrowPeak	4.58224035218015e-66	263106
2	1061	roadmap_epigenomics	66.2688937761872	2.30720463268473	3432	231	246	355	355	277	2234	1006	1511	roadmap_epigenomics H3K9ac	NA	NA	H3K9ac	NA	NA	E125-H3K9ac.narrowPeak	5.08088094527104e-66	92035
2	880	roadmap_epigenomics	66.0786138617832	2.1879494226799	2996	232	339	646	646	406	1824	1442	1921	roadmap_epigenomics H3K36me3	NA	NA	H3K36me3	NA	NA	E108-H3K36me3.narrowPeak	7.84147909874447e-66	243209
2	696	roadmap_epigenomics	65.7872110181426	2.19538709252994	3068	233	334	610	610	392	1891	1370	1854	roadmap_epigenomics H3K36me3	NA	NA	H3K36me3	NA	NA	E084-H3K36me3.narrowPeak	1.52752206409778e-65	327499
2	960	roadmap_epigenomics	65.5411452185896	2.29658467737739	3431	234	253	358	358	282	2237	1007	1508	roadmap_epigenomics H3K4me2	NA	NA	H3K4me2	NA	NA	E117-H3K4me2.narrowPeak	2.68069553366531e-65	85197
2	364	roadmap_epigenomics	65.4006261975454	2.18501806584875	3036	235	343	627	627	402	1864	1402	1881	roadmap_epigenomics H3K27ac	NA	NA	H3K27ac	NA	NA	E034-H3K27ac.narrowPeak	3.68950572350537e-65	78882
2	866	roadmap_epigenomics	65.3931296233318	2.34907866156983	3542	236	216	273	273	242	2349	896	1396	roadmap_epigenomics H3K27ac	NA	NA	H3K27ac	NA	NA	E106-H3K27ac.narrowPeak	3.73829745431149e-65	184602
2	331	roadmap_epigenomics	65.3247475626772	2.46291927858372	3708	237	158	143	237	179	2522	730	1223	roadmap_epigenomics H3K4me1	NA	NA	H3K4me1	NA	NA	E029-H3K4me1.narrowPeak	4.35785085730615e-65	142027
2	997	roadmap_epigenomics	65.1991871936109	2.28796919034719	3422	238	259	366	366	288	2230	1016	1515	roadmap_epigenomics H3K4me3	NA	NA	H3K4me3	NA	NA	E120-H3K4me3.narrowPeak	5.7950404795969e-65	47100
2	1085	roadmap_epigenomics	65.0521438820347	2.28094486259284	3410	239	266	373	373	293	2219	1028	1526	roadmap_epigenomics H3K9ac	NA	NA	H3K9ac	NA	NA	E127-H3K9ac.narrowPeak	8.09712348989263e-65	78312
2	600	roadmap_epigenomics	64.8726382692379	2.18167856454062	3058	240	347	615	615	401	1887	1380	1858	roadmap_epigenomics H3K36me3	NA	NA	H3K36me3	NA	NA	E071-H3K36me3.narrowPeak	1.21919880810683e-64	193688
2	241	roadmap_epigenomics	64.600596690108	2.15220641253299	2837	241	372	716	716	443	1691	1601	2054	roadmap_epigenomics H3K79me2	NA	NA	H3K79me2	NA	NA	E017-H3K79me2.narrowPeak	2.27175441627682e-64	283453
2	1060	roadmap_epigenomics	64.428594151237	2.14383259176511	2696	242	378	751	751	457	1570	1742	2175	roadmap_epigenomics H3K79me2	NA	NA	H3K79me2	NA	NA	E125-H3K79me2.narrowPeak	3.36214356135417e-64	204517
2	299	roadmap_epigenomics	64.4102173705268	2.15824536521254	2932	243	363	683	683	430	1776	1506	1969	roadmap_epigenomics H3K36me3	NA	NA	H3K36me3	NA	NA	E025-H3K36me3.narrowPeak	3.49343263256666e-64	257733
2	627	roadmap_epigenomics	64.364562303893	2.22558945813155	3279	244	306	472	472	341	2096	1159	1649	roadmap_epigenomics H3K36me3	NA	NA	H3K36me3	NA	NA	E075-H3K36me3.narrowPeak	3.86521562553511e-64	274849
2	378	roadmap_epigenomics	64.2196821562361	2.29309943500804	3465	245	255	333	333	278	2278	973	1467	roadmap_epigenomics H3K4me3	NA	NA	H3K4me3	NA	NA	E036-H3K4me3.narrowPeak	5.37436372166017e-64	56252
2	1057	roadmap_epigenomics	64.1781348975666	2.45682161993389	3722	246	160	130	246	179	2543	716	1202	roadmap_epigenomics H3K4me1	NA	NA	H3K4me1	NA	NA	E125-H3K4me1.narrowPeak	5.89052947135185e-64	233552
2	247	roadmap_epigenomics	64.0752489766623	2.21931672704789	3271	247	315	480	480	347	2090	1167	1655	roadmap_epigenomics H4K8ac	NA	NA	H4K8ac	NA	NA	E017-H4K8ac.narrowPeak	7.43578901760997e-64	220315
2	1070	roadmap_epigenomics	63.9520950546932	2.33309123880905	3551	248	226	266	266	247	2366	887	1379	roadmap_epigenomics H3K4me2	NA	NA	H3K4me2	NA	NA	E126-H3K4me2.narrowPeak	9.8350034544757e-64	115042
2	852	roadmap_epigenomics	63.9489720986476	2.33248300611194	3550	249	227	267	267	248	2365	888	1380	roadmap_epigenomics H3K9ac	NA	NA	H3K9ac	NA	NA	E103-H3K9ac.narrowPeak	9.86728535702156e-64	111468
2	195	roadmap_epigenomics	63.9321350092091	2.25136999924117	3374	250	287	404	404	314	2190	1064	1555	roadmap_epigenomics H3K4me3	NA	NA	H3K4me3	NA	NA	E013-H3K4me3.narrowPeak	1.02174287850717e-63	28003
2	237	roadmap_epigenomics	63.9057668944739	2.40575020926915	3664	251	187	171	251	203	2483	774	1262	roadmap_epigenomics H3K4me2	NA	NA	H3K4me2	NA	NA	E017-H3K4me2.narrowPeak	1.08149160220968e-63	177688
2	904	roadmap_epigenomics	63.669129243016	2.38199970263071	3636	252	200	193	252	215	2455	802	1290	roadmap_epigenomics H3K4me3	NA	NA	H3K4me3	NA	NA	E111-H3K4me3.narrowPeak	1.85772208805159e-63	90969
2	478	roadmap_epigenomics	63.5361493920926	2.67330439412069	3916	253	82	46	253	127	2761	522	984	roadmap_epigenomics H3K4me1	NA	NA	H3K4me1	NA	NA	E051-H3K4me1.narrowPeak	2.51354700862562e-63	222976
2	284	roadmap_epigenomics	63.1456631094522	2.53887944649883	3821	254	126	82	254	154	2656	617	1089	roadmap_epigenomics H3K4me1	NA	NA	H3K4me1	NA	NA	E022-H3K4me1.narrowPeak	6.15327231192316e-63	324422
2	82	roadmap_epigenomics	63.0358192108688	2.2393251219891	3375	255	296	402	402	318	2196	1063	1549	roadmap_epigenomics H3K79me1	NA	NA	H3K79me1	NA	NA	E005-H3K79me1.narrowPeak	7.89385690918416e-63	225880
2	170	roadmap_epigenomics	62.9384335098958	2.20655822167642	3280	256	325	470	470	350	2105	1158	1640	roadmap_epigenomics H3K4me3	NA	NA	H3K4me3	NA	NA	E009-H3K4me3.narrowPeak	9.84057540490382e-63	38823
2	1105	roadmap_epigenomics	62.7623167841152	2.41427603556579	3698	257	181	148	257	195	2525	740	1220	roadmap_epigenomics H3K4me1	NA	NA	H3K4me1	NA	NA	E129-H3K4me1.narrowPeak	1.47058130604167e-62	237110
2	729	roadmap_epigenomics	62.7513172359769	2.14280990866344	2984	258	381	653	653	431	1832	1454	1913	roadmap_epigenomics H3K36me3	NA	NA	H3K36me3	NA	NA	E088-H3K36me3.narrowPeak	1.50261127057807e-62	301918
2	496	roadmap_epigenomics	62.6540582341245	2.30909938604449	3542	259	244	273	273	259	2364	896	1381	roadmap_epigenomics H3K4me3	NA	NA	H3K4me3	NA	NA	E054-H3K4me3.narrowPeak	1.87270720407949e-62	59260
2	1048	roadmap_epigenomics	62.6322853278842	2.12220188707725	2761	260	395	737	737	464	1636	1677	2109	roadmap_epigenomics H3K79me2	NA	NA	H3K79me2	NA	NA	E124-H3K79me2.narrowPeak	1.96161223970301e-62	259630
2	169	roadmap_epigenomics	62.5920045586391	2.35028800837229	3613	261	215	207	261	228	2437	825	1308	roadmap_epigenomics H3K4me1	NA	NA	H3K4me1	NA	NA	E009-H3K4me1.narrowPeak	2.14422521731372e-62	280630
2	944	roadmap_epigenomics	62.5187815053203	2.1534331912463	3074	262	369	605	605	412	1915	1364	1830	roadmap_epigenomics H3K27ac	NA	NA	H3K27ac	NA	NA	E116-H3K27ac.narrowPeak	2.52857573852665e-62	78915
2	588	roadmap_epigenomics	62.4695571318846	2.14593332855829	3032	263	377	631	631	424	1877	1406	1868	roadmap_epigenomics H3K36me3	NA	NA	H3K36me3	NA	NA	E069-H3K36me3.narrowPeak	2.82155718021375e-62	210227
2	764	roadmap_epigenomics	62.4368281548487	2.29636013971806	3524	264	254	296	296	271	2347	914	1398	roadmap_epigenomics H3K27ac	NA	NA	H3K27ac	NA	NA	E092-H3K27ac.narrowPeak	3.03118404423446e-62	135058
2	521	roadmap_epigenomics	62.3972399437504	2.34606111610003	3611	265	217	214	265	232	2436	827	1309	roadmap_epigenomics H3K4me1	NA	NA	H3K4me1	NA	NA	E057-H3K4me1.narrowPeak	3.30826967590831e-62	212997
2	788	roadmap_epigenomics	62.3290571352478	2.18951144584581	3249	266	336	494	494	365	2079	1189	1666	roadmap_epigenomics H3K27ac	NA	NA	H3K27ac	NA	NA	E095-H3K27ac.narrowPeak	3.85647010975938e-62	153453
2	625	roadmap_epigenomics	62.2761614460274	2.25576630592664	3443	267	283	348	348	299	2267	995	1478	roadmap_epigenomics H3K27ac	NA	NA	H3K27ac	NA	NA	E075-H3K27ac.narrowPeak	4.34008008205221e-62	146119
2	313	roadmap_epigenomics	62.0937823865284	2.62253561597301	3900	268	99	53	268	140	2750	538	995	roadmap_epigenomics H3K4me1	NA	NA	H3K4me1	NA	NA	E027-H3K4me1.narrowPeak	6.58104213796351e-62	374655
2	606	roadmap_epigenomics	62.0858749453494	2.1466892898302	3068	269	376	610	610	418	1912	1370	1833	roadmap_epigenomics H3K36me3	NA	NA	H3K36me3	NA	NA	E072-H3K36me3.narrowPeak	6.67768186122477e-62	221904
2	909	roadmap_epigenomics	62.0666034430554	2.11237090032149	2612	270	403	770	770	481	1512	1826	2233	roadmap_epigenomics H3K36me3	NA	NA	H3K36me3	NA	NA	E112-H3K36me3.narrowPeak	6.94967239230402e-62	202936
2	796	roadmap_epigenomics	62.0654006235853	2.16731817796635	3174	271	357	555	555	394	2010	1264	1735	roadmap_epigenomics H3K36me3	NA	NA	H3K36me3	NA	NA	E096-H3K36me3.narrowPeak	6.94967239230402e-62	338349
2	238	roadmap_epigenomics	61.9734633545881	2.22457570345831	3375	272	308	402	402	327	2202	1063	1543	roadmap_epigenomics H3K4me3	NA	NA	H3K4me3	NA	NA	E017-H3K4me3.narrowPeak	8.55740711909667e-62	42408
2	854	roadmap_epigenomics	61.8299988023377	2.1729153843309	3211	273	355	524	524	384	2046	1227	1699	roadmap_epigenomics H3K27ac	NA	NA	H3K27ac	NA	NA	E104-H3K27ac.narrowPeak	1.18645950042714e-61	154086
2	680	roadmap_epigenomics	61.7452042037243	2.2478167578481	3442	274	290	349	349	304	2269	996	1476	roadmap_epigenomics H3K4me3	NA	NA	H3K4me3	NA	NA	E082-H3K4me3.narrowPeak	1.43714049967917e-61	40821
2	1046	roadmap_epigenomics	61.7399454397912	2.37665323496758	3670	275	202	168	275	215	2501	768	1244	roadmap_epigenomics H3K4me2	NA	NA	H3K4me2	NA	NA	E124-H3K4me2.narrowPeak	1.44948993425564e-61	77302
2	495	roadmap_epigenomics	61.6756295076945	2.31323559703605	3575	276	240	250	276	255	2403	863	1342	roadmap_epigenomics H3K4me1	NA	NA	H3K4me1	NA	NA	E054-H3K4me1.narrowPeak	1.67491899824485e-61	191253
2	596	roadmap_epigenomics	61.6728852828348	2.23171016701786	3405	277	302	377	377	319	2233	1033	1512	roadmap_epigenomics H3K4me3	NA	NA	H3K4me3	NA	NA	E070-H3K4me3.narrowPeak	1.67960101743293e-61	41846
2	746	roadmap_epigenomics	61.5476297388194	2.21154445080366	3355	278	319	423	423	340	2185	1083	1560	roadmap_epigenomics H3K27ac	NA	NA	H3K27ac	NA	NA	E090-H3K27ac.narrowPeak	2.23323874075023e-61	148419
2	1058	roadmap_epigenomics	61.4551193350955	2.43161170978524	3743	279	170	115	279	188	2580	695	1165	roadmap_epigenomics H3K4me2	NA	NA	H3K4me2	NA	NA	E125-H3K4me2.narrowPeak	2.75374919816284e-61	125847
2	189	roadmap_epigenomics	61.3625706040033	2.24930215084568	3458	280	288	338	338	302	2287	980	1458	roadmap_epigenomics H3K4me3	NA	NA	H3K4me3	NA	NA	E012-H3K4me3.narrowPeak	3.39591843976989e-61	42211
2	485	roadmap_epigenomics	61.3398715186004	2.25983817908637	3482	281	277	321	321	293	2311	956	1434	roadmap_epigenomics H3K4me3	NA	NA	H3K4me3	NA	NA	E052-H3K4me3.narrowPeak	3.5657077549509e-61	77026
2	942	roadmap_epigenomics	61.2501685786007	2.49649014312632	3812	282	141	88	282	170	2656	626	1089	roadmap_epigenomics	NA	NA	NA	NA	NA	E116-DNase.macs2.narrowPeak	4.36861055331806e-61	271082
2	678	roadmap_epigenomics	61.2068715239838	2.1086284988607	2848	283	406	711	711	467	1720	1590	2025	roadmap_epigenomics H3K36me3	NA	NA	H3K36me3	NA	NA	E082-H3K36me3.narrowPeak	4.80994632507784e-61	205425
2	1020	roadmap_epigenomics	61.1818175763771	2.27807066204146	3524	284	269	296	296	283	2354	914	1391	roadmap_epigenomics H3K4me2	NA	NA	H3K4me2	NA	NA	E122-H3K4me2.narrowPeak	5.07807588535747e-61	99492
2	250	roadmap_epigenomics	61.1449032924477	2.11332618786153	2911	285	402	693	693	460	1776	1527	1969	roadmap_epigenomics H3K36me3	NA	NA	H3K36me3	NA	NA	E018-H3K36me3.narrowPeak	5.50964488505331e-61	167069
2	1027	roadmap_epigenomics	61.0914479481249	2.58169421725407	3884	286	118	57	286	154	2737	554	1008	roadmap_epigenomics	NA	NA	NA	NA	NA	E123-DNase.macs2.narrowPeak	6.21003693842362e-61	341769
1	832	roadmap_epigenomics	61.0545277575607	2.48730399318673	1103	8	10	1023	1023	347	626	2676	3778	roadmap_epigenomics H3K9me3	NA	NA	H3K9me3	NA	NA	E100-H3K9me3.narrowPeak	6.73805674270049e-61	148038
2	671	roadmap_epigenomics	61.0364369936734	2.31497080469347	3594	287	237	231	287	252	2426	844	1319	roadmap_epigenomics H3K4me1	NA	NA	H3K4me1	NA	NA	E081-H3K4me1.narrowPeak	7.00084951160465e-61	160582
2	253	roadmap_epigenomics	61.0290376141986	2.42113776526662	3739	288	178	119	288	195	2578	699	1167	roadmap_epigenomics H3K9ac	NA	NA	H3K9ac	NA	NA	E018-H3K9ac.narrowPeak	7.09709186303803e-61	148075
2	850	roadmap_epigenomics	61.0085659661902	2.18715728389002	3303	289	340	452	452	360	2138	1135	1607	roadmap_epigenomics H3K4me1	NA	NA	H3K4me1	NA	NA	E103-H3K4me1.narrowPeak	7.41459333435823e-61	172034
2	479	roadmap_epigenomics	60.922420527273	2.38600349609368	3699	290	196	146	290	211	2536	739	1209	roadmap_epigenomics H3K4me3	NA	NA	H3K4me3	NA	NA	E051-H3K4me3.narrowPeak	9.01099939593502e-61	94048
2	962	roadmap_epigenomics	60.5189149207165	2.093614722635	2740	291	423	743	743	486	1630	1698	2115	roadmap_epigenomics H3K79me2	NA	NA	H3K79me2	NA	NA	E117-H3K79me2.narrowPeak	2.27417375298421e-60	176874
2	838	roadmap_epigenomics	60.4711193130637	2.26819705560402	3525	292	272	293	293	286	2359	913	1386	roadmap_epigenomics H3K9ac	NA	NA	H3K9ac	NA	NA	E101-H3K9ac.narrowPeak	2.53028350395325e-60	104171
2	1069	roadmap_epigenomics	60.349532481816	2.12014821457693	3046	293	398	624	624	438	1902	1392	1843	roadmap_epigenomics H3K4me1	NA	NA	H3K4me1	NA	NA	E126-H3K4me1.narrowPeak	3.33665093012897e-60	191388
1	789	roadmap_epigenomics	60.3074773474848	2.31798710490674	1302	9	15	959	959	328	814	2477	3590	roadmap_epigenomics H3K27me3	NA	NA	H3K27me3	NA	NA	E095-H3K27me3.narrowPeak	3.66374687895787e-60	152210
2	415	roadmap_epigenomics	60.2204605645258	2.18908459210487	3343	294	338	432	432	355	2181	1095	1564	roadmap_epigenomics H3K4me3	NA	NA	H3K4me3	NA	NA	E042-H3K4me3.narrowPeak	4.46176362872576e-60	58292
2	1021	roadmap_epigenomics	60.1267595382515	2.17567384258389	3305	295	351	449	449	365	2145	1133	1600	roadmap_epigenomics H3K4me3	NA	NA	H3K4me3	NA	NA	E122-H3K4me3.narrowPeak	5.51793563248777e-60	43730
2	547	roadmap_epigenomics	60.1163438759976	2.09894143253872	2902	296	415	696	696	469	1774	1536	1971	roadmap_epigenomics H3K36me3	NA	NA	H3K36me3	NA	NA	E062-H3K36me3.narrowPeak	5.63334094339084e-60	253984
2	199	roadmap_epigenomics	60.0816579859976	2.09189835386724	2820	297	427	720	720	481	1702	1618	2043	roadmap_epigenomics H3K36me3	NA	NA	H3K36me3	NA	NA	E014-H3K36me3.narrowPeak	6.08177486561079e-60	224149
2	206	roadmap_epigenomics	59.8300018977118	2.09576116965952	2908	298	420	694	694	471	1781	1530	1964	roadmap_epigenomics H3K36me3	NA	NA	H3K36me3	NA	NA	E015-H3K36me3.narrowPeak	1.08210518682906e-59	252828
2	882	roadmap_epigenomics	59.6690339003998	2.30289077520649	3608	299	250	219	299	256	2448	830	1297	roadmap_epigenomics H3K4me3	NA	NA	H3K4me3	NA	NA	E108-H3K4me3.narrowPeak	1.56251838124603e-59	92210
2	698	roadmap_epigenomics	59.5996476893686	2.22497399591701	3460	300	307	334	334	314	2299	978	1446	roadmap_epigenomics H3K4me3	NA	NA	H3K4me3	NA	NA	E084-H3K4me3.narrowPeak	1.82727361449693e-59	40136
2	252	roadmap_epigenomics	59.5851454021951	2.31233654958569	3625	301	242	201	301	248	2466	813	1279	roadmap_epigenomics H3K4me3	NA	NA	H3K4me3	NA	NA	E018-H3K4me3.narrowPeak	1.88322692989005e-59	76986
2	542	roadmap_epigenomics	59.5198613178195	2.5088327266423	3849	302	135	73	302	170	2706	589	1039	roadmap_epigenomics H3K4me1	NA	NA	H3K4me1	NA	NA	E061-H3K4me1.narrowPeak	2.18166490298615e-59	294530
2	707	roadmap_epigenomics	59.3943729660608	2.23876233366764	3497	303	297	314	314	305	2337	941	1408	roadmap_epigenomics H3K4me3	NA	NA	H3K4me3	NA	NA	E085-H3K4me3.narrowPeak	2.90323500653398e-59	43543
2	911	roadmap_epigenomics	59.3713616692855	2.16112204767158	3291	304	360	458	458	374	2136	1147	1609	roadmap_epigenomics H3K4me3	NA	NA	H3K4me3	NA	NA	E112-H3K4me3.narrowPeak	3.05143234273867e-59	28758
2	471	roadmap_epigenomics	59.3519450306985	2.27912769800301	3576	305	268	249	305	274	2417	862	1328	roadmap_epigenomics H3K4me3	NA	NA	H3K4me3	NA	NA	E050-H3K4me3.narrowPeak	3.18079055517035e-59	62120
2	178	roadmap_epigenomics	59.2862972502794	2.1376650943389	3207	306	385	530	530	407	2057	1231	1688	roadmap_epigenomics H3K27ac	NA	NA	H3K27ac	NA	NA	E011-H3K27ac.narrowPeak	3.68809371371313e-59	157674
2	651	roadmap_epigenomics	59.1603373840159	2.20375369590131	3424	307	326	364	364	332	2266	1014	1479	roadmap_epigenomics H3K27ac	NA	NA	H3K27ac	NA	NA	E079-H3K27ac.narrowPeak	4.9134357937812e-59	156932
2	1096	roadmap_epigenomics	59.0140863816768	2.14065183864051	3234	308	384	509	509	400	2084	1204	1661	roadmap_epigenomics H3K4me3	NA	NA	H3K4me3	NA	NA	E128-H3K4me3.narrowPeak	6.85905220021121e-59	38014
2	679	roadmap_epigenomics	58.849868602715	2.19504308546197	3413	309	335	371	371	338	2257	1025	1488	roadmap_epigenomics H3K4me1	NA	NA	H3K4me1	NA	NA	E082-H3K4me1.narrowPeak	9.97962056335767e-59	167812
1	871	roadmap_epigenomics	58.8304403953746	2.31654236367491	1260	10	16	977	977	334	782	2519	3622	roadmap_epigenomics H3K9me3	NA	NA	H3K9me3	NA	NA	E106-H3K9me3.narrowPeak	1.04034808836437e-58	167309
2	309	roadmap_epigenomics	58.8274117888895	2.14333104716276	3254	310	379	486	486	392	2104	1184	1641	roadmap_epigenomics H3K9ac	NA	NA	H3K9ac	NA	NA	E026-H3K9ac.narrowPeak	1.04435460175135e-58	80106
2	231	roadmap_epigenomics	58.8023360773165	2.09811900317932	3036	311	417	627	627	452	1902	1402	1843	roadmap_epigenomics H3K23ac	NA	NA	H3K23ac	NA	NA	E017-H3K23ac.narrowPeak	1.10298255144659e-58	154412
2	791	roadmap_epigenomics	58.7071728753329	2.24233112849764	3525	312	295	293	312	300	2369	913	1376	roadmap_epigenomics H3K4me1	NA	NA	H3K4me1	NA	NA	E095-H3K4me1.narrowPeak	1.36892925538041e-58	268306
2	78	roadmap_epigenomics	58.5880302417467	2.1371731831315	3243	313	386	501	501	400	2095	1195	1650	roadmap_epigenomics H3K4ac	NA	NA	H3K4ac	NA	NA	E005-H3K4ac.narrowPeak	1.79546518292831e-58	228267
2	1088	roadmap_epigenomics	58.492316444406	2.14155335139092	1954	314	383	865	865	521	1006	2484	2739	roadmap_epigenomics H4K20me1	NA	NA	H4K20me1	NA	NA	E127-H4K20me1.narrowPeak	2.23125032807245e-58	66330
2	777	roadmap_epigenomics	58.4547141260704	2.15087666801655	3299	315	374	455	455	381	2149	1139	1596	roadmap_epigenomics H3K4me3	NA	NA	H3K4me3	NA	NA	E093-H3K4me3.narrowPeak	2.42556135622877e-58	37401
2	730	roadmap_epigenomics	58.4325516971962	2.36464842269587	3722	316	210	130	316	219	2574	716	1171	roadmap_epigenomics H3K4me1	NA	NA	H3K4me1	NA	NA	E088-H3K4me1.narrowPeak	2.54472264578501e-58	291610
2	94	roadmap_epigenomics	58.1262588495935	2.12959706181467	3238	317	389	505	505	404	2093	1200	1652	roadmap_epigenomics H2BK120ac	NA	NA	H2BK120ac	NA	NA	E006-H2BK120ac.narrowPeak	5.13574142473258e-58	168326
2	621	roadmap_epigenomics	58.0581182343375	2.29728172941938	3638	318	252	189	318	253	2488	800	1257	roadmap_epigenomics H3K4me1	NA	NA	H3K4me1	NA	NA	E074-H3K4me1.narrowPeak	5.989873820602e-58	266870
2	851	roadmap_epigenomics	58.017582604699	2.31005982239245	3658	319	243	176	319	246	2509	780	1236	roadmap_epigenomics H3K4me3	NA	NA	H3K4me3	NA	NA	E103-H3K4me3.narrowPeak	6.55588382985973e-58	93750
2	629	roadmap_epigenomics	57.9248698060817	2.33151732235445	3690	320	229	154	320	234	2543	748	1202	roadmap_epigenomics H3K4me3	NA	NA	H3K4me3	NA	NA	E075-H3K4me3.narrowPeak	8.09144350059504e-58	84678
2	351	roadmap_epigenomics	57.7747838074824	2.10123676910699	3133	321	414	579	579	438	1997	1305	1748	roadmap_epigenomics H3K4me3	NA	NA	H3K4me3	NA	NA	E032-H3K4me3.narrowPeak	1.13971942594128e-57	31423
2	1047	roadmap_epigenomics	57.7482957591809	2.25227710936244	3571	322	286	257	322	288	2421	867	1324	roadmap_epigenomics H3K4me3	NA	NA	H3K4me3	NA	NA	E124-H3K4me3.narrowPeak	1.20774683773896e-57	81682
2	654	roadmap_epigenomics	57.6791055129332	2.37602149305906	3750	323	203	111	323	212	2608	688	1137	roadmap_epigenomics H3K4me1	NA	NA	H3K4me1	NA	NA	E079-H3K4me1.narrowPeak	1.41208228754032e-57	257474
2	595	roadmap_epigenomics	57.6736159710712	2.09190719415956	3090	324	426	598	598	449	1958	1348	1787	roadmap_epigenomics H3K4me1	NA	NA	H3K4me1	NA	NA	E070-H3K4me1.narrowPeak	1.42576291432511e-57	107068
2	1049	roadmap_epigenomics	57.6511006502122	2.21477923494381	3500	325	316	312	325	318	2350	938	1395	roadmap_epigenomics H3K9ac	NA	NA	H3K9ac	NA	NA	E124-H3K9ac.narrowPeak	1.49714648385351e-57	72690
2	594	roadmap_epigenomics	57.5326344479986	2.05218404459308	2594	326	458	776	776	520	1523	1844	2222	roadmap_epigenomics H3K36me3	NA	NA	H3K36me3	NA	NA	E070-H3K36me3.narrowPeak	1.96081231803265e-57	132982
2	1107	roadmap_epigenomics	57.3165908902003	2.22382925534709	3529	327	309	292	327	309	2381	909	1364	roadmap_epigenomics H3K4me3	NA	NA	H3K4me3	NA	NA	E129-H3K4me3.narrowPeak	3.2150591015784e-57	73663
2	837	roadmap_epigenomics	57.2420364993581	2.30834478119667	3673	328	245	166	328	246	2529	765	1216	roadmap_epigenomics H3K4me3	NA	NA	H3K4me3	NA	NA	E101-H3K4me3.narrowPeak	3.80589280764677e-57	96726
2	460	roadmap_epigenomics	57.1866429072152	2.42999104171319	3815	329	172	86	329	196	2681	623	1064	roadmap_epigenomics H3K4me1	NA	NA	H3K4me1	NA	NA	E049-H3K4me1.narrowPeak	4.31089203790169e-57	260639
2	368	roadmap_epigenomics	56.9185637328298	2.11388036403781	3241	330	401	502	502	411	2103	1197	1642	roadmap_epigenomics H3K4me3	NA	NA	H3K4me3	NA	NA	E034-H3K4me3.narrowPeak	7.96832615461175e-57	37067
2	349	roadmap_epigenomics	56.9116414275047	2.04999264720366	2818	331	460	722	722	504	1719	1620	2026	roadmap_epigenomics H3K36me3	NA	NA	H3K36me3	NA	NA	E032-H3K36me3.narrowPeak	8.07260951413909e-57	342847
2	1071	roadmap_epigenomics	56.8256592440539	2.09603691840505	3170	332	418	559	559	436	2037	1268	1708	roadmap_epigenomics H3K4me3	NA	NA	H3K4me3	NA	NA	E126-H3K4me3.narrowPeak	9.8112513492409e-57	53066
2	815	roadmap_epigenomics	56.7443575742915	2.50521601440214	3886	333	136	56	333	175	2762	552	983	roadmap_epigenomics H3K4me1	NA	NA	H3K4me1	NA	NA	E098-H3K4me1.narrowPeak	1.17966327043058e-56	293089
2	328	roadmap_epigenomics	56.4920766378372	2.04994326132375	2889	334	461	701	701	499	1784	1549	1961	roadmap_epigenomics H3K27ac	NA	NA	H3K27ac	NA	NA	E029-H3K27ac.narrowPeak	2.10268720266671e-56	61033
2	489	roadmap_epigenomics	56.4759483409691	2.03840324201287	2675	335	476	756	756	522	1598	1763	2147	roadmap_epigenomics H3K36me3	NA	NA	H3K36me3	NA	NA	E053-H3K36me3.narrowPeak	2.17591695307073e-56	193840
2	647	roadmap_epigenomics	56.4586587184055	2.06108638202204	2994	336	450	648	648	478	1878	1444	1867	roadmap_epigenomics H3K36me3	NA	NA	H3K36me3	NA	NA	E078-H3K36me3.narrowPeak	2.25774523687411e-56	225957
2	950	roadmap_epigenomics	56.4238852743711	2.03728263945918	2604	337	478	773	773	529	1538	1834	2207	roadmap_epigenomics H3K79me2	NA	NA	H3K79me2	NA	NA	E116-H3K79me2.narrowPeak	2.43890566669713e-56	158037
2	491	roadmap_epigenomics	56.4151447308706	2.14919831897731	3382	338	375	398	398	370	2241	1056	1504	roadmap_epigenomics H3K4me3	NA	NA	H3K4me3	NA	NA	E053-H3K4me3.narrowPeak	2.48133714633733e-56	36677
1	210	roadmap_epigenomics	56.3981547569446	2.10242568592794	1667	11	32	808	808	284	1202	2112	3202	roadmap_epigenomics H3K9me3	NA	NA	H3K9me3	NA	NA	E015-H3K9me3.narrowPeak	2.57293946252765e-56	342240
2	438	roadmap_epigenomics	56.3584435492579	2.05795948799794	2980	339	451	654	654	481	1866	1458	1879	roadmap_epigenomics H3K27ac	NA	NA	H3K27ac	NA	NA	E046-H3K27ac.narrowPeak	2.81124151937775e-56	68379
2	455	roadmap_epigenomics	56.2781694036058	2.10436199462969	3238	340	411	505	505	419	2104	1200	1641	roadmap_epigenomics H3K4me3	NA	NA	H3K4me3	NA	NA	E048-H3K4me3.narrowPeak	3.37235458317076e-56	54009
1	203	roadmap_epigenomics	56.1180856930184	2.16892440516959	1451	12	21	889	889	307	983	2328	3421	roadmap_epigenomics H3K9me3	NA	NA	H3K9me3	NA	NA	E014-H3K9me3.narrowPeak	4.86162431497082e-56	279334
2	332	roadmap_epigenomics	56.0530019350704	2.06767922572852	3075	341	439	604	604	461	1954	1363	1791	roadmap_epigenomics H3K4me3	NA	NA	H3K4me3	NA	NA	E029-H3K4me3.narrowPeak	5.63161700276071e-56	29579
2	79	roadmap_epigenomics	55.9893041645701	2.31716037497981	3712	342	236	140	342	239	2577	726	1168	roadmap_epigenomics H3K4me1	NA	NA	H3K4me1	NA	NA	E005-H3K4me1.narrowPeak	6.50282887252606e-56	297165
2	33	roadmap_epigenomics	55.8930416176764	2.15871680286408	3428	343	361	362	362	355	2289	1010	1456	roadmap_epigenomics H3K4me3	NA	NA	H3K4me3	NA	NA	E003-H3K4me3.narrowPeak	8.09356355154677e-56	42133
2	1006	roadmap_epigenomics	55.8553802990342	2.03277330413986	2759	344	483	738	738	522	1674	1679	2071	roadmap_epigenomics H3K36me3	NA	NA	H3K36me3	NA	NA	E121-H3K36me3.narrowPeak	8.80196130345158e-56	200978
2	634	roadmap_epigenomics	55.7922774258017	2.03557409330391	2824	345	480	719	719	515	1731	1614	2014	roadmap_epigenomics H3K36me3	NA	NA	H3K36me3	NA	NA	E076-H3K36me3.narrowPeak	1.01499548413129e-55	180209
2	1007	roadmap_epigenomics	55.7666068428719	2.20184392184538	3531	346	331	290	346	322	2392	907	1353	roadmap_epigenomics H3K4me1	NA	NA	H3K4me1	NA	NA	E121-H3K4me1.narrowPeak	1.07379130365903e-55	248336
2	996	roadmap_epigenomics	55.7610258339767	2.18663362002148	3499	347	341	313	347	334	2360	939	1385	roadmap_epigenomics H3K4me2	NA	NA	H3K4me2	NA	NA	E120-H3K4me2.narrowPeak	1.08464962233037e-55	121927
2	1073	roadmap_epigenomics	55.7151479235838	2.04928344866221	2979	348	463	655	655	489	1869	1459	1876	roadmap_epigenomics H3K9ac	NA	NA	H3K9ac	NA	NA	E126-H3K9ac.narrowPeak	1.20215184575614e-55	50757
2	554	roadmap_epigenomics	55.610151259224	2.04513051465348	2956	349	468	667	667	495	1849	1482	1896	roadmap_epigenomics H3K36me3	NA	NA	H3K36me3	NA	NA	E063-H3K36me3.narrowPeak	1.52669151115032e-55	257192
1	617	roadmap_epigenomics	55.5113641778485	2.2069703197901	1344	13	19	937	937	323	881	2435	3523	roadmap_epigenomics H3K9me3	NA	NA	H3K9me3	NA	NA	E073-H3K9me3.narrowPeak	1.91133584038204e-55	139270
2	527	roadmap_epigenomics	55.4817608916398	2.51690491190645	3912	350	132	48	350	177	2798	526	947	roadmap_epigenomics H3K4me1	NA	NA	H3K4me1	NA	NA	E058-H3K4me1.narrowPeak	2.04052648115331e-55	289473
2	107	roadmap_epigenomics	55.4434167683821	2.03983946339727	2928	351	472	685	685	503	1825	1510	1920	roadmap_epigenomics H3K79me1	NA	NA	H3K79me1	NA	NA	E006-H3K79me1.narrowPeak	2.22275502071401e-55	327815
2	983	roadmap_epigenomics	55.4364924952573	2.27632150664318	3668	352	270	169	352	264	2534	770	1211	roadmap_epigenomics H3K4me1	NA	NA	H3K4me1	NA	NA	E119-H3K4me1.narrowPeak	2.252290433618e-55	182438
2	359	roadmap_epigenomics	55.4274882348543	2.08903878271767	3223	353	430	514	514	432	2095	1215	1650	roadmap_epigenomics H3K4me3	NA	NA	H3K4me3	NA	NA	E033-H3K4me3.narrowPeak	2.29319207205226e-55	42864
2	664	roadmap_epigenomics	55.3959980626596	2.13546885058526	3384	354	388	396	396	379	2249	1054	1496	roadmap_epigenomics H3K4me3	NA	NA	H3K4me3	NA	NA	E080-H3K4me3.narrowPeak	2.4589269394626e-55	34321
2	457	roadmap_epigenomics	55.3727794847133	2.09395937560089	3246	355	421	497	497	424	2117	1192	1628	roadmap_epigenomics H3K27ac	NA	NA	H3K27ac	NA	NA	E049-H3K27ac.narrowPeak	2.58691672438928e-55	126902
2	312	roadmap_epigenomics	55.3435627844071	2.07285689937589	3155	356	435	571	571	454	2032	1283	1713	roadmap_epigenomics H3K36me3	NA	NA	H3K36me3	NA	NA	E027-H3K36me3.narrowPeak	2.75943775045836e-55	455177
1	1025	roadmap_epigenomics	55.2933984986352	3.01750518034091	687	14	4	1103	1103	374	302	3092	4102	roadmap_epigenomics H3K9me3	NA	NA	H3K9me3	NA	NA	E122-H3K9me3.narrowPeak	3.08894040282777e-55	224772
2	407	roadmap_epigenomics	55.1448134989553	2.02131156820967	2703	357	489	750	750	532	1630	1735	2115	roadmap_epigenomics H3K36me3	NA	NA	H3K36me3	NA	NA	E041-H3K36me3.narrowPeak	4.33732877388352e-55	202854
2	248	roadmap_epigenomics	55.0362727321604	2.0563923277124	3089	358	453	599	599	470	1973	1349	1772	roadmap_epigenomics H4K91ac	NA	NA	H4K91ac	NA	NA	E017-H4K91ac.narrowPeak	5.55384915421922e-55	263787
2	188	roadmap_epigenomics	54.9739265933497	2.29020187543359	3698	359	257	148	359	255	2568	740	1177	roadmap_epigenomics H3K4me1	NA	NA	H3K4me1	NA	NA	E012-H3K4me1.narrowPeak	6.39402495259207e-55	258735
2	208	roadmap_epigenomics	54.9447006845343	2.23363161612039	3613	360	301	207	360	289	2480	825	1265	roadmap_epigenomics H3K4me3	NA	NA	H3K4me3	NA	NA	E015-H3K4me3.narrowPeak	6.8208337650845e-55	70722
2	77	roadmap_epigenomics	54.9331691857987	2.08641117023452	3240	361	431	503	503	432	2114	1198	1631	roadmap_epigenomics H3K36me3	NA	NA	H3K36me3	NA	NA	E005-H3K36me3.narrowPeak	6.98568982482433e-55	277210
2	102	roadmap_epigenomics	54.8996852419138	2.22651645447438	3602	362	305	224	362	297	2469	836	1276	roadmap_epigenomics H3K36me3	NA	NA	H3K36me3	NA	NA	E006-H3K36me3.narrowPeak	7.52552261321868e-55	368481
2	499	roadmap_epigenomics	54.8834907403073	2.33568546015406	3757	363	223	107	363	231	2631	681	1114	roadmap_epigenomics	NA	NA	NA	NA	NA	E055-DNase.hotspot.fdr0.01.peaks.bed	7.79072117340389e-55	232786
2	615	roadmap_epigenomics	54.8186131242564	2.21131805174008	3577	364	320	247	364	310	2444	861	1301	roadmap_epigenomics H3K4me3	NA	NA	H3K4me3	NA	NA	E073-H3K4me3.narrowPeak	9.02204165326825e-55	75872
2	938	roadmap_epigenomics	54.7603357397737	2.0152526710856	2572	365	493	782	782	547	1521	1866	2224	roadmap_epigenomics H3K79me2	NA	NA	H3K79me2	NA	NA	E115-H3K79me2.narrowPeak	1.02904603158559e-54	200232
2	1106	roadmap_epigenomics	54.7384924892502	2.28132132957811	3691	366	265	152	366	261	2562	747	1183	roadmap_epigenomics H3K4me2	NA	NA	H3K4me2	NA	NA	E129-H3K4me2.narrowPeak	1.07927884883414e-54	131837
1	109	roadmap_epigenomics	54.6931696993711	2.08130920095662	1648	15	35	815	815	288	1193	2131	3211	roadmap_epigenomics H3K9me3	NA	NA	H3K9me3	NA	NA	E006-H3K9me3.narrowPeak	1.19485464677153e-54	248522
1	480	roadmap_epigenomics	54.5919418318069	2.05717722778362	1746	16	39	769	769	275	1297	2033	3107	roadmap_epigenomics H3K9me3	NA	NA	H3K9me3	NA	NA	E051-H3K9me3.narrowPeak	1.5045428363814e-54	399600
2	645	roadmap_epigenomics	54.5426846594194	2.07091862932574	3197	367	437	537	537	447	2076	1241	1669	roadmap_epigenomics H3K27ac	NA	NA	H3K27ac	NA	NA	E078-H3K27ac.narrowPeak	1.68083978264279e-54	97341
2	366	roadmap_epigenomics	54.5293834762893	2.01553419337565	2767	368	492	733	733	531	1689	1671	2056	roadmap_epigenomics H3K36me3	NA	NA	H3K36me3	NA	NA	E034-H3K36me3.narrowPeak	1.72860215970222e-54	302239
2	985	roadmap_epigenomics	54.4880537878069	2.10752153712697	3338	369	408	437	437	405	2210	1100	1535	roadmap_epigenomics H3K4me3	NA	NA	H3K4me3	NA	NA	E119-H3K4me3.narrowPeak	1.89624843170054e-54	41290
2	847	roadmap_epigenomics	54.4561965117706	2.06495347643766	3175	370	442	552	552	455	2056	1263	1689	roadmap_epigenomics H3K27ac	NA	NA	H3K27ac	NA	NA	E103-H3K27ac.narrowPeak	2.03528829742088e-54	119896
2	636	roadmap_epigenomics	54.4315573756576	2.15660182123015	3475	371	367	328	371	355	2344	963	1401	roadmap_epigenomics H3K4me3	NA	NA	H3K4me3	NA	NA	E076-H3K4me3.narrowPeak	2.14852994616234e-54	72243
2	801	roadmap_epigenomics	54.4043229206542	2.18252012240035	3533	372	346	287	372	335	2402	905	1343	roadmap_epigenomics	NA	NA	NA	NA	NA	E097-DNase.hotspot.fdr0.01.peaks.bed	2.28168194418444e-54	154095
2	581	roadmap_epigenomics	54.4009445976532	2.03873426291759	3031	373	475	632	632	493	1924	1407	1821	roadmap_epigenomics H3K36me3	NA	NA	H3K36me3	NA	NA	E068-H3K36me3.narrowPeak	2.2935887669383e-54	230963
2	660	roadmap_epigenomics	54.3756377429715	2.12235761667548	3388	374	394	392	394	387	2259	1050	1486	roadmap_epigenomics H3K27ac	NA	NA	H3K27ac	NA	NA	E080-H3K27ac.narrowPeak	2.42497576092016e-54	158539
2	750	roadmap_epigenomics	54.3668486564758	2.11216027419897	3358	375	404	421	421	400	2230	1080	1515	roadmap_epigenomics H3K4me3	NA	NA	H3K4me3	NA	NA	E090-H3K4me3.narrowPeak	2.46822267666677e-54	35057
2	1097	roadmap_epigenomics	54.335993981487	2.0105894718965	2520	376	497	791	791	555	1480	1918	2265	roadmap_epigenomics H3K79me2	NA	NA	H3K79me2	NA	NA	E128-H3K79me2.narrowPeak	2.64319803889384e-54	160134
2	384	roadmap_epigenomics	54.3156408419911	2.07285338237113	3219	377	436	518	518	444	2098	1219	1647	roadmap_epigenomics H3K4me3	NA	NA	H3K4me3	NA	NA	E037-H3K4me3.narrowPeak	2.76297120963192e-54	49554
2	1023	roadmap_epigenomics	54.2928139451721	2.06272804979802	3175	378	447	552	552	459	2057	1263	1688	roadmap_epigenomics H3K9ac	NA	NA	H3K9ac	NA	NA	E122-H3K9ac.narrowPeak	2.90468863125615e-54	64234
2	902	roadmap_epigenomics	54.2661064991341	2.0130623163572	2787	379	495	728	728	534	1708	1651	2037	roadmap_epigenomics H3K36me3	NA	NA	H3K36me3	NA	NA	E111-H3K36me3.narrowPeak	3.08110257660152e-54	219857
2	308	roadmap_epigenomics	54.2545126301261	2.15656808321277	3481	380	368	322	380	357	2351	957	1394	roadmap_epigenomics H3K4me3	NA	NA	H3K4me3	NA	NA	E026-H3K4me3.narrowPeak	3.15647196128607e-54	81465
2	745	roadmap_epigenomics	54.2378673280316	2.57222218903019	3964	381	119	28	381	176	2864	474	881	roadmap_epigenomics	NA	NA	NA	NA	NA	E090-DNase.macs2.narrowPeak	3.27153760822722e-54	506090
2	637	roadmap_epigenomics	54.2147990717404	2.04971636027343	3114	382	462	593	593	479	2001	1324	1744	roadmap_epigenomics H3K9ac	NA	NA	H3K9ac	NA	NA	E076-H3K9ac.narrowPeak	3.4413402030924e-54	60918
2	508	roadmap_epigenomics	54.08394402775	2.28923333691168	3716	383	258	136	383	259	2592	722	1153	roadmap_epigenomics	NA	NA	NA	NA	NA	E056-DNase.hotspot.fdr0.01.peaks.bed	4.63973128323668e-54	223698
2	864	roadmap_epigenomics	54.0765094151935	2.15741389301473	3489	384	366	318	384	356	2360	949	1385	roadmap_epigenomics H3K4me3	NA	NA	H3K4me3	NA	NA	E105-H3K4me3.narrowPeak	4.70804218337097e-54	41900
2	862	roadmap_epigenomics	54.0564856118092	2.09163263464306	3305	385	428	449	449	421	2181	1133	1564	roadmap_epigenomics H3K36me3	NA	NA	H3K36me3	NA	NA	E105-H3K36me3.narrowPeak	4.91790083679539e-54	267060
2	958	roadmap_epigenomics	53.9925802182207	2.01064771367318	2808	386	496	724	724	535	1728	1630	2017	roadmap_epigenomics H3K36me3	NA	NA	H3K36me3	NA	NA	E117-H3K36me3.narrowPeak	5.68333793988318e-54	316270
2	684	roadmap_epigenomics	53.9344918108108	2.4848875296789	3910	387	151	49	387	196	2804	528	941	roadmap_epigenomics	NA	NA	NA	NA	NA	E083-DNase.macs2.narrowPeak	6.4805653585478e-54	517786
2	437	roadmap_epigenomics	53.9055064800817	2.40680849410872	3847	388	185	74	388	216	2734	591	1011	roadmap_epigenomics	NA	NA	NA	NA	NA	E046-DNase.macs2.narrowPeak	6.91069787548925e-54	287236
2	442	roadmap_epigenomics	53.8258105008091	2.04536416134324	3119	389	467	592	592	483	2008	1319	1737	roadmap_epigenomics H3K4me3	NA	NA	H3K4me3	NA	NA	E046-H3K4me3.narrowPeak	8.2821716649585e-54	33250
2	93	roadmap_epigenomics	53.8244703525043	2.00307119772684	2545	390	504	786	786	560	1504	1893	2241	roadmap_epigenomics H2AK5ac	NA	NA	H2AK5ac	NA	NA	E006-H2AK5ac.narrowPeak	8.28730582521114e-54	168829
2	824	roadmap_epigenomics	53.7949323348655	2.06271044330653	3206	391	448	533	533	457	2089	1232	1656	roadmap_epigenomics	NA	NA	NA	NA	NA	E100-DNase.hotspot.all.peaks.bed	8.84877205591923e-54	100209
2	295	roadmap_epigenomics	53.7783280224513	2.42977076531001	3869	392	174	59	392	208	2759	569	986	roadmap_epigenomics H3K4me1	NA	NA	H3K4me1	NA	NA	E024-H3K4me1.narrowPeak	9.17110290245861e-54	357319
2	433	roadmap_epigenomics	53.7292249824495	2.09380022319637	3328	393	422	440	440	418	2205	1110	1540	roadmap_epigenomics H3K4me3	NA	NA	H3K4me3	NA	NA	E045-H3K4me3.narrowPeak	1.02438087451292e-53	50440
2	327	roadmap_epigenomics	53.5987175289438	2.25458836467379	3679	394	284	161	394	280	2556	759	1189	roadmap_epigenomics	NA	NA	NA	NA	NA	E029-DNase.macs2.narrowPeak	1.38009304186803e-53	209063
2	768	roadmap_epigenomics	53.5318635821644	2.12662346735329	3433	395	392	354	395	380	2308	1005	1437	roadmap_epigenomics H3K4me3	NA	NA	H3K4me3	NA	NA	E092-H3K4me3.narrowPeak	1.60584767728795e-53	39260
2	825	roadmap_epigenomics	53.3618963279302	2.20340678264223	3603	396	328	223	396	316	2479	835	1266	roadmap_epigenomics	NA	NA	NA	NA	NA	E100-DNase.hotspot.fdr0.01.peaks.bed	2.36927901562291e-53	170766
2	70	roadmap_epigenomics	53.2706268609203	2.04390439830792	3151	397	470	574	574	480	2041	1287	1704	roadmap_epigenomics H2BK12ac	NA	NA	H2BK12ac	NA	NA	E005-H2BK12ac.narrowPeak	2.91630430768628e-53	257315
2	970	roadmap_epigenomics	53.2456025520869	1.99724796946368	2476	398	509	797	797	568	1450	1962	2295	roadmap_epigenomics H3K36me3	NA	NA	H3K36me3	NA	NA	E118-H3K36me3.narrowPeak	3.0818170866895e-53	168886
2	763	roadmap_epigenomics	53.2442694709136	2.48556163886936	3920	399	150	43	399	197	2819	518	926	roadmap_epigenomics	NA	NA	NA	NA	NA	E092-DNase.macs2.narrowPeak	3.08384246395154e-53	354211
2	803	roadmap_epigenomics	53.2410451417698	2.06456626898823	3246	400	443	497	497	447	2130	1192	1615	roadmap_epigenomics H3K27ac	NA	NA	H3K27ac	NA	NA	E097-H3K27ac.narrowPeak	3.09935468861677e-53	194850
2	1011	roadmap_epigenomics	53.2044599693129	2.06505529665917	3250	401	440	491	491	444	2134	1188	1611	roadmap_epigenomics H3K9ac	NA	NA	H3K9ac	NA	NA	E121-H3K9ac.narrowPeak	3.36367267832248e-53	104079
2	216	roadmap_epigenomics	53.142021135536	2.12874068879188	3453	402	390	340	402	377	2330	985	1415	roadmap_epigenomics H3K9ac	NA	NA	H3K9ac	NA	NA	E016-H3K9ac.narrowPeak	3.8744702864821e-53	82706
2	390	roadmap_epigenomics	53.0695303599423	2.06244050977655	3247	403	449	495	495	449	2132	1191	1613	roadmap_epigenomics H3K4me3	NA	NA	H3K4me3	NA	NA	E038-H3K4me3.narrowPeak	4.56736131358829e-53	51910
2	300	roadmap_epigenomics	53.0545625012648	2.32591262827761	3781	404	234	98	404	245	2667	657	1078	roadmap_epigenomics H3K4me1	NA	NA	H3K4me1	NA	NA	E025-H3K4me1.narrowPeak	4.71626240222517e-53	312578
2	1083	roadmap_epigenomics	52.952035299868	2.1839342770923	3579	405	345	245	405	332	2457	859	1288	roadmap_epigenomics H3K4me3	NA	NA	H3K4me3	NA	NA	E127-H3K4me3.narrowPeak	5.95788829354483e-53	83151
2	314	roadmap_epigenomics	52.8990605516535	2.16724703370811	3548	406	358	268	406	344	2426	890	1319	roadmap_epigenomics H3K4me3	NA	NA	H3K4me3	NA	NA	E027-H3K4me3.narrowPeak	6.7148567057448e-53	61082
2	925	roadmap_epigenomics	52.8966796869623	2.20307409724393	3615	407	330	205	407	314	2494	823	1251	roadmap_epigenomics H3K4me2	NA	NA	H3K4me2	NA	NA	E114-H3K4me2.narrowPeak	6.73580797228526e-53	103473
1	957	roadmap_epigenomics	52.8749437755167	2.37631956077108	1026	17	13	1042	1042	357	597	2753	3807	roadmap_epigenomics H3K27me3	NA	NA	H3K27me3	NA	NA	E117-H3K27me3.narrowPeak	7.06480403524087e-53	219064
2	301	roadmap_epigenomics	52.8151320194987	2.21368322031111	3635	408	318	196	408	307	2515	803	1230	roadmap_epigenomics H3K4me3	NA	NA	H3K4me3	NA	NA	E025-H3K4me3.narrowPeak	8.08888763172845e-53	104434
2	176	roadmap_epigenomics	52.7925842231296	2.05330566593035	3225	409	456	512	512	459	2113	1213	1632	roadmap_epigenomics H3K4me3	NA	NA	H3K4me3	NA	NA	E010-H3K4me3.narrowPeak	8.49994136215616e-53	37746
2	986	roadmap_epigenomics	52.7273887164969	1.98807958922919	2660	410	518	760	760	563	1608	1778	2137	roadmap_epigenomics H3K79me2	NA	NA	H3K79me2	NA	NA	E119-H3K79me2.narrowPeak	9.85355988608451e-53	189409
2	477	roadmap_epigenomics	52.6588682794881	2.00388426936081	2939	411	503	679	679	531	1852	1499	1893	roadmap_epigenomics H3K36me3	NA	NA	H3K36me3	NA	NA	E051-H3K36me3.narrowPeak	1.15105931414773e-52	355912
2	1081	roadmap_epigenomics	52.6437607227408	2.24683483227711	3690	412	291	154	412	286	2573	748	1172	roadmap_epigenomics H3K4me1	NA	NA	H3K4me1	NA	NA	E127-H3K4me1.narrowPeak	1.18902705603106e-52	199886
1	544	roadmap_epigenomics	52.6225462199259	2.04666692646141	1660	18	43	812	812	291	1219	2119	3185	roadmap_epigenomics H3K9me3	NA	NA	H3K9me3	NA	NA	E061-H3K9me3.narrowPeak	1.24564725817819e-52	269877
2	448	roadmap_epigenomics	52.6199236091216	2.04746972677842	3210	413	465	526	526	468	2100	1228	1645	roadmap_epigenomics H3K4me3	NA	NA	H3K4me3	NA	NA	E047-H3K4me3.narrowPeak	1.25028457329036e-52	39614
1	560	roadmap_epigenomics	52.5565178809842	2.09326976739544	1495	19	33	869	869	307	1049	2284	3355	roadmap_epigenomics H3K27me3	NA	NA	H3K27me3	NA	NA	E065-H3K27me3.narrowPeak	1.44347120274309e-52	134896
2	32	roadmap_epigenomics	52.5488132678722	2.33097372128215	3796	414	230	92	414	245	2686	642	1059	roadmap_epigenomics H3K4me2	NA	NA	H3K4me2	NA	NA	E003-H3K4me2.narrowPeak	1.46591432124173e-52	217090
2	494	roadmap_epigenomics	52.4500128085651	1.9864483795001	2736	415	521	745	745	560	1675	1702	2070	roadmap_epigenomics H3K36me3	NA	NA	H3K36me3	NA	NA	E054-H3K36me3.narrowPeak	1.83614601249617e-52	221911
2	155	roadmap_epigenomics	52.4293628930288	2.12763246890075	3476	416	391	327	416	378	2357	962	1388	roadmap_epigenomics H3K4me3	NA	NA	H3K4me3	NA	NA	E008-H3K4me3.narrowPeak	1.92113375130416e-52	59360
2	659	roadmap_epigenomics	52.4131008480442	2.51808914926119	3953	417	131	34	417	194	2861	485	884	roadmap_epigenomics	NA	NA	NA	NA	NA	E080-DNase.macs2.narrowPeak	1.98985950817968e-52	420510
2	259	roadmap_epigenomics	52.3874530833988	2.15323289279286	3535	418	371	283	418	357	2416	903	1329	roadmap_epigenomics H3K4me3	NA	NA	H3K4me3	NA	NA	E019-H3K4me3.narrowPeak	2.10608178266935e-52	61693
2	362	roadmap_epigenomics	52.3648512957362	2.09601708411893	3395	419	419	385	419	408	2278	1043	1467	roadmap_epigenomics	NA	NA	NA	NA	NA	E034-DNase.hotspot.fdr0.01.peaks.bed	2.21352456336817e-52	107036
2	361	roadmap_epigenomics	52.3362376487329	2.03937340733416	3191	420	473	544	544	479	2084	1247	1661	roadmap_epigenomics	NA	NA	NA	NA	NA	E034-DNase.hotspot.all.peaks.bed	2.35888942239543e-52	81127
1	529	roadmap_epigenomics	52.3078221213838	2.11925683704276	1414	20	29	910	910	320	969	2365	3435	roadmap_epigenomics H3K9me3	NA	NA	H3K9me3	NA	NA	E058-H3K9me3.narrowPeak	2.51266710441621e-52	301065
2	653	roadmap_epigenomics	52.1439252685049	2.05775873500637	3279	421	452	472	472	448	2168	1159	1577	roadmap_epigenomics H3K36me3	NA	NA	H3K36me3	NA	NA	E079-H3K36me3.narrowPeak	3.65633427785898e-52	264229
2	469	roadmap_epigenomics	52.0699016138434	1.98715343018884	2840	422	519	714	714	552	1768	1598	1977	roadmap_epigenomics H3K36me3	NA	NA	H3K36me3	NA	NA	E050-H3K36me3.narrowPeak	4.32599356152297e-52	262839
2	736	roadmap_epigenomics	52.051796079325	2.53319614035358	3967	423	129	27	423	193	2879	471	866	roadmap_epigenomics	NA	NA	NA	NA	NA	E089-DNase.macs2.narrowPeak	4.49997339764346e-52	465721
2	330	roadmap_epigenomics	51.9669101123599	1.97795265488998	2665	424	529	759	759	571	1617	1773	2128	roadmap_epigenomics H3K36me3	NA	NA	H3K36me3	NA	NA	E029-H3K36me3.narrowPeak	5.45904493908441e-52	235858
2	1009	roadmap_epigenomics	51.8708675885832	2.08925706239852	3396	425	429	383	429	412	2282	1042	1463	roadmap_epigenomics H3K4me3	NA	NA	H3K4me3	NA	NA	E121-H3K4me3.narrowPeak	6.79488564844905e-52	69233
1	292	roadmap_epigenomics	51.8186117678049	2.10654513498809	1425	21	31	901	901	318	983	2354	3421	roadmap_epigenomics H3K9me3	NA	NA	H3K9me3	NA	NA	E023-H3K9me3.narrowPeak	7.6465076156825e-52	224057
2	741	roadmap_epigenomics	51.780998435916	2.05400721780112	3284	426	455	463	463	448	2175	1154	1570	roadmap_epigenomics H3K4me3	NA	NA	H3K4me3	NA	NA	E089-H3K4me3.narrowPeak	8.31962579689538e-52	32241
1	610	roadmap_epigenomics	51.7205972365891	2.15734856348004	1306	22	22	956	956	333	866	2473	3538	roadmap_epigenomics H3K9me3	NA	NA	H3K9me3	NA	NA	E072-H3K9me3.narrowPeak	9.53969525333022e-52	143837
2	288	roadmap_epigenomics	51.6566476564132	1.97791522500831	2781	427	530	730	730	562	1719	1657	2026	roadmap_epigenomics H3K36me3	NA	NA	H3K36me3	NA	NA	E023-H3K36me3.narrowPeak	1.10284824015401e-51	228728
2	1059	roadmap_epigenomics	51.4800900130429	2.10678567612342	3459	428	409	335	428	391	2346	979	1399	roadmap_epigenomics H3K4me3	NA	NA	H3K4me3	NA	NA	E125-H3K4me3.narrowPeak	1.65236970958089e-51	70898
2	307	roadmap_epigenomics	51.4723662515372	2.16812392664267	3592	429	356	234	429	340	2479	846	1266	roadmap_epigenomics H3K4me1	NA	NA	H3K4me1	NA	NA	E026-H3K4me1.narrowPeak	1.67828981315376e-51	233572
2	840	roadmap_epigenomics	51.467978093599	2.07775007745904	3379	430	433	400	433	421	2268	1059	1477	roadmap_epigenomics H3K27ac	NA	NA	H3K27ac	NA	NA	E102-H3K27ac.narrowPeak	1.6915826555748e-51	127503
2	461	roadmap_epigenomics	51.433930077491	2.15856487036308	3575	431	362	250	431	348	2462	863	1283	roadmap_epigenomics H3K4me3	NA	NA	H3K4me3	NA	NA	E049-H3K4me3.narrowPeak	1.82549846634214e-51	76569
2	154	roadmap_epigenomics	51.4320544241025	2.15802006700295	3574	432	364	253	432	350	2461	864	1284	roadmap_epigenomics H3K4me2	NA	NA	H3K4me2	NA	NA	E008-H3K4me2.narrowPeak	1.82936124771145e-51	111374
2	440	roadmap_epigenomics	51.3822358905466	1.96983408612354	2649	433	537	762	762	577	1607	1789	2138	roadmap_epigenomics H3K36me3	NA	NA	H3K36me3	NA	NA	E046-H3K36me3.narrowPeak	2.04721033204826e-51	269244
2	556	roadmap_epigenomics	51.3491672958538	2.17442967813233	3607	434	352	220	434	335	2495	831	1250	roadmap_epigenomics H3K4me3	NA	NA	H3K4me3	NA	NA	E063-H3K4me3.narrowPeak	2.20235218510265e-51	87655
2	640	roadmap_epigenomics	51.3486067822623	1.9897846985245	2970	435	516	659	659	537	1888	1468	1857	roadmap_epigenomics H3K36me3	NA	NA	H3K36me3	NA	NA	E077-H3K36me3.narrowPeak	2.20235218510265e-51	271474
2	844	roadmap_epigenomics	51.3105807813855	2.16669718373656	3594	436	359	231	436	342	2482	844	1263	roadmap_epigenomics H3K4me3	NA	NA	H3K4me3	NA	NA	E102-H3K4me3.narrowPeak	2.39863127789986e-51	83775
2	718	roadmap_epigenomics	51.0195499249868	1.97475987208789	2862	437	532	709	709	559	1794	1576	1951	roadmap_epigenomics H3K27ac	NA	NA	H3K27ac	NA	NA	E087-H3K27ac.narrowPeak	4.67785915330378e-51	71309
2	358	roadmap_epigenomics	50.9915960557553	2.00844562395925	3128	438	499	583	583	507	2034	1310	1711	roadmap_epigenomics H3K4me1	NA	NA	H3K4me1	NA	NA	E033-H3K4me1.narrowPeak	4.97801114381309e-51	131462
2	267	roadmap_epigenomics	50.9029368770745	2.11992586680069	3511	439	399	302	439	380	2401	927	1344	roadmap_epigenomics H3K9ac	NA	NA	H3K9ac	NA	NA	E020-H3K9ac.narrowPeak	6.09216909918819e-51	108554
2	157	roadmap_epigenomics	50.8290950195146	1.96266136406061	2666	440	540	758	758	579	1625	1772	2120	roadmap_epigenomics H3K79me1	NA	NA	H3K79me1	NA	NA	E008-H3K79me1.narrowPeak	7.20564325616281e-51	120353
2	5	roadmap_epigenomics	50.7788393222968	2.15106715994928	3580	441	373	242	441	352	2471	858	1274	roadmap_epigenomics H3K9ac	NA	NA	H3K9ac	NA	NA	E001-H3K9ac.narrowPeak	8.0721539974443e-51	67397
2	954	roadmap_epigenomics	50.7762193465516	2.20064320154067	3666	442	332	170	442	315	2559	772	1186	roadmap_epigenomics	NA	NA	NA	NA	NA	E117-DNase.macs2.narrowPeak	8.10349605105796e-51	206823
2	1008	roadmap_epigenomics	50.7644893740178	2.17839870816201	3630	443	350	199	443	331	2522	808	1223	roadmap_epigenomics H3K4me2	NA	NA	H3K4me2	NA	NA	E121-H3K4me2.narrowPeak	8.29241240187085e-51	137508
2	342	roadmap_epigenomics	50.7643429427539	1.99250203915162	3050	444	514	621	621	526	1964	1388	1781	roadmap_epigenomics H3K4me3	NA	NA	H3K4me3	NA	NA	E031-H3K4me3.narrowPeak	8.29241240187085e-51	39890
2	574	roadmap_epigenomics	50.7513851499358	1.97387644097217	2894	445	533	698	698	559	1824	1544	1921	roadmap_epigenomics H3K36me3	NA	NA	H3K36me3	NA	NA	E067-H3K36me3.narrowPeak	8.52526173954484e-51	195810
2	1056	roadmap_epigenomics	50.4249074442789	1.95669160827386	2629	446	547	765	765	586	1596	1809	2149	roadmap_epigenomics H3K36me3	NA	NA	H3K36me3	NA	NA	E125-H3K36me3.narrowPeak	1.80408275253518e-50	248840
2	1072	roadmap_epigenomics	50.4079117356464	1.95992991134624	2438	447	543	803	803	598	1436	2000	2309	roadmap_epigenomics H3K79me2	NA	NA	H3K79me2	NA	NA	E126-H3K79me2.narrowPeak	1.87208331903294e-50	155850
2	1054	roadmap_epigenomics	50.3853597012568	2.00216535884267	3139	448	505	577	577	510	2048	1299	1697	roadmap_epigenomics H3K27ac	NA	NA	H3K27ac	NA	NA	E125-H3K27ac.narrowPeak	1.96387901565111e-50	117634
2	345	roadmap_epigenomics	50.3852741151407	2.08492264541586	3444	449	432	346	449	409	2338	994	1407	roadmap_epigenomics	NA	NA	NA	NA	NA	E032-DNase.hotspot.fdr0.01.peaks.bed	1.96387901565111e-50	114529
2	602	roadmap_epigenomics	50.1681786236897	2.15325283456321	3602	450	370	224	450	348	2497	836	1248	roadmap_epigenomics H3K4me3	NA	NA	H3K4me3	NA	NA	E071-H3K4me3.narrowPeak	3.23064419280095e-50	77102
2	228	roadmap_epigenomics	50.0586267793534	1.9790903365552	3023	451	527	634	634	537	1944	1415	1801	roadmap_epigenomics H2BK5ac	NA	NA	H2BK5ac	NA	NA	E017-H2BK5ac.narrowPeak	4.14879362253126e-50	166186
2	41	roadmap_epigenomics	50.0243448761517	2.6957514437098	4070	452	76	8	452	179	3011	368	734	roadmap_epigenomics H4K8ac	NA	NA	H4K8ac	NA	NA	E003-H4K8ac.narrowPeak	4.48008789066166e-50	371476
2	642	roadmap_epigenomics	49.9333777642351	2.22017316415888	3715	453	314	137	453	301	2615	723	1130	roadmap_epigenomics H3K4me3	NA	NA	H3K4me3	NA	NA	E077-H3K4me3.narrowPeak	5.5123702230827e-50	105842
2	1040	roadmap_epigenomics	49.8847236397096	2.34061478991532	3853	454	220	68	454	247	2763	585	982	roadmap_epigenomics	NA	NA	NA	NA	NA	E124-DNase.macs2.narrowPeak	6.15289012124727e-50	295595
2	737	roadmap_epigenomics	49.8669571905351	1.99339802711805	3130	455	513	580	580	516	2043	1308	1702	roadmap_epigenomics H3K27ac	NA	NA	H3K27ac	NA	NA	E089-H3K27ac.narrowPeak	6.39637890541653e-50	114750
2	755	roadmap_epigenomics	49.8587774349222	2.00109143252259	3171	456	507	558	558	507	2081	1267	1664	roadmap_epigenomics H3K27ac	NA	NA	H3K27ac	NA	NA	E091-H3K27ac.narrowPeak	6.50435775392898e-50	113281
2	732	roadmap_epigenomics	49.8244955141576	2.06830739329897	3421	457	438	367	457	421	2319	1017	1426	roadmap_epigenomics H3K9ac	NA	NA	H3K9ac	NA	NA	E088-H3K9ac.narrowPeak	7.02390654215028e-50	113769
2	835	roadmap_epigenomics	49.8147331858857	1.97378168944504	3008	458	534	642	642	545	1932	1430	1813	roadmap_epigenomics H3K36me3	NA	NA	H3K36me3	NA	NA	E101-H3K36me3.narrowPeak	7.1686161886938e-50	322521
2	290	roadmap_epigenomics	49.7883797727463	2.13575345003613	3580	459	387	242	459	363	2477	858	1268	roadmap_epigenomics H3K4me3	NA	NA	H3K4me3	NA	NA	E023-H3K4me3.narrowPeak	7.60124801144305e-50	116720
2	197	roadmap_epigenomics	49.7233294413665	2.04298907910479	3348	460	471	429	471	453	2249	1090	1496	roadmap_epigenomics H3K27ac	NA	NA	H3K27ac	NA	NA	E014-H3K27ac.narrowPeak	8.81116374816807e-50	149273
2	1044	roadmap_epigenomics	49.7103106208575	1.94947115197482	2731	461	554	746	746	587	1688	1707	2057	roadmap_epigenomics H3K36me3	NA	NA	H3K36me3	NA	NA	E124-H3K36me3.narrowPeak	9.06049657049195e-50	195147
1	865	roadmap_epigenomics	49.6931940638897	2.50002013633823	850	23	9	1079	1079	370	458	2929	3946	roadmap_epigenomics H3K9me3	NA	NA	H3K9me3	NA	NA	E105-H3K9me3.narrowPeak	9.40524961914502e-50	72720
2	703	roadmap_epigenomics	49.6890804364004	2.06421859073476	3415	462	445	370	462	426	2314	1023	1431	roadmap_epigenomics H3K27ac	NA	NA	H3K27ac	NA	NA	E085-H3K27ac.narrowPeak	9.47518235435481e-50	130166
2	444	roadmap_epigenomics	49.5251280589567	1.95649122077964	2884	463	548	703	703	571	1823	1554	1922	roadmap_epigenomics H3K27ac	NA	NA	H3K27ac	NA	NA	E047-H3K27ac.narrowPeak	1.37925772073322e-49	44461
2	1113	ucsc_features	49.5050150481395	2.14234281871698	3601	464	382	226	464	357	2500	837	1245	UCSC Evo CpG islands	NA	NA	NA	NA	NA	evoCpg.bed	1.4416696061076e-49	129241
2	180	roadmap_epigenomics	49.4635388253453	1.94804095823135	2773	465	556	731	731	584	1726	1665	2019	roadmap_epigenomics H3K36me3	NA	NA	H3K36me3	NA	NA	E011-H3K36me3.narrowPeak	1.58289134547313e-49	271169
2	649	roadmap_epigenomics	49.4364765758076	2.15794686905629	3631	466	365	198	466	343	2531	807	1214	roadmap_epigenomics H3K4me3	NA	NA	H3K4me3	NA	NA	E078-H3K4me3.narrowPeak	1.6812191065749e-49	74526
2	347	roadmap_epigenomics	49.3520741847734	1.94916275818484	2818	467	555	722	722	581	1766	1620	1979	roadmap_epigenomics H3K27ac	NA	NA	H3K27ac	NA	NA	E032-H3K27ac.narrowPeak	2.03769644193806e-49	65724
2	88	roadmap_epigenomics	49.2920830283196	2.05229079407791	3397	468	457	381	468	435	2299	1041	1446	roadmap_epigenomics H4K91ac	NA	NA	H4K91ac	NA	NA	E005-H4K91ac.narrowPeak	2.33477605962333e-49	249666
2	283	roadmap_epigenomics	49.2806239301805	2.59962607282059	4035	469	109	14	469	197	2973	403	772	roadmap_epigenomics H3K36me3	NA	NA	H3K36me3	NA	NA	E022-H3K36me3.narrowPeak	2.39232797608012e-49	407402
1	877	roadmap_epigenomics	49.2636659161389	2.15332186931663	1226	24	23	987	987	345	803	2553	3601	roadmap_epigenomics H3K9me3	NA	NA	H3K9me3	NA	NA	E107-H3K9me3.narrowPeak	2.48133636208039e-49	110622
2	435	roadmap_epigenomics	49.2629971631577	2.00892976341278	3245	470	498	500	500	489	2154	1193	1591	roadmap_epigenomics	NA	NA	NA	NA	NA	E046-DNase.hotspot.all.peaks.bed	2.48133636208039e-49	88265
2	344	roadmap_epigenomics	49.2230002645652	1.9924985084166	3172	471	515	557	557	514	2086	1266	1659	roadmap_epigenomics	NA	NA	NA	NA	NA	E032-DNase.hotspot.all.peaks.bed	2.71521540150061e-49	81799
1	884	roadmap_epigenomics	49.1918955839649	2.2090357027729	1133	25	18	1020	1020	354	715	2646	3689	roadmap_epigenomics H3K9me3	NA	NA	H3K9me3	NA	NA	E108-H3K9me3.narrowPeak	2.91093488969568e-49	125491
2	868	roadmap_epigenomics	49.1344204816579	1.95897252043494	2962	472	544	665	665	560	1895	1476	1850	roadmap_epigenomics H3K36me3	NA	NA	H3K36me3	NA	NA	E106-H3K36me3.narrowPeak	3.31614018576963e-49	291154
1	463	roadmap_epigenomics	49.1218904803855	2.11944796099079	1286	26	28	969	969	341	862	2493	3542	roadmap_epigenomics H3K9me3	NA	NA	H3K9me3	NA	NA	E049-H3K9me3.narrowPeak	3.40635517208156e-49	233346
2	620	roadmap_epigenomics	49.0835729281329	1.93979929580196	2695	473	561	752	752	595	1661	1743	2084	roadmap_epigenomics H3K36me3	NA	NA	H3K36me3	NA	NA	E074-H3K36me3.narrowPeak	3.71309685804383e-49	154097
2	353	roadmap_epigenomics	49.016031570944	2.00785125873607	3255	474	500	485	500	486	2165	1183	1580	roadmap_epigenomics	NA	NA	NA	NA	NA	E033-DNase.hotspot.all.peaks.bed	4.32920525203438e-49	89092
2	373	roadmap_epigenomics	48.947116948425	2.03919425466976	3372	475	474	409	475	453	2277	1066	1468	roadmap_epigenomics H3K4me3	NA	NA	H3K4me3	NA	NA	E035-H3K4me3.narrowPeak	5.06354970686071e-49	47602
2	215	roadmap_epigenomics	48.9375023028862	2.10278048664035	3539	476	412	277	476	388	2441	899	1304	roadmap_epigenomics H3K4me3	NA	NA	H3K4me3	NA	NA	E016-H3K4me3.narrowPeak	5.16658682197991e-49	59426
2	999	roadmap_epigenomics	48.8160306881822	1.95073015580659	2925	477	552	686	686	572	1864	1513	1881	roadmap_epigenomics H3K9ac	NA	NA	H3K9ac	NA	NA	E120-H3K9ac.narrowPeak	6.8204193631217e-49	64681
2	831	roadmap_epigenomics	48.8072312775105	2.02836679811422	3343	478	487	432	487	466	2250	1095	1495	roadmap_epigenomics H3K4me3	NA	NA	H3K4me3	NA	NA	E100-H3K4me3.narrowPeak	6.94621046493975e-49	39238
2	694	roadmap_epigenomics	48.7377325111818	2.03063852730607	3354	479	486	425	486	463	2261	1084	1484	roadmap_epigenomics H3K27ac	NA	NA	H3K27ac	NA	NA	E084-H3K27ac.narrowPeak	8.1355302198227e-49	121559
2	498	roadmap_epigenomics	48.6828542836919	2.02512208242627	3338	480	488	437	488	468	2246	1100	1499	roadmap_epigenomics	NA	NA	NA	NA	NA	E055-DNase.hotspot.all.peaks.bed	9.21308231448838e-49	120443
2	335	roadmap_epigenomics	48.5946049733881	1.9317260836657	2607	481	568	772	772	607	1589	1831	2156	roadmap_epigenomics H3K36me3	NA	NA	H3K36me3	NA	NA	E030-H3K36me3.narrowPeak	1.12667023024776e-48	180397
2	857	roadmap_epigenomics	48.5839860565146	2.04736949497009	3413	482	466	371	482	440	2319	1025	1426	roadmap_epigenomics H3K4me1	NA	NA	H3K4me1	NA	NA	E104-H3K4me1.narrowPeak	1.15228519815076e-48	271842
2	773	roadmap_epigenomics	48.5704627975176	1.98130534248421	3161	483	525	564	564	524	2080	1277	1665	roadmap_epigenomics H3K27ac	NA	NA	H3K27ac	NA	NA	E093-H3K27ac.narrowPeak	1.18639462945774e-48	114812
2	31	roadmap_epigenomics	48.5417298815458	2.05021576960991	3423	484	459	365	484	436	2329	1015	1416	roadmap_epigenomics H3K4me1	NA	NA	H3K4me1	NA	NA	E003-H3K4me1.narrowPeak	1.26505583545264e-48	223118
2	849	roadmap_epigenomics	48.4042006106007	1.94774770834423	2950	485	557	673	673	572	1889	1488	1856	roadmap_epigenomics H3K36me3	NA	NA	H3K36me3	NA	NA	E103-H3K36me3.narrowPeak	1.73295881368725e-48	225315
2	785	roadmap_epigenomics	48.3649483810884	2.1891871510618	3708	486	337	143	486	322	2617	730	1128	roadmap_epigenomics H3K4me1	NA	NA	H3K4me1	NA	NA	E094-H3K4me1.narrowPeak	1.8931778292479e-48	238260
2	391	roadmap_epigenomics	48.3453422457572	1.98838707170551	3211	487	517	524	524	509	2128	1227	1617	roadmap_epigenomics H3K9ac	NA	NA	H3K9ac	NA	NA	E038-H3K9ac.narrowPeak	1.97674268820743e-48	68708
2	567	roadmap_epigenomics	48.2679127157772	1.94204166162068	2912	488	560	692	692	580	1856	1526	1889	roadmap_epigenomics H3K36me3	NA	NA	H3K36me3	NA	NA	E066-H3K36me3.narrowPeak	2.35794633761414e-48	303329
2	436	roadmap_epigenomics	48.261979419112	2.03242507269084	3382	489	484	398	489	457	2291	1056	1454	roadmap_epigenomics	NA	NA	NA	NA	NA	E046-DNase.hotspot.fdr0.01.peaks.bed	2.38573995410742e-48	109868
2	524	roadmap_epigenomics	48.2420529541303	2.04441915297015	3419	490	469	369	490	443	2327	1019	1418	roadmap_epigenomics H3K27ac	NA	NA	H3K27ac	NA	NA	E058-H3K27ac.narrowPeak	2.49291284968305e-48	155109
2	549	roadmap_epigenomics	48.203010821553	2.00179369609871	3277	491	506	476	506	491	2191	1161	1554	roadmap_epigenomics H3K4me3	NA	NA	H3K4me3	NA	NA	E062-H3K4me3.narrowPeak	2.72212702546461e-48	34361
2	80	roadmap_epigenomics	48.1800385054072	2.01935158918331	3343	492	491	432	492	472	2254	1095	1491	roadmap_epigenomics H3K4me2	NA	NA	H3K4me2	NA	NA	E005-H3K4me2.narrowPeak	2.86445158880299e-48	62053
2	213	roadmap_epigenomics	48.0755552013424	1.92930101563224	2773	493	571	731	731	598	1735	1665	2010	roadmap_epigenomics H3K36me3	NA	NA	H3K36me3	NA	NA	E016-H3K36me3.narrowPeak	3.63653015111365e-48	237501
2	419	roadmap_epigenomics	48.0210345922715	1.9250067226095	2680	494	575	754	754	608	1655	1758	2090	roadmap_epigenomics H3K36me3	NA	NA	H3K36me3	NA	NA	E043-H3K36me3.narrowPeak	4.11501872737566e-48	194645
2	559	roadmap_epigenomics	47.8930395932389	1.93342512582112	2872	495	567	707	707	590	1823	1566	1922	roadmap_epigenomics H3K27ac	NA	NA	H3K27ac	NA	NA	E065-H3K27ac.narrowPeak	5.5148338851225e-48	141729
2	869	roadmap_epigenomics	47.8596761914752	1.9979306858031	3281	496	508	467	508	490	2197	1157	1548	roadmap_epigenomics H3K4me1	NA	NA	H3K4me1	NA	NA	E106-H3K4me1.narrowPeak	5.94378453213225e-48	133631
2	800	roadmap_epigenomics	47.8505770178636	1.97891713515225	3199	497	528	536	536	520	2120	1239	1625	roadmap_epigenomics	NA	NA	NA	NA	NA	E097-DNase.hotspot.all.peaks.bed	6.05802477633969e-48	99584
2	264	roadmap_epigenomics	47.6637799308611	1.92322296789559	2763	498	576	735	735	603	1729	1675	2016	roadmap_epigenomics H3K36me3	NA	NA	H3K36me3	NA	NA	E020-H3K36me3.narrowPeak	9.29605177916483e-48	225893
2	887	roadmap_epigenomics	47.5745435523578	2.36298741355089	3910	499	211	49	499	253	2839	528	906	roadmap_epigenomics	NA	NA	NA	NA	NA	E109-DNase.macs2.narrowPeak	1.13948049656255e-47	334231
1	316	roadmap_epigenomics	47.4924872413174	1.94017435048748	1823	27	68	731	731	275	1429	1956	2975	roadmap_epigenomics H3K9me3	NA	NA	H3K9me3	NA	NA	E027-H3K9me3.narrowPeak	1.37384192821329e-47	366285
2	782	roadmap_epigenomics	47.452510339797	1.97210741719906	3193	500	535	542	542	526	2117	1245	1628	roadmap_epigenomics H3K27ac	NA	NA	H3K27ac	NA	NA	E094-H3K27ac.narrowPeak	1.50344933360802e-47	98193
2	1016	roadmap_epigenomics	47.3930863274707	1.93465381978185	2956	501	566	667	667	578	1901	1482	1844	roadmap_epigenomics H3K27ac	NA	NA	H3K27ac	NA	NA	E122-H3K27ac.narrowPeak	1.72063796802714e-47	71491
2	90	roadmap_epigenomics	47.3614933427433	2.06391828640626	3505	502	446	308	502	419	2417	933	1328	roadmap_epigenomics	NA	NA	NA	NA	NA	E006-DNase.hotspot.fdr0.01.peaks.bed	1.84697380973597e-47	174991
2	759	roadmap_epigenomics	47.2681625191226	1.97014454262781	3196	503	536	539	539	526	2121	1242	1624	roadmap_epigenomics H3K4me3	NA	NA	H3K4me3	NA	NA	E091-H3K4me3.narrowPeak	2.28544809901234e-47	33481
2	583	roadmap_epigenomics	47.210582659488	2.10264235572729	3594	504	413	231	504	383	2507	844	1238	roadmap_epigenomics H3K4me3	NA	NA	H3K4me3	NA	NA	E068-H3K4me3.narrowPeak	2.60454923404071e-47	89967
2	276	roadmap_epigenomics	47.1131199004041	1.98656309539337	3278	505	520	475	520	500	2199	1160	1546	roadmap_epigenomics H3K4me3	NA	NA	H3K4me3	NA	NA	E021-H3K4me3.narrowPeak	3.25370533360313e-47	38867
2	926	roadmap_epigenomics	47.106396036201	2.04803466534333	3475	506	464	328	506	433	2389	963	1356	roadmap_epigenomics H3K4me3	NA	NA	H3K4me3	NA	NA	E114-H3K4me3.narrowPeak	3.29827229440063e-47	76182
2	61	roadmap_epigenomics	47.1046201850619	2.01937702904693	3394	507	490	387	507	461	2310	1044	1435	roadmap_epigenomics H3K9ac	NA	NA	H3K9ac	NA	NA	E004-H3K9ac.narrowPeak	3.3055848532637e-47	93600
1	1005	roadmap_epigenomics	47.0490733943014	2.03804032962773	1390	28	45	917	917	330	978	2389	3426	roadmap_epigenomics H3K27me3	NA	NA	H3K27me3	NA	NA	E121-H3K27me3.narrowPeak	3.74957958196528e-47	349372
1	650	roadmap_epigenomics	46.9067545768281	2.12253020780004	1199	29	27	998	998	351	791	2580	3613	roadmap_epigenomics H3K9me3	NA	NA	H3K9me3	NA	NA	E078-H3K9me3.narrowPeak	5.19386174988353e-47	134778
2	1086	roadmap_epigenomics	46.8734621666996	1.93569070602492	2130	508	564	848	848	640	1209	2308	2536	roadmap_epigenomics H3K9me1	NA	NA	H3K9me1	NA	NA	E127-H3K9me1.narrowPeak	5.59723188592544e-47	49792
2	83	roadmap_epigenomics	46.8536490333683	1.9861362127991	3291	509	522	458	522	496	2213	1147	1532	roadmap_epigenomics H3K79me2	NA	NA	H3K79me2	NA	NA	E005-H3K79me2.narrowPeak	5.84761057593644e-47	154809
1	906	roadmap_epigenomics	46.7988231265073	2.39223400789351	871	30	12	1074	1074	372	490	2908	3914	roadmap_epigenomics H3K9me3	NA	NA	H3K9me3	NA	NA	E111-H3K9me3.narrowPeak	6.6221324096957e-47	69918
2	289	roadmap_epigenomics	46.7542808407483	2.21032349064459	3773	510	322	100	510	311	2695	665	1050	roadmap_epigenomics H3K4me1	NA	NA	H3K4me1	NA	NA	E023-H3K4me1.narrowPeak	7.32377766199649e-47	307369
1	1012	roadmap_epigenomics	46.616870291315	2.02194607212721	1414	31	47	910	910	329	1005	2365	3399	roadmap_epigenomics H3K9me3	NA	NA	H3K9me3	NA	NA	E121-H3K9me3.narrowPeak	1.00309529993749e-46	138498
2	797	roadmap_epigenomics	46.6159255837364	2.23577121613586	3806	511	299	91	511	300	2731	632	1014	roadmap_epigenomics H3K4me1	NA	NA	H3K4me1	NA	NA	E096-H3K4me1.narrowPeak	1.00342491802814e-46	317595
2	807	roadmap_epigenomics	46.5712536966248	1.98133731790475	3288	512	524	461	524	499	2212	1150	1533	roadmap_epigenomics H3K4me3	NA	NA	H3K4me3	NA	NA	E097-H3K4me3.narrowPeak	1.11008497805294e-46	41526
2	754	roadmap_epigenomics	46.5528205992006	2.62585200319451	4075	513	98	6	513	206	3035	363	710	roadmap_epigenomics	NA	NA	NA	NA	NA	E091-DNase.macs2.narrowPeak	1.15608629558395e-46	494002
2	919	roadmap_epigenomics	46.4747740117124	2.42670539837229	3972	514	176	24	514	238	2915	466	830	roadmap_epigenomics	NA	NA	NA	NA	NA	E114-DNase.macs2.narrowPeak	1.3811448804347e-46	371330
1	585	roadmap_epigenomics	46.4660970289701	2.0602647060393	1309	32	37	954	954	341	901	2470	3503	roadmap_epigenomics H3K9me3	NA	NA	H3K9me3	NA	NA	E068-H3K9me3.narrowPeak	1.40643634298386e-46	193456
2	115	roadmap_epigenomics	46.370770818151	1.90191680311589	2651	515	588	761	761	621	1641	1787	2104	roadmap_epigenomics H2AK5ac	NA	NA	H2AK5ac	NA	NA	E007-H2AK5ac.narrowPeak	1.7484435183536e-46	115306
1	889	roadmap_epigenomics	46.2977401166339	1.96710224637112	1583	33	59	841	841	311	1181	2196	3223	roadmap_epigenomics H3K27me3	NA	NA	H3K27me3	NA	NA	E109-H3K27me3.narrowPeak	2.06485270423949e-46	201231
2	608	roadmap_epigenomics	46.2174917100179	2.06500031565804	3548	516	441	268	516	408	2467	890	1278	roadmap_epigenomics H3K4me3	NA	NA	H3K4me3	NA	NA	E072-H3K4me3.narrowPeak	2.47939486524217e-46	82143
2	354	roadmap_epigenomics	46.1598086855002	2.00645914330282	3397	517	501	381	517	466	2319	1041	1426	roadmap_epigenomics	NA	NA	NA	NA	NA	E033-DNase.hotspot.fdr0.01.peaks.bed	2.82643092959261e-46	108321
1	558	roadmap_epigenomics	46.1206152607302	2.02416207450027	1384	34	46	921	921	334	978	2395	3426	roadmap_epigenomics H3K9me3	NA	NA	H3K9me3	NA	NA	E063-H3K9me3.narrowPeak	3.08775541735244e-46	232267
2	1022	roadmap_epigenomics	46.0839085467355	1.90055558762502	2424	518	589	806	806	638	1452	2014	2293	roadmap_epigenomics H3K79me2	NA	NA	H3K79me2	NA	NA	E122-H3K79me2.narrowPeak	3.35399281148811e-46	181682
2	1084	roadmap_epigenomics	46.0317718381845	1.89676689185842	2612	519	593	770	770	627	1610	1826	2135	roadmap_epigenomics H3K79me2	NA	NA	H3K79me2	NA	NA	E127-H3K79me2.narrowPeak	3.77496372278074e-46	203560
2	475	roadmap_epigenomics	45.9306412855593	2.39315473604495	3957	520	193	31	520	248	2901	481	844	roadmap_epigenomics	NA	NA	NA	NA	NA	E051-DNase.macs2.narrowPeak	4.75618459185085e-46	314537
2	175	roadmap_epigenomics	45.8181990878163	2.09301327058071	3618	521	425	203	521	383	2540	820	1205	roadmap_epigenomics H3K4me1	NA	NA	H3K4me1	NA	NA	E010-H3K4me1.narrowPeak	6.15060279116502e-46	266556
1	303	roadmap_epigenomics	45.7895589497477	2.06901669215029	1262	35	36	974	974	348	859	2517	3545	roadmap_epigenomics H3K9me3	NA	NA	H3K9me3	NA	NA	E025-H3K9me3.narrowPeak	6.55806943575253e-46	216512
2	822	roadmap_epigenomics	45.7715993993819	1.95850807209769	3240	522	545	503	545	523	2172	1198	1573	roadmap_epigenomics H3K4me3	NA	NA	H3K4me3	NA	NA	E099-H3K4me3.narrowPeak	6.82268243598631e-46	38242
2	784	roadmap_epigenomics	45.7147569007354	1.96733137045722	3281	523	538	467	538	509	2211	1157	1534	roadmap_epigenomics H3K36me3	NA	NA	H3K36me3	NA	NA	E094-H3K36me3.narrowPeak	7.76280455915128e-46	243020
1	217	roadmap_epigenomics	45.6288424665408	1.97317171728969	1518	36	57	860	860	318	1118	2261	3286	roadmap_epigenomics H3K9me3	NA	NA	H3K9me3	NA	NA	E016-H3K9me3.narrowPeak	9.44398910744523e-46	236873
2	386	roadmap_epigenomics	45.4726989733796	1.90818582156701	2954	524	584	671	671	593	1912	1484	1833	roadmap_epigenomics H3K27ac	NA	NA	H3K27ac	NA	NA	E038-H3K27ac.narrowPeak	1.35058757971422e-45	50328
2	570	roadmap_epigenomics	45.4604790949014	1.9842827773511	3358	525	523	421	525	490	2286	1080	1459	roadmap_epigenomics H3K9ac	NA	NA	H3K9ac	NA	NA	E066-H3K9ac.narrowPeak	1.38665300060067e-45	109594
2	984	roadmap_epigenomics	45.4428853666758	2.10571801242909	3652	526	410	181	526	372	2577	786	1168	roadmap_epigenomics H3K4me2	NA	NA	H3K4me2	NA	NA	E119-H3K4me2.narrowPeak	1.44141178880258e-45	119229
1	523	roadmap_epigenomics	45.3524925985399	1.9765373684853	1490	37	55	873	873	322	1091	2289	3313	roadmap_epigenomics H3K9me3	NA	NA	H3K9me3	NA	NA	E057-H3K9me3.narrowPeak	1.77177577146354e-45	247543
2	194	roadmap_epigenomics	45.3133634123842	2.03430337973875	3509	527	481	305	527	438	2434	929	1311	roadmap_epigenomics H3K4me1	NA	NA	H3K4me1	NA	NA	E013-H3K4me1.narrowPeak	1.93538439742931e-45	275053
2	91	roadmap_epigenomics	45.2610627192993	2.19792245219865	3790	528	333	96	528	319	2722	648	1023	roadmap_epigenomics	NA	NA	NA	NA	NA	E006-DNase.macs2.narrowPeak	2.17920749947675e-45	343835
2	4	roadmap_epigenomics	45.1154576209076	2.05418720979644	3562	529	454	261	529	415	2488	876	1257	roadmap_epigenomics H3K4me3	NA	NA	H3K4me3	NA	NA	E001-H3K4me3.narrowPeak	3.04183533030024e-45	92429
2	842	roadmap_epigenomics	45.0631148108148	1.89622246890482	2888	530	595	702	702	609	1856	1550	1889	roadmap_epigenomics H3K36me3	NA	NA	H3K36me3	NA	NA	E102-H3K36me3.narrowPeak	3.42540464424687e-45	305308
2	1010	roadmap_epigenomics	45.0301660181127	1.88288303683494	2590	531	602	778	778	637	1598	1848	2147	roadmap_epigenomics H3K79me2	NA	NA	H3K79me2	NA	NA	E121-H3K79me2.narrowPeak	3.68888739256393e-45	258600
2	148	roadmap_epigenomics	45.0044469672091	2.07526719861951	3609	532	434	217	532	394	2536	829	1209	roadmap_epigenomics H3K23me2	NA	NA	H3K23me2	NA	NA	E008-H3K23me2.narrowPeak	3.90706393738438e-45	123622
1	244	roadmap_epigenomics	44.8775448588102	1.92068511654669	1700	38	72	795	795	302	1315	2079	3089	roadmap_epigenomics H3K9me3	NA	NA	H3K9me3	NA	NA	E017-H3K9me3.narrowPeak	5.22384205558281e-45	418568
2	431	roadmap_epigenomics	44.8357874470495	1.88021340213248	2592	533	605	777	777	638	1601	1846	2144	roadmap_epigenomics H3K36me3	NA	NA	H3K36me3	NA	NA	E045-H3K36me3.narrowPeak	5.74098215104713e-45	196705
2	590	roadmap_epigenomics	44.8252710431352	2.03298335269819	3524	534	482	296	534	437	2452	914	1293	roadmap_epigenomics H3K4me3	NA	NA	H3K4me3	NA	NA	E069-H3K4me3.narrowPeak	5.87141367482839e-45	79806
1	603	roadmap_epigenomics	44.8093228752459	2.0857645552763	1191	39	34	1002	1002	358	796	2588	3608	roadmap_epigenomics H3K9me3	NA	NA	H3K9me3	NA	NA	E071-H3K9me3.narrowPeak	6.08040146130077e-45	136353
1	578	roadmap_epigenomics	44.7861132046088	2.13630120532501	1104	40	26	1022	1022	363	713	2675	3691	roadmap_epigenomics H3K9me3	NA	NA	H3K9me3	NA	NA	E067-H3K9me3.narrowPeak	6.40301700061695e-45	97767
2	37	roadmap_epigenomics	44.7742634676915	1.99709451334985	3431	535	510	358	535	468	2361	1007	1384	roadmap_epigenomics H3K9ac	NA	NA	H3K9ac	NA	NA	E003-H3K9ac.narrowPeak	6.56868505571726e-45	90295
2	507	roadmap_epigenomics	44.709778855893	1.95144969513801	3275	536	551	477	551	521	2212	1163	1533	roadmap_epigenomics	NA	NA	NA	NA	NA	E056-DNase.hotspot.all.peaks.bed	7.60691235782206e-45	117994
2	830	roadmap_epigenomics	44.6316359665794	1.92629880769566	3161	537	574	564	574	558	2106	1277	1639	roadmap_epigenomics H3K4me1	NA	NA	H3K4me1	NA	NA	E100-H3K4me1.narrowPeak	9.09071352710321e-45	196301
2	1066	roadmap_epigenomics	44.5843322447125	1.88583388731825	2839	538	599	715	715	617	1816	1599	1929	roadmap_epigenomics H3K27ac	NA	NA	H3K27ac	NA	NA	E126-H3K27ac.narrowPeak	1.01192813003898e-44	91265
2	1082	roadmap_epigenomics	44.5600980957626	2.12212931951151	3703	539	396	145	539	360	2635	735	1110	roadmap_epigenomics H3K4me2	NA	NA	H3K4me2	NA	NA	E127-H3K4me2.narrowPeak	1.06815208470405e-44	129570
1	624	roadmap_epigenomics	44.5288634490177	2.04682340967705	1259	41	42	978	978	354	864	2520	3540	roadmap_epigenomics H3K9me3	NA	NA	H3K9me3	NA	NA	E074-H3K9me3.narrowPeak	1.14582504153555e-44	150390
2	57	roadmap_epigenomics	44.491909593092	1.93533077749006	3217	540	565	520	565	542	2159	1221	1586	roadmap_epigenomics H3K4me2	NA	NA	H3K4me2	NA	NA	E004-H3K4me2.narrowPeak	1.24544348867751e-44	59056
2	658	roadmap_epigenomics	44.167790833175	2.12532485746402	3718	541	393	134	541	356	2653	720	1092	roadmap_epigenomics	NA	NA	NA	NA	NA	E080-DNase.hotspot.fdr0.01.peaks.bed	2.62238187232873e-44	215699
1	472	roadmap_epigenomics	43.9222197682461	1.93830177959889	1546	42	69	853	853	321	1159	2233	3245	roadmap_epigenomics H3K9me3	NA	NA	H3K9me3	NA	NA	E050-H3K9me3.narrowPeak	4.60809505351606e-44	253527
2	770	roadmap_epigenomics	43.8694800681018	1.92708970132253	3220	542	573	517	573	544	2166	1218	1579	roadmap_epigenomics	NA	NA	NA	NA	NA	E093-DNase.hotspot.all.peaks.bed	5.19417809885695e-44	86221
2	211	roadmap_epigenomics	43.8518141686572	1.89839576143252	3056	543	591	618	618	584	2015	1382	1730	roadmap_epigenomics H3K27ac	NA	NA	H3K27ac	NA	NA	E016-H3K27ac.narrowPeak	5.40057146222721e-44	111185
2	992	roadmap_epigenomics	43.6081992627787	1.87772458238248	2905	544	607	695	695	615	1881	1533	1864	roadmap_epigenomics H3K27ac	NA	NA	H3K27ac	NA	NA	E120-H3K27ac.narrowPeak	9.4474123883511e-44	89677
2	858	roadmap_epigenomics	43.5569661509178	1.9606623452229	3373	545	542	407	545	498	2313	1065	1432	roadmap_epigenomics H3K4me3	NA	NA	H3K4me3	NA	NA	E104-H3K4me3.narrowPeak	1.06122017974095e-43	42254
2	229	roadmap_epigenomics	43.5462268365488	1.88175705861597	2955	546	603	670	670	606	1926	1483	1819	roadmap_epigenomics H3K14ac	NA	NA	H3K14ac	NA	NA	E017-H3K14ac.narrowPeak	1.08593939708898e-43	195264
2	576	roadmap_epigenomics	43.5432018825207	1.99475532089524	3477	547	512	326	547	462	2414	961	1331	roadmap_epigenomics H3K4me3	NA	NA	H3K4me3	NA	NA	E067-H3K4me3.narrowPeak	1.09167301368883e-43	70953
1	867	roadmap_epigenomics	43.4829320515003	1.89569334233138	1723	43	77	785	785	302	1350	2056	3054	roadmap_epigenomics H3K27me3	NA	NA	H3K27me3	NA	NA	E106-H3K27me3.narrowPeak	1.25206157863906e-43	171804
1	12	roadmap_epigenomics	43.4533275560464	1.86737618828303	1968	44	81	654	654	260	1620	1811	2784	roadmap_epigenomics H3K9me3	NA	NA	H3K9me3	NA	NA	E002-H3K9me3.narrowPeak	1.33811893126164e-43	304858
2	1004	roadmap_epigenomics	43.2612198400514	1.90306046672572	3139	548	586	577	586	570	2095	1299	1650	roadmap_epigenomics H3K27ac	NA	NA	H3K27ac	NA	NA	E121-H3K27ac.narrowPeak	2.07906565968621e-43	117985
2	897	roadmap_epigenomics	43.1894817700966	1.93045789967572	3279	549	570	472	570	530	2226	1159	1519	roadmap_epigenomics H3K4me3	NA	NA	H3K4me3	NA	NA	E110-H3K4me3.narrowPeak	2.44834879736028e-43	51758
2	722	roadmap_epigenomics	43.0901426315521	1.91091214678368	3195	550	582	540	582	557	2148	1243	1597	roadmap_epigenomics H3K4me3	NA	NA	H3K4me3	NA	NA	E087-H3K4me3.narrowPeak	3.07242065009446e-43	35931
2	772	roadmap_epigenomics	43.0474348852592	2.34049213701413	3962	551	221	30	551	267	2923	476	822	roadmap_epigenomics	NA	NA	NA	NA	NA	E093-DNase.macs2.narrowPeak	3.38421464825251e-43	407437
2	257	roadmap_epigenomics	43.0166321434294	1.85513693256209	2536	552	618	789	789	653	1566	1902	2179	roadmap_epigenomics H3K36me3	NA	NA	H3K36me3	NA	NA	E019-H3K36me3.narrowPeak	3.6268646516165e-43	162030
2	655	roadmap_epigenomics	43.0004756295004	1.97962015853141	3458	553	526	338	553	472	2399	980	1346	roadmap_epigenomics H3K4me3	NA	NA	H3K4me3	NA	NA	E079-H3K4me3.narrowPeak	3.75802609382825e-43	56303
1	592	roadmap_epigenomics	42.9639237507786	2.05834082779715	1174	45	38	1010	1010	364	791	2605	3613	roadmap_epigenomics H3K9me3	NA	NA	H3K9me3	NA	NA	E069-H3K9me3.narrowPeak	4.08117123660841e-43	114493
2	266	roadmap_epigenomics	42.9482011475541	2.03146903694787	3587	554	485	239	554	426	2527	851	1218	roadmap_epigenomics H3K4me3	NA	NA	H3K4me3	NA	NA	E020-H3K4me3.narrowPeak	4.22456291192605e-43	88728
2	260	roadmap_epigenomics	42.8978267960397	1.94688069242162	3359	555	558	418	558	510	2304	1079	1441	roadmap_epigenomics H3K9ac	NA	NA	H3K9ac	NA	NA	E019-H3K9ac.narrowPeak	4.73621823442845e-43	72277
2	151	roadmap_epigenomics	42.7335016694953	1.9165716799102	3247	556	581	495	581	544	2199	1191	1546	roadmap_epigenomics H3K36me3	NA	NA	H3K36me3	NA	NA	E008-H3K36me3.narrowPeak	6.90293224165717e-43	287294
1	310	roadmap_epigenomics	42.4162060929835	2.05643238022387	1157	46	40	1015	1015	367	778	2622	3626	roadmap_epigenomics H3K9me3	NA	NA	H3K9me3	NA	NA	E026-H3K9me3.narrowPeak	1.43089302830305e-42	170622
2	67	roadmap_epigenomics	42.3836794184386	2.10878346117754	3739	557	405	119	557	360	2686	699	1059	roadmap_epigenomics H2A.Z	NA	NA	H2A.Z	NA	NA	E005-H2A.Z.narrowPeak	1.53961814700028e-42	202104
2	715	roadmap_epigenomics	42.2477199365611	1.89829497484491	3192	558	592	543	592	564	2151	1246	1594	roadmap_epigenomics H3K4me3	NA	NA	H3K4me3	NA	NA	E086-H3K4me3.narrowPeak	2.10209760179552e-42	45257
2	322	roadmap_epigenomics	42.2448695320133	2.10842662711656	3742	559	407	117	559	361	2690	696	1055	roadmap_epigenomics H3K4me1	NA	NA	H3K4me1	NA	NA	E028-H3K4me1.narrowPeak	2.11244225111524e-42	354089
1	261	roadmap_epigenomics	42.1906664073919	1.99884478037248	1269	47	50	972	972	356	889	2510	3515	roadmap_epigenomics H3K9me3	NA	NA	H3K9me3	NA	NA	E019-H3K9me3.narrowPeak	2.38930020504806e-42	217812
2	974	roadmap_epigenomics	42.156781889958	1.86081600404303	2181	560	616	843	843	673	1280	2257	2465	roadmap_epigenomics H3K79me2	NA	NA	H3K79me2	NA	NA	E118-H3K79me2.narrowPeak	2.57892772368916e-42	97080
2	545	roadmap_epigenomics	42.1116038435132	1.84604719212988	2737	561	624	744	744	643	1744	1701	2001	roadmap_epigenomics H3K27ac	NA	NA	H3K27ac	NA	NA	E062-H3K27ac.narrowPeak	2.85694795647443e-42	51862
2	403	roadmap_epigenomics	41.9181575693184	1.89168283631022	3182	562	596	549	596	569	2144	1256	1601	roadmap_epigenomics H3K4me3	NA	NA	H3K4me3	NA	NA	E040-H3K4me3.narrowPeak	4.45281744014151e-42	63472
1	846	roadmap_epigenomics	41.7163754110715	2.11405588676333	1038	48	30	1038	1038	372	669	2741	3735	roadmap_epigenomics H3K9me3	NA	NA	H3K9me3	NA	NA	E102-H3K9me3.narrowPeak	7.07464261593195e-42	148364
1	338	roadmap_epigenomics	41.5675660928135	1.97296105038179	1305	49	58	958	958	355	929	2474	3475	roadmap_epigenomics H3K9me3	NA	NA	H3K9me3	NA	NA	E030-H3K9me3.narrowPeak	9.94952732005083e-42	242870
1	443	roadmap_epigenomics	41.4207914409743	1.97492519789124	1293	50	56	965	965	357	918	2486	3486	roadmap_epigenomics H3K9me3	NA	NA	H3K9me3	NA	NA	E046-H3K9me3.narrowPeak	1.39272986602273e-41	220089
2	183	roadmap_epigenomics	41.3696248666336	1.87861579601328	3153	563	606	572	606	580	2121	1285	1624	roadmap_epigenomics H3K9ac	NA	NA	H3K9ac	NA	NA	E011-H3K9ac.narrowPeak	1.56431572421342e-41	58328
2	294	roadmap_epigenomics	41.3615309506032	1.86241193082842	3048	564	615	623	623	601	2025	1390	1720	roadmap_epigenomics H3K36me3	NA	NA	H3K36me3	NA	NA	E024-H3K36me3.narrowPeak	1.5911474611597e-41	291581
1	566	roadmap_epigenomics	41.2501913808533	2.16941341933058	951	51	20	1062	1062	378	591	2828	3813	roadmap_epigenomics H3K27me3	NA	NA	H3K27me3	NA	NA	E066-H3K27me3.narrowPeak	2.05278400600807e-41	107945
2	35	roadmap_epigenomics	41.0953751862522	1.82832413678991	2590	565	632	778	778	658	1625	1848	2120	roadmap_epigenomics H3K79me1	NA	NA	H3K79me1	NA	NA	E003-H3K79me1.narrowPeak	2.92720982058569e-41	133190
2	326	roadmap_epigenomics	41.0552312431485	1.91676650301302	3349	566	580	428	580	525	2307	1089	1438	roadmap_epigenomics	NA	NA	NA	NA	NA	E029-DNase.hotspot.fdr0.01.peaks.bed	3.20548201657568e-41	127216
2	230	roadmap_epigenomics	40.9949980049982	1.85146444685514	3002	567	620	643	643	610	1986	1436	1759	roadmap_epigenomics H3K18ac	NA	NA	H3K18ac	NA	NA	E017-H3K18ac.narrowPeak	3.67640435457064e-41	266971
1	196	roadmap_epigenomics	40.9670562993432	1.86374703544517	1684	52	82	800	800	311	1327	2095	3077	roadmap_epigenomics H3K9me3	NA	NA	H3K9me3	NA	NA	E013-H3K9me3.narrowPeak	3.91437837558893e-41	223866
2	89	roadmap_epigenomics	40.8796032776107	1.86629448363345	3121	568	613	590	613	590	2095	1317	1650	roadmap_epigenomics	NA	NA	NA	NA	NA	E006-DNase.hotspot.all.peaks.bed	4.77985568907841e-41	102198
2	982	roadmap_epigenomics	40.7896361487854	1.82433396304041	2501	569	635	793	793	666	1552	1937	2193	roadmap_epigenomics H3K36me3	NA	NA	H3K36me3	NA	NA	E119-H3K36me3.narrowPeak	5.86774125774316e-41	199445
2	1078	roadmap_epigenomics	40.7891484121676	1.87276294068293	3167	570	610	561	610	580	2138	1271	1607	roadmap_epigenomics H3K27ac	NA	NA	H3K27ac	NA	NA	E127-H3K27ac.narrowPeak	5.86774125774316e-41	94902
2	1002	roadmap_epigenomics	40.779903100336	2.31352366026799	3977	571	239	23	571	278	2953	461	792	roadmap_epigenomics	NA	NA	NA	NA	NA	E121-DNase.macs2.narrowPeak	5.98437231224125e-41	476154
2	137	roadmap_epigenomics	40.7602193403302	2.12163999220314	3796	572	397	92	572	354	2756	642	989	roadmap_epigenomics	NA	NA	NA	NA	NA	E008-DNase.macs2.narrowPeak	6.25181073552942e-41	244359
2	325	roadmap_epigenomics	40.6028592680155	1.86850615660121	3158	573	611	569	611	584	2131	1280	1614	roadmap_epigenomics	NA	NA	NA	NA	NA	E029-DNase.hotspot.all.peaks.bed	8.96748102861037e-41	102960
1	268	roadmap_epigenomics	40.4422538729731	1.89377495537029	1497	53	78	868	868	333	1133	2282	3271	roadmap_epigenomics H3K9me3	NA	NA	H3K9me3	NA	NA	E020-H3K9me3.narrowPeak	1.29593000628e-40	201977
2	71	roadmap_epigenomics	40.410586139892	1.90982874683744	3359	574	583	418	583	525	2321	1079	1424	roadmap_epigenomics H2BK5ac	NA	NA	H2BK5ac	NA	NA	E005-H2BK5ac.narrowPeak	1.39173346816614e-40	228979
2	818	roadmap_epigenomics	40.3411121815985	1.82231904623928	2756	575	636	740	740	650	1773	1682	1972	roadmap_epigenomics H3K27ac	NA	NA	H3K27ac	NA	NA	E099-H3K27ac.narrowPeak	1.63056428894019e-40	75578
2	891	roadmap_epigenomics	40.3249209452813	1.93888696484218	3459	576	563	335	576	491	2418	979	1327	roadmap_epigenomics H3K4me1	NA	NA	H3K4me1	NA	NA	E109-H3K4me1.narrowPeak	1.68981111022675e-40	214385
1	254	roadmap_epigenomics	40.2431183456842	1.95526393935519	1288	54	62	967	967	361	921	2491	3483	roadmap_epigenomics H3K9me3	NA	NA	H3K9me3	NA	NA	E018-H3K9me3.narrowPeak	2.03681158634104e-40	188469
2	131	roadmap_epigenomics	40.1113479816769	2.35687524165571	4015	577	213	19	577	270	3000	423	745	roadmap_epigenomics H3K9ac	NA	NA	H3K9ac	NA	NA	E007-H3K9ac.narrowPeak	2.7544342566057e-40	313345
2	466	roadmap_epigenomics	40.1058460072064	2.24298310859657	3934	578	294	38	578	303	2909	504	836	roadmap_epigenomics	NA	NA	NA	NA	NA	E050-DNase.macs2.narrowPeak	2.78513766435343e-40	329554
1	861	roadmap_epigenomics	40.0996859626958	1.95881617969752	1272	55	61	970	970	362	906	2507	3498	roadmap_epigenomics H3K27me3	NA	NA	H3K27me3	NA	NA	E105-H3K27me3.narrowPeak	2.82046087224287e-40	139718
1	1087	roadmap_epigenomics	40.0873489512086	2.04304648605847	1095	56	44	1025	1025	375	733	2684	3671	roadmap_epigenomics H3K9me3	NA	NA	H3K9me3	NA	NA	E127-H3K9me3.narrowPeak	2.89715374535599e-40	155989
1	940	roadmap_epigenomics	39.9532597096617	1.94730860450009	1295	57	65	962	962	361	930	2484	3474	roadmap_epigenomics H3K9me3	NA	NA	H3K9me3	NA	NA	E115-H3K9me3.narrowPeak	3.93891235110368e-40	191833
2	792	roadmap_epigenomics	39.9518725971498	1.87721172211761	3252	579	609	489	609	559	2223	1186	1522	roadmap_epigenomics H3K4me3	NA	NA	H3K4me3	NA	NA	E095-H3K4me3.narrowPeak	3.94530006033077e-40	41750
2	58	roadmap_epigenomics	39.9277803441543	1.8469655887762	3083	580	622	601	622	601	2067	1355	1678	roadmap_epigenomics H3K4me3	NA	NA	H3K4me3	NA	NA	E004-H3K4me3.narrowPeak	4.16380109856983e-40	41020
2	15	roadmap_epigenomics	39.8681336808736	2.22170785782746	3920	581	311	43	581	312	2895	518	850	roadmap_epigenomics	NA	NA	NA	NA	NA	E003-DNase.macs2.narrowPeak	4.76930824629318e-40	339188
2	106	roadmap_epigenomics	39.8049523119113	2.00501981331833	3638	582	502	189	582	424	2599	800	1146	roadmap_epigenomics H3K4me3	NA	NA	H3K4me3	NA	NA	E006-H3K4me3.narrowPeak	5.50752632724857e-40	112009
2	657	roadmap_epigenomics	39.6743156954831	1.90595103516487	3385	583	585	394	585	521	2351	1053	1394	roadmap_epigenomics	NA	NA	NA	NA	NA	E080-DNase.hotspot.all.peaks.bed	7.42872159138976e-40	118437
2	892	roadmap_epigenomics	39.5893081638613	1.88574252521422	3313	584	600	445	600	543	2283	1125	1462	roadmap_epigenomics H3K4me3	NA	NA	H3K4me3	NA	NA	E109-H3K4me3.narrowPeak	9.02076893374737e-40	65084
2	816	roadmap_epigenomics	39.4845611347271	1.92320931173343	3451	585	577	341	585	501	2416	987	1329	roadmap_epigenomics H3K4me3	NA	NA	H3K4me3	NA	NA	E098-H3K4me3.narrowPeak	1.14634037569267e-39	57291
2	130	roadmap_epigenomics	39.4244130952732	1.92727307427438	3466	586	572	332	586	497	2431	972	1314	roadmap_epigenomics H3K79me1	NA	NA	H3K79me1	NA	NA	E007-H3K79me1.narrowPeak	1.31457595324899e-39	189229
1	808	roadmap_epigenomics	39.3719048373033	1.82667406436935	1773	58	92	755	755	302	1436	2006	2968	roadmap_epigenomics H3K9me3	NA	NA	H3K9me3	NA	NA	E097-H3K9me3.narrowPeak	1.48121822590754e-39	165885
2	185	roadmap_epigenomics	39.2411830166803	1.83547738116497	3071	587	630	607	630	608	2061	1367	1684	roadmap_epigenomics H3K27ac	NA	NA	H3K27ac	NA	NA	E012-H3K27ac.narrowPeak	1.99832913643781e-39	157402
1	311	roadmap_epigenomics	39.2271896242783	1.94650535080917	1262	59	67	974	974	367	902	2517	3502	roadmap_epigenomics H3K27me3	NA	NA	H3K27me3	NA	NA	E027-H3K27me3.narrowPeak	2.0605711246863e-39	319446
2	69	roadmap_epigenomics	39.1643371275046	1.90221401454049	3399	588	587	380	588	518	2368	1039	1377	roadmap_epigenomics H2BK120ac	NA	NA	H2BK120ac	NA	NA	E005-H2BK120ac.narrowPeak	2.37776178986371e-39	261051
1	445	roadmap_epigenomics	38.9660993229381	1.90128540273417	1379	60	75	923	923	353	1022	2400	3382	roadmap_epigenomics H3K27me3	NA	NA	H3K27me3	NA	NA	E047-H3K27me3.narrowPeak	3.74744634216734e-39	175300
2	218	roadmap_epigenomics	38.9638385878991	1.84871438854146	3180	589	621	551	621	587	2163	1258	1582	roadmap_epigenomics	NA	NA	NA	NA	NA	E017-DNase.hotspot.all.peaks.bed	3.76120034459591e-39	116011
2	323	roadmap_epigenomics	38.7397197132938	1.85813825011859	3246	590	617	497	617	568	2226	1192	1519	roadmap_epigenomics H3K4me3	NA	NA	H3K4me3	NA	NA	E028-H3K4me3.narrowPeak	6.29182568496212e-39	54966
2	731	roadmap_epigenomics	38.5019964394775	1.87766673234442	3346	591	608	431	608	543	2322	1092	1423	roadmap_epigenomics H3K4me3	NA	NA	H3K4me3	NA	NA	E088-H3K4me3.narrowPeak	1.0860062481029e-38	96360
2	72	roadmap_epigenomics	38.4810124117717	1.89032141065716	3394	592	597	387	597	525	2368	1044	1377	roadmap_epigenomics H3K14ac	NA	NA	H3K14ac	NA	NA	E005-H3K14ac.narrowPeak	1.13801960651721e-38	204548
2	811	roadmap_epigenomics	38.4459464565483	2.17316280267229	3902	593	354	52	593	333	2884	536	861	roadmap_epigenomics	NA	NA	NA	NA	NA	E098-DNase.macs2.narrowPeak	1.23182812062681e-38	349441
2	1014	roadmap_epigenomics	38.4433286008605	1.95270404166701	3574	594	550	253	594	466	2544	864	1201	roadmap_epigenomics	NA	NA	NA	NA	NA	E122-DNase.macs2.narrowPeak	1.23738088490033e-38	241268
2	29	roadmap_epigenomics	38.3549966548292	1.81299692699075	2992	595	641	649	649	628	1996	1446	1749	roadmap_epigenomics H3K36me3	NA	NA	H3K36me3	NA	NA	E003-H3K36me3.narrowPeak	1.51416009757572e-38	323310
2	727	roadmap_epigenomics	38.3167765197211	2.2081663545705	3936	596	324	37	596	319	2922	502	823	roadmap_epigenomics	NA	NA	NA	NA	NA	E088-DNase.macs2.narrowPeak	1.65093278799567e-38	530673
2	100	roadmap_epigenomics	37.9999967104079	1.80008660526132	2913	597	650	690	690	646	1928	1525	1817	roadmap_epigenomics H3K27ac	NA	NA	H3K27ac	NA	NA	E006-H3K27ac.narrowPeak	3.41859514846146e-38	144157
2	886	roadmap_epigenomics	37.9956152254688	1.96404629104503	3616	598	539	204	598	447	2589	822	1156	roadmap_epigenomics	NA	NA	NA	NA	NA	E109-DNase.hotspot.fdr0.01.peaks.bed	3.44801092205174e-38	173129
2	998	roadmap_epigenomics	37.9346775368718	1.79166461002183	2276	599	656	834	834	696	1386	2162	2359	roadmap_epigenomics H3K79me2	NA	NA	H3K79me2	NA	NA	E120-H3K79me2.narrowPeak	3.96138269858966e-38	153900
2	122	roadmap_epigenomics	37.8682565257802	2.11725277842471	3856	600	400	65	600	355	2838	582	907	roadmap_epigenomics H3K23ac	NA	NA	H3K23ac	NA	NA	E007-H3K23ac.narrowPeak	4.60902740693442e-38	240360
2	97	roadmap_epigenomics	37.8437874555186	1.84032536769571	3223	601	626	514	626	580	2211	1215	1534	roadmap_epigenomics H3K14ac	NA	NA	H3K14ac	NA	NA	E006-H3K14ac.narrowPeak	4.86878768948712e-38	124581
2	946	roadmap_epigenomics	37.795158303269	1.78779083900726	2309	602	658	825	825	695	1414	2129	2331	roadmap_epigenomics H3K36me3	NA	NA	H3K36me3	NA	NA	E116-H3K36me3.narrowPeak	5.43742724816663e-38	165402
2	702	roadmap_epigenomics	37.5550930062756	1.95528247090607	3613	603	549	207	603	453	2589	825	1156	roadmap_epigenomics	NA	NA	NA	NA	NA	E085-DNase.macs2.narrowPeak	9.43633210667176e-38	231841
2	201	roadmap_epigenomics	37.4816108195323	1.92244282162667	3538	604	578	280	604	487	2515	900	1230	roadmap_epigenomics H3K4me3	NA	NA	H3K4me3	NA	NA	E014-H3K4me3.narrowPeak	1.11591432594097e-37	79278
2	980	roadmap_epigenomics	37.3235377941323	1.80794307780295	3071	605	645	607	645	619	2075	1367	1670	roadmap_epigenomics H3K27ac	NA	NA	H3K27ac	NA	NA	E119-H3K27ac.narrowPeak	1.6034311354868e-37	94592
1	644	roadmap_epigenomics	37.2674704782684	1.93815787344285	1191	61	70	1002	1002	378	845	2588	3559	roadmap_epigenomics H3K9me3	NA	NA	H3K9me3	NA	NA	E077-H3K9me3.narrowPeak	1.82165044611012e-37	223454
2	187	roadmap_epigenomics	37.2413000455831	1.78019863826472	2784	606	666	729	729	667	1820	1654	1925	roadmap_epigenomics H3K36me3	NA	NA	H3K36me3	NA	NA	E012-H3K36me3.narrowPeak	1.93189657448948e-37	226301
2	191	roadmap_epigenomics	37.167261581772	1.80043353411178	3030	607	649	633	649	630	2039	1408	1706	roadmap_epigenomics H3K27ac	NA	NA	H3K27ac	NA	NA	E013-H3K27ac.narrowPeak	2.2875558586305e-37	139221
2	885	roadmap_epigenomics	37.1643667749831	1.84660735423004	3301	608	623	453	623	561	2289	1137	1456	roadmap_epigenomics	NA	NA	NA	NA	NA	E109-DNase.hotspot.all.peaks.bed	2.29941234774918e-37	108993
2	239	roadmap_epigenomics	37.1146001221409	1.7843018867083	2874	609	663	705	705	659	1900	1564	1845	roadmap_epigenomics H3K56ac	NA	NA	H3K56ac	NA	NA	E017-H3K56ac.narrowPeak	2.57474857871978e-37	109751
2	304	roadmap_epigenomics	37.0672208045701	1.80264788859727	3059	610	648	614	648	624	2066	1379	1679	roadmap_epigenomics H3K27ac	NA	NA	H3K27ac	NA	NA	E026-H3K27ac.narrowPeak	2.8672557159318e-37	107716
2	159	roadmap_epigenomics	36.9745682459264	1.93926643986037	3599	611	562	227	611	467	2579	839	1166	roadmap_epigenomics H3K9ac	NA	NA	H3K9ac	NA	NA	E008-H3K9ac.narrowPeak	3.54382471756697e-37	146401
2	917	roadmap_epigenomics	36.925230960119	2.09881278802419	3856	612	416	65	612	364	2844	582	901	roadmap_epigenomics H3K4me3	NA	NA	H3K4me3	NA	NA	E113-H3K4me3.narrowPeak	3.96427457927335e-37	195000
2	953	roadmap_epigenomics	36.911204785754	2.20930874863017	948	613	323	1012	1012	649	410	3490	3335	roadmap_epigenomics H4K20me1	NA	NA	H4K20me1	NA	NA	E116-H4K20me1.narrowPeak	4.0883217715259e-37	13628
2	219	roadmap_epigenomics	36.8941896184521	1.8965634026065	3493	614	594	315	614	508	2475	945	1270	roadmap_epigenomics	NA	NA	NA	NA	NA	E017-DNase.hotspot.fdr0.01.peaks.bed	4.24537795723512e-37	185164
2	1089	roadmap_epigenomics	36.8490368281212	2.01447872383203	3745	615	494	113	615	407	2728	693	1017	roadmap_epigenomics	NA	NA	NA	NA	NA	E128-DNase.macs2.narrowPeak	4.70355501238621e-37	363287
1	6	roadmap_epigenomics	36.7756591926717	1.84732941026035	1437	62	84	895	895	347	1098	2342	3306	roadmap_epigenomics H3K9me3	NA	NA	H3K9me3	NA	NA	E001-H3K9me3.narrowPeak	5.56111518554659e-37	176553
2	1064	roadmap_epigenomics	36.7483041213176	2.09359751668621	3854	616	424	67	616	369	2843	584	902	roadmap_epigenomics	NA	NA	NA	NA	NA	E126-DNase.macs2.narrowPeak	5.91392669139677e-37	406203
2	709	roadmap_epigenomics	36.71468652325	1.85482207160526	3363	617	619	415	619	550	2351	1075	1394	roadmap_epigenomics	NA	NA	NA	NA	NA	E086-DNase.hotspot.all.peaks.bed	6.38048150897124e-37	106536
2	11	roadmap_epigenomics	36.6024362471455	1.77044570816485	2307	618	670	826	826	705	1421	2131	2324	roadmap_epigenomics H3K9ac	NA	NA	H3K9ac	NA	NA	E002-H3K9ac.narrowPeak	8.25020219033646e-37	18733
2	943	roadmap_epigenomics	36.5492481085018	1.81250686870051	3175	619	642	552	642	604	2176	1263	1569	roadmap_epigenomics H2A.Z	NA	NA	H2A.Z	NA	NA	E116-H2A.Z.narrowPeak	9.31139030896147e-37	84270
2	532	roadmap_epigenomics	36.4749552059396	2.06424984327705	3825	620	444	80	620	381	2814	613	931	roadmap_epigenomics	NA	NA	NA	NA	NA	E059-DNase.macs2.narrowPeak	1.10324043624418e-36	281326
2	52	roadmap_epigenomics	36.3879271638131	1.79153996425551	3049	621	657	622	657	633	2062	1389	1683	roadmap_epigenomics H3K27ac	NA	NA	H3K27ac	NA	NA	E004-H3K27ac.narrowPeak	1.34605214497152e-36	144857
2	771	roadmap_epigenomics	36.3788007661659	1.88392600556813	3480	622	601	325	622	516	2466	958	1279	roadmap_epigenomics	NA	NA	NA	NA	NA	E093-DNase.hotspot.fdr0.01.peaks.bed	1.3726280957557e-36	133624
1	173	roadmap_epigenomics	36.3381110669135	1.83593002059384	1453	63	88	886	886	346	1118	2326	3286	roadmap_epigenomics H3K27me3	NA	NA	H3K27me3	NA	NA	E010-H3K27me3.narrowPeak	1.50524818951996e-36	251817
2	315	roadmap_epigenomics	36.2348185341385	2.03629203902216	3794	623	479	94	623	399	2783	644	962	roadmap_epigenomics H3K9ac	NA	NA	H3K9ac	NA	NA	E027-H3K9ac.narrowPeak	1.9066329849023e-36	217726
1	184	roadmap_epigenomics	36.1547179674456	1.78624450761709	1706	64	103	793	793	320	1389	2073	3015	roadmap_epigenomics H3K9me3	NA	NA	H3K9me3	NA	NA	E011-H3K9me3.narrowPeak	2.28680905025746e-36	213267
2	39	roadmap_epigenomics	36.1545914113839	1.86646982650907	3436	624	612	352	624	529	2425	1002	1320	roadmap_epigenomics H4K20me1	NA	NA	H4K20me1	NA	NA	E003-H4K20me1.narrowPeak	2.28680905025746e-36	266490
2	224	roadmap_epigenomics	35.9927206854071	1.75594063179062	2551	625	676	785	785	695	1629	1887	2116	roadmap_epigenomics H2BK120ac	NA	NA	H2BK120ac	NA	NA	E017-H2BK120ac.narrowPeak	3.314895519197e-36	223563
1	859	roadmap_epigenomics	35.8806885521194	2.14648979511854	825	65	24	1082	1082	390	507	2954	3897	roadmap_epigenomics H3K9me3	NA	NA	H3K9me3	NA	NA	E104-H3K9me3.narrowPeak	4.28422340115185e-36	53841
1	62	roadmap_epigenomics	35.8507918618551	2.01598624291963	987	66	48	1049	1049	388	657	2792	3747	roadmap_epigenomics H3K9me3	NA	NA	H3K9me3	NA	NA	E004-H3K9me3.narrowPeak	4.58289432021588e-36	65901
2	682	roadmap_epigenomics	35.8273592807013	1.79462561701205	3130	626	653	580	653	620	2140	1308	1605	roadmap_epigenomics	NA	NA	NA	NA	NA	E083-DNase.hotspot.all.peaks.bed	4.82996937170124e-36	98445
2	931	roadmap_epigenomics	35.7276176841728	1.76766579428432	2913	627	672	690	690	663	1945	1525	1800	roadmap_epigenomics H2A.Z	NA	NA	H2A.Z	NA	NA	E115-H2A.Z.narrowPeak	6.06818528703074e-36	84931
1	839	roadmap_epigenomics	35.6840863292848	1.9858304844074	1030	67	54	1040	1040	387	699	2749	3705	roadmap_epigenomics H3K9me3	NA	NA	H3K9me3	NA	NA	E101-H3K9me3.narrowPeak	6.69829009184897e-36	120707
2	27	roadmap_epigenomics	35.6154154169722	1.80320781689061	3201	628	647	535	647	603	2207	1237	1538	roadmap_epigenomics H3K27ac	NA	NA	H3K27ac	NA	NA	E003-H3K27ac.narrowPeak	7.83446834904744e-36	166837
2	1112	ucsc_features	35.5517764619935	1.77602328827903	3021	629	667	635	667	644	2043	1417	1702	UCSC CpG islands	NA	NA	NA	NA	NA	cpgIslandExt.bed	9.05782759866789e-36	28633
1	1109	roadmap_epigenomics	35.517829418101	1.96646288952127	1058	68	60	1035	1035	388	727	2721	3677	roadmap_epigenomics H3K9me3	NA	NA	H3K9me3	NA	NA	E129-H3K9me3.narrowPeak	9.78019594086042e-36	180247
1	538	roadmap_epigenomics	35.5076787247784	1.99317506318719	1011	69	51	1046	1046	389	682	2768	3722	roadmap_epigenomics H3K9me3	NA	NA	H3K9me3	NA	NA	E059-H3K9me3.narrowPeak	9.9971360984852e-36	85196
2	114	roadmap_epigenomics	35.4915377168232	2.14298367778966	3931	630	380	39	630	350	2934	507	811	roadmap_epigenomics	NA	NA	NA	NA	NA	E007-DNase.macs2.narrowPeak	1.03608374308409e-35	408460
2	99	roadmap_epigenomics	35.4342569876054	1.97786636584	3727	631	531	127	631	430	2719	711	1026	roadmap_epigenomics H3K23ac	NA	NA	H3K23ac	NA	NA	E006-H3K23ac.narrowPeak	1.18046937412243e-35	220387
1	406	roadmap_epigenomics	35.3637454467698	1.8286493775406	1415	70	91	909	909	357	1086	2364	3318	roadmap_epigenomics H3K27me3	NA	NA	H3K27me3	NA	NA	E041-H3K27me3.narrowPeak	1.38658432784921e-35	184455
1	804	roadmap_epigenomics	35.3603264279244	2.01512642127747	971	71	49	1055	1055	392	645	2808	3759	roadmap_epigenomics H3K27me3	NA	NA	H3K27me3	NA	NA	E097-H3K27me3.narrowPeak	1.39555260537973e-35	112268
2	870	roadmap_epigenomics	35.3324701137816	1.81687313592951	3292	632	638	456	638	575	2294	1146	1451	roadmap_epigenomics H3K4me3	NA	NA	H3K4me3	NA	NA	E106-H3K4me3.narrowPeak	1.48588197071589e-35	68861
2	1075	roadmap_epigenomics	35.2539268723017	1.7471785825958	2399	633	678	808	808	706	1507	2039	2238	roadmap_epigenomics H4K20me1	NA	NA	H4K20me1	NA	NA	E126-H4K20me1.narrowPeak	1.77791183325704e-35	91092
1	458	roadmap_epigenomics	35.1837914554228	1.84658679152728	1338	72	85	943	943	367	1008	2441	3396	roadmap_epigenomics H3K27me3	NA	NA	H3K27me3	NA	NA	E049-H3K27me3.narrowPeak	2.08655184174057e-35	322175
2	762	roadmap_epigenomics	35.1699613611561	1.95025807005845	3686	634	553	158	634	448	2679	752	1066	roadmap_epigenomics	NA	NA	NA	NA	NA	E092-DNase.hotspot.fdr0.01.peaks.bed	2.15101624212595e-35	194389
2	693	roadmap_epigenomics	34.9549452274632	1.96228109812729	3715	635	541	137	635	438	2710	723	1035	roadmap_epigenomics	NA	NA	NA	NA	NA	E084-DNase.macs2.narrowPeak	3.52407474109503e-35	291379
2	895	roadmap_epigenomics	34.9328313642788	1.74073548188352	2506	636	681	792	792	703	1599	1932	2146	roadmap_epigenomics H3K36me3	NA	NA	H3K36me3	NA	NA	E110-H3K36me3.narrowPeak	3.7029268257461e-35	86270
2	761	roadmap_epigenomics	34.4668971732956	1.80914625832409	3317	637	644	443	644	575	2324	1121	1421	roadmap_epigenomics	NA	NA	NA	NA	NA	E092-DNase.hotspot.all.peaks.bed	1.0811011851654e-34	92888
2	75	roadmap_epigenomics	34.4304079364376	1.75217988045052	2949	638	677	674	677	663	1987	1489	1758	roadmap_epigenomics H3K27ac	NA	NA	H3K27ac	NA	NA	E005-H3K27ac.narrowPeak	1.17420376010844e-34	123614
2	569	roadmap_epigenomics	34.3275019246901	1.82635930348248	3396	639	634	383	639	552	2400	1042	1345	roadmap_epigenomics H3K4me3	NA	NA	H3K4me3	NA	NA	E066-H3K4me3.narrowPeak	1.48606643977445e-34	92061
1	893	roadmap_epigenomics	34.3013305972993	1.884054242942	1181	73	79	1006	1006	386	856	2598	3548	roadmap_epigenomics H3K9me3	NA	NA	H3K9me3	NA	NA	E109-H3K9me3.narrowPeak	1.57615585999566e-34	103033
2	1052	roadmap_epigenomics	34.263272046966	1.9962275599305	3790	640	511	96	640	416	2792	648	953	roadmap_epigenomics	NA	NA	NA	NA	NA	E125-DNase.macs2.narrowPeak	1.71809896063971e-34	363159
2	1028	roadmap_epigenomics	34.1747863541604	1.78630233944618	3227	641	661	511	661	604	2242	1211	1503	roadmap_epigenomics H2A.Z	NA	NA	H2A.Z	NA	NA	E123-H2A.Z.narrowPeak	2.10341606226844e-34	128633
2	683	roadmap_epigenomics	34.1673885465168	1.8817508526184	3574	642	604	253	642	500	2574	864	1171	roadmap_epigenomics	NA	NA	NA	NA	NA	E083-DNase.hotspot.fdr0.01.peaks.bed	2.13656034534366e-34	218413
2	790	roadmap_epigenomics	34.0878166768722	1.73554962021025	2792	643	685	727	727	685	1851	1646	1894	roadmap_epigenomics H3K36me3	NA	NA	H3K36me3	NA	NA	E095-H3K36me3.narrowPeak	2.56259546205511e-34	283237
1	487	roadmap_epigenomics	34.0194112663627	1.98840198197386	964	74	53	1058	1058	395	647	2815	3757	roadmap_epigenomics H3K9me3	NA	NA	H3K9me3	NA	NA	E052-H3K9me3.narrowPeak	2.9955690158992e-34	148296
2	987	roadmap_epigenomics	33.8266000554112	1.76913409332289	3157	644	671	570	671	628	2180	1281	1565	roadmap_epigenomics H3K9ac	NA	NA	H3K9ac	NA	NA	E119-H3K9ac.narrowPeak	4.66321299186656e-34	82070
2	1039	roadmap_epigenomics	33.8049602051183	1.78447669442101	1773	645	662	877	877	728	1017	2665	2728	roadmap_epigenomics H4K20me1	NA	NA	H4K20me1	NA	NA	E123-H4K20me1.narrowPeak	4.89463888875904e-34	56074
1	988	roadmap_epigenomics	33.7726639748637	1.85223660295363	1239	75	83	985	985	381	918	2540	3486	roadmap_epigenomics H3K9me3	NA	NA	H3K9me3	NA	NA	E119-H3K9me3.narrowPeak	5.26518069938457e-34	271804
2	125	roadmap_epigenomics	33.6243659716958	1.73818808640718	2924	646	683	687	687	672	1971	1514	1774	roadmap_epigenomics H3K36me3	NA	NA	H3K36me3	NA	NA	E007-H3K36me3.narrowPeak	7.39790100504862e-34	177693
2	220	roadmap_epigenomics	33.6061678496103	2.03791659308625	3862	647	477	62	647	395	2872	576	873	roadmap_epigenomics	NA	NA	NA	NA	NA	E017-DNase.macs2.narrowPeak	7.70379477232494e-34	398131
2	1037	roadmap_epigenomics	33.583021758636	1.8360186016033	1519	648	629	899	899	725	827	2919	2918	roadmap_epigenomics H3K9me1	NA	NA	H3K9me1	NA	NA	E123-H3K9me1.narrowPeak	8.11427450956321e-34	22183
2	710	roadmap_epigenomics	33.5655634877679	1.88710770131578	3612	649	598	211	649	486	2616	826	1129	roadmap_epigenomics	NA	NA	NA	NA	NA	E086-DNase.hotspot.fdr0.01.peaks.bed	8.43543916986177e-34	178680
2	563	roadmap_epigenomics	33.4626098420754	1.73854692123649	2954	650	682	671	682	668	1999	1484	1746	roadmap_epigenomics H3K4me3	NA	NA	H3K4me3	NA	NA	E065-H3K4me3.narrowPeak	1.06773112605103e-33	39916
2	716	roadmap_epigenomics	33.4612000903371	1.74446179175352	3012	651	680	639	680	657	2051	1426	1694	roadmap_epigenomics H3K9ac	NA	NA	H3K9ac	NA	NA	E086-H3K9ac.narrowPeak	1.06972720521952e-33	45031
1	551	roadmap_epigenomics	33.4050509704664	1.94713526645935	1009	76	66	1047	1047	396	694	2770	3710	roadmap_epigenomics H3K9me3	NA	NA	H3K9me3	NA	NA	E062-H3K9me3.narrowPeak	1.21569427246977e-33	97775
1	418	roadmap_epigenomics	33.3731628369505	1.81315629368013	1341	77	95	938	938	370	1025	2438	3379	roadmap_epigenomics H3K27me3	NA	NA	H3K27me3	NA	NA	E043-H3K27me3.narrowPeak	1.30651841590248e-33	166658
1	733	roadmap_epigenomics	33.1382820820309	1.79963445485031	1376	78	99	924	924	367	1063	2403	3341	roadmap_epigenomics H3K9me3	NA	NA	H3K9me3	NA	NA	E088-H3K9me3.narrowPeak	2.24078475726405e-33	161817
1	823	roadmap_epigenomics	33.106235463758	2.14046177328722	755	79	25	1094	1094	399	460	3024	3944	roadmap_epigenomics H3K9me3	NA	NA	H3K9me3	NA	NA	E099-H3K9me3.narrowPeak	2.40908114209178e-33	52477
2	296	roadmap_epigenomics	32.9511175719371	1.82881769891835	3481	652	631	322	652	535	2492	957	1253	roadmap_epigenomics H3K4me3	NA	NA	H3K4me3	NA	NA	E024-H3K4me3.narrowPeak	3.43854571838605e-33	73602
2	388	roadmap_epigenomics	32.9256422587739	1.71287227969403	2404	653	694	807	807	718	1529	2034	2216	roadmap_epigenomics H3K36me3	NA	NA	H3K36me3	NA	NA	E038-H3K36me3.narrowPeak	3.64129958885157e-33	143872
1	933	roadmap_epigenomics	32.8640654317974	1.79604819903248	1371	80	100	929	929	370	1060	2408	3344	roadmap_epigenomics H3K27me3	NA	NA	H3K27me3	NA	NA	E115-H3K27me3.narrowPeak	4.19025396294113e-33	239959
2	977	roadmap_epigenomics	32.7103642316972	1.95792435460048	1149	654	546	956	956	719	567	3289	3178	roadmap_epigenomics H4K20me1	NA	NA	H4K20me1	NA	NA	E118-H4K20me1.narrowPeak	5.96141643175249e-33	34450
1	297	roadmap_epigenomics	32.70130810726	1.75187968930933	1569	81	112	847	847	347	1270	2210	3134	roadmap_epigenomics H3K9me3	NA	NA	H3K9me3	NA	NA	E024-H3K9me3.narrowPeak	6.0787503219975e-33	260267
1	404	roadmap_epigenomics	32.6240272026508	1.95333390054081	968	82	63	1056	1056	400	660	2811	3744	roadmap_epigenomics H3K9me3	NA	NA	H3K9me3	NA	NA	E040-H3K9me3.narrowPeak	7.25278385465105e-33	108267
2	965	roadmap_epigenomics	32.5489469355471	1.71371812130356	2801	655	693	726	726	691	1871	1637	1874	roadmap_epigenomics H4K20me1	NA	NA	H4K20me1	NA	NA	E117-H4K20me1.narrowPeak	8.60984490970784e-33	124987
2	112	roadmap_epigenomics	32.5014033428536	1.76582047797928	3254	656	673	486	673	605	2280	1184	1465	roadmap_epigenomics	NA	NA	NA	NA	NA	E007-DNase.hotspot.all.peaks.bed	9.59290287159806e-33	89801
2	128	roadmap_epigenomics	32.3299712236565	1.89949712897657	3686	657	590	158	657	468	2699	752	1046	roadmap_epigenomics H3K4me2	NA	NA	H3K4me2	NA	NA	E007-H3K4me2.narrowPeak	1.42165458449365e-32	143005
2	464	roadmap_epigenomics	32.2522478463425	1.78665972975275	3369	658	660	410	660	576	2390	1069	1355	roadmap_epigenomics	NA	NA	NA	NA	NA	E050-DNase.hotspot.all.peaks.bed	1.69797067661302e-32	104134
1	817	roadmap_epigenomics	32.1646118374894	1.70087313580704	2226	83	122	479	479	228	2014	1553	2390	roadmap_epigenomics H3K9me3	NA	NA	H3K9me3	NA	NA	E098-H3K9me3.narrowPeak	2.07481656396977e-32	251390
1	422	roadmap_epigenomics	32.105331153808	1.90326707265219	1037	84	74	1039	1039	399	730	2742	3674	roadmap_epigenomics H3K9me3	NA	NA	H3K9me3	NA	NA	E043-H3K9me3.narrowPeak	2.37506058716118e-32	129594
1	751	roadmap_epigenomics	32.0562111328895	1.80336351348559	1291	85	98	966	966	383	984	2488	3420	roadmap_epigenomics H3K9me3	NA	NA	H3K9me3	NA	NA	E090-H3K9me3.narrowPeak	2.65588829713733e-32	163795
2	734	roadmap_epigenomics	32.0418455106017	1.74600257786779	3181	659	679	550	679	629	2216	1257	1529	roadmap_epigenomics	NA	NA	NA	NA	NA	E089-DNase.hotspot.all.peaks.bed	2.74151928839297e-32	103433
2	711	roadmap_epigenomics	31.9895411321574	2.22060889684567	4050	660	313	12	660	328	3088	388	657	roadmap_epigenomics	NA	NA	NA	NA	NA	E086-DNase.macs2.narrowPeak	3.08824926705923e-32	654772
1	619	roadmap_epigenomics	31.9757507225419	1.81094878711886	1261	86	96	976	976	386	954	2518	3450	roadmap_epigenomics H3K27me3	NA	NA	H3K27me3	NA	NA	E074-H3K27me3.narrowPeak	3.1836125050012e-32	137148
2	204	roadmap_epigenomics	31.9018668796864	1.71267252207041	2921	661	695	689	695	682	1982	1517	1763	roadmap_epigenomics H3K27ac	NA	NA	H3K27ac	NA	NA	E015-H3K27ac.narrowPeak	3.76896644038398e-32	106159
1	681	roadmap_epigenomics	31.8621111532387	1.83771320688359	1176	87	87	1008	1008	394	869	2603	3535	roadmap_epigenomics H3K9me3	NA	NA	H3K9me3	NA	NA	E082-H3K9me3.narrowPeak	4.12474401283567e-32	165724
2	50	roadmap_epigenomics	31.7777323904176	1.73312900952472	3122	662	686	588	686	645	2164	1316	1581	roadmap_epigenomics H3K18ac	NA	NA	H3K18ac	NA	NA	E004-H3K18ac.narrowPeak	5.00259729349435e-32	141200
2	473	roadmap_epigenomics	31.7691562438031	1.78768840310596	3404	663	659	378	663	567	2427	1034	1318	roadmap_epigenomics	NA	NA	NA	NA	NA	E051-DNase.hotspot.all.peaks.bed	5.09556381293104e-32	105226
1	795	roadmap_epigenomics	31.7487047305514	1.94751865380236	944	88	64	1066	1066	406	643	2835	3761	roadmap_epigenomics H3K27me3	NA	NA	H3K27me3	NA	NA	E096-H3K27me3.narrowPeak	5.33414828271e-32	85642
1	573	roadmap_epigenomics	31.7382519934998	1.82943611313254	1192	89	90	1001	1001	393	886	2587	3518	roadmap_epigenomics H3K27me3	NA	NA	H3K27me3	NA	NA	E067-H3K27me3.narrowPeak	5.45682363824596e-32	102020
1	333	roadmap_epigenomics	31.7223261135983	1.757122348028	1453	90	110	886	886	362	1155	2326	3249	roadmap_epigenomics H3K9me3	NA	NA	H3K9me3	NA	NA	E029-H3K9me3.narrowPeak	5.65312595786073e-32	223443
1	38	roadmap_epigenomics	31.7036425119946	1.71036046982703	1765	91	120	760	760	324	1492	2014	2912	roadmap_epigenomics H3K9me3	NA	NA	H3K9me3	NA	NA	E003-H3K9me3.narrowPeak	5.89380678047902e-32	307462
2	890	roadmap_epigenomics	31.6946582902715	1.69773905300549	2730	664	702	747	747	704	1816	1708	1929	roadmap_epigenomics H3K36me3	NA	NA	H3K36me3	NA	NA	E109-H3K36me3.narrowPeak	6.0090319065997e-32	171676
2	474	roadmap_epigenomics	31.6642233950987	1.82720535585123	3541	665	633	276	665	525	2560	897	1185	roadmap_epigenomics	NA	NA	NA	NA	NA	E051-DNase.hotspot.fdr0.01.peaks.bed	6.43671916670581e-32	133410
2	207	roadmap_epigenomics	31.5838961720745	1.83665700508656	3571	666	628	257	666	517	2590	867	1155	roadmap_epigenomics H3K4me1	NA	NA	H3K4me1	NA	NA	E015-H3K4me1.narrowPeak	7.73424099515519e-32	327376
2	1001	roadmap_epigenomics	31.5761769005926	1.76491339814711	1670	667	674	885	885	742	954	2768	2791	roadmap_epigenomics H4K20me1	NA	NA	H4K20me1	NA	NA	E120-H4K20me1.narrowPeak	7.86255408153972e-32	47891
2	262	roadmap_epigenomics	31.3788250840934	1.70510718877949	2923	668	699	688	699	685	1988	1515	1757	roadmap_epigenomics H3K27ac	NA	NA	H3K27ac	NA	NA	E020-H3K27ac.narrowPeak	1.23692364606601e-31	100851
2	744	roadmap_epigenomics	31.2639459400253	1.84108411879901	3597	669	625	228	669	507	2618	841	1127	roadmap_epigenomics	NA	NA	NA	NA	NA	E090-DNase.hotspot.fdr0.01.peaks.bed	1.60934894489557e-31	219306
2	113	roadmap_epigenomics	31.2061303646341	1.79352882170999	3459	670	654	335	670	553	2484	979	1261	roadmap_epigenomics	NA	NA	NA	NA	NA	E007-DNase.hotspot.fdr0.01.peaks.bed	1.8360932352158e-31	135081
2	701	roadmap_epigenomics	31.1499667964972	1.81675393659058	3536	671	639	282	671	531	2559	902	1186	roadmap_epigenomics	NA	NA	NA	NA	NA	E085-DNase.hotspot.fdr0.01.peaks.bed	2.08683438529457e-31	161983
2	743	roadmap_epigenomics	31.1037449031997	1.71762008346512	3082	672	691	603	691	655	2133	1356	1612	roadmap_epigenomics	NA	NA	NA	NA	NA	E090-DNase.hotspot.all.peaks.bed	2.31814346897081e-31	99312
1	324	roadmap_epigenomics	31.1004977335521	2.05299766140399	784	92	41	1092	1092	408	498	2995	3906	roadmap_epigenomics H3K9me3	NA	NA	H3K9me3	NA	NA	E028-H3K9me3.narrowPeak	2.33248392734765e-31	192863
2	225	roadmap_epigenomics	31.0592251775322	1.68882694516597	2286	673	709	831	831	738	1446	2152	2299	roadmap_epigenomics H2BK12ac	NA	NA	H2BK12ac	NA	NA	E017-H2BK12ac.narrowPeak	2.56166974639079e-31	250249
2	692	roadmap_epigenomics	31.0314458058719	1.81338344879202	3532	674	640	289	674	534	2556	906	1189	roadmap_epigenomics	NA	NA	NA	NA	NA	E084-DNase.hotspot.fdr0.01.peaks.bed	2.72731421719601e-31	168261
2	786	roadmap_epigenomics	30.9896295866737	1.81712156484254	3545	675	637	272	675	528	2569	893	1176	roadmap_epigenomics H3K4me3	NA	NA	H3K4me3	NA	NA	E094-H3K4me3.narrowPeak	2.99905756125199e-31	87979
2	735	roadmap_epigenomics	30.7069386007742	1.83689043361351	3611	676	627	214	676	506	2636	827	1109	roadmap_epigenomics	NA	NA	NA	NA	NA	E089-DNase.hotspot.fdr0.01.peaks.bed	5.74261804265809e-31	210689
2	182	roadmap_epigenomics	30.6207819161161	1.79668922412817	3502	677	652	309	677	546	2530	936	1215	roadmap_epigenomics H3K4me3	NA	NA	H3K4me3	NA	NA	E011-H3K4me3.narrowPeak	6.99361138286771e-31	131844
1	430	roadmap_epigenomics	30.4498268817343	1.76357411166821	1328	93	108	947	947	383	1035	2451	3369	roadmap_epigenomics H3K27me3	NA	NA	H3K27me3	NA	NA	E045-H3K27me3.narrowPeak	1.03536181790167e-30	113136
1	597	roadmap_epigenomics	30.2971898858919	1.70311075020029	1633	94	121	823	823	346	1360	2146	3044	roadmap_epigenomics H3K9me3	NA	NA	H3K9me3	NA	NA	E070-H3K9me3.narrowPeak	1.46948611889647e-30	240503
2	129	roadmap_epigenomics	29.8455994996436	1.78358948560052	3502	678	664	309	678	550	2536	936	1209	roadmap_epigenomics H3K4me3	NA	NA	H3K4me3	NA	NA	E007-H3K4me3.narrowPeak	4.15138442810451e-30	87807
1	190	roadmap_epigenomics	29.644062925526	1.74081349460829	1361	95	114	932	932	380	1076	2418	3328	roadmap_epigenomics H3K9me3	NA	NA	H3K9me3	NA	NA	E012-H3K9me3.narrowPeak	6.59427922085706e-30	164404
2	357	roadmap_epigenomics	29.5221636486224	1.66577346556773	2277	679	716	833	833	743	1451	2161	2294	roadmap_epigenomics H3K36me3	NA	NA	H3K36me3	NA	NA	E033-H3K36me3.narrowPeak	8.71977226587778e-30	134198
2	700	roadmap_epigenomics	29.474064152143	1.71187731186301	3215	680	696	521	696	632	2268	1223	1477	roadmap_epigenomics	NA	NA	NA	NA	NA	E085-DNase.hotspot.all.peaks.bed	9.72845551325129e-30	101917
2	1018	roadmap_epigenomics	29.3319111822033	1.66392063636653	2252	681	717	836	836	745	1432	2186	2313	roadmap_epigenomics H3K36me3	NA	NA	H3K36me3	NA	NA	E122-H3K36me3.narrowPeak	1.34783536841516e-29	156941
2	781	roadmap_epigenomics	29.2069121421561	1.78280072676046	3534	682	665	285	682	544	2572	904	1173	roadmap_epigenomics	NA	NA	NA	NA	NA	E094-DNase.macs2.narrowPeak	1.79505016898092e-29	205035
1	1120	ucsc_features	29.1471320747631	4.1628556878117	3717	96	2	1	96	33	4118	62	286	UCSC Repeat Masker	NA	NA	NA	NA	NA	rmsk.bed	2.05730215105448e-29	5291824
1	450	roadmap_epigenomics	29.0565634311878	1.929416479802	870	97	71	1075	1075	414	591	2909	3813	roadmap_epigenomics H3K9me3	NA	NA	H3K9me3	NA	NA	E047-H3K9me3.narrowPeak	2.53109743120951e-29	66663
2	202	roadmap_epigenomics	28.9766908355617	1.69002813819365	3120	683	708	591	708	661	2185	1318	1560	roadmap_epigenomics H3K9ac	NA	NA	H3K9ac	NA	NA	E014-H3K9ac.narrowPeak	3.03825564632454e-29	74747
2	812	roadmap_epigenomics	28.8781347911742	1.68540713484957	3096	684	710	597	710	664	2164	1342	1581	roadmap_epigenomics H3K27ac	NA	NA	H3K27ac	NA	NA	E098-H3K27ac.narrowPeak	3.80735985942599e-29	102275
2	45	roadmap_epigenomics	28.8538774469541	1.93110233527791	3850	685	569	72	685	442	2892	588	853	roadmap_epigenomics	NA	NA	NA	NA	NA	E004-DNase.macs2.narrowPeak	4.02092110566456e-29	365365
1	605	roadmap_epigenomics	28.8241336226395	1.76843169624918	1203	98	107	995	995	400	920	2576	3484	roadmap_epigenomics H3K27me3	NA	NA	H3K27me3	NA	NA	E072-H3K27me3.narrowPeak	4.30045460058086e-29	109748
1	665	roadmap_epigenomics	28.7999742601005	1.65980000872338	1828	99	129	727	727	318	1589	1951	2815	roadmap_epigenomics H3K9me3	NA	NA	H3K9me3	NA	NA	E080-H3K9me3.narrowPeak	4.54066465835159e-29	218395
1	742	roadmap_epigenomics	28.7602675126248	1.81969694345935	1060	100	93	1033	1033	409	777	2719	3627	roadmap_epigenomics H3K9me3	NA	NA	H3K9me3	NA	NA	E089-H3K9me3.narrowPeak	4.9690410273749e-29	123393
1	379	roadmap_epigenomics	28.7300466470404	1.66245727577364	1779	101	127	753	753	327	1535	2000	2869	roadmap_epigenomics H3K9me3	NA	NA	H3K9me3	NA	NA	E036-H3K9me3.narrowPeak	5.32035435489127e-29	237679
1	287	roadmap_epigenomics	28.7043839030315	1.72913429656863	1338	102	117	943	943	387	1060	2441	3344	roadmap_epigenomics H3K27me3	NA	NA	H3K27me3	NA	NA	E023-H3K27me3.narrowPeak	5.63703999978811e-29	307913
1	277	roadmap_epigenomics	28.5725513798366	1.90025091122367	896	103	76	1070	1070	416	619	2883	3785	roadmap_epigenomics H3K9me3	NA	NA	H3K9me3	NA	NA	E021-H3K9me3.narrowPeak	7.62662081838221e-29	61601
2	809	roadmap_epigenomics	28.5076537169761	1.69458380737003	3202	686	705	534	705	642	2264	1236	1481	roadmap_epigenomics	NA	NA	NA	NA	NA	E098-DNase.hotspot.all.peaks.bed	8.84461700849326e-29	99617
2	453	roadmap_epigenomics	28.4349567418172	1.64745175434854	2323	687	721	822	822	743	1498	2115	2247	roadmap_epigenomics H3K36me3	NA	NA	H3K36me3	NA	NA	E048-H3K36me3.narrowPeak	1.04430154089554e-28	130411
1	853	roadmap_epigenomics	28.3894525169968	1.77112808660684	1168	104	106	1013	1013	408	888	2611	3516	roadmap_epigenomics H3K9me3	NA	NA	H3K9me3	NA	NA	E103-H3K9me3.narrowPeak	1.15819250838739e-28	100968
2	805	roadmap_epigenomics	28.2816817985072	1.65346220479327	2852	688	720	710	720	706	1951	1586	1794	roadmap_epigenomics H3K36me3	NA	NA	H3K36me3	NA	NA	E097-H3K36me3.narrowPeak	1.48252754715731e-28	343116
2	465	roadmap_epigenomics	28.2187313767191	1.7925083827603	3611	689	655	214	689	519	2655	827	1090	roadmap_epigenomics	NA	NA	NA	NA	NA	E050-DNase.hotspot.fdr0.01.peaks.bed	1.7116114689556e-28	156377
2	123	roadmap_epigenomics	28.0424707842152	1.64490938889949	2764	690	724	734	734	716	1876	1674	1869	roadmap_epigenomics H3K27ac	NA	NA	H3K27ac	NA	NA	E007-H3K27ac.narrowPeak	2.56518366264455e-28	78132
2	1076	roadmap_epigenomics	27.8986292488946	1.94631418389167	3896	691	559	54	691	435	2947	542	798	roadmap_epigenomics	NA	NA	NA	NA	NA	E127-DNase.macs2.narrowPeak	3.56790575711727e-28	449247
2	105	roadmap_epigenomics	27.893955445971	1.80417329759347	3655	692	646	179	692	506	2701	783	1044	roadmap_epigenomics H3K4me2	NA	NA	H3K4me2	NA	NA	E006-H3K4me2.narrowPeak	3.60197951188478e-28	170555
2	135	roadmap_epigenomics	27.794710932166	1.69684776288003	3282	693	703	466	703	621	2344	1156	1401	roadmap_epigenomics	NA	NA	NA	NA	NA	E008-DNase.hotspot.all.peaks.bed	4.52106237008896e-28	106443
2	221	roadmap_epigenomics	27.5967748783502	1.73652444003339	3472	694	684	330	694	569	2525	966	1220	roadmap_epigenomics H2A.Z	NA	NA	H2A.Z	NA	NA	E017-H2A.Z.narrowPeak	7.12249219866049e-28	121643
2	1068	roadmap_epigenomics	27.5208638586395	1.64697406742293	2059	695	722	855	855	757	1290	2379	2455	roadmap_epigenomics H3K36me3	NA	NA	H3K36me3	NA	NA	E126-H3K36me3.narrowPeak	8.47225685667056e-28	102513
1	708	roadmap_epigenomics	27.5197676434551	1.63431399364399	1926	105	133	672	672	303	1712	1853	2692	roadmap_epigenomics H3K9me3	NA	NA	H3K9me3	NA	NA	E085-H3K9me3.narrowPeak	8.48305184960042e-28	264076
1	1030	roadmap_epigenomics	27.4989686899426	1.80500713968661	1030	106	97	1040	1040	414	757	2749	3647	roadmap_epigenomics H3K27me3	NA	NA	H3K27me3	NA	NA	E123-H3K27me3.narrowPeak	8.88809209396974e-28	123368
2	271	roadmap_epigenomics	27.1574355374858	2.17998629587633	4101	696	349	3	696	349	3176	337	569	roadmap_epigenomics	NA	NA	NA	NA	NA	E021-DNase.macs2.narrowPeak	1.94894617946683e-27	691347
2	810	roadmap_epigenomics	27.1115495007057	1.72791326939774	3471	697	688	331	697	572	2528	967	1217	roadmap_epigenomics	NA	NA	NA	NA	NA	E098-DNase.hotspot.fdr0.01.peaks.bed	2.1634392567242e-27	150516
1	760	roadmap_epigenomics	27.0589437927307	1.74207957426557	1175	107	113	1009	1009	410	906	2604	3498	roadmap_epigenomics H3K9me3	NA	NA	H3K9me3	NA	NA	E091-H3K9me3.narrowPeak	2.43898938651815e-27	158209
2	270	roadmap_epigenomics	26.9725297203618	1.79718926872934	3679	698	651	161	698	503	2732	759	1013	roadmap_epigenomics	NA	NA	NA	NA	NA	E021-DNase.hotspot.fdr0.01.peaks.bed	2.97224189325414e-27	182710
1	374	roadmap_epigenomics	26.936732686344	1.73992919662506	1174	108	115	1010	1010	411	906	2605	3498	roadmap_epigenomics H3K9me3	NA	NA	H3K9me3	NA	NA	E035-H3K9me3.narrowPeak	3.22360650723529e-27	112817
1	719	roadmap_epigenomics	26.884740805018	1.87269738966752	872	109	80	1073	1073	421	608	2907	3796	roadmap_epigenomics H3K27me3	NA	NA	H3K27me3	NA	NA	E087-H3K27me3.narrowPeak	3.62907055930926e-27	66475
2	13	roadmap_epigenomics	26.8640496873168	1.70791688351358	3409	699	697	375	699	590	2471	1029	1274	roadmap_epigenomics	NA	NA	NA	NA	NA	E003-DNase.hotspot.all.peaks.bed	3.8014449336306e-27	111055
2	780	roadmap_epigenomics	26.7766401740271	1.72706957514993	3489	700	689	318	700	569	2548	949	1197	roadmap_epigenomics	NA	NA	NA	NA	NA	E094-DNase.hotspot.fdr0.01.peaks.bed	4.64323918966085e-27	165153
1	828	roadmap_epigenomics	26.7002834754238	1.68186827403085	1387	110	123	920	920	384	1129	2392	3275	roadmap_epigenomics H3K27me3	NA	NA	H3K27me3	NA	NA	E100-H3K27me3.narrowPeak	5.52893211474245e-27	119670
2	269	roadmap_epigenomics	26.5008390683899	1.70654175701707	3429	701	698	361	701	587	2493	1009	1252	roadmap_epigenomics	NA	NA	NA	NA	NA	E021-DNase.hotspot.all.peaks.bed	8.74077275194518e-27	111181
2	994	roadmap_epigenomics	26.3713477524725	1.61796723598349	2246	702	734	839	839	758	1452	2192	2293	roadmap_epigenomics H3K36me3	NA	NA	H3K36me3	NA	NA	E120-H3K36me3.narrowPeak	1.17626715462482e-26	156848
1	410	roadmap_epigenomics	26.3685662267392	1.83314085505518	918	111	89	1069	1069	423	656	2861	3748	roadmap_epigenomics H3K9me3	NA	NA	H3K9me3	NA	NA	E041-H3K9me3.narrowPeak	1.1823688501629e-26	98944
2	127	roadmap_epigenomics	26.363810912504	1.69599102825072	3394	703	704	387	704	598	2461	1044	1284	roadmap_epigenomics H3K4me1	NA	NA	H3K4me1	NA	NA	E007-H3K4me1.narrowPeak	1.19391782043514e-26	262404
2	278	roadmap_epigenomics	26.0888906129664	1.70168273036458	3438	704	700	351	704	585	2505	1000	1240	roadmap_epigenomics	NA	NA	NA	NA	NA	E022-DNase.hotspot.all.peaks.bed	2.24575063017263e-26	119252
1	428	roadmap_epigenomics	25.9225243724996	1.79393324364135	975	112	101	1053	1053	422	715	2804	3689	roadmap_epigenomics H3K9me3	NA	NA	H3K9me3	NA	NA	E044-H3K9me3.narrowPeak	3.28999486928088e-26	145102
1	434	roadmap_epigenomics	25.8985969006285	1.84577293504811	875	113	86	1072	1072	424	618	2904	3786	roadmap_epigenomics H3K9me3	NA	NA	H3K9me3	NA	NA	E045-H3K9me3.narrowPeak	3.47208856711526e-26	83794
2	40	roadmap_epigenomics	25.6514517692778	1.62152071641224	2966	705	730	663	730	699	2075	1472	1670	roadmap_epigenomics H4K5ac	NA	NA	H4K5ac	NA	NA	E003-H4K5ac.narrowPeak	6.12639054822853e-26	130639
2	55	roadmap_epigenomics	25.6081916166618	1.65556705410449	3250	706	719	491	719	639	2333	1188	1412	roadmap_epigenomics H3K4ac	NA	NA	H3K4ac	NA	NA	E004-H3K4ac.narrowPeak	6.75980601900667e-26	176127
1	1062	roadmap_epigenomics	25.5897082067906	1.63071599480364	1587	114	135	840	840	363	1354	2192	3050	roadmap_epigenomics H3K9me3	NA	NA	H3K9me3	NA	NA	E125-H3K9me3.narrowPeak	7.04510861015939e-26	149930
2	274	roadmap_epigenomics	25.5155980322738	1.61956169602511	2968	707	733	661	733	700	2078	1470	1667	roadmap_epigenomics H3K36me3	NA	NA	H3K36me3	NA	NA	E021-H3K36me3.narrowPeak	8.3458113289506e-26	189937
2	989	roadmap_epigenomics	25.5117443169602	1.92199722585078	895	708	579	1031	1031	773	435	3543	3310	roadmap_epigenomics H4K20me1	NA	NA	H4K20me1	NA	NA	E119-H4K20me1.narrowPeak	8.40995394355575e-26	17540
2	955	roadmap_epigenomics	25.4468898496611	1.62860899456837	3071	709	727	607	727	681	2171	1367	1574	roadmap_epigenomics H2A.Z	NA	NA	H2A.Z	NA	NA	E117-H2A.Z.narrowPeak	9.75259225105611e-26	87564
2	530	roadmap_epigenomics	25.4325291714088	1.62632174934302	3052	710	728	620	728	686	2154	1386	1591	roadmap_epigenomics	NA	NA	NA	NA	NA	E059-DNase.hotspot.all.peaks.bed	1.00682355812593e-25	97681
2	275	roadmap_epigenomics	25.4101753389324	1.62512710648139	3044	711	729	625	729	688	2147	1394	1598	roadmap_epigenomics H3K4me1	NA	NA	H3K4me1	NA	NA	E021-H3K4me1.narrowPeak	1.05871840847249e-25	187283
1	385	roadmap_epigenomics	25.4091212822585	1.91685389019562	753	115	73	1096	1096	428	506	3026	3898	roadmap_epigenomics H3K9me3	NA	NA	H3K9me3	NA	NA	E037-H3K9me3.narrowPeak	1.06000624119059e-25	66247
1	599	roadmap_epigenomics	25.37308375685	1.67392181695862	1308	116	125	955	955	399	1058	2471	3346	roadmap_epigenomics H3K27me3	NA	NA	H3K27me3	NA	NA	E071-H3K27me3.narrowPeak	1.15032480693996e-25	129447
2	319	roadmap_epigenomics	25.3154469705901	1.77052198979566	3691	712	669	152	712	511	2757	747	988	roadmap_epigenomics	NA	NA	NA	NA	NA	E028-DNase.macs2.narrowPeak	1.31199579935056e-25	247966
2	779	roadmap_epigenomics	25.3145372332369	1.64584439678177	3219	713	723	518	723	651	2307	1219	1438	roadmap_epigenomics	NA	NA	NA	NA	NA	E094-DNase.hotspot.all.peaks.bed	1.31316103671907e-25	111695
2	371	roadmap_epigenomics	25.216709626525	1.59625852858017	2370	714	740	812	812	755	1565	2068	2180	roadmap_epigenomics H3K36me3	NA	NA	H3K36me3	NA	NA	E035-H3K36me3.narrowPeak	1.64294124721908e-25	184716
1	497	roadmap_epigenomics	24.9571196345405	1.68148689774887	1242	117	124	984	984	408	993	2537	3411	roadmap_epigenomics H3K9me3	NA	NA	H3K9me3	NA	NA	E054-H3K9me3.narrowPeak	2.98324618282838e-25	152197
2	752	roadmap_epigenomics	24.9264926277006	1.63842691690325	3212	715	726	523	726	655	2304	1226	1441	roadmap_epigenomics	NA	NA	NA	NA	NA	E091-DNase.hotspot.all.peaks.bed	3.19737664183243e-25	111776
1	612	roadmap_epigenomics	24.9120523237895	1.66175501292126	1324	118	128	949	949	398	1079	2455	3325	roadmap_epigenomics H3K27me3	NA	NA	H3K27me3	NA	NA	E073-H3K27me3.narrowPeak	3.30150855315687e-25	123448
2	691	roadmap_epigenomics	24.8709931645222	1.62074196338643	3083	716	731	601	731	683	2187	1355	1558	roadmap_epigenomics	NA	NA	NA	NA	NA	E084-DNase.hotspot.all.peaks.bed	3.62452030249926e-25	97138
2	152	roadmap_epigenomics	24.6178199894492	1.58865478912194	2670	717	743	757	757	739	1825	1768	1920	roadmap_epigenomics H3K4ac	NA	NA	H3K4ac	NA	NA	E008-H3K4ac.narrowPeak	6.48490005274205e-25	70510
1	492	roadmap_epigenomics	24.5647533076505	1.64532418423793	1374	119	131	926	926	392	1135	2405	3269	roadmap_epigenomics H3K9me3	NA	NA	H3K9me3	NA	NA	E053-H3K9me3.narrowPeak	7.31897336747734e-25	206695
1	305	roadmap_epigenomics	24.547616271503	1.67150051065692	1250	120	126	981	981	409	1005	2529	3399	roadmap_epigenomics H3K27me3	NA	NA	H3K27me3	NA	NA	E026-H3K27me3.narrowPeak	7.6044537421866e-25	281141
2	243	roadmap_epigenomics	24.3028822344312	1.58703335116372	2759	718	744	738	744	733	1905	1679	1840	roadmap_epigenomics H3K9me1	NA	NA	H3K9me1	NA	NA	E017-H3K9me1.narrowPeak	1.33439221281119e-24	209146
1	1050	roadmap_epigenomics	24.2460861087891	1.62882934899147	1435	121	136	897	897	385	1203	2344	3201	roadmap_epigenomics H3K9me3	NA	NA	H3K9me3	NA	NA	E124-H3K9me3.narrowPeak	1.51901367034281e-24	220527
2	531	roadmap_epigenomics	24.0523384988031	1.69148446492983	3535	719	706	283	719	569	2615	903	1130	roadmap_epigenomics	NA	NA	NA	NA	NA	E059-DNase.hotspot.fdr0.01.peaks.bed	2.37023805755261e-24	188414
1	398	roadmap_epigenomics	24.0435511877681	1.75307646029889	968	122	111	1056	1056	430	723	2811	3681	roadmap_epigenomics H3K9me3	NA	NA	H3K9me3	NA	NA	E039-H3K9me3.narrowPeak	2.41580885247228e-24	85095
2	2	roadmap_epigenomics	23.9736978173725	1.57776766953438	2641	720	750	763	763	744	1806	1797	1939	roadmap_epigenomics H3K36me3	NA	NA	H3K36me3	NA	NA	E001-H3K36me3.narrowPeak	2.83399998134909e-24	187250
2	81	roadmap_epigenomics	23.8247873795208	1.68004871275548	3509	721	711	305	721	579	2592	929	1153	roadmap_epigenomics H3K4me3	NA	NA	H3K4me3	NA	NA	E005-H3K4me3.narrowPeak	3.98836409396747e-24	88854
2	990	roadmap_epigenomics	23.8007536677797	1.7648055974033	3745	722	675	113	722	503	2823	693	922	roadmap_epigenomics	NA	NA	NA	NA	NA	E120-DNase.macs2.narrowPeak	4.21005376945606e-24	386665
2	798	roadmap_epigenomics	23.8002654004349	1.66012365098514	3431	723	718	358	723	600	2518	1007	1227	roadmap_epigenomics H3K4me3	NA	NA	H3K4me3	NA	NA	E096-H3K4me3.narrowPeak	4.21005376945606e-24	96300
2	518	roadmap_epigenomics	23.6838080725618	1.77216133265525	3765	724	668	104	724	499	2844	673	901	roadmap_epigenomics	NA	NA	NA	NA	NA	E057-DNase.macs2.narrowPeak	5.4983365131529e-24	290255
2	991	roadmap_epigenomics	23.6069912143833	1.61999608220852	3235	725	732	507	732	655	2337	1203	1408	roadmap_epigenomics H2A.Z	NA	NA	H2A.Z	NA	NA	E120-H2A.Z.narrowPeak	6.55443298167645e-24	101641
2	688	roadmap_epigenomics	23.5965439854651	1.61303519876524	3188	726	735	546	735	669	2294	1250	1451	roadmap_epigenomics H3K4me3	NA	NA	H3K4me3	NA	NA	E083-H3K4me3.narrowPeak	6.70609828526012e-24	112073
2	119	roadmap_epigenomics	23.5088106346124	1.86378912676079	3917	727	614	45	727	462	3001	521	744	roadmap_epigenomics H2BK5ac	NA	NA	H2BK5ac	NA	NA	E007-H2BK5ac.narrowPeak	8.19010297870217e-24	389247
2	255	roadmap_epigenomics	23.5087014637913	1.56895159140607	2386	728	754	811	811	764	1594	2052	2151	roadmap_epigenomics H3K27ac	NA	NA	H3K27ac	NA	NA	E019-H3K27ac.narrowPeak	8.19010297870217e-24	53191
2	117	roadmap_epigenomics	23.5023183915049	1.56910793947752	2581	729	753	780	780	754	1759	1857	1986	roadmap_epigenomics H2BK12ac	NA	NA	H2BK12ac	NA	NA	E007-H2BK12ac.narrowPeak	8.30159993519961e-24	126786
2	753	roadmap_epigenomics	23.478027029711	1.73156255944521	3684	730	687	160	730	526	2765	754	980	roadmap_epigenomics	NA	NA	NA	NA	NA	E091-DNase.hotspot.fdr0.01.peaks.bed	8.76885981993142e-24	214514
2	382	roadmap_epigenomics	23.4707604489934	1.58061893856892	2059	731	748	855	855	778	1325	2379	2420	roadmap_epigenomics H3K36me3	NA	NA	H3K36me3	NA	NA	E037-H3K36me3.narrowPeak	8.90636053712023e-24	97050
2	725	roadmap_epigenomics	23.4113875019593	1.61275033178685	3208	732	736	528	736	665	2314	1230	1431	roadmap_epigenomics	NA	NA	NA	NA	NA	E088-DNase.hotspot.all.peaks.bed	1.01991593991723e-23	112194
1	546	roadmap_epigenomics	23.3429815177468	1.61214398056363	1437	123	140	895	895	386	1214	2342	3190	roadmap_epigenomics H3K27me3	NA	NA	H3K27me3	NA	NA	E062-H3K27me3.narrowPeak	1.19251024677321e-23	117101
2	279	roadmap_epigenomics	23.2972001755967	1.71598870852317	3653	733	692	180	733	535	2736	785	1009	roadmap_epigenomics	NA	NA	NA	NA	NA	E022-DNase.hotspot.fdr0.01.peaks.bed	1.32353616183253e-23	191448
1	412	roadmap_epigenomics	23.1591799903732	1.64331256980488	1254	124	132	980	980	412	1022	2525	3382	roadmap_epigenomics H3K27me3	NA	NA	H3K27me3	NA	NA	E042-H3K27me3.narrowPeak	1.81655662315893e-23	132585
2	726	roadmap_epigenomics	23.0151058329763	1.70046709580757	3625	734	701	201	734	545	2711	813	1034	roadmap_epigenomics	NA	NA	NA	NA	NA	E088-DNase.hotspot.fdr0.01.peaks.bed	2.52823029535607e-23	243016
2	136	roadmap_epigenomics	22.9950902146054	1.69007423994308	3595	735	707	229	735	557	2682	843	1063	roadmap_epigenomics	NA	NA	NA	NA	NA	E008-DNase.hotspot.fdr0.01.peaks.bed	2.64439528106242e-23	189915
2	668	roadmap_epigenomics	22.8599699495414	1.72369727502767	3695	736	690	150	736	525	2781	743	964	roadmap_epigenomics	NA	NA	NA	NA	NA	E081-DNase.macs2.narrowPeak	3.6052995233085e-23	402299
1	638	roadmap_epigenomics	22.6348960610278	1.73839787293749	925	125	116	1068	1068	436	692	2854	3712	roadmap_epigenomics H3K9me3	NA	NA	H3K9me3	NA	NA	E076-H3K9me3.narrowPeak	6.04659025011743e-23	64003
2	22	roadmap_epigenomics	22.4936260845478	1.57521898429211	3014	737	751	637	751	708	2147	1424	1598	roadmap_epigenomics H2BK5ac	NA	NA	H2BK5ac	NA	NA	E003-H2BK5ac.narrowPeak	8.36134997092632e-23	151346
2	251	roadmap_epigenomics	22.3299257839307	1.66642286040263	3559	738	715	264	738	572	2653	879	1092	roadmap_epigenomics H3K4me1	NA	NA	H3K4me1	NA	NA	E018-H3K4me1.narrowPeak	1.21751178103392e-22	334991
2	226	roadmap_epigenomics	22.3180122610137	1.55682624419114	2143	739	759	846	846	781	1404	2295	2341	roadmap_epigenomics H2BK15ac	NA	NA	H2BK15ac	NA	NA	E017-H2BK15ac.narrowPeak	1.24992440676171e-22	218402
1	1118	ucsc_features	22.0848979677457	1.62655155318828	2903	126	137	27	137	96.7	2954	876	1450	UCSC Nested repeats	NA	NA	NA	NA	NA	nestedRepeats.bed	2.13548082780286e-22	574736
1	799	roadmap_epigenomics	22.0472552166819	1.59291835979916	2744	127	142	83	142	117	2751	1035	1653	roadmap_epigenomics H3K9me3	NA	NA	H3K9me3	NA	NA	E096-H3K9me3.narrowPeak	2.32614425169201e-22	438415
1	369	roadmap_epigenomics	21.7876744409714	1.61259985360265	1271	128	139	971	971	413	1053	2508	3351	roadmap_epigenomics H3K9me3	NA	NA	H3K9me3	NA	NA	E034-H3K9me3.narrowPeak	4.22392514798181e-22	176448
2	181	roadmap_epigenomics	21.7571103423915	1.60101102426342	3314	740	739	444	740	641	2427	1124	1318	roadmap_epigenomics H3K4me1	NA	NA	H3K4me1	NA	NA	E011-H3K4me1.narrowPeak	4.52667885259332e-22	274844
2	14	roadmap_epigenomics	21.7037348506559	1.67861479116966	3636	741	712	193	741	549	2733	802	1012	roadmap_epigenomics	NA	NA	NA	NA	NA	E003-DNase.hotspot.fdr0.01.peaks.bed	5.11275668010628e-22	181790
1	365	roadmap_epigenomics	21.6981330934347	1.53900931837991	2127	129	156	558	558	281	2006	1652	2398	roadmap_epigenomics H3K27me3	NA	NA	H3K27me3	NA	NA	E034-H3K27me3.narrowPeak	5.17317780813893e-22	387733
1	394	roadmap_epigenomics	21.560517396341	1.622979982111	1203	130	138	995	995	421	984	2576	3420	roadmap_epigenomics H3K27me3	NA	NA	H3K27me3	NA	NA	E039-H3K27me3.narrowPeak	7.09372258682081e-22	115142
2	622	roadmap_epigenomics	21.5582674589231	1.64401533369373	3531	742	725	290	742	586	2633	907	1112	roadmap_epigenomics H3K4me3	NA	NA	H3K4me3	NA	NA	E074-H3K4me3.narrowPeak	7.12239094235165e-22	90281
2	1015	roadmap_epigenomics	21.496144308309	1.58019685070601	3207	743	749	530	749	674	2331	1231	1414	roadmap_epigenomics H2A.Z	NA	NA	H2A.Z	NA	NA	E122-H2A.Z.narrowPeak	8.20826180439405e-22	124665
2	446	roadmap_epigenomics	21.4652066594214	1.53687889516044	2322	744	762	823	823	776	1560	2116	2185	roadmap_epigenomics H3K36me3	NA	NA	H3K36me3	NA	NA	E047-H3K36me3.narrowPeak	8.80423568471483e-22	150951
1	352	roadmap_epigenomics	21.4539853902747	1.63386547341146	1150	131	134	1016	1016	427	930	2629	3474	roadmap_epigenomics H3K9me3	NA	NA	H3K9me3	NA	NA	E032-H3K9me3.narrowPeak	9.02435785467687e-22	126853
2	43	roadmap_epigenomics	21.4404279127058	1.5817227445258	3225	745	747	512	747	668	2348	1213	1397	roadmap_epigenomics	NA	NA	NA	NA	NA	E004-DNase.hotspot.all.peaks.bed	9.29988831568605e-22	114500
1	787	roadmap_epigenomics	21.312363783399	1.54606298317259	1709	132	153	792	792	359	1533	2070	2871	roadmap_epigenomics H3K9me3	NA	NA	H3K9me3	NA	NA	E094-H3K9me3.narrowPeak	1.24751672040067e-21	157542
1	993	roadmap_epigenomics	21.0845403033492	1.65176162518471	1059	133	130	1034	1034	432	840	2720	3564	roadmap_epigenomics H3K27me3	NA	NA	H3K27me3	NA	NA	E120-H3K27me3.narrowPeak	2.1055954461508e-21	126488
2	814	roadmap_epigenomics	21.0613702761142	1.56721011176209	3164	746	757	563	757	689	2296	1274	1449	roadmap_epigenomics H3K36me3	NA	NA	H3K36me3	NA	NA	E098-H3K36me3.narrowPeak	2.21845488247557e-21	278364
1	416	roadmap_epigenomics	20.9005660924865	1.7598710735534	795	134	109	1090	1090	444	579	2984	3825	roadmap_epigenomics H3K9me3	NA	NA	H3K9me3	NA	NA	E042-H3K9me3.narrowPeak	3.2089354961452e-21	78727
2	1053	roadmap_epigenomics	20.8322838132475	1.5725939209148	3235	747	752	507	752	669	2363	1203	1382	roadmap_epigenomics H2A.Z	NA	NA	H2A.Z	NA	NA	E125-H2A.Z.narrowPeak	3.75102561841469e-21	96604
1	456	roadmap_epigenomics	20.7138603850957	1.77964239704319	754	135	104	1095	1095	445	541	3025	3863	roadmap_epigenomics H3K9me3	NA	NA	H3K9me3	NA	NA	E048-H3K9me3.narrowPeak	4.92131066860636e-21	50821
2	265	roadmap_epigenomics	20.6998266727105	1.59497583251609	3385	748	741	394	748	628	2503	1053	1242	roadmap_epigenomics H3K4me1	NA	NA	H3K4me1	NA	NA	E020-H3K4me1.narrowPeak	5.07717783753101e-21	289288
1	424	roadmap_epigenomics	20.6784444111084	1.55319432900235	1515	136	149	863	863	383	1326	2264	3078	roadmap_epigenomics H3K27me3	NA	NA	H3K27me3	NA	NA	E044-H3K27me3.narrowPeak	5.32737263815619e-21	189790
2	60	roadmap_epigenomics	20.6400640847915	1.52838032060803	2149	749	764	845	845	786	1425	2289	2320	roadmap_epigenomics H3K79me2	NA	NA	H3K79me2	NA	NA	E004-H3K79me2.narrowPeak	5.81302775344175e-21	172076
2	778	roadmap_epigenomics	20.4971559407465	1.5688682167562	3250	750	755	491	755	665	2380	1188	1365	roadmap_epigenomics H3K9me3	NA	NA	H3K9me3	NA	NA	E093-H3K9me3.narrowPeak	8.06900694551211e-21	234001
1	375	roadmap_epigenomics	20.2446745391851	1.54621889719289	1507	137	152	865	865	385	1322	2272	3082	roadmap_epigenomics H3K27me3	NA	NA	H3K27me3	NA	NA	E036-H3K27me3.narrowPeak	1.44148986388304e-20	292043
1	553	roadmap_epigenomics	20.0694402670572	1.56297692707039	1360	138	146	933	933	406	1165	2419	3239	roadmap_epigenomics H3K27me3	NA	NA	H3K27me3	NA	NA	E063-H3K27me3.narrowPeak	2.155542147597e-20	207798
2	142	roadmap_epigenomics	19.8938564944642	1.51192482382554	2266	751	768	835	835	785	1529	2172	2216	roadmap_epigenomics H2BK15ac	NA	NA	H2BK15ac	NA	NA	E008-H2BK15ac.narrowPeak	3.22590442679888e-20	52204
1	392	roadmap_epigenomics	19.7870522420491	1.77937166925611	713	139	105	1102	1102	449	509	3066	3895	roadmap_epigenomics H3K9me3	NA	NA	H3K9me3	NA	NA	E038-H3K9me3.narrowPeak	4.12066684405061e-20	43418
2	676	roadmap_epigenomics	19.7605160909166	1.67603703313745	3736	752	713	123	752	529	2848	702	897	roadmap_epigenomics	NA	NA	NA	NA	NA	E082-DNase.macs2.narrowPeak	4.37538181015774e-20	496530
1	481	roadmap_epigenomics	19.6546764918235	1.55811792973565	1340	140	148	940	940	409	1148	2439	3256	roadmap_epigenomics H3K27me3	NA	NA	H3K27me3	NA	NA	E052-H3K27me3.narrowPeak	5.5765860207052e-20	291852
2	672	roadmap_epigenomics	19.6265827888578	1.50697434519001	2617	753	770	768	770	764	1828	1821	1917	roadmap_epigenomics H3K4me3	NA	NA	H3K4me3	NA	NA	E081-H3K4me3.narrowPeak	5.94258639277058e-20	47518
1	1099	roadmap_epigenomics	19.5391974794079	2.32447412910649	346	141	14	1120	1120	425	183	3433	4221	roadmap_epigenomics H3K9me3	NA	NA	H3K9me3	NA	NA	E128-H3K9me3.narrowPeak	7.25896585774809e-20	16125
2	1013	roadmap_epigenomics	19.4355119269579	1.51405091270438	2018	754	767	860	860	794	1330	2420	2415	roadmap_epigenomics H4K20me1	NA	NA	H4K20me1	NA	NA	E121-H4K20me1.narrowPeak	9.20608095597012e-20	116908
1	1017	roadmap_epigenomics	19.2898298805968	1.57441492138647	1211	142	144	991	991	426	1015	2568	3389	roadmap_epigenomics H3K27me3	NA	NA	H3K27me3	NA	NA	E122-H3K27me3.narrowPeak	1.2860914815026e-19	176690
2	3	roadmap_epigenomics	19.177395242846	1.56114648273948	3352	755	758	427	758	647	2487	1086	1258	roadmap_epigenomics H3K4me1	NA	NA	H3K4me1	NA	NA	E001-H3K4me1.narrowPeak	1.66426341390181e-19	308728
1	348	roadmap_epigenomics	19.1744317462622	1.53148978864577	1464	143	158	880	880	394	1287	2315	3117	roadmap_epigenomics H3K27me3	NA	NA	H3K27me3	NA	NA	E032-H3K27me3.narrowPeak	1.67379269838346e-19	178963
2	318	roadmap_epigenomics	19.094732482463	1.59075695119968	3507	756	742	307	756	602	2633	931	1112	roadmap_epigenomics	NA	NA	NA	NA	NA	E028-DNase.hotspot.fdr0.01.peaks.bed	2.00871155453118e-19	186595
2	978	roadmap_epigenomics	19.0528875382506	1.66852194737578	3755	757	714	109	757	527	2873	683	872	roadmap_epigenomics	NA	NA	NA	NA	NA	E119-DNase.macs2.narrowPeak	2.20942724060535e-19	292840
2	118	roadmap_epigenomics	19.0432491596429	1.49656746510932	2312	758	774	824	824	785	1576	2126	2169	roadmap_epigenomics H2BK15ac	NA	NA	H2BK15ac	NA	NA	E007-H2BK15ac.narrowPeak	2.25650240797291e-19	91360
2	1041	roadmap_epigenomics	18.9712362045689	1.58488720408329	3492	759	745	316	759	607	2620	946	1125	roadmap_epigenomics H2A.Z	NA	NA	H2A.Z	NA	NA	E124-H2A.Z.narrowPeak	2.66052295159132e-19	136897
1	855	roadmap_epigenomics	18.8315687861585	2.21902680875366	366	144	17	1118	1118	426	203	3413	4201	roadmap_epigenomics H3K27me3	NA	NA	H3K27me3	NA	NA	E104-H3K27me3.narrowPeak	3.66566873559546e-19	18466
1	631	roadmap_epigenomics	18.6258487030176	1.51536202754974	1516	145	162	861	861	389	1350	2263	3054	roadmap_epigenomics H3K9me3	NA	NA	H3K9me3	NA	NA	E075-H3K9me3.narrowPeak	5.88020704992125e-19	149780
2	59	roadmap_epigenomics	18.5731654195863	1.49396931600472	2120	760	775	849	849	795	1422	2318	2323	roadmap_epigenomics H3K79me1	NA	NA	H3K79me1	NA	NA	E004-H3K79me1.narrowPeak	6.63125537299375e-19	133659
1	976	roadmap_epigenomics	18.3777844583029	1.99292994495974	461	146	52	1115	1115	438	287	3318	4117	roadmap_epigenomics H3K9me3	NA	NA	H3K9me3	NA	NA	E118-H3K9me3.narrowPeak	1.03871665667547e-18	97122
2	146	roadmap_epigenomics	18.1077367867501	1.53643601459732	3322	761	763	442	763	655	2470	1116	1275	roadmap_epigenomics H3K18ac	NA	NA	H3K18ac	NA	NA	E008-H3K18ac.narrowPeak	1.93226050961477e-18	148881
2	162	roadmap_epigenomics	18.0937282218623	1.61166609320269	3657	762	737	177	762	559	2786	781	959	roadmap_epigenomics H4K20me1	NA	NA	H4K20me1	NA	NA	E008-H4K20me1.narrowPeak	1.99340563473777e-18	284568
1	834	roadmap_epigenomics	18.0413716631777	1.51533642780268	1420	147	163	906	906	405	1252	2359	3152	roadmap_epigenomics H3K27me3	NA	NA	H3K27me3	NA	NA	E101-H3K27me3.narrowPeak	2.24633335336965e-18	178729
2	449	roadmap_epigenomics	18.0270789064266	1.54087790640549	3359	763	761	418	763	647	2505	1079	1240	roadmap_epigenomics H3K9ac	NA	NA	H3K9ac	NA	NA	E047-H3K9ac.narrowPeak	2.31893968647367e-18	147914
1	661	roadmap_epigenomics	18.0100961524402	1.48212166022632	1831	148	171	726	726	348	1709	1948	2695	roadmap_epigenomics H3K27me3	NA	NA	H3K27me3	NA	NA	E080-H3K27me3.narrowPeak	2.40876938373853e-18	290737
2	713	roadmap_epigenomics	17.9781117799075	1.48282187594633	2138	764	781	847	847	797	1443	2300	2302	roadmap_epigenomics H3K36me3	NA	NA	H3K36me3	NA	NA	E086-H3K36me3.narrowPeak	2.59002009539504e-18	98059
2	64	roadmap_epigenomics	17.972442694014	1.49686940280775	2991	765	773	650	773	729	2172	1447	1573	roadmap_epigenomics	NA	NA	NA	NA	NA	E005-DNase.hotspot.all.peaks.bed	2.62117658882193e-18	102999
1	587	roadmap_epigenomics	17.8832445843326	1.59848493418103	992	149	141	1048	1048	446	802	2787	3602	roadmap_epigenomics H3K27me3	NA	NA	H3K27me3	NA	NA	E069-H3K27me3.narrowPeak	3.21528127914019e-18	78271
2	44	roadmap_epigenomics	17.820042696635	1.60209344192043	3645	766	738	188	766	564	2777	793	968	roadmap_epigenomics	NA	NA	NA	NA	NA	E004-DNase.hotspot.fdr0.01.peaks.bed	3.7148900226074e-18	238986
2	317	roadmap_epigenomics	17.8102029433562	1.49910927964399	3053	767	772	619	772	719	2229	1385	1516	roadmap_epigenomics	NA	NA	NA	NA	NA	E028-DNase.hotspot.all.peaks.bed	3.79587003932728e-18	103263
1	360	roadmap_epigenomics	17.780849758761	1.79379622640619	609	150	102	1109	1109	454	426	3170	3978	roadmap_epigenomics H3K9me3	NA	NA	H3K9me3	NA	NA	E033-H3K9me3.narrowPeak	4.05686594847029e-18	37434
2	66	roadmap_epigenomics	17.7338838777006	1.58469202903346	3591	768	746	236	768	583	2726	847	1019	roadmap_epigenomics	NA	NA	NA	NA	NA	E005-DNase.macs2.narrowPeak	4.51526446945032e-18	271969
1	901	roadmap_epigenomics	17.6807948065274	1.54417452407331	1193	151	155	1000	1000	435	1013	2586	3391	roadmap_epigenomics H3K27me3	NA	NA	H3K27me3	NA	NA	E111-H3K27me3.narrowPeak	5.09682161668961e-18	155817
1	652	roadmap_epigenomics	17.6552965265062	1.54462226834858	1188	152	154	1004	1004	437	1008	2591	3396	roadmap_epigenomics H3K27me3	NA	NA	H3K27me3	NA	NA	E079-H3K27me3.narrowPeak	5.39915005967358e-18	85895
2	1090	roadmap_epigenomics	17.6331754329458	1.48935517788869	2970	769	779	659	779	736	2157	1468	1588	roadmap_epigenomics H2A.Z	NA	NA	H2A.Z	NA	NA	E128-H2A.Z.narrowPeak	5.6751152917386e-18	88185
1	981	roadmap_epigenomics	17.6076601844982	1.53255152279146	1247	153	157	982	982	431	1071	2532	3333	roadmap_epigenomics H3K27me3	NA	NA	H3K27me3	NA	NA	E119-H3K27me3.narrowPeak	6.01199549348755e-18	181513
2	1065	roadmap_epigenomics	17.5708035347742	1.48623696069972	2941	770	780	677	780	742	2132	1497	1613	roadmap_epigenomics H2A.Z	NA	NA	H2A.Z	NA	NA	E126-H2A.Z.narrowPeak	6.53739183272119e-18	69033
2	126	roadmap_epigenomics	17.5540929041793	1.48157554582578	1998	771	782	862	862	805	1333	2440	2412	roadmap_epigenomics H3K4ac	NA	NA	H3K4ac	NA	NA	E007-H3K4ac.narrowPeak	6.78648473444995e-18	45590
1	1114	ucsc_features	17.4315374323738	1.72542763675909	684	154	118	1104	1104	459	500	3095	3904	UCSC Genomic superdups	NA	NA	NA	NA	NA	genomicSuperDups.bed	8.98939754134676e-18	49852
2	134	roadmap_epigenomics	17.42203209986	1.50189112101855	3153	772	771	572	772	705	2323	1285	1422	roadmap_epigenomics H4K91ac	NA	NA	H4K91ac	NA	NA	E007-H4K91ac.narrowPeak	9.17839333869422e-18	168000
1	167	roadmap_epigenomics	17.4027119957662	1.50491223826723	1404	155	165	912	912	411	1242	2375	3162	roadmap_epigenomics H3K27me3	NA	NA	H3K27me3	NA	NA	E009-H3K27me3.narrowPeak	9.58557174320726e-18	215158
2	65	roadmap_epigenomics	17.3282976976399	1.52001291808317	3310	773	765	447	773	662	2467	1128	1278	roadmap_epigenomics	NA	NA	NA	NA	NA	E005-DNase.hotspot.fdr0.01.peaks.bed	1.13648596834816e-17	152235
1	724	roadmap_epigenomics	17.1331959617045	1.72519656861158	670	156	119	1106	1106	460	489	3109	3915	roadmap_epigenomics H3K9me3	NA	NA	H3K9me3	NA	NA	E087-H3K9me3.narrowPeak	1.77909064579837e-17	39484
1	656	roadmap_epigenomics	17.0935998927769	1.46709348175192	2322	157	173	401	401	244	2293	1457	2111	roadmap_epigenomics H3K9me3	NA	NA	H3K9me3	NA	NA	E079-H3K9me3.narrowPeak	1.94682498219868e-17	258176
1	400	roadmap_epigenomics	17.0503582723786	1.55096262819689	1097	158	150	1024	1024	444	919	2682	3485	roadmap_epigenomics H3K27me3	NA	NA	H3K27me3	NA	NA	E040-H3K27me3.narrowPeak	2.14833398430059e-17	76554
2	140	roadmap_epigenomics	16.9695878013477	1.46924934458021	2830	774	792	718	792	761	2041	1608	1704	roadmap_epigenomics H2BK120ac	NA	NA	H2BK120ac	NA	NA	E008-H2BK120ac.narrowPeak	2.5846755716186e-17	97781
2	674	roadmap_epigenomics	16.9667390801164	1.47902343707184	2990	775	786	651	786	737	2182	1448	1563	roadmap_epigenomics	NA	NA	NA	NA	NA	E082-DNase.hotspot.all.peaks.bed	2.59889676221997e-17	115791
2	165	roadmap_epigenomics	16.9275606661725	1.45916254246185	2461	776	794	799	799	790	1724	1977	2021	roadmap_epigenomics H4K91ac	NA	NA	H4K91ac	NA	NA	E008-H4K91ac.narrowPeak	2.84120263989009e-17	81358
1	639	roadmap_epigenomics	16.7312552932524	1.49595248662322	1370	159	167	930	930	419	1213	2409	3191	roadmap_epigenomics H3K27me3	NA	NA	H3K27me3	NA	NA	E077-H3K27me3.narrowPeak	4.46008204493402e-17	151995
2	517	roadmap_epigenomics	16.7088117418958	1.54931114299273	3534	777	760	285	777	607	2682	904	1063	roadmap_epigenomics	NA	NA	NA	NA	NA	E057-DNase.hotspot.fdr0.01.peaks.bed	4.69161278707311e-17	209886
2	200	roadmap_epigenomics	16.6074607457607	1.51966526329461	3395	778	766	385	778	643	2553	1043	1192	roadmap_epigenomics H3K4me1	NA	NA	H3K4me1	NA	NA	E014-H3K4me1.narrowPeak	5.91846951906058e-17	314776
1	1103	roadmap_epigenomics	16.3654686212725	1.48911354878556	1366	160	169	931	931	420	1213	2413	3191	roadmap_epigenomics H3K27me3	NA	NA	H3K27me3	NA	NA	E129-H3K27me3.narrowPeak	1.03213924676479e-16	309622
2	108	roadmap_epigenomics	16.3071359909611	1.56722229706679	3637	779	756	191	779	575	2784	801	961	roadmap_epigenomics H3K9ac	NA	NA	H3K9ac	NA	NA	E006-H3K9ac.narrowPeak	1.17925620121899e-16	193085
1	298	roadmap_epigenomics	16.1492322541324	1.49059777967177	1322	161	168	950	950	426	1168	2457	3236	roadmap_epigenomics H3K27me3	NA	NA	H3K27me3	NA	NA	E025-H3K27me3.narrowPeak	1.69453149123681e-16	300249
2	258	roadmap_epigenomics	16.0594658748701	1.49023991721224	3269	780	778	483	780	680	2443	1169	1302	roadmap_epigenomics H3K4me1	NA	NA	H3K4me1	NA	NA	E019-H3K4me1.narrowPeak	2.08139378593466e-16	213365
2	145	roadmap_epigenomics	15.8828485375599	1.5117410325561	3432	781	769	355	781	635	2595	1006	1150	roadmap_epigenomics H3K14ac	NA	NA	H3K14ac	NA	NA	E008-H3K14ac.narrowPeak	3.12255654505738e-16	181023
2	280	roadmap_epigenomics	15.7627413980963	1.81035233317584	4084	782	643	4	782	476	3237	354	508	roadmap_epigenomics	NA	NA	NA	NA	NA	E022-DNase.macs2.narrowPeak	4.11298060044233e-16	671885
1	334	roadmap_epigenomics	15.6962393052372	1.44093418052842	1826	162	174	729	729	355	1733	1953	2671	roadmap_epigenomics H3K27me3	NA	NA	H3K27me3	NA	NA	E030-H3K27me3.narrowPeak	4.78848854004027e-16	255104
2	1101	roadmap_epigenomics	15.65111835853	1.48025253868633	3252	783	785	489	785	686	2432	1186	1313	roadmap_epigenomics H2A.Z	NA	NA	H2A.Z	NA	NA	E129-H2A.Z.narrowPeak	5.30712827612887e-16	144805
2	714	roadmap_epigenomics	15.6406756873292	1.43639777419448	2452	784	797	801	801	794	1731	1986	2014	roadmap_epigenomics H3K4me1	NA	NA	H3K4me1	NA	NA	E086-H3K4me1.narrowPeak	5.43053889020207e-16	91722
1	387	roadmap_epigenomics	15.616031942357	1.52580653908673	1063	163	159	1031	1031	451	899	2716	3505	roadmap_epigenomics H3K27me3	NA	NA	H3K27me3	NA	NA	E038-H3K27me3.narrowPeak	5.74153254057642e-16	62829
2	227	roadmap_epigenomics	15.6073803744671	1.45960226831589	1775	785	793	876	876	818	1174	2663	2571	roadmap_epigenomics H2BK20ac	NA	NA	H2BK20ac	NA	NA	E017-H2BK20ac.narrowPeak	5.85087796817173e-16	200922
2	214	roadmap_epigenomics	15.4541485758066	1.48103238499223	3288	786	783	461	786	677	2467	1150	1278	roadmap_epigenomics H3K4me1	NA	NA	H3K4me1	NA	NA	E016-H3K4me1.narrowPeak	8.31754125586151e-16	292493
1	929	roadmap_epigenomics	15.2760808453609	1.52172432190799	1046	164	161	1036	1036	454	885	2733	3519	roadmap_epigenomics H3K9me3	NA	NA	H3K9me3	NA	NA	E114-H3K9me3.narrowPeak	1.25200280327711e-15	103230
1	1121	ucsc_features	15.0772482524389	1.54951244792896	3120	165	151	6	165	107	3318	659	1086	UCSC Simple repeats	NA	NA	NA	NA	NA	simpleRepeat.bed	1.97688307189285e-15	958537
2	84	roadmap_epigenomics	15.0507071522042	1.44458278263669	2996	787	796	646	796	743	2209	1442	1536	roadmap_epigenomics H3K9ac	NA	NA	H3K9ac	NA	NA	E005-H3K9ac.narrowPeak	2.09925719970891e-15	76244
1	580	roadmap_epigenomics	14.9871122736103	1.59048628546411	801	166	143	1087	1087	465	637	2978	3767	roadmap_epigenomics H3K27me3	NA	NA	H3K27me3	NA	NA	E068-H3K27me3.narrowPeak	2.42775343725774e-15	52286
2	667	roadmap_epigenomics	14.9829959013813	1.47690660002213	3326	788	788	441	788	672	2507	1112	1238	roadmap_epigenomics	NA	NA	NA	NA	NA	E081-DNase.hotspot.fdr0.01.peaks.bed	2.4483047538399e-15	206920
1	813	roadmap_epigenomics	14.9421306800656	1.56682617826658	860	167	145	1077	1077	463	697	2919	3707	roadmap_epigenomics H3K27me3	NA	NA	H3K27me3	NA	NA	E098-H3K27me3.narrowPeak	2.68704970621656e-15	34318
2	675	roadmap_epigenomics	14.8863316275193	1.47040848410141	3292	789	790	456	790	678	2477	1146	1268	roadmap_epigenomics	NA	NA	NA	NA	NA	E082-DNase.hotspot.fdr0.01.peaks.bed	3.05225091170481e-15	195020
2	806	roadmap_epigenomics	14.8003088321801	1.45613392708337	3184	790	795	548	795	711	2380	1254	1365	roadmap_epigenomics H3K4me1	NA	NA	H3K4me1	NA	NA	E097-H3K4me1.narrowPeak	3.71696936741879e-15	316356
2	979	roadmap_epigenomics	14.6841915961089	1.48067401815412	3392	791	784	390	791	655	2571	1046	1174	roadmap_epigenomics H2A.Z	NA	NA	H2A.Z	NA	NA	E119-H2A.Z.narrowPeak	4.85123872895057e-15	137376
2	666	roadmap_epigenomics	14.5938905884037	1.4323318394295	2939	792	798	679	798	756	2164	1499	1581	roadmap_epigenomics	NA	NA	NA	NA	NA	E081-DNase.hotspot.all.peaks.bed	5.96623775931514e-15	115426
2	47	roadmap_epigenomics	14.5926895320141	1.42701205833232	2841	793	799	713	799	768	2078	1597	1667	roadmap_epigenomics H2BK120ac	NA	NA	H2BK120ac	NA	NA	E004-H2BK120ac.narrowPeak	5.97652839026734e-15	149531
1	476	roadmap_epigenomics	14.5803906599851	1.47499235497757	1203	168	172	995	995	445	1059	2576	3345	roadmap_epigenomics H3K27me3	NA	NA	H3K27me3	NA	NA	E051-H3K27me3.narrowPeak	6.14180048349663e-15	236036
2	561	roadmap_epigenomics	14.5113920665878	1.41802809810731	2212	794	800	841	841	812	1543	2226	2202	roadmap_epigenomics H3K36me3	NA	NA	H3K36me3	NA	NA	E065-H3K36me3.narrowPeak	7.19188299615162e-15	104024
2	1003	roadmap_epigenomics	14.4427070303934	1.47713733557138	3401	795	787	379	795	654	2582	1037	1163	roadmap_epigenomics H2A.Z	NA	NA	H2A.Z	NA	NA	E121-H2A.Z.narrowPeak	8.41543237468274e-15	153394
2	42	roadmap_epigenomics	14.3101281703528	1.41279866002714	2305	796	802	828	828	809	1623	2133	2122	roadmap_epigenomics H4K91ac	NA	NA	H4K91ac	NA	NA	E003-H4K91ac.narrowPeak	1.14078695849229e-14	106820
2	166	roadmap_epigenomics	14.2061600666683	1.46961263209158	3384	797	791	396	797	661	2569	1054	1176	roadmap_epigenomics H2A.Z	NA	NA	H2A.Z	NA	NA	E009-H2A.Z.narrowPeak	1.44784600428823e-14	158512
2	121	roadmap_epigenomics	14.1906915593801	1.49113935073741	3510	798	777	303	798	626	2686	928	1059	roadmap_epigenomics H3K18ac	NA	NA	H3K18ac	NA	NA	E007-H3K18ac.narrowPeak	1.49879096400211e-14	252687
2	340	roadmap_epigenomics	13.8672446482058	1.41368337175425	1972	799	801	864	864	821	1353	2466	2392	roadmap_epigenomics H3K36me3	NA	NA	H3K36me3	NA	NA	E031-H3K36me3.narrowPeak	3.1531064260727e-14	119677
2	1100	roadmap_epigenomics	13.4425023011239	1.47419009752329	1259	800	789	933	933	841	793	3179	2952	roadmap_epigenomics H4K20me1	NA	NA	H4K20me1	NA	NA	E128-H4K20me1.narrowPeak	8.37591176151772e-14	29799
1	370	roadmap_epigenomics	12.9694797009419	1.55855115039122	733	169	147	1101	1101	472	589	3046	3815	roadmap_epigenomics H3K27me3	NA	NA	H3K27me3	NA	NA	E035-H3K27me3.narrowPeak	2.48660197315704e-13	55503
1	468	roadmap_epigenomics	12.7752180551861	1.43557607955575	1194	170	176	999	999	448	1072	2585	3332	roadmap_epigenomics H3K27me3	NA	NA	H3K27me3	NA	NA	E050-H3K27me3.narrowPeak	3.88525888670354e-13	188829
2	321	roadmap_epigenomics	12.7478926912655	1.3829691037467	2461	801	812	799	812	804	1774	1977	1971	roadmap_epigenomics H3K36me3	NA	NA	H3K36me3	NA	NA	E028-H3K36me3.narrowPeak	4.13330859123759e-13	214696
1	540	roadmap_epigenomics	12.6407432831801	1.38369205132647	2261	171	184	444	444	266	2283	1518	2121	roadmap_epigenomics H3K27me3	NA	NA	H3K27me3	NA	NA	E061-H3K27me3.narrowPeak	5.28445499780241e-13	303846
2	141	roadmap_epigenomics	12.4584675868527	1.3893727621057	1892	802	809	870	870	827	1305	2546	2440	roadmap_epigenomics H2BK12ac	NA	NA	H2BK12ac	NA	NA	E008-H2BK12ac.narrowPeak	8.03210403153233e-13	46023
2	920	roadmap_epigenomics	12.3218471909397	1.39650714814222	3061	803	807	613	807	741	2300	1377	1445	roadmap_epigenomics H2A.Z	NA	NA	H2A.Z	NA	NA	E114-H2A.Z.narrowPeak	1.0990149598598e-12	88217
1	293	roadmap_epigenomics	12.3104039948671	1.37411145224886	2057	172	186	612	612	323	2048	1722	2356	roadmap_epigenomics H3K27me3	NA	NA	H3K27me3	NA	NA	E024-H3K27me3.narrowPeak	1.12720041854241e-12	222597
2	26	roadmap_epigenomics	12.3045479912022	1.40130947715818	3127	804	804	584	804	731	2359	1311	1386	roadmap_epigenomics H3K23me2	NA	NA	H3K23me2	NA	NA	E003-H3K23me2.narrowPeak	1.14133186629924e-12	95590
2	516	roadmap_epigenomics	12.2523029497178	1.38518994385809	2899	805	810	697	810	771	2158	1539	1587	roadmap_epigenomics	NA	NA	NA	NA	NA	E057-DNase.hotspot.all.peaks.bed	1.28591492941486e-12	102170
2	116	roadmap_epigenomics	12.0656403021029	1.37741688782729	2808	806	813	724	813	781	2081	1630	1664	roadmap_epigenomics H2BK120ac	NA	NA	H2BK120ac	NA	NA	E007-H2BK120ac.narrowPeak	1.97437932698087e-12	114993
1	439	roadmap_epigenomics	12.0462501290662	1.41472412520197	1223	173	178	988	988	446	1113	2556	3291	roadmap_epigenomics H3K27me3	NA	NA	H3K27me3	NA	NA	E046-H3K27me3.narrowPeak	2.06241914293111e-12	116582
2	120	roadmap_epigenomics	11.9909236551249	1.40903859013907	3275	807	803	477	807	696	2496	1163	1249	roadmap_epigenomics H3K14ac	NA	NA	H3K14ac	NA	NA	E007-H3K14ac.narrowPeak	2.34023796827291e-12	184207
1	879	roadmap_epigenomics	11.9658616352856	1.39586528108055	1375	174	179	925	925	426	1280	2404	3124	roadmap_epigenomics H3K27me3	NA	NA	H3K27me3	NA	NA	E108-H3K27me3.narrowPeak	2.47673253538938e-12	189539
1	1074	roadmap_epigenomics	11.8602467988558	1.81708456616522	364	175	94	1119	1119	463	244	3415	4160	roadmap_epigenomics H3K9me3	NA	NA	H3K9me3	NA	NA	E126-H3K9me3.narrowPeak	3.1553785236494e-12	12150
2	1077	roadmap_epigenomics	11.8264059981795	1.39742254508957	3195	808	806	540	808	718	2426	1243	1319	roadmap_epigenomics H2A.Z	NA	NA	H2A.Z	NA	NA	E127-H2A.Z.narrowPeak	3.40761276076939e-12	137462
2	63	roadmap_epigenomics	11.7473878876106	1.38510824228202	3065	809	811	612	811	744	2311	1373	1434	roadmap_epigenomics H4K8ac	NA	NA	H4K8ac	NA	NA	E004-H4K8ac.narrowPeak	4.08344552127705e-12	131576
2	24	roadmap_epigenomics	11.5619071614188	1.3981363992771	3259	810	805	484	810	700	2487	1179	1258	roadmap_epigenomics H3K18ac	NA	NA	H3K18ac	NA	NA	E003-H3K18ac.narrowPeak	6.25268226191274e-12	249755
2	856	roadmap_epigenomics	11.4940168906398	1.49158508260241	3769	811	776	102	811	563	2961	669	784	roadmap_epigenomics H3K36me3	NA	NA	H3K36me3	NA	NA	E104-H3K36me3.narrowPeak	7.30324628305567e-12	300362
2	401	roadmap_epigenomics	11.374359741113	1.35776132866558	2187	812	817	842	842	824	1562	2251	2183	roadmap_epigenomics H3K36me3	NA	NA	H3K36me3	NA	NA	E040-H3K36me3.narrowPeak	9.61020956344957e-12	157464
1	899	roadmap_epigenomics	11.1918379672179	1.48667232528891	777	176	170	1093	1093	480	653	3002	3751	roadmap_epigenomics H3K9me3	NA	NA	H3K9me3	NA	NA	E110-H3K9me3.narrowPeak	1.46155391338379e-11	32117
1	841	roadmap_epigenomics	11.0439450551961	1.39565940783106	1188	177	181	1004	1004	454	1089	2591	3315	roadmap_epigenomics H3K27me3	NA	NA	H3K27me3	NA	NA	E102-H3K27me3.narrowPeak	2.05243024148417e-11	129148
2	30	roadmap_epigenomics	10.9997696261404	1.39297853604516	1422	813	808	911	911	844	947	3016	2798	roadmap_epigenomics H3K4ac	NA	NA	H3K4ac	NA	NA	E003-H3K4ac.narrowPeak	2.26989062516240e-11	34100
1	233	roadmap_epigenomics	10.5644527077876	1.37717753537324	1246	178	185	983	983	449	1159	2533	3245	roadmap_epigenomics H3K27me3	NA	NA	H3K27me3	NA	NA	E017-H3K27me3.narrowPeak	6.1785048176776e-11	299272
2	158	roadmap_epigenomics	10.5633326331829	1.36236166018963	1659	814	816	886	886	839	1141	2779	2604	roadmap_epigenomics H3K79me2	NA	NA	H3K79me2	NA	NA	E008-H3K79me2.narrowPeak	6.18821574672699e-11	81576
2	144	roadmap_epigenomics	10.4237798625636	1.33669244297538	2387	815	819	810	819	815	1743	2051	2002	roadmap_epigenomics H2BK5ac	NA	NA	H2BK5ac	NA	NA	E008-H2BK5ac.narrowPeak	8.52473016097625e-11	66830
2	286	roadmap_epigenomics	10.3197377893331	1.36261159591418	3167	816	815	561	816	731	2421	1271	1324	roadmap_epigenomics H3K9me3	NA	NA	H3K9me3	NA	NA	E022-H3K9me3.narrowPeak	1.08214530161584e-10	207447
1	534	roadmap_epigenomics	10.1537144068439	1.39097133982591	1065	179	182	1030	1030	464	969	2714	3435	roadmap_epigenomics H3K27me3	NA	NA	H3K27me3	NA	NA	E059-H3K27me3.narrowPeak	1.58442710867724e-10	100360
2	36	roadmap_epigenomics	10.0316770818117	1.32859067431591	2353	817	823	815	823	818	1720	2085	2025	roadmap_epigenomics H3K79me2	NA	NA	H3K79me2	NA	NA	E003-H3K79me2.narrowPeak	2.09639604493308e-10	125042
1	783	roadmap_epigenomics	9.9660035046825	1.38968999226496	1042	180	183	1037	1037	467	947	2737	3457	roadmap_epigenomics H3K27me3	NA	NA	H3K27me3	NA	NA	E094-H3K27me3.narrowPeak	2.43618962274793e-10	42768
2	25	roadmap_epigenomics	9.8855506748279	1.36769913131352	1403	818	814	912	912	848	946	3035	2799	roadmap_epigenomics H3K23ac	NA	NA	H3K23ac	NA	NA	E003-H3K23ac.narrowPeak	2.92906180602543e-10	29392
1	690	roadmap_epigenomics	9.86051002464206	1.3288850357747	1739	181	193	773	773	382	1721	2040	2683	roadmap_epigenomics H3K9me3	NA	NA	H3K9me3	NA	NA	E083-H3K9me3.narrowPeak	3.09980403361835e-10	79957
2	670	roadmap_epigenomics	9.79367257769695	1.33231021739122	1906	819	821	868	868	836	1352	2532	2393	roadmap_epigenomics H3K36me3	NA	NA	H3K36me3	NA	NA	E081-H3K36me3.narrowPeak	3.6119121125575e-10	55931
1	1079	roadmap_epigenomics	9.77492210853749	1.34426172925435	1402	182	191	914	914	429	1343	2377	3061	roadmap_epigenomics H3K27me3	NA	NA	H3K27me3	NA	NA	E127-H3K27me3.narrowPeak	3.7675026451957e-10	230204
1	8	roadmap_epigenomics	9.41786447050704	1.31893847072114	2277	183	195	435	435	271	2355	1502	2049	roadmap_epigenomics H3K36me3	NA	NA	H3K36me3	NA	NA	E002-H3K36me3.narrowPeak	8.56401777236375e-10	284615
1	717	roadmap_epigenomics	9.38658895728791	1.43771472833185	750	184	175	1097	1097	485	647	3029	3757	roadmap_epigenomics H3K9me3	NA	NA	H3K9me3	NA	NA	E086-H3K9me3.narrowPeak	9.19432522308404e-10	29160
2	9	roadmap_epigenomics	9.32390381040278	1.31358064356627	2363	820	825	814	825	820	1739	2075	2006	roadmap_epigenomics H3K4me1	NA	NA	H3K4me1	NA	NA	E002-H3K4me1.narrowPeak	1.06113888339754e-09	155088
1	695	roadmap_epigenomics	9.31807277104081	1.33454013618972	1389	185	192	918	918	432	1336	2390	3068	roadmap_epigenomics H3K27me3	NA	NA	H3K27me3	NA	NA	E084-H3K27me3.narrowPeak	1.07441217032681e-09	193037
2	829	roadmap_epigenomics	9.12521540170981	1.30930272063418	2389	821	827	809	827	819	1764	2049	1981	roadmap_epigenomics H3K36me3	NA	NA	H3K36me3	NA	NA	E100-H3K36me3.narrowPeak	1.67338691802754e-09	160205
1	1000	roadmap_epigenomics	8.83189573402909	1.52559942279256	501	186	160	1114	1114	487	401	3278	4003	roadmap_epigenomics H3K9me3	NA	NA	H3K9me3	NA	NA	E120-H3K9me3.narrowPeak	3.28461557085344e-09	18061
1	872	roadmap_epigenomics	8.74802216862021	1.32127702211393	1384	187	194	921	921	434	1340	2395	3064	roadmap_epigenomics H3K27me3	NA	NA	H3K27me3	NA	NA	E107-H3K27me3.narrowPeak	3.98040305777736e-09	192092
1	918	roadmap_epigenomics	8.63426358522076	1.30126983381207	2254	188	198	452	452	279	2342	1525	2062	roadmap_epigenomics H3K9me3	NA	NA	H3K9me3	NA	NA	E113-H3K9me3.narrowPeak	5.16719677486431e-09	275470
2	133	roadmap_epigenomics	8.46937597952889	1.35222361400456	3484	822	818	320	822	653	2733	954	1012	roadmap_epigenomics H4K8ac	NA	NA	H4K8ac	NA	NA	E007-H4K8ac.narrowPeak	7.5459235099233e-09	223512
1	952	roadmap_epigenomics	8.45635059834286	1.35731137172386	984	189	189	1050	1050	476	907	2795	3497	roadmap_epigenomics H3K9me3	NA	NA	H3K9me3	NA	NA	E116-H3K9me3.narrowPeak	7.76797819804925e-09	59492
2	23	roadmap_epigenomics	8.34655573603264	1.31933601202166	1516	823	824	900	900	849	1057	2922	2688	roadmap_epigenomics H3K14ac	NA	NA	H3K14ac	NA	NA	E003-H3K14ac.narrowPeak	9.99248496291108e-09	30274
1	685	roadmap_epigenomics	8.29418116638285	1.35816342375332	950	190	188	1064	1064	481	873	2829	3531	roadmap_epigenomics H3K27me3	NA	NA	H3K27me3	NA	NA	E083-H3K27me3.narrowPeak	1.12620937999958e-08	94590
1	646	roadmap_epigenomics	8.07738955240666	1.31190566584103	1288	191	196	967	967	451	1245	2491	3159	roadmap_epigenomics H3K27me3	NA	NA	H3K27me3	NA	NA	E078-H3K27me3.narrowPeak	1.85345584610336e-08	107890
2	153	roadmap_epigenomics	8.03465257503225	1.28552297647328	2252	824	829	836	836	830	1666	2186	2079	roadmap_epigenomics H3K4me1	NA	NA	H3K4me1	NA	NA	E008-H3K4me1.narrowPeak	2.04310710766255e-08	135771
1	101	roadmap_epigenomics	8.02492774405371	1.34618523385047	975	192	190	1053	1053	478	904	2804	3500	roadmap_epigenomics H3K27me3	NA	NA	H3K27me3	NA	NA	E006-H3K27me3.narrowPeak	2.08731646996867e-08	117340
1	177	roadmap_epigenomics	7.83505630393022	1.28035085065028	1994	193	200	643	643	345	2052	1785	2352	roadmap_epigenomics H3K9me3	NA	NA	H3K9me3	NA	NA	E010-H3K9me3.narrowPeak	3.22873569529871e-08	226115
2	282	roadmap_epigenomics	7.78368699124611	1.28293450700235	2030	825	830	858	858	838	1485	2408	2260	roadmap_epigenomics H3K27me3	NA	NA	H3K27me3	NA	NA	E022-H3K27me3.narrowPeak	3.63057140438562e-08	68203
1	728	roadmap_epigenomics	7.73649609583463	1.30957117255514	1212	194	197	989	989	460	1167	2567	3237	roadmap_epigenomics H3K27me3	NA	NA	H3K27me3	NA	NA	E088-H3K27me3.narrowPeak	4.04333264380244e-08	203560
1	1122	ucsc_features	7.52233996186923	1.51375075869356	3483	195	164	3	195	121	3902	296	502	UCSC Switch DB TSSs	NA	NA	NA	NA	NA	switchDbTss.bed	6.61408266082908e-08	131751
1	381	roadmap_epigenomics	7.51221831124627	1.36275513109741	799	196	187	1088	1088	490	724	2980	3680	roadmap_epigenomics H3K27me3	NA	NA	H3K27me3	NA	NA	E037-H3K27me3.narrowPeak	6.7634097399796e-08	36137
2	139	roadmap_epigenomics	7.49071859250377	1.33658755974613	1106	826	820	969	969	872	745	3332	3000	roadmap_epigenomics H2AK5ac	NA	NA	H2AK5ac	NA	NA	E008-H2AK5ac.narrowPeak	7.09970434459994e-08	27211
2	149	roadmap_epigenomics	7.44250656643634	1.29651746549002	3185	827	828	547	828	734	2480	1253	1265	roadmap_epigenomics H3K27ac	NA	NA	H3K27ac	NA	NA	E008-H3K27ac.narrowPeak	7.92551608606058e-08	220688
2	10	roadmap_epigenomics	7.42531025427698	1.31193537435714	3374	828	826	404	828	686	2649	1064	1096	roadmap_epigenomics H3K4me3	NA	NA	H3K4me3	NA	NA	E002-H3K4me3.narrowPeak	8.23757802159269e-08	147544
2	92	roadmap_epigenomics	7.4213387610796	1.33057857687714	3533	829	822	287	829	646	2793	905	952	roadmap_epigenomics H2A.Z	NA	NA	H2A.Z	NA	NA	E006-H2A.Z.narrowPeak	8.30514320677641e-08	201531
1	171	roadmap_epigenomics	6.98456289954836	1.26536057498223	1652	197	202	814	814	404	1675	2127	2729	roadmap_epigenomics H3K9me3	NA	NA	H3K9me3	NA	NA	E009-H3K9me3.narrowPeak	2.26829477088605e-07	190181
1	1038	roadmap_epigenomics	6.97218429973973	1.42098660547502	544	198	177	1112	1112	496	466	3235	3938	roadmap_epigenomics H3K9me3	NA	NA	H3K9me3	NA	NA	E123-H3K9me3.narrowPeak	2.33160516438562e-07	22127
1	343	roadmap_epigenomics	6.9554223105962	1.39567799714592	607	199	180	1110	1110	496	531	3172	3873	roadmap_epigenomics H3K9me3	NA	NA	H3K9me3	NA	NA	E031-H3K9me3.narrowPeak	2.42099742025318e-07	25266
1	1111	ucsc_features	6.79412939434566	1.27675437677842	2667	200	201	109	201	170	2874	1112	1530	UCSC coriellDelDup table	NA	NA	NA	NA	NA	coriellDelDup.bed	3.50642846158958e-07	864
2	17	roadmap_epigenomics	6.7830134980913	1.25761455931975	2096	830	831	850	850	837	1557	2342	2188	roadmap_epigenomics H2AK5ac	NA	NA	H2AK5ac	NA	NA	E003-H2AK5ac.narrowPeak	3.59384240795408e-07	102280
2	967	roadmap_epigenomics	6.22895456487997	1.2465113249621	1943	831	832	866	866	843	1440	2495	2305	roadmap_epigenomics H2A.Z	NA	NA	H2A.Z	NA	NA	E118-H2A.Z.narrowPeak	1.28586839415154e-06	24224
1	769	roadmap_epigenomics	5.98731039421649	1.23729222103533	2192	201	207	501	501	303	2323	1587	2081	roadmap_epigenomics H3K9me3	NA	NA	H3K9me3	NA	NA	E092-H3K9me3.narrowPeak	2.24088546889297e-06	273587
2	272	roadmap_epigenomics	5.9517784605842	1.23627733912751	2559	832	836	784	836	817	1963	1879	1782	roadmap_epigenomics H3K27ac	NA	NA	H3K27ac	NA	NA	E021-H3K27ac.narrowPeak	2.42957869067776e-06	103584
1	1055	roadmap_epigenomics	5.78021270699222	1.25175908633584	1255	202	205	979	979	462	1252	2524	3152	roadmap_epigenomics H3K27me3	NA	NA	H3K27me3	NA	NA	E125-H3K27me3.narrowPeak	3.60310158071469e-06	199061
2	720	roadmap_epigenomics	5.77633582886618	1.23044363572154	2331	833	837	818	837	829	1773	2107	1972	roadmap_epigenomics H3K36me3	NA	NA	H3K36me3	NA	NA	E087-H3K36me3.narrowPeak	3.63189741615164e-06	101681
2	164	roadmap_epigenomics	5.6326641030006	1.24062854158956	3035	834	833	630	834	766	2380	1403	1365	roadmap_epigenomics H4K8ac	NA	NA	H4K8ac	NA	NA	E008-H4K8ac.narrowPeak	5.05109914980727e-06	139450
2	49	roadmap_epigenomics	5.58609909396756	1.24053046969537	1596	835	834	893	893	854	1167	2842	2578	roadmap_epigenomics H2BK5ac	NA	NA	H2BK5ac	NA	NA	E004-H2BK5ac.narrowPeak	5.61735539729146e-06	64664
1	452	roadmap_epigenomics	5.54691669284429	1.29602257625508	786	203	199	1091	1091	498	742	2993	3662	roadmap_epigenomics H3K27me3	NA	NA	H3K27me3	NA	NA	E048-H3K27me3.narrowPeak	6.14180050183699e-06	34760
1	132	roadmap_epigenomics	5.49333504873915	1.22285835473089	1961	204	210	659	659	358	2064	1818	2340	roadmap_epigenomics H3K9me3	NA	NA	H3K9me3	NA	NA	E007-H3K9me3.narrowPeak	6.94159314599109e-06	151755
1	964	roadmap_epigenomics	5.41992539872184	1.23665383184272	1332	205	208	945	945	453	1346	2447	3058	roadmap_epigenomics H3K9me3	NA	NA	H3K9me3	NA	NA	E117-H3K9me3.narrowPeak	8.21203920199587e-06	92881
2	156	roadmap_epigenomics	5.39409075148638	1.2401044738111	3161	836	835	564	836	745	2495	1277	1250	roadmap_epigenomics H3K56ac	NA	NA	H3K56ac	NA	NA	E008-H3K56ac.narrowPeak	8.70699451608608e-06	164562
1	1092	roadmap_epigenomics	5.2737842891631	1.25058949311197	1069	206	206	1029	1029	480	1056	2710	3348	roadmap_epigenomics H3K27me3	NA	NA	H3K27me3	NA	NA	E128-H3K27me3.narrowPeak	1.14751334218581e-05	130551
2	96	roadmap_epigenomics	5.12048161949132	1.22251418854966	2936	837	839	681	839	786	2304	1502	1441	roadmap_epigenomics H2BK5ac	NA	NA	H2BK5ac	NA	NA	E006-H2BK5ac.narrowPeak	1.63171318934911e-05	169022
1	704	roadmap_epigenomics	5.11292768774443	1.21924387674548	1537	207	212	856	856	425	1585	2242	2819	roadmap_epigenomics H3K27me3	NA	NA	H3K27me3	NA	NA	E085-H3K27me3.narrowPeak	1.65875240486565e-05	218555
2	34	roadmap_epigenomics	4.85625361288141	1.2073691713948	2596	838	841	774	841	818	2017	1842	1728	roadmap_epigenomics H3K56ac	NA	NA	H3K56ac	NA	NA	E003-H3K56ac.narrowPeak	2.99063429578354e-05	86476
1	7	roadmap_epigenomics	4.85611475801834	1.22496918861074	1236	208	209	986	986	468	1251	2543	3153	roadmap_epigenomics H3K27me3	NA	NA	H3K27me3	NA	NA	E002-H3K27me3.narrowPeak	2.99063429578354e-05	95078
1	493	roadmap_epigenomics	4.63080110058654	1.25602064657462	819	209	204	1084	1084	499	795	2960	3609	roadmap_epigenomics H3K27me3	NA	NA	H3K27me3	NA	NA	E054-H3K27me3.narrowPeak	5.01951746496724e-05	89616
2	969	roadmap_epigenomics	4.62480970056891	1.1995611861097	2180	839	842	844	844	842	1670	2258	2075	roadmap_epigenomics H3K27me3	NA	NA	H3K27me3	NA	NA	E118-H3K27me3.narrowPeak	5.08438897949877e-05	110851
2	1123	ucsc_features	4.50361411319585	2.59359274719983	67	840	113	1122	1122	692	22	4371	3723	UCSC Vista enhancers	NA	NA	NA	NA	NA	vistaEnhancers.bed	6.71460006822079e-05	1339
1	894	roadmap_epigenomics	4.37564658494164	1.20395470380087	1351	210	214	936	936	453	1392	2428	3012	roadmap_epigenomics H3K27me3	NA	NA	H3K27me3	NA	NA	E110-H3K27me3.narrowPeak	9.00686945005216e-05	119289
1	1067	roadmap_epigenomics	4.36347426672224	1.25635608701531	745	211	203	1099	1099	504	720	3034	3684	roadmap_epigenomics H3K27me3	NA	NA	H3K27me3	NA	NA	E126-H3K27me3.narrowPeak	9.25406976329198e-05	70203
2	686	roadmap_epigenomics	4.35417330987626	1.19412754533384	2680	841	843	754	843	813	2100	1758	1645	roadmap_epigenomics H3K36me3	NA	NA	H3K36me3	NA	NA	E083-H3K36me3.narrowPeak	9.44540756416886e-05	221146
2	1	roadmap_epigenomics	4.2519116803062	1.19281978936628	1857	842	844	871	871	852	1409	2581	2336	roadmap_epigenomics H3K27me3	NA	NA	H3K27me3	NA	NA	E001-H3K27me3.narrowPeak	0.000119417974440158	93339
1	1043	roadmap_epigenomics	4.23682596826866	1.19677614416939	1422	212	216	904	904	444	1476	2357	2928	roadmap_epigenomics H3K27me3	NA	NA	H3K27me3	NA	NA	E124-H3K27me3.narrowPeak	0.00012352167515741	160742
2	738	roadmap_epigenomics	4.18839478431319	1.18635323148119	2306	843	846	827	846	839	1786	2132	1959	roadmap_epigenomics H3K27me3	NA	NA	H3K27me3	NA	NA	E089-H3K27me3.narrowPeak	0.000137962961391509	221319
2	1026	roadmap_epigenomics	4.15886464771967	1.22307457054484	1120	844	838	964	964	882	810	3318	2935	roadmap_epigenomics H4K20me1	NA	NA	H4K20me1	NA	NA	E122-H4K20me1.narrowPeak	0.000147530286569594	49461
2	908	roadmap_epigenomics	4.06704031167306	1.22008702251234	1114	845	840	967	967	884	807	3324	2938	roadmap_epigenomics H3K27me3	NA	NA	H3K27me3	NA	NA	E112-H3K27me3.narrowPeak	0.000182093503952328	44640
1	914	roadmap_epigenomics	3.97675605429677	1.20035852872118	1160	213	215	1014	1014	481	1187	2619	3217	roadmap_epigenomics H3K27me3	NA	NA	H3K27me3	NA	NA	E113-H3K27me3.narrowPeak	0.000223958747454832	57437
2	172	roadmap_epigenomics	3.91745902007654	1.18837895891951	2999	846	845	644	846	778	2385	1439	1360	roadmap_epigenomics H2A.Z	NA	NA	H2A.Z	NA	NA	E010-H2A.Z.narrowPeak	0.00025648074809085	113363
2	51	roadmap_epigenomics	3.87444127132197	1.17808790047905	2566	847	848	783	848	826	2014	1872	1731	roadmap_epigenomics H3K23ac	NA	NA	H3K23ac	NA	NA	E004-H3K23ac.narrowPeak	0.000282919326357501	111604
1	488	roadmap_epigenomics	3.79822474317095	1.20616055533911	984	214	213	1050	1050	492	995	2795	3409	roadmap_epigenomics H3K27me3	NA	NA	H3K27me3	NA	NA	E053-H3K27me3.narrowPeak	0.000336875653376044	115999
2	593	roadmap_epigenomics	3.60826121538107	1.17358205931676	2820	848	849	720	849	806	2238	1618	1507	roadmap_epigenomics H3K27me3	NA	NA	H3K27me3	NA	NA	E070-H3K27me3.narrowPeak	0.000521223537946973	132980
1	273	roadmap_epigenomics	3.59525433992362	1.170128950496	1667	215	217	808	808	413	1774	2112	2630	roadmap_epigenomics H3K27me3	NA	NA	H3K27me3	NA	NA	E021-H3K27me3.narrowPeak	0.000536564761722288	95847
2	186	roadmap_epigenomics	3.5278204169004	1.17083666079801	1794	849	850	874	874	858	1374	2644	2371	roadmap_epigenomics H3K27me3	NA	NA	H3K27me3	NA	NA	E012-H3K27me3.narrowPeak	0.000626105771350595	75931
2	143	roadmap_epigenomics	3.50222631430613	1.16566911004433	2495	850	851	795	851	832	1963	1943	1782	roadmap_epigenomics H2BK20ac	NA	NA	H2BK20ac	NA	NA	E008-H2BK20ac.narrowPeak	0.000663489156995181	115394
1	356	roadmap_epigenomics	3.36989607143761	1.22269222847132	676	216	211	1105	1105	511	666	3103	3738	roadmap_epigenomics H3K27me3	NA	NA	H3K27me3	NA	NA	E033-H3K27me3.narrowPeak	0.000898993342960052	39591
2	46	roadmap_epigenomics	3.14931287231738	1.18256236813073	1127	851	847	961	961	886	837	3311	2908	roadmap_epigenomics H2AK5ac	NA	NA	H2AK5ac	NA	NA	E004-H2AK5ac.narrowPeak	0.00149256227395407	52932
2	48	roadmap_epigenomics	3.07914451752194	1.16313358267421	1482	852	852	905	905	870	1128	2956	2617	roadmap_epigenomics H2BK15ac	NA	NA	H2BK15ac	NA	NA	E004-H2BK15ac.narrowPeak	0.00175264509480359	83199
2	20	roadmap_epigenomics	3.0300487303551	1.16234746836673	1450	853	853	907	907	871	1103	2988	2642	roadmap_epigenomics H2BK15ac	NA	NA	H2BK15ac	NA	NA	E003-H2BK15ac.narrowPeak	0.00196057434934155	56902
2	519	roadmap_epigenomics	2.99469046951162	1.14800023235519	2247	854	855	838	855	849	1767	2191	1978	roadmap_epigenomics H3K27me3	NA	NA	H3K27me3	NA	NA	E057-H3K27me3.narrowPeak	0.00212488536193352	98301
1	320	roadmap_epigenomics	2.97225023443659	1.15201636234557	1490	217	220	873	873	437	1590	2289	2814	roadmap_epigenomics H3K27me3	NA	NA	H3K27me3	NA	NA	E028-H3K27me3.narrowPeak	0.00223547618015708	124081
2	256	roadmap_epigenomics	2.94937099266015	1.1501558614757	1819	855	854	873	873	861	1410	2619	2335	roadmap_epigenomics H3K27me3	NA	NA	H3K27me3	NA	NA	E019-H3K27me3.narrowPeak	0.0023542033529605	67306
2	263	roadmap_epigenomics	2.87683715387064	1.14613505967801	1915	856	856	867	867	860	1492	2523	2253	roadmap_epigenomics H3K27me3	NA	NA	H3K27me3	NA	NA	E020-H3K27me3.narrowPeak	0.00277953966587293	96382
1	673	roadmap_epigenomics	2.78915952385102	1.15907573143556	1089	218	219	1027	1027	488	1140	2690	3264	roadmap_epigenomics H3K9me3	NA	NA	H3K9me3	NA	NA	E081-H3K9me3.narrowPeak	0.00339817661346573	24119
2	19	roadmap_epigenomics	2.55827597679691	1.13245159609261	2434	857	857	804	857	839	1938	2004	1807	roadmap_epigenomics H2BK12ac	NA	NA	H2BK12ac	NA	NA	E003-H2BK12ac.narrowPeak	0.00577730520109228	175406
1	626	roadmap_epigenomics	2.48827243956716	1.13167297915108	1607	219	224	832	832	425	1741	2172	2663	roadmap_epigenomics H3K27me3	NA	NA	H3K27me3	NA	NA	E075-H3K27me3.narrowPeak	0.00678148867817924	185405
1	1115	ucsc_features	2.4479912842039	1.5039567665104	3707	220	166	2	220	129	4279	72	125	UCSC LaminBq	NA	NA	NA	NA	NA	laminB1.bed	0.00743366121403719	2859551
1	179	roadmap_epigenomics	2.28706393367259	1.12901069239365	1327	221	225	948	948	465	1427	2452	2977	roadmap_epigenomics H3K27me3	NA	NA	H3K27me3	NA	NA	E011-H3K27me3.narrowPeak	0.0107578889625399	107312
1	633	roadmap_epigenomics	2.19430457457101	1.13888563144923	963	222	223	1059	1059	501	1017	2816	3387	roadmap_epigenomics H3K27me3	NA	NA	H3K27me3	NA	NA	E076-H3K27me3.narrowPeak	0.0133071095644997	65497
1	74	roadmap_epigenomics	2.19305206387263	1.14016508499907	939	223	222	1067	1067	504	990	2840	3414	roadmap_epigenomics H3K23ac	NA	NA	H3K23ac	NA	NA	E005-H3K23ac.narrowPeak	0.0133331858445956	26230
1	747	roadmap_epigenomics	2.14451654619803	1.11695510830288	1684	224	226	800	800	417	1843	2095	2561	roadmap_epigenomics H3K27me3	NA	NA	H3K27me3	NA	NA	E090-H3K27me3.narrowPeak	0.0148959261927662	283720
2	774	roadmap_epigenomics	2.12362699700706	1.12269748575791	1530	858	858	898	898	871	1195	2908	2550	roadmap_epigenomics H3K27me3	NA	NA	H3K27me3	NA	NA	E093-H3K27me3.narrowPeak	0.0156154855989306	90546
1	205	roadmap_epigenomics	1.92474787043232	1.11003501041717	1476	225	228	876	876	443	1612	2303	2792	roadmap_epigenomics H3K27me3	NA	NA	H3K27me3	NA	NA	E015-H3K27me3.narrowPeak	0.0246622913980909	125743
1	819	roadmap_epigenomics	1.91494229829325	1.14722007192943	647	226	221	1108	1108	518	672	3132	3732	roadmap_epigenomics H3K27me3	NA	NA	H3K27me3	NA	NA	E099-H3K27me3.narrowPeak	0.0252021836183995	40652
2	147	roadmap_epigenomics	1.80881009224624	1.10153706848064	2328	859	860	820	860	846	1874	2110	1871	roadmap_epigenomics H3K23ac	NA	NA	H3K23ac	NA	NA	E008-H3K23ac.narrowPeak	0.032149181572978	83775
2	18	roadmap_epigenomics	1.78798781289386	1.11536748530221	1210	860	859	942	942	887	942	3228	2803	roadmap_epigenomics H2BK120ac	NA	NA	H2BK120ac	NA	NA	E003-H2BK120ac.narrowPeak	0.0336970679580889	62846
2	161	roadmap_epigenomics	1.74194176211098	1.09873876839224	2429	861	861	805	861	842	1962	2009	1783	roadmap_epigenomics H3T11ph	NA	NA	H3T11ph	NA	NA	E008-H3T11ph.narrowPeak	0.0374316046937733	108647
1	124	roadmap_epigenomics	1.6854410890451	1.09919181337478	1454	227	229	885	885	447	1597	2325	2807	roadmap_epigenomics H3K27me3	NA	NA	H3K27me3	NA	NA	E007-H3K27me3.narrowPeak	0.0425931507618164	54468
2	163	roadmap_epigenomics	1.53311579889755	1.09361327472605	2962	862	863	665	863	797	2424	1476	1321	roadmap_epigenomics H4K5ac	NA	NA	H4K5ac	NA	NA	E008-H4K5ac.narrowPeak	0.0604318755707791	136718
2	765	roadmap_epigenomics	1.52744308989525	1.08871599260056	2466	863	864	798	864	842	2002	1972	1743	roadmap_epigenomics H3K27me3	NA	NA	H3K27me3	NA	NA	E092-H3K27me3.narrowPeak	0.0611702371328945	273954
1	192	roadmap_epigenomics	1.4473476390501	1.08548926231953	2231	228	231	472	472	310	2512	1548	1892	roadmap_epigenomics H3K27me3	NA	NA	H3K27me3	NA	NA	E013-H3K27me3.narrowPeak	0.0734915424132664	207227
2	502	roadmap_epigenomics	1.42915812327151	1.08388770994884	2487	864	865	796	865	842	2024	1951	1721	roadmap_epigenomics H3K27me3	NA	NA	H3K27me3	NA	NA	E055-H3K27me3.narrowPeak	0.0765647714179975	302342
2	1024	roadmap_epigenomics	1.42085467963409	1.09763587057141	1119	865	862	966	966	898	880	3319	2865	roadmap_epigenomics H3K9me1	NA	NA	H3K9me1	NA	NA	E122-H3K9me1.narrowPeak	0.0779713242651236	25444
1	1117	ucsc_features	1.39747018358646	1.09384345667746	1016	229	230	1044	1044	501	1108	2763	3296	UCSC Microsatellites	NA	NA	NA	NA	NA	microsat.bed	0.0822095453392407	41258
1	329	roadmap_epigenomics	1.33690801844894	1.08534977778484	1204	230	232	994	994	485	1326	2575	3078	roadmap_epigenomics H3K27me3	NA	NA	H3K27me3	NA	NA	E029-H3K27me3.narrowPeak	0.0944251349755969	103373
2	56	roadmap_epigenomics	1.32742099875159	1.07844474369112	2086	866	867	852	867	862	1690	2352	2055	roadmap_epigenomics H3K4me1	NA	NA	H3K4me1	NA	NA	E004-H3K4me1.narrowPeak	0.0964224581572614	125993
2	212	roadmap_epigenomics	1.32229208793934	1.08076052755355	1691	867	866	883	883	872	1359	2747	2386	roadmap_epigenomics H3K27me3	NA	NA	H3K27me3	NA	NA	E016-H3K27me3.narrowPeak	0.097478993521777	84150
2	28	roadmap_epigenomics	1.25696331327519	1.07462971535809	2094	868	869	851	869	863	1700	2344	2045	roadmap_epigenomics H3K27me3	NA	NA	H3K27me3	NA	NA	E003-H3K27me3.narrowPeak	0.113199393119911	123423
1	85	roadmap_epigenomics	1.19500137624284	1.07589511358127	2575	231	234	172	234	212	2930	1204	1474	roadmap_epigenomics H3K9me3	NA	NA	H3K9me3	NA	NA	E005-H3K9me3.narrowPeak	0.130439967900241	286964
2	198	roadmap_epigenomics	1.15428375617965	1.07201786930239	1604	869	870	890	890	876	1294	2834	2451	roadmap_epigenomics H3K27me3	NA	NA	H3K27me3	NA	NA	E014-H3K27me3.narrowPeak	0.143130869837074	90298
1	16	roadmap_epigenomics	1.08312670487957	1.07648729952207	2907	232	233	26	233	164	3329	872	1075	roadmap_epigenomics H2A.Z	NA	NA	H2A.Z	NA	NA	E003-H2A.Z.narrowPeak	0.168459585621114	280604
2	150	roadmap_epigenomics	1.07135006762299	1.07627193833021	1062	870	868	983	983	907	847	3376	2898	roadmap_epigenomics H3K27me3	NA	NA	H3K27me3	NA	NA	E008-H3K27me3.narrowPeak	0.172933085296376	38910
1	76	roadmap_epigenomics	1.069810375115	1.06598406399866	1438	233	235	893	893	454	1610	2341	2794	roadmap_epigenomics H3K27me3	NA	NA	H3K27me3	NA	NA	E005-H3K27me3.narrowPeak	0.173389927245617	76270
1	339	roadmap_epigenomics	1.05279577117573	1.11526244918169	346	234	227	1120	1120	527	365	3433	4039	roadmap_epigenomics H3K27me3	NA	NA	H3K27me3	NA	NA	E031-H3K27me3.narrowPeak	0.180154414012447	10222
2	511	roadmap_epigenomics	1.03941585603211	1.06195309751289	2278	871	871	832	871	858	1866	2160	1879	roadmap_epigenomics H3K27me3	NA	NA	H3K27me3	NA	NA	E056-H3K27me3.narrowPeak	0.18562292755495	290583
1	53	roadmap_epigenomics	0.99920782382384	1.06255068950755	1340	235	236	940	940	470	1501	2439	2903	roadmap_epigenomics H3K27me3	NA	NA	H3K27me3	NA	NA	E004-H3K27me3.narrowPeak	0.203444897092594	77713
1	138	roadmap_epigenomics	0.920962942022925	1.0565012377355	2392	236	238	324	324	266	2731	1387	1673	roadmap_epigenomics H2A.Z	NA	NA	H2A.Z	NA	NA	E008-H2A.Z.narrowPeak	0.243388015161397	122323
2	562	roadmap_epigenomics	0.906924896502834	1.05363295311406	2229	872	873	840	873	862	1832	2209	1913	roadmap_epigenomics H3K4me1	NA	NA	H3K4me1	NA	NA	E065-H3K4me1.narrowPeak	0.251156889044712	190844
2	21	roadmap_epigenomics	0.843792261736768	1.05999985012364	1013	873	872	995	995	913	817	3425	2928	roadmap_epigenomics H2BK20ac	NA	NA	H2BK20ac	NA	NA	E003-H2BK20ac.narrowPeak	0.290192339697874	71225
2	699	roadmap_epigenomics	0.803659371001448	1.04770599887987	2684	874	874	753	874	834	2223	1754	1522	roadmap_epigenomics H3K9me3	NA	NA	H3K9me3	NA	NA	E084-H3K9me3.narrowPeak	0.318000206598645	236782
1	912	roadmap_epigenomics	0.79338812467646	1.05888365868689	745	237	237	1099	1099	524	829	3034	3575	roadmap_epigenomics H3K9me3	NA	NA	H3K9me3	NA	NA	E112-H3K9me3.narrowPeak	0.325317606468143	29697
1	525	roadmap_epigenomics	0.728746397017615	1.0418307022219	2201	238	239	495	495	324	2521	1578	1883	roadmap_epigenomics H3K27me3	NA	NA	H3K27me3	NA	NA	E058-H3K27me3.narrowPeak	0.377188608115236	199828
1	848	roadmap_epigenomics	0.601151800040987	1.03145496909208	1728	239	241	781	781	420	1980	2051	2424	roadmap_epigenomics H3K27me3	NA	NA	H3K27me3	NA	NA	E103-H3K27me3.narrowPeak	0.50554845507526	164869
1	712	roadmap_epigenomics	0.529027189174099	1.0338110929039	658	240	240	1107	1107	529	746	3121	3658	roadmap_epigenomics H3K27me3	NA	NA	H3K27me3	NA	NA	E086-H3K27me3.narrowPeak	0.596344711107296	61387
2	160	roadmap_epigenomics	0.527571756976678	1.02516930601604	2498	875	875	794	875	848	2085	1940	1660	roadmap_epigenomics H3K9me3	NA	NA	H3K9me3	NA	NA	E008-H3K9me3.narrowPeak	0.597809933986552	210217
1	677	roadmap_epigenomics	0.467065645052979	1.02045529336251	1294	241	242	963	963	482	1488	2485	2916	roadmap_epigenomics H3K27me3	NA	NA	H3K27me3	NA	NA	E082-H3K27me3.narrowPeak	0.686562237054648	117993
1	756	roadmap_epigenomics	0.44183619892648	1.0179289894893	1266	242	243	973	973	486	1458	2513	2946	roadmap_epigenomics H3K27me3	NA	NA	H3K27me3	NA	NA	E091-H3K27me3.narrowPeak	0.726976512815669	114417
2	721	roadmap_epigenomics	0.440229750586762	1.01670735316359	2328	876	876	820	876	857	1949	2110	1796	roadmap_epigenomics H3K4me1	NA	NA	H3K4me1	NA	NA	E087-H3K4me1.narrowPeak	0.729017909827812	167584
1	54	roadmap_epigenomics	0.382329342814298	1.01286704367985	864	243	244	1076	1076	521	997	2915	3407	roadmap_epigenomics H3K36me3	NA	NA	H3K36me3	NA	NA	E004-H3K36me3.narrowPeak	0.832243328823136	16189
1	945	roadmap_epigenomics	0.353916039707749	1.01155281954977	507	244	245	1113	1113	534	585	3272	3819	roadmap_epigenomics H3K27me3	NA	NA	H3K27me3	NA	NA	E116-H3K27me3.narrowPeak	0.887719356256143	17339
1	249	roadmap_epigenomics	0.316942931627486	1.00302538137535	1622	245	246	827	827	439	1887	2157	2517	roadmap_epigenomics H3K27me3	NA	NA	H3K27me3	NA	NA	E018-H3K27me3.narrowPeak	0.965742196739361	130489
2	669	roadmap_epigenomics	0.275028407658854	0.997384431389579	1152	877	877	955	955	903	974	3286	2771	roadmap_epigenomics H3K27me3	NA	NA	H3K27me3	NA	NA	E081-H3K27me3.narrowPeak	1	82305
1	669	roadmap_epigenomics	0.262507403461601	0.99538203823716	980	246	247	1052	1052	515	1146	2799	3258	roadmap_epigenomics H3K27me3	NA	NA	H3K27me3	NA	NA	E081-H3K27me3.narrowPeak	1	82305
1	1119	ucsc_features	0.23489582625661	1.1654951733794	3	247	218	1123	1123	529	3	3776	4401	UCSC Numts assembled	NA	NA	NA	NA	NA	numtSAssembled.bed	1	78
2	249	roadmap_epigenomics	0.22265463221768	0.989831311748427	1898	878	878	869	878	875	1611	2540	2134	roadmap_epigenomics H3K27me3	NA	NA	H3K27me3	NA	NA	E018-H3K27me3.narrowPeak	1	130489
2	756	roadmap_epigenomics	0.168402691283999	0.979497260560313	1468	879	879	906	906	888	1256	2970	2489	roadmap_epigenomics H3K27me3	NA	NA	H3K27me3	NA	NA	E091-H3K27me3.narrowPeak	1	114417
2	945	roadmap_epigenomics	0.159020887881351	0.969666215822933	585	880	881	1098	1098	953	507	3853	3238	roadmap_epigenomics H3K27me3	NA	NA	H3K27me3	NA	NA	E116-H3K27me3.narrowPeak	1	17339
2	677	roadmap_epigenomics	0.153806706628159	0.976582082309834	1498	881	880	902	902	888	1284	2940	2461	roadmap_epigenomics H3K27me3	NA	NA	H3K27me3	NA	NA	E082-H3K27me3.narrowPeak	1	117993
2	1119	ucsc_features	0.135487876354637	0.843762514375829	3	882	906	1123	1123	970	3	4435	3742	UCSC Numts assembled	NA	NA	NA	NA	NA	numtSAssembled.bed	1	78
2	54	roadmap_epigenomics	0.134298570192069	0.968837947960236	998	883	882	1000	1000	922	863	3440	2882	roadmap_epigenomics H3K36me3	NA	NA	H3K36me3	NA	NA	E004-H3K36me3.narrowPeak	1	16189
2	712	roadmap_epigenomics	0.130489128754034	0.964467990139329	751	884	883	1060	1060	942	653	3687	3092	roadmap_epigenomics H3K27me3	NA	NA	H3K27me3	NA	NA	E086-H3K27me3.narrowPeak	1	61387
1	721	roadmap_epigenomics	0.121120880685097	0.970544680097744	1960	248	248	661	661	386	2317	1819	2087	roadmap_epigenomics H3K4me1	NA	NA	H3K4me1	NA	NA	E087-H3K4me1.narrowPeak	1	167584
1	160	roadmap_epigenomics	0.089401103945285	0.961860527436465	2097	249	249	586	586	361	2486	1682	1918	roadmap_epigenomics H3K9me3	NA	NA	H3K9me3	NA	NA	E008-H3K9me3.narrowPeak	1	210217
2	848	roadmap_epigenomics	0.0803042954887921	0.959097886138267	1990	885	884	863	885	877	1718	2448	2027	roadmap_epigenomics H3K27me3	NA	NA	H3K27me3	NA	NA	E103-H3K27me3.narrowPeak	1	164869
2	525	roadmap_epigenomics	0.0686106179319255	0.954728131746731	2538	886	885	788	886	853	2184	1900	1561	roadmap_epigenomics H3K27me3	NA	NA	H3K27me3	NA	NA	E058-H3K27me3.narrowPeak	1	199828
2	912	roadmap_epigenomics	0.0540084185817073	0.936764993391363	833	887	887	1047	1047	940	741	3605	3004	roadmap_epigenomics H3K9me3	NA	NA	H3K9me3	NA	NA	E112-H3K9me3.narrowPeak	1	29697
1	21	roadmap_epigenomics	0.0392304053284214	0.931268922282552	820	250	253	1083	1083	529	1010	2959	3394	roadmap_epigenomics H2BK20ac	NA	NA	H2BK20ac	NA	NA	E003-H2BK20ac.narrowPeak	1	71225
2	138	roadmap_epigenomics	0.038548088110477	0.939974452734129	2749	888	886	741	888	838	2374	1689	1371	roadmap_epigenomics H2A.Z	NA	NA	H2A.Z	NA	NA	E008-H2A.Z.narrowPeak	1	122323
1	699	roadmap_epigenomics	0.0376388161426485	0.940240188394925	2236	251	250	466	466	322	2671	1543	1733	roadmap_epigenomics H3K9me3	NA	NA	H3K9me3	NA	NA	E084-H3K9me3.narrowPeak	1	236782
1	150	roadmap_epigenomics	0.0350999371149895	0.929410594114286	855	252	254	1078	1078	528	1054	2924	3350	roadmap_epigenomics H3K27me3	NA	NA	H3K27me3	NA	NA	E008-H3K27me3.narrowPeak	1	38910
1	511	roadmap_epigenomics	0.0344877255359837	0.939479709266648	1882	253	251	698	698	401	2262	1897	2142	roadmap_epigenomics H3K27me3	NA	NA	H3K27me3	NA	NA	E056-H3K27me3.narrowPeak	1	290583
2	53	roadmap_epigenomics	0.0326110691116873	0.935342174399463	1510	889	888	901	901	893	1331	2928	2414	roadmap_epigenomics H3K27me3	NA	NA	H3K27me3	NA	NA	E004-H3K27me3.narrowPeak	1	77713
1	198	roadmap_epigenomics	0.0287070875843223	0.93282999166699	1306	254	252	956	956	487	1592	2473	2812	roadmap_epigenomics H3K27me3	NA	NA	H3K27me3	NA	NA	E014-H3K27me3.narrowPeak	1	90298
2	16	roadmap_epigenomics	0.0276534296165464	0.92401542129309	3353	890	890	426	890	735	2883	1085	862	roadmap_epigenomics H2A.Z	NA	NA	H2A.Z	NA	NA	E003-H2A.Z.narrowPeak	1	280604
2	339	roadmap_epigenomics	0.0253671575666742	0.885809120361762	366	891	898	1115	1115	968	345	4072	3400	roadmap_epigenomics H3K27me3	NA	NA	H3K27me3	NA	NA	E031-H3K27me3.narrowPeak	1	10222
2	76	roadmap_epigenomics	0.0207638458174534	0.926904370304016	1617	892	889	889	892	890	1431	2821	2314	roadmap_epigenomics H3K27me3	NA	NA	H3K27me3	NA	NA	E005-H3K27me3.narrowPeak	1	76270
1	562	roadmap_epigenomics	0.0206018458142739	0.929052578093882	1838	255	255	719	719	410	2223	1941	2181	roadmap_epigenomics H3K4me1	NA	NA	H3K4me1	NA	NA	E065-H3K4me1.narrowPeak	1	190844
1	212	roadmap_epigenomics	0.0198769049076385	0.92601583274281	1372	256	256	927	927	480	1678	2407	2726	roadmap_epigenomics H3K27me3	NA	NA	H3K27me3	NA	NA	E016-H3K27me3.narrowPeak	1	84150
2	329	roadmap_epigenomics	0.0174377468813037	0.920185760447443	1336	893	891	923	923	902	1194	3102	2551	roadmap_epigenomics H3K27me3	NA	NA	H3K27me3	NA	NA	E029-H3K27me3.narrowPeak	1	103373
1	28	roadmap_epigenomics	0.0156813940248649	0.923738874084909	1712	257	257	790	790	435	2082	2067	2322	roadmap_epigenomics H3K27me3	NA	NA	H3K27me3	NA	NA	E003-H3K27me3.narrowPeak	1	123423
1	502	roadmap_epigenomics	0.0125103587225824	0.919512305716846	2041	258	258	618	618	378	2470	1738	1934	roadmap_epigenomics H3K27me3	NA	NA	H3K27me3	NA	NA	E055-H3K27me3.narrowPeak	1	302342
2	85	roadmap_epigenomics	0.0101924117386909	0.911033822648625	2944	894	893	675	894	821	2561	1494	1184	roadmap_epigenomics H3K9me3	NA	NA	H3K9me3	NA	NA	E005-H3K9me3.narrowPeak	1	286964
2	192	roadmap_epigenomics	0.00961975690259017	0.914253103813503	2528	895	892	790	895	859	2215	1910	1530	roadmap_epigenomics H3K27me3	NA	NA	H3K27me3	NA	NA	E013-H3K27me3.narrowPeak	1	207227
1	765	roadmap_epigenomics	0.00900941134588091	0.913956390038514	2018	259	259	630	630	383	2450	1761	1954	roadmap_epigenomics H3K27me3	NA	NA	H3K27me3	NA	NA	E092-H3K27me3.narrowPeak	1	273954
1	1024	roadmap_epigenomics	0.00889757658508747	0.900737986912957	884	260	262	1071	1071	531	1115	2895	3289	roadmap_epigenomics H3K9me1	NA	NA	H3K9me1	NA	NA	E122-H3K9me1.narrowPeak	1	25444
2	1117	ucsc_features	0.00789955671304833	0.900613773049339	1111	896	895	968	968	920	1013	3327	2732	UCSC Microsatellites	NA	NA	NA	NA	NA	microsat.bed	1	41258
1	56	roadmap_epigenomics	0.00693149453250445	0.909734718820014	1696	261	260	797	797	439	2080	2083	2324	roadmap_epigenomics H3K4me1	NA	NA	H3K4me1	NA	NA	E004-H3K4me1.narrowPeak	1	125993
1	163	roadmap_epigenomics	0.00491889823302752	0.899896550986082	2439	262	263	294	294	273	2947	1340	1457	roadmap_epigenomics H4K5ac	NA	NA	H4K5ac	NA	NA	E008-H4K5ac.narrowPeak	1	136718
1	18	roadmap_epigenomics	0.00488564131907348	0.892290320933544	949	263	265	1065	1065	531	1203	2830	3201	roadmap_epigenomics H2BK120ac	NA	NA	H2BK120ac	NA	NA	E003-H2BK120ac.narrowPeak	1	62846
2	205	roadmap_epigenomics	0.00468184175675705	0.901075256235435	1625	897	894	887	897	893	1463	2813	2282	roadmap_epigenomics H3K27me3	NA	NA	H3K27me3	NA	NA	E015-H3K27me3.narrowPeak	1	125743
2	819	roadmap_epigenomics	0.00418100398131045	0.870042379816345	677	898	902	1077	1077	959	642	3761	3103	roadmap_epigenomics H3K27me3	NA	NA	H3K27me3	NA	NA	E099-H3K27me3.narrowPeak	1	40652
1	161	roadmap_epigenomics	0.00387375454948496	0.900857678801	1975	264	261	651	651	392	2416	1804	1988	roadmap_epigenomics H3T11ph	NA	NA	H3T11ph	NA	NA	E008-H3T11ph.narrowPeak	1	108647
2	124	roadmap_epigenomics	0.00363168161473684	0.89697289626555	1603	899	896	891	899	895	1448	2835	2297	roadmap_epigenomics H3K27me3	NA	NA	H3K27me3	NA	NA	E007-H3K27me3.narrowPeak	1	54468
1	774	roadmap_epigenomics	0.00359830892387516	0.894195300699645	1208	265	264	993	993	507	1517	2571	2887	roadmap_epigenomics H3K27me3	NA	NA	H3K27me3	NA	NA	E093-H3K27me3.narrowPeak	1	90546
2	633	roadmap_epigenomics	0.00231440961161133	0.87739723499345	1025	900	901	991	991	931	955	3413	2790	roadmap_epigenomics H3K27me3	NA	NA	H3K27me3	NA	NA	E076-H3K27me3.narrowPeak	1	65497
2	747	roadmap_epigenomics	0.00221924599612055	0.892197244316201	1856	901	897	872	901	890	1671	2582	2074	roadmap_epigenomics H3K27me3	NA	NA	H3K27me3	NA	NA	E090-H3K27me3.narrowPeak	1	283720
1	147	roadmap_epigenomics	0.00168368588104446	0.889434010732264	1881	266	266	699	699	410	2321	1898	2083	roadmap_epigenomics H3K23ac	NA	NA	H3K23ac	NA	NA	E008-H3K23ac.narrowPeak	1	83775
2	179	roadmap_epigenomics	0.00120129317044211	0.878922157375522	1435	902	900	909	909	904	1319	3003	2426	roadmap_epigenomics H3K27me3	NA	NA	H3K27me3	NA	NA	E011-H3K27me3.narrowPeak	1	107312
2	626	roadmap_epigenomics	0.0010787564456924	0.881874613175948	1754	903	899	878	903	893	1594	2684	2151	roadmap_epigenomics H3K27me3	NA	NA	H3K27me3	NA	NA	E075-H3K27me3.narrowPeak	1	185405
2	74	roadmap_epigenomics	0.000931772419961708	0.86270631689993	992	904	903	1002	1002	936	937	3446	2808	roadmap_epigenomics H3K23ac	NA	NA	H3K23ac	NA	NA	E005-H3K23ac.narrowPeak	1	26230
1	19	roadmap_epigenomics	0.000673490701736524	0.877675873795331	1953	267	267	663	663	399	2419	1826	1985	roadmap_epigenomics H2BK12ac	NA	NA	H2BK12ac	NA	NA	E003-H2BK12ac.narrowPeak	1	175406
2	1115	ucsc_features	0.00055593493812408	0.646604601786036	4311	905	965	1	965	624	3675	127	70	UCSC LaminBq	NA	NA	NA	NA	NA	laminB1.bed	1	2859551
1	263	roadmap_epigenomics	0.000489094158102684	0.872393442556393	1506	268	268	866	866	467	1901	2273	2503	roadmap_epigenomics H3K27me3	NA	NA	H3K27me3	NA	NA	E020-H3K27me3.narrowPeak	1	96382
2	673	roadmap_epigenomics	0.000485163662234301	0.859931570217915	1148	906	904	957	957	922	1081	3290	2664	roadmap_epigenomics H3K9me3	NA	NA	H3K9me3	NA	NA	E081-H3K9me3.narrowPeak	1	24119
1	256	roadmap_epigenomics	0.000461686769340301	0.870675548893036	1424	269	269	903	903	480	1805	2355	2599	roadmap_epigenomics H3K27me3	NA	NA	H3K27me3	NA	NA	E019-H3K27me3.narrowPeak	1	67306
1	519	roadmap_epigenomics	0.000295083071012983	0.868368309732996	1782	270	270	751	751	430	2232	1997	2172	roadmap_epigenomics H3K27me3	NA	NA	H3K27me3	NA	NA	E057-H3K27me3.narrowPeak	1	98301
1	48	roadmap_epigenomics	0.000227715638413457	0.856347070095704	1137	271	271	1019	1019	520	1473	2642	2931	roadmap_epigenomics H2BK15ac	NA	NA	H2BK15ac	NA	NA	E004-H2BK15ac.narrowPeak	1	83199
1	20	roadmap_epigenomics	0.000224348729417425	0.855376222636309	1111	272	273	1021	1021	522	1442	2668	2962	roadmap_epigenomics H2BK15ac	NA	NA	H2BK15ac	NA	NA	E003-H2BK15ac.narrowPeak	1	56902
2	320	roadmap_epigenomics	0.000182954979198775	0.859220059489863	1598	907	905	892	907	901	1482	2840	2263	roadmap_epigenomics H3K27me3	NA	NA	H3K27me3	NA	NA	E028-H3K27me3.narrowPeak	1	124081
1	186	roadmap_epigenomics	0.00012649805274431	0.855781906223994	1388	273	272	919	919	488	1780	2391	2624	roadmap_epigenomics H3K27me3	NA	NA	H3K27me3	NA	NA	E012-H3K27me3.narrowPeak	1	75931
1	46	roadmap_epigenomics	0.000118544418565813	0.836336501636915	841	274	280	1080	1080	545	1123	2938	3281	roadmap_epigenomics H2AK5ac	NA	NA	H2AK5ac	NA	NA	E004-H2AK5ac.narrowPeak	1	52932
2	356	roadmap_epigenomics	0.000104680612788816	0.81314986297915	670	908	913	1079	1079	967	672	3768	3073	roadmap_epigenomics H3K27me3	NA	NA	H3K27me3	NA	NA	E033-H3K27me3.narrowPeak	1	39591
1	593	roadmap_epigenomics	7.6246547320163e-05	0.850455263616029	2258	275	274	448	448	332	2800	1521	1604	roadmap_epigenomics H3K27me3	NA	NA	H3K27me3	NA	NA	E070-H3K27me3.narrowPeak	1	132980
1	172	roadmap_epigenomics	5.94146423149328e-05	0.844641424015636	2409	276	275	311	311	287	2975	1370	1429	roadmap_epigenomics H2A.Z	NA	NA	H2A.Z	NA	NA	E010-H2A.Z.narrowPeak	1	113363
2	488	roadmap_epigenomics	4.37962679650802e-05	0.826225386447176	1002	909	911	999	999	940	977	3436	2768	roadmap_epigenomics H3K27me3	NA	NA	H3K27me3	NA	NA	E053-H3K27me3.narrowPeak	1	115999
1	908	roadmap_epigenomics	3.78200054923361e-05	0.822223737999806	816	277	283	1085	1085	548	1105	2963	3299	roadmap_epigenomics H3K27me3	NA	NA	H3K27me3	NA	NA	E112-H3K27me3.narrowPeak	1	44640
1	1	roadmap_epigenomics	3.20045909535133e-05	0.8427791284341	1425	278	277	901	901	485	1841	2354	2563	roadmap_epigenomics H3K27me3	NA	NA	H3K27me3	NA	NA	E001-H3K27me3.narrowPeak	1	93339
1	143	roadmap_epigenomics	2.6663987138008e-05	0.843663279184357	1973	279	276	652	652	402	2485	1806	1919	roadmap_epigenomics H2BK20ac	NA	NA	H2BK20ac	NA	NA	E008-H2BK20ac.narrowPeak	1	115394
2	1043	roadmap_epigenomics	2.47422151202668e-05	0.83713109650316	1489	910	908	904	910	907	1409	2949	2336	roadmap_epigenomics H3K27me3	NA	NA	H3K27me3	NA	NA	E124-H3K27me3.narrowPeak	1	160742
1	51	roadmap_epigenomics	2.38660360120187e-05	0.842209822361549	2029	280	278	625	625	394	2551	1750	1853	roadmap_epigenomics H3K23ac	NA	NA	H3K23ac	NA	NA	E004-H3K23ac.narrowPeak	1	111604
2	914	roadmap_epigenomics	2.16430169927605e-05	0.827449797680669	1194	911	910	946	946	922	1153	3244	2592	roadmap_epigenomics H3K27me3	NA	NA	H3K27me3	NA	NA	E113-H3K27me3.narrowPeak	1	57437
2	273	roadmap_epigenomics	2.11857921601814e-05	0.84024250059345	1780	912	907	875	912	898	1661	2658	2084	roadmap_epigenomics H3K27me3	NA	NA	H3K27me3	NA	NA	E021-H3K27me3.narrowPeak	1	95847
2	894	roadmap_epigenomics	1.37537265819932e-05	0.829701097317989	1403	913	909	912	913	911	1340	3035	2405	roadmap_epigenomics H3K27me3	NA	NA	H3K27me3	NA	NA	E110-H3K27me3.narrowPeak	1	119289
1	738	roadmap_epigenomics	1.36283037522346e-05	0.838141921565897	1800	281	279	737	737	432	2292	1979	2112	roadmap_epigenomics H3K27me3	NA	NA	H3K27me3	NA	NA	E089-H3K27me3.narrowPeak	1	221319
2	1067	roadmap_epigenomics	1.12295008238329e-05	0.792941844053516	725	914	917	1066	1066	966	740	3713	3005	roadmap_epigenomics H3K27me3	NA	NA	H3K27me3	NA	NA	E126-H3K27me3.narrowPeak	1	70203
1	1026	roadmap_epigenomics	1.01858379499716e-05	0.808872150845556	814	282	285	1086	1086	551	1116	2965	3288	roadmap_epigenomics H4K20me1	NA	NA	H4K20me1	NA	NA	E122-H4K20me1.narrowPeak	1	49461
2	493	roadmap_epigenomics	5.21988773488464e-06	0.791834578354812	800	915	919	1051	1051	962	814	3638	2931	roadmap_epigenomics H3K27me3	NA	NA	H3K27me3	NA	NA	E054-H3K27me3.narrowPeak	1	89616
1	969	roadmap_epigenomics	4.79464771703534e-06	0.828919168619163	1683	283	281	802	802	455	2167	2096	2237	roadmap_epigenomics H3K27me3	NA	NA	H3K27me3	NA	NA	E118-H3K27me3.narrowPeak	1	110851
1	1123	ucsc_features	3.54307577816005e-06	0.379107158808876	22	284	1034	1122	1122	813	67	3757	4337	UCSC Vista enhancers	NA	NA	NA	NA	NA	vistaEnhancers.bed	1	1339
1	34	roadmap_epigenomics	3.24827401467558e-06	0.824859890590649	2034	285	282	621	621	396	2579	1745	1825	roadmap_epigenomics H3K56ac	NA	NA	H3K56ac	NA	NA	E003-H3K56ac.narrowPeak	1	86476
2	7	roadmap_epigenomics	2.33459521283627e-06	0.809891160384404	1258	916	914	935	935	922	1229	3180	2516	roadmap_epigenomics H3K27me3	NA	NA	H3K27me3	NA	NA	E002-H3K27me3.narrowPeak	1	95078
1	686	roadmap_epigenomics	1.85438517692523e-06	0.819404718178547	2109	286	284	574	574	381	2671	1670	1733	roadmap_epigenomics H3K36me3	NA	NA	H3K36me3	NA	NA	E083-H3K36me3.narrowPeak	1	221146
2	704	roadmap_epigenomics	1.43074333143403e-06	0.814930277639024	1595	917	912	894	917	908	1527	2843	2218	roadmap_epigenomics H3K27me3	NA	NA	H3K27me3	NA	NA	E085-H3K27me3.narrowPeak	1	218555
2	1092	roadmap_epigenomics	7.21125923808146e-07	0.791690931586403	1061	918	920	984	984	941	1064	3377	2681	roadmap_epigenomics H3K27me3	NA	NA	H3K27me3	NA	NA	E128-H3K27me3.narrowPeak	1	130551
1	96	roadmap_epigenomics	6.14777326248463e-07	0.806440622299128	2319	287	286	402	402	325	2921	1460	1483	roadmap_epigenomics H2BK5ac	NA	NA	H2BK5ac	NA	NA	E006-H2BK5ac.narrowPeak	1	169022
2	964	roadmap_epigenomics	4.04009677991627e-07	0.799261290322908	1352	919	916	919	919	918	1326	3086	2419	roadmap_epigenomics H3K9me3	NA	NA	H3K9me3	NA	NA	E117-H3K9me3.narrowPeak	1	92881
2	452	roadmap_epigenomics	3.67241033893739e-07	0.763166099323455	745	920	924	1061	1061	968	783	3693	2962	roadmap_epigenomics H3K27me3	NA	NA	H3K27me3	NA	NA	E048-H3K27me3.narrowPeak	1	34760
1	49	roadmap_epigenomics	3.25695159391594e-07	0.798415738375158	1174	288	289	1010	1010	529	1589	2605	2815	roadmap_epigenomics H2BK5ac	NA	NA	H2BK5ac	NA	NA	E004-H2BK5ac.narrowPeak	1	64664
2	1055	roadmap_epigenomics	2.485231035249e-07	0.792420132260398	1259	921	918	933	933	924	1248	3179	2497	roadmap_epigenomics H3K27me3	NA	NA	H3K27me3	NA	NA	E125-H3K27me3.narrowPeak	1	199061
1	156	roadmap_epigenomics	1.91560232313713e-07	0.790952546342852	2510	289	291	224	291	268	3146	1269	1258	roadmap_epigenomics H3K56ac	NA	NA	H3K56ac	NA	NA	E008-H3K56ac.narrowPeak	1	164562
1	272	roadmap_epigenomics	1.06126086692184e-07	0.799824173070025	1976	290	287	650	650	409	2546	1803	1858	roadmap_epigenomics H3K27ac	NA	NA	H3K27ac	NA	NA	E021-H3K27ac.narrowPeak	1	103584
2	132	roadmap_epigenomics	1.03400369898528e-07	0.800406386307391	2070	922	915	853	922	897	1955	2368	1790	roadmap_epigenomics H3K9me3	NA	NA	H3K9me3	NA	NA	E007-H3K9me3.narrowPeak	1	151755
1	967	roadmap_epigenomics	1.01974796311948e-07	0.797518525857345	1451	291	290	889	889	490	1932	2328	2472	roadmap_epigenomics H2A.Z	NA	NA	H2A.Z	NA	NA	E118-H2A.Z.narrowPeak	1	24224
1	720	roadmap_epigenomics	7.72447990590158e-08	0.798559169180951	1781	292	288	752	752	444	2323	1998	2081	roadmap_epigenomics H3K36me3	NA	NA	H3K36me3	NA	NA	E087-H3K36me3.narrowPeak	1	101681
1	164	roadmap_epigenomics	5.29953947664359e-08	0.786148405948085	2391	293	292	326	326	304	3024	1388	1380	roadmap_epigenomics H4K8ac	NA	NA	H4K8ac	NA	NA	E008-H4K8ac.narrowPeak	1	139450
2	769	roadmap_epigenomics	2.86207032610597e-08	0.790758815057344	2331	923	921	818	923	887	2184	2107	1561	roadmap_epigenomics H3K9me3	NA	NA	H3K9me3	NA	NA	E092-H3K9me3.narrowPeak	1	273587
1	10	roadmap_epigenomics	2.85803443699208e-08	0.768148595578312	2677	294	295	106	295	232	3346	1102	1058	roadmap_epigenomics H3K4me3	NA	NA	H3K4me3	NA	NA	E002-H3K4me3.narrowPeak	1	147544
2	1111	ucsc_features	1.86992002943628e-08	0.775755354453982	2893	924	923	699	924	849	2648	1545	1097	UCSC coriellDelDup table	NA	NA	NA	NA	NA	coriellDelDup.bed	1	864
1	17	roadmap_epigenomics	1.27459203656805e-08	0.785652613920926	1566	295	293	849	849	479	2087	2213	2317	roadmap_epigenomics H2AK5ac	NA	NA	H2AK5ac	NA	NA	E003-H2AK5ac.narrowPeak	1	102280
1	92	roadmap_epigenomics	1.14265040560661e-08	0.75110544749357	2819	296	298	50	298	215	3507	960	897	roadmap_epigenomics H2A.Z	NA	NA	H2A.Z	NA	NA	E006-H2A.Z.narrowPeak	1	201531
2	343	roadmap_epigenomics	9.00104361120145e-09	0.705542014816464	532	925	945	1101	1101	990	606	3906	3139	roadmap_epigenomics H3K9me3	NA	NA	H3K9me3	NA	NA	E031-H3K9me3.narrowPeak	1	25266
2	1038	roadmap_epigenomics	6.61137144601373e-09	0.69038237799099	466	926	949	1109	1109	995	544	3972	3201	roadmap_epigenomics H3K9me3	NA	NA	H3K9me3	NA	NA	E123-H3K9me3.narrowPeak	1	22127
2	728	roadmap_epigenomics	4.6297221124185e-09	0.761821373290912	1176	927	926	948	948	934	1203	3262	2542	roadmap_epigenomics H3K27me3	NA	NA	H3K27me3	NA	NA	E088-H3K27me3.narrowPeak	1	203560
2	171	roadmap_epigenomics	3.70167716859435e-09	0.775971409514484	1680	928	922	884	928	911	1647	2758	2098	roadmap_epigenomics H3K9me3	NA	NA	H3K9me3	NA	NA	E009-H3K9me3.narrowPeak	1	190181
2	646	roadmap_epigenomics	2.32883994106985e-09	0.761141635212585	1255	929	927	936	936	931	1278	3183	2467	roadmap_epigenomics H3K27me3	NA	NA	H3K27me3	NA	NA	E078-H3K27me3.narrowPeak	1	107890
2	101	roadmap_epigenomics	2.31785740836001e-09	0.741029123349103	911	930	933	1023	1023	962	968	3527	2777	roadmap_epigenomics H3K27me3	NA	NA	H3K27me3	NA	NA	E006-H3K27me3.narrowPeak	1	117340
2	381	roadmap_epigenomics	2.31678425653313e-09	0.723471161880168	726	931	937	1065	1065	978	797	3712	2948	roadmap_epigenomics H3K27me3	NA	NA	H3K27me3	NA	NA	E037-H3K27me3.narrowPeak	1	36137
1	139	roadmap_epigenomics	1.85097565950326e-09	0.736470200028865	747	297	305	1098	1098	567	1104	3032	3300	roadmap_epigenomics H2AK5ac	NA	NA	H2AK5ac	NA	NA	E008-H2AK5ac.narrowPeak	1	27211
1	282	roadmap_epigenomics	1.29594734084296e-09	0.770974818348668	1494	298	294	871	871	488	2021	2285	2383	roadmap_epigenomics H3K27me3	NA	NA	H3K27me3	NA	NA	E022-H3K27me3.narrowPeak	1	68203
1	149	roadmap_epigenomics	1.13038552565957e-09	0.756452954295369	2495	299	297	239	299	278	3170	1284	1234	roadmap_epigenomics H3K27ac	NA	NA	H3K27ac	NA	NA	E008-H3K27ac.narrowPeak	1	220688
2	1122	ucsc_features	4.02471374112557e-10	0.63404745905842	3926	932	976	40	976	649	3459	512	286	UCSC Switch DB TSSs	NA	NA	NA	NA	NA	switchDbTss.bed	1	131751
2	685	roadmap_epigenomics	3.62081337818767e-10	0.726660299044578	876	933	935	1037	1037	968	947	3562	2798	roadmap_epigenomics H3K27me3	NA	NA	H3K27me3	NA	NA	E083-H3K27me3.narrowPeak	1	94590
1	153	roadmap_epigenomics	2.62944327577645e-10	0.764000179333683	1673	300	296	805	805	467	2245	2106	2159	roadmap_epigenomics H3K4me1	NA	NA	H3K4me1	NA	NA	E008-H3K4me1.narrowPeak	1	135771
2	872	roadmap_epigenomics	2.17421803002621e-10	0.751103136428597	1348	934	929	921	934	928	1376	3090	2369	roadmap_epigenomics H3K27me3	NA	NA	H3K27me3	NA	NA	E107-H3K27me3.narrowPeak	1	192092
1	23	roadmap_epigenomics	2.12660243268663e-10	0.746674878659778	1061	301	301	1032	1032	545	1512	2718	2892	roadmap_epigenomics H3K14ac	NA	NA	H3K14ac	NA	NA	E003-H3K14ac.narrowPeak	1	30274
2	177	roadmap_epigenomics	2.04767222951131e-10	0.762754425107007	2057	935	925	857	935	906	1989	2381	1756	roadmap_epigenomics H3K9me3	NA	NA	H3K9me3	NA	NA	E010-H3K9me3.narrowPeak	1	226115
1	133	roadmap_epigenomics	1.7093876005893e-10	0.728168886109961	2753	302	308	78	308	229	3464	1026	940	roadmap_epigenomics H4K8ac	NA	NA	H4K8ac	NA	NA	E007-H4K8ac.narrowPeak	1	223512
2	952	roadmap_epigenomics	1.17637921929781e-10	0.722778783320419	908	936	938	1026	1026	967	983	3530	2762	roadmap_epigenomics H3K9me3	NA	NA	H3K9me3	NA	NA	E116-H3K9me3.narrowPeak	1	59492
2	695	roadmap_epigenomics	1.02435106550223e-10	0.746926936527075	1346	937	930	922	937	930	1379	3092	2366	roadmap_epigenomics H3K27me3	NA	NA	H3K27me3	NA	NA	E084-H3K27me3.narrowPeak	1	193037
2	1000	roadmap_epigenomics	7.7440027910226e-11	0.643220631946764	401	938	967	1114	1114	1010	501	4037	3244	roadmap_epigenomics H3K9me3	NA	NA	H3K9me3	NA	NA	E120-H3K9me3.narrowPeak	1	18061
2	918	roadmap_epigenomics	3.24713166187295e-11	0.751189785838183	2350	939	928	816	939	894	2246	2088	1499	roadmap_epigenomics H3K9me3	NA	NA	H3K9me3	NA	NA	E113-H3K9me3.narrowPeak	1	275470
2	1079	roadmap_epigenomics	2.51733827841165e-11	0.739758548458072	1352	940	934	919	940	931	1393	3086	2352	roadmap_epigenomics H3K27me3	NA	NA	H3K27me3	NA	NA	E127-H3K27me3.narrowPeak	1	230204
2	717	roadmap_epigenomics	1.93245438336779e-11	0.683948936181368	648	941	950	1085	1085	992	749	3790	2996	roadmap_epigenomics H3K9me3	NA	NA	H3K9me3	NA	NA	E086-H3K9me3.narrowPeak	1	29160
1	829	roadmap_epigenomics	1.79365390946349e-11	0.750195765467261	1772	303	299	756	756	453	2381	2007	2023	roadmap_epigenomics H3K36me3	NA	NA	H3K36me3	NA	NA	E100-H3K36me3.narrowPeak	1	160205
1	9	roadmap_epigenomics	1.17119499469409e-11	0.748069917178056	1747	304	300	768	768	457	2355	2032	2049	roadmap_epigenomics H3K4me1	NA	NA	H3K4me1	NA	NA	E002-H3K4me1.narrowPeak	1	155088
1	286	roadmap_epigenomics	1.05167624848642e-11	0.732058451011728	2443	305	306	285	306	299	3145	1336	1259	roadmap_epigenomics H3K9me3	NA	NA	H3K9me3	NA	NA	E022-H3K9me3.narrowPeak	1	207447
1	25	roadmap_epigenomics	8.96949906474471e-12	0.72310946483114	951	306	311	1062	1062	560	1398	2828	3006	roadmap_epigenomics H3K23ac	NA	NA	H3K23ac	NA	NA	E003-H3K23ac.narrowPeak	1	29392
2	690	roadmap_epigenomics	6.49175607213859e-12	0.742628482215847	1729	942	931	880	942	918	1731	2709	2014	roadmap_epigenomics H3K9me3	NA	NA	H3K9me3	NA	NA	E083-H3K9me3.narrowPeak	1	79957
2	8	roadmap_epigenomics	5.89020859849408e-12	0.742330955229701	2364	943	932	813	943	896	2268	2074	1477	roadmap_epigenomics H3K36me3	NA	NA	H3K36me3	NA	NA	E002-H3K36me3.narrowPeak	1	284615
2	534	roadmap_epigenomics	4.595502541884e-12	0.710399443121254	973	944	943	1009	1009	965	1061	3465	2684	roadmap_epigenomics H3K27me3	NA	NA	H3K27me3	NA	NA	E059-H3K27me3.narrowPeak	1	100360
1	670	roadmap_epigenomics	4.04053208487707e-12	0.737744294329983	1357	307	304	935	935	515	1901	2422	2503	roadmap_epigenomics H3K36me3	NA	NA	H3K36me3	NA	NA	E081-H3K36me3.narrowPeak	1	55931
1	158	roadmap_epigenomics	2.79867117343997e-12	0.728525753056081	1149	308	307	1017	1017	544	1651	2630	2753	roadmap_epigenomics H3K79me2	NA	NA	H3K79me2	NA	NA	E008-H3K79me2.narrowPeak	1	81576
1	144	roadmap_epigenomics	2.63285506556509e-12	0.740811957345263	1755	309	302	764	764	458	2375	2024	2029	roadmap_epigenomics H2BK5ac	NA	NA	H2BK5ac	NA	NA	E008-H2BK5ac.narrowPeak	1	66830
2	783	roadmap_epigenomics	2.6292388375655e-12	0.705610904745609	948	945	944	1012	1012	967	1041	3490	2704	roadmap_epigenomics H3K27me3	NA	NA	H3K27me3	NA	NA	E094-H3K27me3.narrowPeak	1	42768
2	841	roadmap_epigenomics	2.33251527610535e-12	0.71552419662922	1098	946	940	971	971	952	1179	3340	2566	roadmap_epigenomics H3K27me3	NA	NA	H3K27me3	NA	NA	E102-H3K27me3.narrowPeak	1	129148
2	233	roadmap_epigenomics	2.20715270545277e-12	0.719103305408544	1165	947	939	951	951	946	1240	3273	2505	roadmap_epigenomics H3K27me3	NA	NA	H3K27me3	NA	NA	E017-H3K27me3.narrowPeak	1	299272
1	36	roadmap_epigenomics	2.13559960743416e-12	0.739800328397732	1728	310	303	781	781	465	2345	2051	2059	roadmap_epigenomics H3K79me2	NA	NA	H3K79me2	NA	NA	E003-H3K79me2.narrowPeak	1	125042
1	30	roadmap_epigenomics	8.61096211259611e-13	0.711640165831809	953	311	319	1061	1061	564	1416	2826	2988	roadmap_epigenomics H3K4ac	NA	NA	H3K4ac	NA	NA	E003-H3K4ac.narrowPeak	1	34100
1	63	roadmap_epigenomics	7.13505892503363e-13	0.723229242122481	2334	312	310	389	389	337	3042	1445	1362	roadmap_epigenomics H4K8ac	NA	NA	H4K8ac	NA	NA	E004-H4K8ac.narrowPeak	1	131576
1	1077	roadmap_epigenomics	4.18228822244362e-13	0.715221379034979	2449	313	315	281	315	303	3172	1330	1232	roadmap_epigenomics H2A.Z	NA	NA	H2A.Z	NA	NA	E127-H2A.Z.narrowPeak	1	137462
1	920	roadmap_epigenomics	3.80716483795405e-13	0.720556974910264	2325	314	314	399	399	342	3036	1454	1368	roadmap_epigenomics H2A.Z	NA	NA	H2A.Z	NA	NA	E114-H2A.Z.narrowPeak	1	88217
2	899	roadmap_epigenomics	3.5979057777118e-13	0.663575143196221	655	948	957	1083	1083	996	775	3783	2970	roadmap_epigenomics H3K9me3	NA	NA	H3K9me3	NA	NA	E110-H3K9me3.narrowPeak	1	32117
1	24	roadmap_epigenomics	3.20446017135776e-13	0.710607723101898	2508	315	320	227	320	287	3238	1271	1166	roadmap_epigenomics H3K18ac	NA	NA	H3K18ac	NA	NA	E003-H3K18ac.narrowPeak	1	249755
2	879	roadmap_epigenomics	2.287384750665e-13	0.714538342417839	1290	949	942	930	949	940	1365	3148	2380	roadmap_epigenomics H3K27me3	NA	NA	H3K27me3	NA	NA	E108-H3K27me3.narrowPeak	1	189539
1	516	roadmap_epigenomics	1.78882745045672e-13	0.722148566375455	2179	316	313	516	516	382	2878	1600	1526	roadmap_epigenomics	NA	NA	NA	NA	NA	E057-DNase.hotspot.all.peaks.bed	1	102170
1	26	roadmap_epigenomics	1.68468008406892e-13	0.71415606106374	2382	317	317	338	338	324	3104	1397	1300	roadmap_epigenomics H3K23me2	NA	NA	H3K23me2	NA	NA	E003-H3K23me2.narrowPeak	1	95590
1	120	roadmap_epigenomics	1.59451546594615e-13	0.706575575319078	2518	318	321	217	321	285	3253	1261	1151	roadmap_epigenomics H3K14ac	NA	NA	H3K14ac	NA	NA	E007-H3K14ac.narrowPeak	1	184207
1	116	roadmap_epigenomics	1.29605611504781e-13	0.722816587636651	2099	319	312	581	581	404	2790	1680	1614	roadmap_epigenomics H2BK120ac	NA	NA	H2BK120ac	NA	NA	E007-H2BK120ac.narrowPeak	1	114993
1	401	roadmap_epigenomics	1.22855319238906e-13	0.72577282756662	1570	320	309	846	846	492	2179	2209	2225	roadmap_epigenomics H3K36me3	NA	NA	H3K36me3	NA	NA	E040-H3K36me3.narrowPeak	1	157464
2	293	roadmap_epigenomics	1.05111693854321e-13	0.725905804202335	2064	950	936	854	950	913	2041	2374	1704	roadmap_epigenomics H3K27me3	NA	NA	H3K27me3	NA	NA	E024-H3K27me3.narrowPeak	1	222597
2	439	roadmap_epigenomics	1.01447249481418e-13	0.702076344892789	1120	951	946	964	964	954	1216	3318	2529	roadmap_epigenomics H3K27me3	NA	NA	H3K27me3	NA	NA	E046-H3K27me3.narrowPeak	1	116582
1	856	roadmap_epigenomics	7.71461973242698e-14	0.657132132576056	2983	321	355	13	355	230	3747	796	657	roadmap_epigenomics H3K36me3	NA	NA	H3K36me3	NA	NA	E104-H3K36me3.narrowPeak	1	300362
2	1074	roadmap_epigenomics	6.79368700186844e-14	0.540437664683973	244	952	1032	1119	1119	1030	364	4194	3381	roadmap_epigenomics H3K9me3	NA	NA	H3K9me3	NA	NA	E126-H3K9me3.narrowPeak	1	12150
1	141	roadmap_epigenomics	3.70301747156478e-14	0.715211420251385	1315	322	316	952	952	530	1882	2464	2522	roadmap_epigenomics H2BK12ac	NA	NA	H2BK12ac	NA	NA	E008-H2BK12ac.narrowPeak	1	46023
2	468	roadmap_epigenomics	2.90744731165826e-14	0.693996128334173	1080	953	947	975	975	958	1186	3358	2559	roadmap_epigenomics H3K27me3	NA	NA	H3K27me3	NA	NA	E050-H3K27me3.narrowPeak	1	188829
2	540	roadmap_epigenomics	1.32112862917802e-14	0.715283158954081	2297	954	941	830	954	908	2247	2141	1498	roadmap_epigenomics H3K27me3	NA	NA	H3K27me3	NA	NA	E061-H3K27me3.narrowPeak	1	303846
2	370	roadmap_epigenomics	9.35397642556699e-15	0.635784935893643	592	955	973	1097	1097	1010	730	3846	3015	roadmap_epigenomics H3K27me3	NA	NA	H3K27me3	NA	NA	E035-H3K27me3.narrowPeak	1	55503
1	321	roadmap_epigenomics	4.43590634614514e-15	0.712586829570783	1784	323	318	747	747	463	2451	1995	1953	roadmap_epigenomics H3K36me3	NA	NA	H3K36me3	NA	NA	E028-H3K36me3.narrowPeak	1	214696
1	1100	roadmap_epigenomics	4.05017535952382e-15	0.674300267356313	799	324	339	1088	1088	584	1253	2980	3151	roadmap_epigenomics H4K20me1	NA	NA	H4K20me1	NA	NA	E128-H4K20me1.narrowPeak	1	29799
1	666	roadmap_epigenomics	2.21795317307257e-15	0.702524419274307	2188	325	322	508	508	385	2915	1591	1489	roadmap_epigenomics	NA	NA	NA	NA	NA	E081-DNase.hotspot.all.peaks.bed	1	115426
1	121	roadmap_epigenomics	2.12152042641724e-15	0.67122078327198	2712	326	343	93	343	254	3484	1067	920	roadmap_epigenomics H3K18ac	NA	NA	H3K18ac	NA	NA	E007-H3K18ac.narrowPeak	1	252687
1	166	roadmap_epigenomics	2.07330405308957e-15	0.681063507951353	2594	327	330	160	330	272	3359	1185	1045	roadmap_epigenomics H2A.Z	NA	NA	H2A.Z	NA	NA	E009-H2A.Z.narrowPeak	1	158512
1	1003	roadmap_epigenomics	1.15719295986395e-15	0.677382872701133	2607	328	335	143	335	269	3376	1172	1028	roadmap_epigenomics H2A.Z	NA	NA	H2A.Z	NA	NA	E121-H2A.Z.narrowPeak	1	153394
1	979	roadmap_epigenomics	6.75029226587302e-16	0.675905417089654	2596	329	338	157	338	275	3367	1183	1037	roadmap_epigenomics H2A.Z	NA	NA	H2A.Z	NA	NA	E119-H2A.Z.narrowPeak	1	137376
1	47	roadmap_epigenomics	6.75029226587302e-16	0.700396905349706	2098	329	324	584	584	412	2821	1681	1583	roadmap_epigenomics H2BK120ac	NA	NA	H2BK120ac	NA	NA	E004-H2BK120ac.narrowPeak	1	149531
1	675	roadmap_epigenomics	5.78596479931973e-16	0.6819266597535	2502	331	329	235	331	298	3267	1277	1137	roadmap_epigenomics	NA	NA	NA	NA	NA	E082-DNase.hotspot.fdr0.01.peaks.bed	1	195020
1	667	roadmap_epigenomics	4.33947359948979e-16	0.678511938485187	2532	332	332	204	332	289	3301	1247	1103	roadmap_epigenomics	NA	NA	NA	NA	NA	E081-DNase.hotspot.fdr0.01.peaks.bed	1	206920
2	476	roadmap_epigenomics	4.33947359948979e-16	0.675474145268361	1067	956	951	978	978	962	1195	3371	2550	roadmap_epigenomics H3K27me3	NA	NA	H3K27me3	NA	NA	E051-H3K27me3.narrowPeak	1	236036
1	42	roadmap_epigenomics	2.41081866638322e-16	0.700715061008729	1634	333	323	822	822	493	2294	2145	2110	roadmap_epigenomics H4K91ac	NA	NA	H4K91ac	NA	NA	E003-H4K91ac.narrowPeak	1	106820
1	340	roadmap_epigenomics	1.92865493310657e-16	0.694996870526351	1358	334	325	934	934	531	1967	2421	2437	roadmap_epigenomics H3K36me3	NA	NA	H3K36me3	NA	NA	E031-H3K36me3.narrowPeak	1	119677
1	84	roadmap_epigenomics	1.44649119982993e-16	0.690086206544042	2229	335	327	475	475	379	2976	1550	1428	roadmap_epigenomics H3K9ac	NA	NA	H3K9ac	NA	NA	E005-H3K9ac.narrowPeak	1	76244
1	806	roadmap_epigenomics	9.64327466553287e-17	0.679040827792697	2398	336	331	319	336	329	3166	1381	1238	roadmap_epigenomics H3K4me1	NA	NA	H3K4me1	NA	NA	E097-H3K4me1.narrowPeak	1	316356
2	813	roadmap_epigenomics	4.82163733276644e-17	0.629094708210003	699	957	980	1072	1072	1000	858	3739	2887	roadmap_epigenomics H3K27me3	NA	NA	H3K27me3	NA	NA	E098-H3K27me3.narrowPeak	1	34318
2	580	roadmap_epigenomics	4.82163733276644e-17	0.620230341912987	639	957	981	1088	1088	1010	799	3799	2946	roadmap_epigenomics H3K27me3	NA	NA	H3K27me3	NA	NA	E068-H3K27me3.narrowPeak	1	52286
1	108	roadmap_epigenomics	0	0.63502634946832	2809	337	367	54	367	253	3612	970	792	roadmap_epigenomics H3K9ac	NA	NA	H3K9ac	NA	NA	E006-H3K9ac.narrowPeak	1	193085
1	978	roadmap_epigenomics	0	0.604120578949703	2903	337	400	27	400	255	3725	876	679	roadmap_epigenomics	NA	NA	NA	NA	NA	E119-DNase.macs2.narrowPeak	1	292840
1	44	roadmap_epigenomics	0	0.623002883501876	2803	337	380	57	380	258	3619	976	785	roadmap_epigenomics	NA	NA	NA	NA	NA	E004-DNase.hotspot.fdr0.01.peaks.bed	1	238986
1	676	roadmap_epigenomics	0	0.599765299617294	2877	337	405	33	405	258	3707	902	697	roadmap_epigenomics	NA	NA	NA	NA	NA	E082-DNase.macs2.narrowPeak	1	496530
1	66	roadmap_epigenomics	0	0.630689367506233	2752	337	371	79	371	262	3565	1027	839	roadmap_epigenomics	NA	NA	NA	NA	NA	E005-DNase.macs2.narrowPeak	1	271969
1	162	roadmap_epigenomics	0	0.602841544187234	2803	337	401	57	401	265	3640	976	764	roadmap_epigenomics H4K20me1	NA	NA	H4K20me1	NA	NA	E008-H4K20me1.narrowPeak	1	284568
1	517	roadmap_epigenomics	0	0.644120152312276	2707	337	363	96	363	265	3509	1072	895	roadmap_epigenomics	NA	NA	NA	NA	NA	E057-DNase.hotspot.fdr0.01.peaks.bed	1	209886
1	14	roadmap_epigenomics	0	0.598416817762866	2761	337	407	72	407	272	3608	1018	796	roadmap_epigenomics	NA	NA	NA	NA	NA	E003-DNase.hotspot.fdr0.01.peaks.bed	1	181790
1	668	roadmap_epigenomics	0	0.582071884594399	2809	337	428	54	428	273	3667	970	737	roadmap_epigenomics	NA	NA	NA	NA	NA	E081-DNase.macs2.narrowPeak	1	402299
1	518	roadmap_epigenomics	0	0.565224786886134	2872	337	450	36	450	274	3737	907	667	roadmap_epigenomics	NA	NA	NA	NA	NA	E057-DNase.macs2.narrowPeak	1	290255
1	318	roadmap_epigenomics	0	0.627895551886903	2658	337	377	114	377	276	3482	1121	922	roadmap_epigenomics	NA	NA	NA	NA	NA	E028-DNase.hotspot.fdr0.01.peaks.bed	1	186595
1	1041	roadmap_epigenomics	0	0.630425872346099	2645	337	372	118	372	276	3467	1134	937	roadmap_epigenomics H2A.Z	NA	NA	H2A.Z	NA	NA	E124-H2A.Z.narrowPeak	1	136897
1	145	roadmap_epigenomics	0	0.658212238445617	2618	337	354	139	354	277	3409	1161	995	roadmap_epigenomics H3K14ac	NA	NA	H3K14ac	NA	NA	E008-H3K14ac.narrowPeak	1	181023
1	280	roadmap_epigenomics	0	0.547991330607997	3266	337	489	4	489	277	4055	513	349	roadmap_epigenomics	NA	NA	NA	NA	NA	E022-DNase.macs2.narrowPeak	1	671885
1	753	roadmap_epigenomics	0	0.576154220799688	2791	337	437	60	437	278	3658	988	746	roadmap_epigenomics	NA	NA	NA	NA	NA	E091-DNase.hotspot.fdr0.01.peaks.bed	1	214514
1	990	roadmap_epigenomics	0	0.564306991545201	2849	337	453	43	453	278	3719	930	685	roadmap_epigenomics	NA	NA	NA	NA	NA	E120-DNase.macs2.narrowPeak	1	386665
1	279	roadmap_epigenomics	0	0.581857329476481	2762	337	430	70	430	279	3627	1017	777	roadmap_epigenomics	NA	NA	NA	NA	NA	E022-DNase.hotspot.fdr0.01.peaks.bed	1	191448
1	319	roadmap_epigenomics	0	0.570237414238853	2787	337	443	64	443	281	3661	992	743	roadmap_epigenomics	NA	NA	NA	NA	NA	E028-DNase.macs2.narrowPeak	1	247966
1	622	roadmap_epigenomics	0	0.612245174299328	2661	337	394	111	394	281	3503	1118	901	roadmap_epigenomics H3K4me3	NA	NA	H3K4me3	NA	NA	E074-H3K4me3.narrowPeak	1	90281
1	136	roadmap_epigenomics	0	0.593261414066639	2709	337	414	95	414	282	3568	1070	836	roadmap_epigenomics	NA	NA	NA	NA	NA	E008-DNase.hotspot.fdr0.01.peaks.bed	1	189915
1	726	roadmap_epigenomics	0	0.585902553034814	2736	337	423	85	423	282	3600	1043	804	roadmap_epigenomics	NA	NA	NA	NA	NA	E088-DNase.hotspot.fdr0.01.peaks.bed	1	243016
1	251	roadmap_epigenomics	0	0.595603764375104	2676	337	409	107	409	284	3536	1103	868	roadmap_epigenomics H3K4me1	NA	NA	H3K4me1	NA	NA	E018-H3K4me1.narrowPeak	1	334991
1	200	roadmap_epigenomics	0	0.653771898124364	2575	337	358	172	358	289	3373	1204	1031	roadmap_epigenomics H3K4me1	NA	NA	H3K4me1	NA	NA	E014-H3K4me1.narrowPeak	1	314776
1	119	roadmap_epigenomics	0	0.52868670774101	3026	337	525	11	525	291	3892	753	512	roadmap_epigenomics H2BK5ac	NA	NA	H2BK5ac	NA	NA	E007-H2BK5ac.narrowPeak	1	389247
1	531	roadmap_epigenomics	0	0.59355439607269	2642	337	412	123	412	291	3508	1137	896	roadmap_epigenomics	NA	NA	NA	NA	NA	E059-DNase.hotspot.fdr0.01.peaks.bed	1	188414
1	270	roadmap_epigenomics	0	0.558651274563128	2760	337	466	74	466	292	3651	1019	753	roadmap_epigenomics	NA	NA	NA	NA	NA	E021-DNase.hotspot.fdr0.01.peaks.bed	1	182710
1	81	roadmap_epigenomics	0	0.59476721551061	2617	337	410	140	410	296	3484	1162	920	roadmap_epigenomics H3K4me3	NA	NA	H3K4me3	NA	NA	E005-H3K4me3.narrowPeak	1	88854
1	1076	roadmap_epigenomics	0	0.520434041373481	2979	337	545	15	545	299	3864	800	540	roadmap_epigenomics	NA	NA	NA	NA	NA	E127-DNase.macs2.narrowPeak	1	449247
1	105	roadmap_epigenomics	0	0.553614735169811	2727	337	475	87	475	300	3629	1052	775	roadmap_epigenomics H3K4me2	NA	NA	H3K4me2	NA	NA	E006-H3K4me2.narrowPeak	1	170555
1	449	roadmap_epigenomics	0	0.651726421283209	2531	337	361	206	361	301	3333	1248	1071	roadmap_epigenomics H3K9ac	NA	NA	H3K9ac	NA	NA	E047-H3K9ac.narrowPeak	1	147914
1	45	roadmap_epigenomics	0	0.519474785992385	2921	337	549	23	549	303	3821	858	583	roadmap_epigenomics	NA	NA	NA	NA	NA	E004-DNase.macs2.narrowPeak	1	365365
1	465	roadmap_epigenomics	0	0.556292544884161	2680	337	470	104	470	304	3586	1099	818	roadmap_epigenomics	NA	NA	NA	NA	NA	E050-DNase.hotspot.fdr0.01.peaks.bed	1	156377
1	65	roadmap_epigenomics	0	0.65962482265761	2492	337	352	245	352	311	3285	1287	1119	roadmap_epigenomics	NA	NA	NA	NA	NA	E005-DNase.hotspot.fdr0.01.peaks.bed	1	152235
1	265	roadmap_epigenomics	0	0.620290980641751	2523	337	385	212	385	311	3365	1256	1039	roadmap_epigenomics H3K4me1	NA	NA	H3K4me1	NA	NA	E020-H3K4me1.narrowPeak	1	289288
1	214	roadmap_epigenomics	0	0.662883582124689	2483	337	349	252	349	313	3272	1296	1132	roadmap_epigenomics H3K4me1	NA	NA	H3K4me1	NA	NA	E016-H3K4me1.narrowPeak	1	292493
1	735	roadmap_epigenomics	0	0.544470766190032	2662	337	493	110	493	313	3585	1117	819	roadmap_epigenomics	NA	NA	NA	NA	NA	E089-DNase.hotspot.fdr0.01.peaks.bed	1	210689
1	780	roadmap_epigenomics	0	0.581990408309556	2575	337	429	172	429	313	3462	1204	942	roadmap_epigenomics	NA	NA	NA	NA	NA	E094-DNase.hotspot.fdr0.01.peaks.bed	1	165153
1	3	roadmap_epigenomics	0	0.629567629856111	2504	337	374	230	374	314	3335	1275	1069	roadmap_epigenomics H3K4me1	NA	NA	H3K4me1	NA	NA	E001-H3K4me1.narrowPeak	1	308728
1	798	roadmap_epigenomics	0	0.599906158505198	2541	337	403	201	403	314	3408	1238	996	roadmap_epigenomics H3K4me3	NA	NA	H3K4me3	NA	NA	E096-H3K4me3.narrowPeak	1	96300
1	146	roadmap_epigenomics	0	0.647826738300019	2492	337	362	245	362	315	3300	1287	1104	roadmap_epigenomics H3K18ac	NA	NA	H3K18ac	NA	NA	E008-H3K18ac.narrowPeak	1	148881
1	781	roadmap_epigenomics	0	0.561901244827441	2598	337	457	155	457	316	3508	1181	896	roadmap_epigenomics	NA	NA	NA	NA	NA	E094-DNase.macs2.narrowPeak	1	205035
1	128	roadmap_epigenomics	0	0.528678789271322	2727	337	526	87	526	317	3658	1052	746	roadmap_epigenomics H3K4me2	NA	NA	H3K4me2	NA	NA	E007-H3K4me2.narrowPeak	1	143005
1	810	roadmap_epigenomics	0	0.583393977867482	2556	337	426	188	426	317	3443	1223	961	roadmap_epigenomics	NA	NA	NA	NA	NA	E098-DNase.hotspot.fdr0.01.peaks.bed	1	150516
1	258	roadmap_epigenomics	0	0.663830332717322	2462	337	348	268	348	318	3250	1317	1154	roadmap_epigenomics H3K4me1	NA	NA	H3K4me1	NA	NA	E019-H3K4me1.narrowPeak	1	213365
1	1101	roadmap_epigenomics	0	0.673217606789959	2454	337	340	276	340	318	3230	1325	1174	roadmap_epigenomics H2A.Z	NA	NA	H2A.Z	NA	NA	E129-H2A.Z.narrowPeak	1	144805
1	744	roadmap_epigenomics	0	0.541946065169973	2643	337	499	121	499	319	3572	1136	832	roadmap_epigenomics	NA	NA	NA	NA	NA	E090-DNase.hotspot.fdr0.01.peaks.bed	1	219306
1	221	roadmap_epigenomics	0	0.576075209348682	2550	337	438	192	438	322	3447	1229	957	roadmap_epigenomics H2A.Z	NA	NA	H2A.Z	NA	NA	E017-H2A.Z.narrowPeak	1	121643
1	278	roadmap_epigenomics	0	0.586747781286806	2529	337	421	208	421	322	3414	1250	990	roadmap_epigenomics	NA	NA	NA	NA	NA	E022-DNase.hotspot.all.peaks.bed	1	119252
1	129	roadmap_epigenomics	0	0.564958780698995	2564	337	451	181	451	323	3474	1215	930	roadmap_epigenomics H3K4me3	NA	NA	H3K4me3	NA	NA	E007-H3K4me3.narrowPeak	1	87807
1	269	roadmap_epigenomics	0	0.585212235230366	2517	337	424	218	424	326	3405	1262	999	roadmap_epigenomics	NA	NA	NA	NA	NA	E021-DNase.hotspot.all.peaks.bed	1	111181
1	786	roadmap_epigenomics	0	0.55123099009514	2595	337	482	158	482	326	3519	1184	885	roadmap_epigenomics H3K4me3	NA	NA	H3K4me3	NA	NA	E094-H3K4me3.narrowPeak	1	87979
1	182	roadmap_epigenomics	0	0.560867823252513	2558	337	460	185	460	327	3474	1221	930	roadmap_epigenomics H3K4me3	NA	NA	H3K4me3	NA	NA	E011-H3K4me3.narrowPeak	1	131844
1	693	roadmap_epigenomics	0	0.513047579127145	2739	337	562	84	562	328	3686	1040	718	roadmap_epigenomics	NA	NA	NA	NA	NA	E084-DNase.macs2.narrowPeak	1	291379
1	701	roadmap_epigenomics	0	0.551455612507178	2585	337	481	167	481	328	3510	1194	894	roadmap_epigenomics	NA	NA	NA	NA	NA	E085-DNase.hotspot.fdr0.01.peaks.bed	1	161983
1	692	roadmap_epigenomics	0	0.552522907062096	2582	337	480	171	480	329	3506	1197	898	roadmap_epigenomics	NA	NA	NA	NA	NA	E084-DNase.hotspot.fdr0.01.peaks.bed	1	168261
1	181	roadmap_epigenomics	0	0.627947282747939	2453	337	376	278	376	330	3288	1326	1116	roadmap_epigenomics H3K4me1	NA	NA	H3K4me1	NA	NA	E011-H3K4me1.narrowPeak	1	274844
1	762	roadmap_epigenomics	0	0.5150129643395	2707	337	557	96	557	330	3658	1072	746	roadmap_epigenomics	NA	NA	NA	NA	NA	E092-DNase.hotspot.fdr0.01.peaks.bed	1	194389
1	207	roadmap_epigenomics	0	0.533472197994771	2608	337	514	142	514	331	3553	1171	851	roadmap_epigenomics H3K4me1	NA	NA	H3K4me1	NA	NA	E015-H3K4me1.narrowPeak	1	327376
1	474	roadmap_epigenomics	0	0.546820745443101	2585	337	490	167	490	331	3516	1194	888	roadmap_epigenomics	NA	NA	NA	NA	NA	E051-DNase.hotspot.fdr0.01.peaks.bed	1	133410
1	710	roadmap_epigenomics	0	0.527163868739486	2640	337	530	126	530	331	3588	1139	816	roadmap_epigenomics	NA	NA	NA	NA	NA	E086-DNase.hotspot.fdr0.01.peaks.bed	1	178680
1	1052	roadmap_epigenomics	0	0.500241178182713	2819	337	607	50	607	331	3763	960	641	roadmap_epigenomics	NA	NA	NA	NA	NA	E125-DNase.macs2.narrowPeak	1	363159
1	13	roadmap_epigenomics	0	0.585008678941158	2495	337	425	239	425	334	3385	1284	1019	roadmap_epigenomics	NA	NA	NA	NA	NA	E003-DNase.hotspot.all.peaks.bed	1	111055
1	99	roadmap_epigenomics	0	0.505827148055052	2746	337	584	81	584	334	3700	1033	704	roadmap_epigenomics H3K23ac	NA	NA	H3K23ac	NA	NA	E006-H3K23ac.narrowPeak	1	220387
1	683	roadmap_epigenomics	0	0.533508626858102	2601	337	513	153	513	334	3547	1178	857	roadmap_epigenomics	NA	NA	NA	NA	NA	E083-DNase.hotspot.fdr0.01.peaks.bed	1	218413
1	113	roadmap_epigenomics	0	0.560878787055578	2511	337	459	223	459	340	3432	1268	972	roadmap_epigenomics	NA	NA	NA	NA	NA	E007-DNase.hotspot.fdr0.01.peaks.bed	1	135081
1	220	roadmap_epigenomics	0	0.488816602138692	2899	337	656	29	656	341	3835	880	569	roadmap_epigenomics	NA	NA	NA	NA	NA	E017-DNase.macs2.narrowPeak	1	398131
1	315	roadmap_epigenomics	0	0.493580033612256	2812	337	635	52	635	341	3765	967	639	roadmap_epigenomics H3K9ac	NA	NA	H3K9ac	NA	NA	E027-H3K9ac.narrowPeak	1	217726
1	532	roadmap_epigenomics	0	0.491410896092148	2846	337	641	44	641	341	3793	933	611	roadmap_epigenomics	NA	NA	NA	NA	NA	E059-DNase.macs2.narrowPeak	1	281326
1	778	roadmap_epigenomics	0	0.632628818006165	2400	337	369	316	369	341	3230	1379	1174	roadmap_epigenomics H3K9me3	NA	NA	H3K9me3	NA	NA	E093-H3K9me3.narrowPeak	1	234001
1	1089	roadmap_epigenomics	0	0.499494369809653	2757	337	612	75	612	341	3716	1022	688	roadmap_epigenomics	NA	NA	NA	NA	NA	E128-DNase.macs2.narrowPeak	1	363287
1	127	roadmap_epigenomics	0	0.580688823745897	2479	337	431	257	431	342	3376	1300	1028	roadmap_epigenomics H3K4me1	NA	NA	H3K4me1	NA	NA	E007-H3K4me1.narrowPeak	1	262404
1	702	roadmap_epigenomics	0	0.517372314686155	2619	337	551	138	551	342	3583	1160	821	roadmap_epigenomics	NA	NA	NA	NA	NA	E085-DNase.macs2.narrowPeak	1	231841
1	1053	roadmap_epigenomics	0	0.635705759845241	2386	337	366	331	366	345	3212	1393	1192	roadmap_epigenomics H2A.Z	NA	NA	H2A.Z	NA	NA	E125-H2A.Z.narrowPeak	1	96604
1	159	roadmap_epigenomics	0	0.516103968763603	2605	337	556	146	556	346	3573	1174	831	roadmap_epigenomics H3K9ac	NA	NA	H3K9ac	NA	NA	E008-H3K9ac.narrowPeak	1	146401
1	296	roadmap_epigenomics	0	0.549899300116188	2519	337	486	216	486	346	3454	1260	950	roadmap_epigenomics H3K4me3	NA	NA	H3K4me3	NA	NA	E024-H3K4me3.narrowPeak	1	73602
1	886	roadmap_epigenomics	0	0.510825510461418	2616	337	570	141	570	349	3589	1163	815	roadmap_epigenomics	NA	NA	NA	NA	NA	E109-DNase.hotspot.fdr0.01.peaks.bed	1	173129
1	1014	roadmap_epigenomics	0	0.51700992378603	2573	337	553	175	553	355	3545	1206	859	roadmap_epigenomics	NA	NA	NA	NA	NA	E122-DNase.macs2.narrowPeak	1	241268
1	43	roadmap_epigenomics	0	0.629320102380395	2369	337	375	355	375	356	3204	1410	1200	roadmap_epigenomics	NA	NA	NA	NA	NA	E004-DNase.hotspot.all.peaks.bed	1	114500
1	1064	roadmap_epigenomics	0	0.479357281945035	2872	337	694	36	694	356	3825	907	579	roadmap_epigenomics	NA	NA	NA	NA	NA	E126-DNase.macs2.narrowPeak	1	406203
1	1015	roadmap_epigenomics	0	0.634448400366015	2355	337	368	367	368	357	3183	1424	1221	roadmap_epigenomics H2A.Z	NA	NA	H2A.Z	NA	NA	E122-H2A.Z.narrowPeak	1	124665
1	134	roadmap_epigenomics	0	0.654629004629939	2338	337	356	381	381	358	3138	1441	1266	roadmap_epigenomics H4K91ac	NA	NA	H4K91ac	NA	NA	E007-H4K91ac.narrowPeak	1	168000
1	201	roadmap_epigenomics	0	0.524066833452336	2543	337	539	199	539	358	3510	1236	894	roadmap_epigenomics H3K4me3	NA	NA	H3K4me3	NA	NA	E014-H3K4me3.narrowPeak	1	79278
1	473	roadmap_epigenomics	0	0.560541704471621	2452	337	462	279	462	359	3379	1327	1025	roadmap_epigenomics	NA	NA	NA	NA	NA	E051-DNase.hotspot.all.peaks.bed	1	105226
1	114	roadmap_epigenomics	0	0.470763199091275	2965	337	727	16	727	360	3900	814	504	roadmap_epigenomics	NA	NA	NA	NA	NA	E007-DNase.macs2.narrowPeak	1	408460
1	917	roadmap_epigenomics	0	0.474860016068957	2871	337	712	38	712	362	3829	908	575	roadmap_epigenomics H3K4me3	NA	NA	H3K4me3	NA	NA	E113-H3K4me3.narrowPeak	1	195000
1	106	roadmap_epigenomics	0	0.497419675424073	2624	337	616	135	616	363	3613	1155	791	roadmap_epigenomics H3K4me3	NA	NA	H3K4me3	NA	NA	E006-H3K4me3.narrowPeak	1	112009
1	991	roadmap_epigenomics	0	0.617260745317957	2360	337	390	362	390	363	3212	1419	1192	roadmap_epigenomics H2A.Z	NA	NA	H2A.Z	NA	NA	E120-H2A.Z.narrowPeak	1	101641
1	122	roadmap_epigenomics	0	0.474008500594968	2867	337	716	41	716	365	3827	912	577	roadmap_epigenomics H3K23ac	NA	NA	H3K23ac	NA	NA	E007-H3K23ac.narrowPeak	1	240360
1	55	roadmap_epigenomics	0	0.60531379003084	2357	337	399	366	399	367	3226	1422	1178	roadmap_epigenomics H3K4ac	NA	NA	H3K4ac	NA	NA	E004-H3K4ac.narrowPeak	1	176127
1	464	roadmap_epigenomics	0	0.561261211765345	2415	337	458	307	458	367	3344	1364	1060	roadmap_epigenomics	NA	NA	NA	NA	NA	E050-DNase.hotspot.all.peaks.bed	1	104134
1	725	roadmap_epigenomics	0	0.620334277614102	2337	337	384	383	384	368	3185	1442	1219	roadmap_epigenomics	NA	NA	NA	NA	NA	E088-DNase.hotspot.all.peaks.bed	1	112194
1	771	roadmap_epigenomics	0	0.529917881306432	2490	337	520	247	520	368	3456	1289	948	roadmap_epigenomics	NA	NA	NA	NA	NA	E093-DNase.hotspot.fdr0.01.peaks.bed	1	133624
1	219	roadmap_epigenomics	0	0.526249527820549	2499	337	533	237	533	369	3469	1280	935	roadmap_epigenomics	NA	NA	NA	NA	NA	E017-DNase.hotspot.fdr0.01.peaks.bed	1	185164
1	271	roadmap_epigenomics	0	0.462586166320543	3208	337	764	5	764	369	4069	571	335	roadmap_epigenomics	NA	NA	NA	NA	NA	E021-DNase.macs2.narrowPeak	1	691347
1	135	roadmap_epigenomics	0	0.590345917574258	2368	337	419	357	419	371	3258	1411	1146	roadmap_epigenomics	NA	NA	NA	NA	NA	E008-DNase.hotspot.all.peaks.bed	1	106443
1	811	roadmap_epigenomics	0	0.464586091984909	2915	337	756	24	756	372	3871	864	533	roadmap_epigenomics	NA	NA	NA	NA	NA	E098-DNase.macs2.narrowPeak	1	349441
1	569	roadmap_epigenomics	0	0.550184103033951	2426	337	485	299	485	374	3370	1353	1034	roadmap_epigenomics H3K4me3	NA	NA	H3K4me3	NA	NA	E066-H3K4me3.narrowPeak	1	92061
1	137	roadmap_epigenomics	0	0.472311733443362	2784	337	721	66	721	375	3768	995	636	roadmap_epigenomics	NA	NA	NA	NA	NA	E008-DNase.macs2.narrowPeak	1	244359
1	688	roadmap_epigenomics	0	0.620460814174043	2317	337	383	405	405	375	3165	1462	1239	roadmap_epigenomics H3K4me3	NA	NA	H3K4me3	NA	NA	E083-H3K4me3.narrowPeak	1	112073
1	779	roadmap_epigenomics	0	0.609212018913728	2331	337	396	392	396	375	3195	1448	1209	roadmap_epigenomics	NA	NA	NA	NA	NA	E094-DNase.hotspot.all.peaks.bed	1	111695
1	752	roadmap_epigenomics	0	0.610647655204789	2327	337	395	396	396	376	3189	1452	1215	roadmap_epigenomics	NA	NA	NA	NA	NA	E091-DNase.hotspot.all.peaks.bed	1	111776
1	317	roadmap_epigenomics	0	0.66881477633613	2252	337	344	454	454	378	3030	1527	1374	roadmap_epigenomics	NA	NA	NA	NA	NA	E028-DNase.hotspot.all.peaks.bed	1	103263
1	322	roadmap_epigenomics	0	0.47596736079285	2718	337	709	90	709	379	3714	1061	690	roadmap_epigenomics H3K4me1	NA	NA	H3K4me1	NA	NA	E028-H3K4me1.narrowPeak	1	354089
1	727	roadmap_epigenomics	0	0.455141813757353	2952	337	785	17	785	380	3906	827	498	roadmap_epigenomics	NA	NA	NA	NA	NA	E088-DNase.macs2.narrowPeak	1	530673
1	67	roadmap_epigenomics	0	0.474489802426921	2713	337	714	92	714	381	3712	1066	692	roadmap_epigenomics H2A.Z	NA	NA	H2A.Z	NA	NA	E005-H2A.Z.narrowPeak	1	202104
1	814	roadmap_epigenomics	0	0.616365126659403	2303	337	391	415	415	381	3157	1476	1247	roadmap_epigenomics H3K36me3	NA	NA	H3K36me3	NA	NA	E098-H3K36me3.narrowPeak	1	278364
1	266	roadmap_epigenomics	0	0.495645607355688	2555	337	622	189	622	383	3559	1224	845	roadmap_epigenomics H3K4me3	NA	NA	H3K4me3	NA	NA	E020-H3K4me3.narrowPeak	1	88728
1	39	roadmap_epigenomics	0	0.52623489505236	2442	337	534	288	534	386	3419	1337	985	roadmap_epigenomics H4K20me1	NA	NA	H4K20me1	NA	NA	E003-H4K20me1.narrowPeak	1	266490
1	658	roadmap_epigenomics	0	0.472501175418834	2681	337	719	103	719	386	3690	1098	714	roadmap_epigenomics	NA	NA	NA	NA	NA	E080-DNase.hotspot.fdr0.01.peaks.bed	1	215699
1	711	roadmap_epigenomics	0	0.448521278541239	3117	337	815	7	815	386	4021	662	383	roadmap_epigenomics	NA	NA	NA	NA	NA	E086-DNase.macs2.narrowPeak	1	654772
1	72	roadmap_epigenomics	0	0.534287394264293	2396	337	511	320	511	389	3366	1383	1038	roadmap_epigenomics H3K14ac	NA	NA	H3K14ac	NA	NA	E005-H3K14ac.narrowPeak	1	204548
1	674	roadmap_epigenomics	0	0.67710034365081	2204	337	336	493	493	389	2968	1575	1436	roadmap_epigenomics	NA	NA	NA	NA	NA	E082-DNase.hotspot.all.peaks.bed	1	115791
1	816	roadmap_epigenomics	0	0.522113967493379	2442	337	542	288	542	389	3425	1337	979	roadmap_epigenomics H3K4me3	NA	NA	H3K4me3	NA	NA	E098-H3K4me3.narrowPeak	1	57291
1	15	roadmap_epigenomics	0	0.449254017638319	2923	337	813	22	813	391	3892	856	512	roadmap_epigenomics	NA	NA	NA	NA	NA	E003-DNase.macs2.narrowPeak	1	339188
1	130	roadmap_epigenomics	0	0.513128204478059	2451	337	560	280	560	392	3446	1328	958	roadmap_epigenomics H3K79me1	NA	NA	H3K79me1	NA	NA	E007-H3K79me1.narrowPeak	1	189229
1	809	roadmap_epigenomics	0	0.593341758033499	2289	337	413	427	427	392	3177	1490	1227	roadmap_epigenomics	NA	NA	NA	NA	NA	E098-DNase.hotspot.all.peaks.bed	1	99617
1	1082	roadmap_epigenomics	0	0.470631277901048	2661	337	729	111	729	392	3677	1118	727	roadmap_epigenomics H3K4me2	NA	NA	H3K4me2	NA	NA	E127-H3K4me2.narrowPeak	1	129570
1	700	roadmap_epigenomics	0	0.585944890550944	2292	337	422	424	424	394	3191	1487	1213	roadmap_epigenomics	NA	NA	NA	NA	NA	E085-DNase.hotspot.all.peaks.bed	1	101917
1	761	roadmap_epigenomics	0	0.554901324259075	2349	337	472	373	472	394	3292	1430	1112	roadmap_epigenomics	NA	NA	NA	NA	NA	E092-DNase.hotspot.all.peaks.bed	1	92888
1	64	roadmap_epigenomics	0	0.66625433905428	2192	337	347	501	501	395	2971	1587	1433	roadmap_epigenomics	NA	NA	NA	NA	NA	E005-DNase.hotspot.all.peaks.bed	1	102999
1	69	roadmap_epigenomics	0	0.528378004375699	2394	337	528	321	528	395	3373	1385	1031	roadmap_epigenomics H2BK120ac	NA	NA	H2BK120ac	NA	NA	E005-H2BK120ac.narrowPeak	1	261051
1	984	roadmap_epigenomics	0	0.477619411299904	2605	337	702	146	702	395	3624	1174	780	roadmap_epigenomics H3K4me2	NA	NA	H3K4me2	NA	NA	E119-H3K4me2.narrowPeak	1	119229
1	91	roadmap_epigenomics	0	0.459002048083098	2752	337	773	79	773	396	3760	1027	644	roadmap_epigenomics	NA	NA	NA	NA	NA	E006-DNase.macs2.narrowPeak	1	343835
1	148	roadmap_epigenomics	0	0.486348349057988	2565	337	670	180	670	396	3580	1214	824	roadmap_epigenomics H3K23me2	NA	NA	H3K23me2	NA	NA	E008-H3K23me2.narrowPeak	1	123622
1	466	roadmap_epigenomics	0	0.444763803661896	2937	337	832	20	832	396	3906	842	498	roadmap_epigenomics	NA	NA	NA	NA	NA	E050-DNase.macs2.narrowPeak	1	329554
1	709	roadmap_epigenomics	0	0.537026688481166	2373	337	506	349	506	397	3341	1406	1063	roadmap_epigenomics	NA	NA	NA	NA	NA	E086-DNase.hotspot.all.peaks.bed	1	106536
1	1090	roadmap_epigenomics	0	0.672671824518305	2179	337	342	516	516	398	2948	1600	1456	roadmap_epigenomics H2A.Z	NA	NA	H2A.Z	NA	NA	E128-H2A.Z.narrowPeak	1	88185
1	175	roadmap_epigenomics	0	0.482167739410059	2569	337	681	178	681	399	3589	1210	815	roadmap_epigenomics H3K4me1	NA	NA	H3K4me1	NA	NA	E010-H3K4me1.narrowPeak	1	266556
1	112	roadmap_epigenomics	0	0.566488018753686	2303	337	448	415	448	400	3231	1476	1173	roadmap_epigenomics	NA	NA	NA	NA	NA	E007-DNase.hotspot.all.peaks.bed	1	89801
1	891	roadmap_epigenomics	0	0.510188897194413	2438	337	572	295	572	401	3439	1341	965	roadmap_epigenomics H3K4me1	NA	NA	H3K4me1	NA	NA	E109-H3K4me1.narrowPeak	1	214385
1	657	roadmap_epigenomics	0	0.528752852769991	2378	337	524	344	524	402	3358	1401	1046	roadmap_epigenomics	NA	NA	NA	NA	NA	E080-DNase.hotspot.all.peaks.bed	1	118437
1	691	roadmap_epigenomics	0	0.621386739783385	2212	337	382	488	488	402	3058	1567	1346	roadmap_epigenomics	NA	NA	NA	NA	NA	E084-DNase.hotspot.all.peaks.bed	1	97138
1	4	roadmap_epigenomics	0	0.489165163283127	2515	337	651	220	651	403	3535	1264	869	roadmap_epigenomics H3K4me3	NA	NA	H3K4me3	NA	NA	E001-H3K4me3.narrowPeak	1	92429
1	870	roadmap_epigenomics	0	0.552819630121115	2319	337	477	402	477	405	3267	1460	1137	roadmap_epigenomics H3K4me3	NA	NA	H3K4me3	NA	NA	E106-H3K4me3.narrowPeak	1	68861
1	576	roadmap_epigenomics	0	0.504513545378378	2441	337	591	291	591	406	3450	1338	954	roadmap_epigenomics H3K4me3	NA	NA	H3K4me3	NA	NA	E067-H3K4me3.narrowPeak	1	70953
1	655	roadmap_epigenomics	0	0.506023199811726	2424	337	581	304	581	407	3433	1355	971	roadmap_epigenomics H3K4me3	NA	NA	H3K4me3	NA	NA	E079-H3K4me3.narrowPeak	1	56303
1	1065	roadmap_epigenomics	0	0.672986962408279	2153	337	341	542	542	407	2920	1626	1484	roadmap_epigenomics H2A.Z	NA	NA	H2A.Z	NA	NA	E126-H2A.Z.narrowPeak	1	69033
1	590	roadmap_epigenomics	0	0.494627505968831	2479	337	629	257	629	408	3497	1300	907	roadmap_epigenomics H3K4me3	NA	NA	H3K4me3	NA	NA	E069-H3K4me3.narrowPeak	1	79806
1	731	roadmap_epigenomics	0	0.533257301105326	2346	337	516	374	516	409	3322	1433	1082	roadmap_epigenomics H3K4me3	NA	NA	H3K4me3	NA	NA	E088-H3K4me3.narrowPeak	1	96360
1	1002	roadmap_epigenomics	0	0.433941667197101	2983	337	876	13	876	409	3947	796	457	roadmap_epigenomics	NA	NA	NA	NA	NA	E121-DNase.macs2.narrowPeak	1	476154
1	955	roadmap_epigenomics	0	0.61454882803435	2193	337	393	500	500	410	3049	1586	1355	roadmap_epigenomics H2A.Z	NA	NA	H2A.Z	NA	NA	E117-H2A.Z.narrowPeak	1	87564
1	289	roadmap_epigenomics	0	0.449590832061959	2720	337	811	89	811	412	3748	1059	656	roadmap_epigenomics H3K4me1	NA	NA	H3K4me1	NA	NA	E023-H3K4me1.narrowPeak	1	307369
1	785	roadmap_epigenomics	0	0.456259174989103	2643	337	778	121	778	412	3682	1136	722	roadmap_epigenomics H3K4me1	NA	NA	H3K4me1	NA	NA	E094-H3K4me1.narrowPeak	1	238260
1	734	roadmap_epigenomics	0	0.574939575610285	2240	337	439	463	463	413	3157	1539	1247	roadmap_epigenomics	NA	NA	NA	NA	NA	E089-DNase.hotspot.all.peaks.bed	1	103433
1	583	roadmap_epigenomics	0	0.47763454685504	2534	337	701	203	701	414	3567	1245	837	roadmap_epigenomics H3K4me3	NA	NA	H3K4me3	NA	NA	E068-H3K4me3.narrowPeak	1	89967
1	885	roadmap_epigenomics	0	0.542644048585926	2313	337	495	410	495	414	3277	1466	1127	roadmap_epigenomics	NA	NA	NA	NA	NA	E109-DNase.hotspot.all.peaks.bed	1	108993
1	22	roadmap_epigenomics	0	0.62777860239964	2163	337	378	529	529	415	2998	1616	1406	roadmap_epigenomics H2BK5ac	NA	NA	H2BK5ac	NA	NA	E003-H2BK5ac.narrowPeak	1	151346
1	202	roadmap_epigenomics	0	0.591874998890014	2207	337	416	491	491	415	3098	1572	1306	roadmap_epigenomics H3K9ac	NA	NA	H3K9ac	NA	NA	E014-H3K9ac.narrowPeak	1	74747
1	530	roadmap_epigenomics	0	0.618255237804292	2178	337	389	518	518	415	3028	1601	1376	roadmap_epigenomics	NA	NA	NA	NA	NA	E059-DNase.hotspot.all.peaks.bed	1	97681
1	608	roadmap_epigenomics	0	0.486768773274121	2494	337	668	243	668	416	3521	1285	883	roadmap_epigenomics H3K4me3	NA	NA	H3K4me3	NA	NA	E072-H3K4me3.narrowPeak	1	82143
1	642	roadmap_epigenomics	0	0.453810427640101	2644	337	790	120	790	416	3686	1135	718	roadmap_epigenomics H3K4me3	NA	NA	H3K4me3	NA	NA	E077-H3K4me3.narrowPeak	1	105842
1	1028	roadmap_epigenomics	0	0.557830470076147	2263	337	468	443	468	416	3206	1516	1198	roadmap_epigenomics H2A.Z	NA	NA	H2A.Z	NA	NA	E123-H2A.Z.narrowPeak	1	128633
1	772	roadmap_epigenomics	0	0.427514647048398	2952	337	899	17	899	418	3933	827	471	roadmap_epigenomics	NA	NA	NA	NA	NA	E093-DNase.macs2.narrowPeak	1	407437
1	71	roadmap_epigenomics	0	0.521741460899074	2343	337	543	377	543	419	3337	1436	1067	roadmap_epigenomics H2BK5ac	NA	NA	H2BK5ac	NA	NA	E005-H2BK5ac.narrowPeak	1	228979
1	194	roadmap_epigenomics	0	0.48946694456046	2457	337	649	272	649	419	3486	1322	918	roadmap_epigenomics H3K4me1	NA	NA	H3K4me1	NA	NA	E013-H3K4me1.narrowPeak	1	275053
1	797	roadmap_epigenomics	0	0.442518888490059	2755	337	842	77	842	419	3782	1024	622	roadmap_epigenomics H3K4me1	NA	NA	H3K4me1	NA	NA	E096-H3K4me1.narrowPeak	1	317595
1	812	roadmap_epigenomics	0	0.593745560678342	2186	337	411	511	511	420	3074	1593	1330	roadmap_epigenomics H3K27ac	NA	NA	H3K27ac	NA	NA	E098-H3K27ac.narrowPeak	1	102275
1	892	roadmap_epigenomics	0	0.533810910080831	2309	337	512	411	512	420	3287	1470	1117	roadmap_epigenomics H3K4me3	NA	NA	H3K4me3	NA	NA	E109-H3K4me3.narrowPeak	1	65084
1	131	roadmap_epigenomics	0	0.421744730427448	3028	337	917	10	917	421	3987	751	417	roadmap_epigenomics H3K9ac	NA	NA	H3K9ac	NA	NA	E007-H3K9ac.narrowPeak	1	313345
1	37	roadmap_epigenomics	0	0.503145780793588	2387	337	599	330	599	422	3405	1392	999	roadmap_epigenomics H3K9ac	NA	NA	H3K9ac	NA	NA	E003-H3K9ac.narrowPeak	1	90295
1	27	roadmap_epigenomics	0	0.559127491160485	2233	337	464	470	470	424	3175	1546	1229	roadmap_epigenomics H3K27ac	NA	NA	H3K27ac	NA	NA	E003-H3K27ac.narrowPeak	1	166837
1	275	roadmap_epigenomics	0	0.60051185074142	2157	337	402	536	536	425	3034	1622	1370	roadmap_epigenomics H3K4me1	NA	NA	H3K4me1	NA	NA	E021-H3K4me1.narrowPeak	1	187283
1	326	roadmap_epigenomics	0	0.521210875952401	2330	337	544	393	544	425	3326	1449	1078	roadmap_epigenomics	NA	NA	NA	NA	NA	E029-DNase.hotspot.fdr0.01.peaks.bed	1	127216
1	926	roadmap_epigenomics	0	0.493949034455748	2418	337	632	306	632	425	3446	1361	958	roadmap_epigenomics H3K4me3	NA	NA	H3K4me3	NA	NA	E114-H3K4me3.narrowPeak	1	76182
1	50	roadmap_epigenomics	0	0.578515741714536	2187	337	434	510	510	427	3099	1592	1305	roadmap_epigenomics H3K18ac	NA	NA	H3K18ac	NA	NA	E004-H3K18ac.narrowPeak	1	141200
1	987	roadmap_epigenomics	0	0.565239197113914	2202	337	449	494	494	427	3135	1577	1269	roadmap_epigenomics H3K9ac	NA	NA	H3K9ac	NA	NA	E119-H3K9ac.narrowPeak	1	82070
1	140	roadmap_epigenomics	0	0.676389425667652	2058	337	337	611	611	428	2813	1721	1591	roadmap_epigenomics H2BK120ac	NA	NA	H2BK120ac	NA	NA	E008-H2BK120ac.narrowPeak	1	97781
1	290	roadmap_epigenomics	0	0.472920369595704	2506	337	718	229	718	428	3551	1273	853	roadmap_epigenomics H3K4me3	NA	NA	H3K4me3	NA	NA	E023-H3K4me3.narrowPeak	1	116720
1	649	roadmap_epigenomics	0	0.463809242688298	2557	337	760	186	760	428	3605	1222	799	roadmap_epigenomics H3K4me3	NA	NA	H3K4me3	NA	NA	E078-H3K4me3.narrowPeak	1	74526
1	858	roadmap_epigenomics	0	0.511787851656818	2338	337	566	381	566	428	3348	1441	1056	roadmap_epigenomics H3K4me3	NA	NA	H3K4me3	NA	NA	E104-H3K4me3.narrowPeak	1	42254
1	887	roadmap_epigenomics	0	0.424289963768919	2868	337	907	40	907	428	3881	911	523	roadmap_epigenomics	NA	NA	NA	NA	NA	E109-DNase.macs2.narrowPeak	1	334231
1	260	roadmap_epigenomics	0	0.514313607535656	2328	337	558	395	558	430	3335	1451	1069	roadmap_epigenomics H3K9ac	NA	NA	H3K9ac	NA	NA	E019-H3K9ac.narrowPeak	1	72277
1	90	roadmap_epigenomics	0	0.486227222233528	2443	337	671	285	671	431	3479	1336	925	roadmap_epigenomics	NA	NA	NA	NA	NA	E006-DNase.hotspot.fdr0.01.peaks.bed	1	174991
1	323	roadmap_epigenomics	0	0.541093744172625	2251	337	501	455	501	431	3221	1528	1183	roadmap_epigenomics H3K4me3	NA	NA	H3K4me3	NA	NA	E028-H3K4me3.narrowPeak	1	54966
1	475	roadmap_epigenomics	0	0.416636218715973	2929	337	934	21	934	431	3929	850	475	roadmap_epigenomics	NA	NA	NA	NA	NA	E051-DNase.macs2.narrowPeak	1	314537
1	215	roadmap_epigenomics	0	0.479409291854847	2469	337	693	265	693	432	3511	1310	893	roadmap_epigenomics H3K4me3	NA	NA	H3K4me3	NA	NA	E016-H3K4me3.narrowPeak	1	59426
1	602	roadmap_epigenomics	0	0.466403868128104	2524	337	748	211	748	432	3575	1255	829	roadmap_epigenomics H3K4me3	NA	NA	H3K4me3	NA	NA	E071-H3K4me3.narrowPeak	1	77102
1	1113	ucsc_features	0	0.466267050934537	2525	337	749	210	749	432	3576	1254	828	UCSC Evo CpG islands	NA	NA	NA	NA	NA	evoCpg.bed	1	129241
1	1008	roadmap_epigenomics	0	0.460756932731174	2549	337	769	194	769	433	3603	1230	801	roadmap_epigenomics H3K4me2	NA	NA	H3K4me2	NA	NA	E121-H3K4me2.narrowPeak	1	137508
1	1040	roadmap_epigenomics	0	0.426220804678328	2790	337	902	61	902	433	3826	989	578	roadmap_epigenomics	NA	NA	NA	NA	NA	E124-DNase.macs2.narrowPeak	1	295595
1	97	roadmap_epigenomics	0	0.542856829099825	2233	337	494	470	494	434	3201	1546	1203	roadmap_epigenomics H3K14ac	NA	NA	H3K14ac	NA	NA	E006-H3K14ac.narrowPeak	1	124581
1	743	roadmap_epigenomics	0	0.582853006909002	2155	337	427	538	538	434	3060	1624	1344	roadmap_epigenomics	NA	NA	NA	NA	NA	E090-DNase.hotspot.all.peaks.bed	1	99312
1	954	roadmap_epigenomics	0	0.453177685879339	2584	337	795	169	795	434	3641	1195	763	roadmap_epigenomics	NA	NA	NA	NA	NA	E117-DNase.macs2.narrowPeak	1	206823
1	792	roadmap_epigenomics	0	0.534374327466696	2247	337	510	457	510	435	3228	1532	1176	roadmap_epigenomics H3K4me3	NA	NA	H3K4me3	NA	NA	E095-H3K4me3.narrowPeak	1	41750
1	40	roadmap_epigenomics	0	0.619635659502551	2098	337	387	584	584	436	2943	1681	1461	roadmap_epigenomics H4K5ac	NA	NA	H4K5ac	NA	NA	E003-H4K5ac.narrowPeak	1	130639
1	919	roadmap_epigenomics	0	0.412259931816922	2944	337	952	19	952	436	3943	835	461	roadmap_epigenomics	NA	NA	NA	NA	NA	E114-DNase.macs2.narrowPeak	1	371330
1	32	roadmap_epigenomics	0	0.431534219463525	2715	337	882	91	882	437	3767	1064	637	roadmap_epigenomics H3K4me2	NA	NA	H3K4me2	NA	NA	E003-H3K4me2.narrowPeak	1	217090
1	943	roadmap_epigenomics	0	0.552854498563735	2199	337	476	497	497	437	3152	1580	1252	roadmap_epigenomics H2A.Z	NA	NA	H2A.Z	NA	NA	E116-H2A.Z.narrowPeak	1	84270
1	844	roadmap_epigenomics	0	0.464850301961065	2510	337	754	224	754	438	3566	1269	838	roadmap_epigenomics H3K4me3	NA	NA	H3K4me3	NA	NA	E102-H3K4me3.narrowPeak	1	83775
1	5	roadmap_epigenomics	0	0.467106225115731	2498	337	743	238	743	439	3553	1281	851	roadmap_epigenomics H3K9ac	NA	NA	H3K9ac	NA	NA	E001-H3K9ac.narrowPeak	1	67397
1	556	roadmap_epigenomics	0	0.461841328053332	2522	337	766	215	766	439	3580	1257	824	roadmap_epigenomics H3K4me3	NA	NA	H3K4me3	NA	NA	E063-H3K4me3.narrowPeak	1	87655
1	1081	roadmap_epigenomics	0	0.446151135335354	2600	337	826	154	826	439	3663	1179	741	roadmap_epigenomics H3K4me1	NA	NA	H3K4me1	NA	NA	E127-H3K4me1.narrowPeak	1	199886
1	354	roadmap_epigenomics	0	0.499954861272636	2344	337	609	375	609	440	3372	1435	1032	roadmap_epigenomics	NA	NA	NA	NA	NA	E033-DNase.hotspot.fdr0.01.peaks.bed	1	108321
1	300	roadmap_epigenomics	0	0.429962407059324	2694	337	892	98	892	442	3754	1085	650	roadmap_epigenomics H3K4me1	NA	NA	H3K4me1	NA	NA	E025-H3K4me1.narrowPeak	1	312578
1	925	roadmap_epigenomics	0	0.458257971870138	2523	337	776	212	776	442	3586	1256	818	roadmap_epigenomics H3K4me2	NA	NA	H3K4me2	NA	NA	E114-H3K4me2.narrowPeak	1	103473
1	154	roadmap_epigenomics	0	0.466897775372291	2489	337	744	249	744	443	3546	1290	858	roadmap_epigenomics H3K4me2	NA	NA	H3K4me2	NA	NA	E008-H3K4me2.narrowPeak	1	111374
1	301	roadmap_epigenomics	0	0.453411501378649	2542	337	793	200	793	443	3608	1237	796	roadmap_epigenomics H3K4me3	NA	NA	H3K4me3	NA	NA	E025-H3K4me3.narrowPeak	1	104434
1	274	roadmap_epigenomics	0	0.599843800851342	2085	337	404	591	591	444	2961	1694	1443	roadmap_epigenomics H3K36me3	NA	NA	H3K36me3	NA	NA	E021-H3K36me3.narrowPeak	1	189937
1	508	roadmap_epigenomics	0	0.438916865257697	2620	337	857	137	857	444	3688	1159	716	roadmap_epigenomics	NA	NA	NA	NA	NA	E056-DNase.hotspot.fdr0.01.peaks.bed	1	223698
1	499	roadmap_epigenomics	0	0.431087875611478	2660	337	885	113	885	445	3728	1119	676	roadmap_epigenomics	NA	NA	NA	NA	NA	E055-DNase.hotspot.fdr0.01.peaks.bed	1	232786
1	307	roadmap_epigenomics	0	0.459653780799997	2503	337	770	232	770	446	3568	1276	836	roadmap_epigenomics H3K4me1	NA	NA	H3K4me1	NA	NA	E026-H3K4me1.narrowPeak	1	233572
1	682	roadmap_epigenomics	0	0.556351722887563	2161	337	469	532	532	446	3109	1618	1295	roadmap_epigenomics	NA	NA	NA	NA	NA	E083-DNase.hotspot.all.peaks.bed	1	98445
1	327	roadmap_epigenomics	0	0.44475593587871	2583	337	833	170	833	447	3652	1196	752	roadmap_epigenomics	NA	NA	NA	NA	NA	E029-DNase.macs2.narrowPeak	1	209063
1	897	roadmap_epigenomics	0	0.519486232212012	2250	337	548	456	548	447	3255	1529	1149	roadmap_epigenomics H3K4me3	NA	NA	H3K4me3	NA	NA	E110-H3K4me3.narrowPeak	1	51758
1	461	roadmap_epigenomics	0	0.464325724565354	2488	337	757	250	757	448	3549	1291	855	roadmap_epigenomics H3K4me3	NA	NA	H3K4me3	NA	NA	E049-H3K4me3.narrowPeak	1	76569
1	570	roadmap_epigenomics	0	0.503524882061137	2309	337	596	411	596	448	3335	1470	1069	roadmap_epigenomics H3K9ac	NA	NA	H3K9ac	NA	NA	E066-H3K9ac.narrowPeak	1	109594
1	218	roadmap_epigenomics	0	0.542066617336505	2186	337	498	511	511	449	3157	1593	1247	roadmap_epigenomics	NA	NA	NA	NA	NA	E017-DNase.hotspot.all.peaks.bed	1	116011
1	763	roadmap_epigenomics	0	0.40629860011966	2850	337	969	42	969	449	3889	929	515	roadmap_epigenomics	NA	NA	NA	NA	NA	E092-DNase.macs2.narrowPeak	1	354211
1	61	roadmap_epigenomics	0	0.495629749369495	2334	337	624	389	624	450	3370	1445	1034	roadmap_epigenomics H3K9ac	NA	NA	H3K9ac	NA	NA	E004-H3K9ac.narrowPeak	1	93600
1	437	roadmap_epigenomics	0	0.414680808935574	2761	337	941	72	941	450	3820	1018	584	roadmap_epigenomics	NA	NA	NA	NA	NA	E046-DNase.macs2.narrowPeak	1	287236
1	684	roadmap_epigenomics	0	0.406506506772593	2835	337	967	46	967	450	3879	944	525	roadmap_epigenomics	NA	NA	NA	NA	NA	E083-DNase.macs2.narrowPeak	1	517786
1	524	roadmap_epigenomics	0	0.490520777720236	2352	337	646	370	646	451	3394	1427	1010	roadmap_epigenomics H3K27ac	NA	NA	H3K27ac	NA	NA	E058-H3K27ac.narrowPeak	1	155109
1	736	roadmap_epigenomics	0	0.396665273734178	2909	337	990	25	990	451	3937	870	467	roadmap_epigenomics	NA	NA	NA	NA	NA	E089-DNase.macs2.narrowPeak	1	465721
1	1106	roadmap_epigenomics	0	0.439444120701707	2589	337	854	163	854	451	3664	1190	740	roadmap_epigenomics H3K4me2	NA	NA	H3K4me2	NA	NA	E129-H3K4me2.narrowPeak	1	131837
1	188	roadmap_epigenomics	0	0.437671067567374	2595	337	863	158	863	453	3671	1184	733	roadmap_epigenomics H3K4me1	NA	NA	H3K4me1	NA	NA	E012-H3K4me1.narrowPeak	1	258735
1	259	roadmap_epigenomics	0	0.468289679320152	2444	337	737	284	737	453	3507	1335	897	roadmap_epigenomics H3K4me3	NA	NA	H3K4me3	NA	NA	E019-H3K4me3.narrowPeak	1	61693
1	267	roadmap_epigenomics	0	0.472221405755474	2426	337	722	299	722	453	3486	1353	918	roadmap_epigenomics H3K9ac	NA	NA	H3K9ac	NA	NA	E020-H3K9ac.narrowPeak	1	108554
1	659	roadmap_epigenomics	0	0.397700799954232	2890	337	989	32	989	453	3924	889	480	roadmap_epigenomics	NA	NA	NA	NA	NA	E080-DNase.macs2.narrowPeak	1	420510
1	79	roadmap_epigenomics	0	0.433706285251634	2605	337	878	146	878	454	3684	1174	720	roadmap_epigenomics H3K4me1	NA	NA	H3K4me1	NA	NA	E005-H3K4me1.narrowPeak	1	297165
1	295	roadmap_epigenomics	0	0.409051463920266	2785	337	962	65	962	455	3843	994	561	roadmap_epigenomics H3K4me1	NA	NA	H3K4me1	NA	NA	E024-H3K4me1.narrowPeak	1	357319
1	314	roadmap_epigenomics	0	0.465164696788595	2454	337	753	276	753	455	3520	1325	884	roadmap_epigenomics H3K4me3	NA	NA	H3K4me3	NA	NA	E027-H3K4me3.narrowPeak	1	61082
1	507	roadmap_epigenomics	0	0.512818080003665	2235	337	564	468	564	456	3252	1544	1152	roadmap_epigenomics	NA	NA	NA	NA	NA	E056-DNase.hotspot.all.peaks.bed	1	117994
1	1083	roadmap_epigenomics	0	0.457723197900514	2482	337	777	253	777	456	3554	1297	850	roadmap_epigenomics H3K4me3	NA	NA	H3K4me3	NA	NA	E127-H3K4me3.narrowPeak	1	83151
1	527	roadmap_epigenomics	0	0.398480818265729	2827	337	987	48	987	457	3883	952	521	roadmap_epigenomics H3K4me1	NA	NA	H3K4me1	NA	NA	E058-H3K4me1.narrowPeak	1	289473
1	745	roadmap_epigenomics	0	0.390722126748716	2894	337	1004	30	1004	457	3934	885	470	roadmap_epigenomics	NA	NA	NA	NA	NA	E090-DNase.macs2.narrowPeak	1	506090
1	825	roadmap_epigenomics	0	0.452212847940789	2503	337	801	232	801	457	3579	1276	825	roadmap_epigenomics	NA	NA	NA	NA	NA	E100-DNase.hotspot.fdr0.01.peaks.bed	1	170766
1	208	roadmap_epigenomics	0	0.449625703807198	2507	337	810	228	810	458	3586	1272	818	roadmap_epigenomics H3K4me3	NA	NA	H3K4me3	NA	NA	E015-H3K4me3.narrowPeak	1	70722
1	460	roadmap_epigenomics	0	0.41385249195077	2710	337	943	94	943	458	3786	1069	618	roadmap_epigenomics H3K4me1	NA	NA	H3K4me1	NA	NA	E049-H3K4me1.narrowPeak	1	260639
1	983	roadmap_epigenomics	0	0.439434043157653	2560	337	855	183	855	458	3642	1219	762	roadmap_epigenomics H3K4me1	NA	NA	H3K4me1	NA	NA	E119-H3K4me1.narrowPeak	1	182438
1	88	roadmap_epigenomics	0	0.491212300331032	2326	337	644	397	644	459	3370	1453	1034	roadmap_epigenomics H4K91ac	NA	NA	H4K91ac	NA	NA	E005-H4K91ac.narrowPeak	1	249666
1	403	roadmap_epigenomics	0	0.533346198854357	2170	337	515	525	525	459	3156	1609	1248	roadmap_epigenomics H3K4me3	NA	NA	H3K4me3	NA	NA	E040-H3K4me3.narrowPeak	1	63472
1	754	roadmap_epigenomics	0	0.379219233863298	3064	337	1033	8	1033	459	4046	715	358	roadmap_epigenomics	NA	NA	NA	NA	NA	E091-DNase.macs2.narrowPeak	1	494002
1	807	roadmap_epigenomics	0	0.508477184394869	2238	337	577	464	577	459	3262	1541	1142	roadmap_epigenomics H3K4me3	NA	NA	H3K4me3	NA	NA	E097-H3K4me3.narrowPeak	1	41526
1	1078	roadmap_epigenomics	0	0.535293398108817	2161	337	508	532	532	459	3144	1618	1260	roadmap_epigenomics H3K27ac	NA	NA	H3K27ac	NA	NA	E127-H3K27ac.narrowPeak	1	94902
1	615	roadmap_epigenomics	0	0.455693659731641	2472	337	781	263	781	460	3549	1307	855	roadmap_epigenomics H3K4me3	NA	NA	H3K4me3	NA	NA	E073-H3K4me3.narrowPeak	1	75872
1	715	roadmap_epigenomics	0	0.529074486406235	2175	337	522	520	522	460	3168	1604	1236	roadmap_epigenomics H3K4me3	NA	NA	H3K4me3	NA	NA	E086-H3K4me3.narrowPeak	1	45257
1	31	roadmap_epigenomics	0	0.485572509724182	2351	337	674	372	674	461	3401	1428	1003	roadmap_epigenomics H3K4me1	NA	NA	H3K4me1	NA	NA	E003-H3K4me1.narrowPeak	1	223118
1	80	roadmap_epigenomics	0	0.4984834146052	2280	337	614	433	614	461	3317	1499	1087	roadmap_epigenomics H3K4me2	NA	NA	H3K4me2	NA	NA	E005-H3K4me2.narrowPeak	1	62053
1	283	roadmap_epigenomics	0	0.378873014521823	2999	337	1035	12	1035	461	4009	780	395	roadmap_epigenomics H3K36me3	NA	NA	H3K36me3	NA	NA	E022-H3K36me3.narrowPeak	1	407402
1	436	roadmap_epigenomics	0	0.492600913973717	2315	337	639	408	639	461	3358	1464	1046	roadmap_epigenomics	NA	NA	NA	NA	NA	E046-DNase.hotspot.fdr0.01.peaks.bed	1	109868
1	703	roadmap_epigenomics	0	0.487062497094461	2340	337	666	379	666	461	3389	1439	1015	roadmap_epigenomics H3K27ac	NA	NA	H3K27ac	NA	NA	E085-H3K27ac.narrowPeak	1	130166
1	155	roadmap_epigenomics	0	0.474409507367735	2385	337	715	335	715	462	3448	1394	956	roadmap_epigenomics H3K4me3	NA	NA	H3K4me3	NA	NA	E008-H3K4me3.narrowPeak	1	59360
1	325	roadmap_epigenomics	0	0.536591573658319	2154	337	507	541	541	462	3135	1625	1269	roadmap_epigenomics	NA	NA	NA	NA	NA	E029-DNase.hotspot.all.peaks.bed	1	102960
1	716	roadmap_epigenomics	0	0.569841376323632	2069	337	444	605	605	462	2994	1710	1410	roadmap_epigenomics H3K9ac	NA	NA	H3K9ac	NA	NA	E086-H3K9ac.narrowPeak	1	45031
1	83	roadmap_epigenomics	0	0.504923317835083	2237	337	588	465	588	463	3267	1542	1137	roadmap_epigenomics H3K79me2	NA	NA	H3K79me2	NA	NA	E005-H3K79me2.narrowPeak	1	154809
1	373	roadmap_epigenomics	0	0.493402697115209	2303	337	636	415	636	463	3346	1476	1058	roadmap_epigenomics H3K4me3	NA	NA	H3K4me3	NA	NA	E035-H3K4me3.narrowPeak	1	47602
1	694	roadmap_epigenomics	0	0.495632961060781	2287	337	623	428	623	463	3328	1492	1076	roadmap_epigenomics H3K27ac	NA	NA	H3K27ac	NA	NA	E084-H3K27ac.narrowPeak	1	121559
1	770	roadmap_epigenomics	0	0.51980853779842	2189	337	547	506	547	463	3197	1590	1207	roadmap_epigenomics	NA	NA	NA	NA	NA	E093-DNase.hotspot.all.peaks.bed	1	86221
1	815	roadmap_epigenomics	0	0.397908751059251	2789	337	988	63	988	463	3859	990	545	roadmap_epigenomics H3K4me1	NA	NA	H3K4me1	NA	NA	E098-H3K4me1.narrowPeak	1	293089
1	1112	ucsc_features	0	0.568046575611082	2068	337	446	606	606	463	2996	1711	1408	UCSC CpG islands	NA	NA	NA	NA	NA	cpgIslandExt.bed	1	28633
1	41	roadmap_epigenomics	0	0.371305936990465	3041	337	1046	9	1046	464	4040	738	364	roadmap_epigenomics H4K8ac	NA	NA	H4K8ac	NA	NA	E003-H4K8ac.narrowPeak	1	371476
1	52	roadmap_epigenomics	0	0.559336886206724	2084	337	463	593	593	464	3027	1695	1377	roadmap_epigenomics H3K27ac	NA	NA	H3K27ac	NA	NA	E004-H3K27ac.narrowPeak	1	144857
1	837	roadmap_epigenomics	0	0.435759427531413	2557	337	869	186	869	464	3645	1222	759	roadmap_epigenomics H3K4me3	NA	NA	H3K4me3	NA	NA	E101-H3K4me3.narrowPeak	1	96726
1	1059	roadmap_epigenomics	0	0.476873052011259	2372	337	706	350	706	464	3433	1407	971	roadmap_epigenomics H3K4me3	NA	NA	H3K4me3	NA	NA	E125-H3K4me3.narrowPeak	1	70898
1	57	roadmap_epigenomics	0	0.519950279033277	2184	337	546	513	546	465	3192	1595	1212	roadmap_epigenomics H3K4me2	NA	NA	H3K4me2	NA	NA	E004-H3K4me2.narrowPeak	1	59056
1	276	roadmap_epigenomics	0	0.507239516565673	2225	337	578	480	578	465	3252	1554	1152	roadmap_epigenomics H3K4me3	NA	NA	H3K4me3	NA	NA	E021-H3K4me3.narrowPeak	1	38867
1	722	roadmap_epigenomics	0	0.525581418559007	2172	337	536	522	536	465	3171	1607	1233	roadmap_epigenomics H3K4me3	NA	NA	H3K4me3	NA	NA	E087-H3K4me3.narrowPeak	1	35931
1	732	roadmap_epigenomics	0	0.482548133110104	2342	337	680	378	680	465	3398	1437	1006	roadmap_epigenomics H3K9ac	NA	NA	H3K9ac	NA	NA	E088-H3K9ac.narrowPeak	1	113769
1	822	roadmap_epigenomics	0	0.513636181903132	2197	337	559	498	559	465	3215	1582	1189	roadmap_epigenomics H3K4me3	NA	NA	H3K4me3	NA	NA	E099-H3K4me3.narrowPeak	1	38242
1	304	roadmap_epigenomics	0	0.555821189623273	2088	337	471	590	590	466	3037	1691	1367	roadmap_epigenomics H3K27ac	NA	NA	H3K27ac	NA	NA	E026-H3K27ac.narrowPeak	1	107716
1	563	roadmap_epigenomics	0	0.578385524546582	2022	337	435	627	627	466	2931	1757	1473	roadmap_epigenomics H3K4me3	NA	NA	H3K4me3	NA	NA	E065-H3K4me3.narrowPeak	1	39916
1	629	roadmap_epigenomics	0	0.43128507239571	2571	337	884	176	884	466	3662	1208	742	roadmap_epigenomics H3K4me3	NA	NA	H3K4me3	NA	NA	E075-H3K4me3.narrowPeak	1	84678
1	654	roadmap_epigenomics	0	0.417594795698087	2632	337	931	130	931	466	3726	1147	678	roadmap_epigenomics H3K4me1	NA	NA	H3K4me1	NA	NA	E079-H3K4me1.narrowPeak	1	257474
1	831	roadmap_epigenomics	0	0.495132029133232	2275	337	625	437	625	466	3318	1504	1086	roadmap_epigenomics H3K4me3	NA	NA	H3K4me3	NA	NA	E100-H3K4me3.narrowPeak	1	39238
1	980	roadmap_epigenomics	0	0.554088391007567	2097	337	474	586	586	466	3049	1682	1355	roadmap_epigenomics H3K27ac	NA	NA	H3K27ac	NA	NA	E119-H3K27ac.narrowPeak	1	94592
1	151	roadmap_epigenomics	0	0.509582729415192	2211	337	574	489	574	467	3235	1568	1169	roadmap_epigenomics H3K36me3	NA	NA	H3K36me3	NA	NA	E008-H3K36me3.narrowPeak	1	287294
1	183	roadmap_epigenomics	0	0.53261372592252	2143	337	517	548	548	467	3131	1636	1273	roadmap_epigenomics H3K9ac	NA	NA	H3K9ac	NA	NA	E011-H3K9ac.narrowPeak	1	58328
1	345	roadmap_epigenomics	0	0.477307023564605	2360	337	703	362	703	467	3422	1419	982	roadmap_epigenomics	NA	NA	NA	NA	NA	E032-DNase.hotspot.fdr0.01.peaks.bed	1	114529
1	542	roadmap_epigenomics	0	0.401870360239462	2736	337	978	85	978	467	3819	1043	585	roadmap_epigenomics H3K4me1	NA	NA	H3K4me1	NA	NA	E061-H3K4me1.narrowPeak	1	294530
1	243	roadmap_epigenomics	0	0.618531180051041	1915	337	388	679	679	468	2749	1864	1655	roadmap_epigenomics H3K9me1	NA	NA	H3K9me1	NA	NA	E017-H3K9me1.narrowPeak	1	209146
1	498	roadmap_epigenomics	0	0.494817094722965	2270	337	627	440	627	468	3314	1509	1090	roadmap_epigenomics	NA	NA	NA	NA	NA	E055-DNase.hotspot.all.peaks.bed	1	120443
1	672	roadmap_epigenomics	0	0.659328340981252	1843	337	353	713	713	468	2602	1936	1802	roadmap_epigenomics H3K4me3	NA	NA	H3K4me3	NA	NA	E081-H3K4me3.narrowPeak	1	47518
1	857	roadmap_epigenomics	0	0.480546731592588	2336	337	686	385	686	469	3396	1443	1008	roadmap_epigenomics H3K4me1	NA	NA	H3K4me1	NA	NA	E104-H3K4me1.narrowPeak	1	271842
1	75	roadmap_epigenomics	0	0.57397130530412	2010	337	440	634	634	470	2926	1769	1478	roadmap_epigenomics H3K27ac	NA	NA	H3K27ac	NA	NA	E005-H3K27ac.narrowPeak	1	123614
1	204	roadmap_epigenomics	0	0.580107327763114	1999	337	433	641	641	470	2904	1780	1500	roadmap_epigenomics H3K27ac	NA	NA	H3K27ac	NA	NA	E015-H3K27ac.narrowPeak	1	106159
1	262	roadmap_epigenomics	0	0.580224493319986	2003	337	432	640	640	470	2908	1776	1496	roadmap_epigenomics H3K27ac	NA	NA	H3K27ac	NA	NA	E020-H3K27ac.narrowPeak	1	100851
1	801	roadmap_epigenomics	0	0.458544167190275	2427	337	775	298	775	470	3508	1352	896	roadmap_epigenomics	NA	NA	NA	NA	NA	E097-DNase.hotspot.fdr0.01.peaks.bed	1	154095
1	805	roadmap_epigenomics	0	0.5928703686098	1961	337	415	659	659	470	2842	1818	1562	roadmap_epigenomics H3K36me3	NA	NA	H3K36me3	NA	NA	E097-H3K36me3.narrowPeak	1	343116
1	851	roadmap_epigenomics	0	0.435588420990703	2537	337	870	202	870	470	3630	1242	774	roadmap_epigenomics H3K4me3	NA	NA	H3K4me3	NA	NA	E103-H3K4me3.narrowPeak	1	93750
1	89	roadmap_epigenomics	0	0.535262866053744	2116	337	509	568	568	471	3100	1663	1304	roadmap_epigenomics	NA	NA	NA	NA	NA	E006-DNase.hotspot.all.peaks.bed	1	102198
1	730	roadmap_epigenomics	0	0.42002246993815	2598	337	924	155	924	472	3698	1181	706	roadmap_epigenomics H3K4me1	NA	NA	H3K4me1	NA	NA	E088-H3K4me1.narrowPeak	1	291610
1	58	roadmap_epigenomics	0	0.54469165146941	2091	337	492	589	589	473	3059	1688	1345	roadmap_epigenomics H3K4me3	NA	NA	H3K4me3	NA	NA	E004-H3K4me3.narrowPeak	1	41020
1	549	roadmap_epigenomics	0	0.50341924737749	2217	337	597	484	597	473	3251	1562	1153	roadmap_epigenomics H3K4me3	NA	NA	H3K4me3	NA	NA	E062-H3K4me3.narrowPeak	1	34361
1	1027	roadmap_epigenomics	0	0.38491800872064	2763	337	1013	69	1013	473	3858	1016	546	roadmap_epigenomics	NA	NA	NA	NA	NA	E123-DNase.macs2.narrowPeak	1	341769
1	185	roadmap_epigenomics	0	0.545847659030394	2083	337	491	594	594	474	3049	1696	1355	roadmap_epigenomics H3K27ac	NA	NA	H3K27ac	NA	NA	E012-H3K27ac.narrowPeak	1	157402
1	123	roadmap_epigenomics	0	0.606694236309638	1894	337	398	689	689	475	2746	1885	1658	roadmap_epigenomics H3K27ac	NA	NA	H3K27ac	NA	NA	E007-H3K27ac.narrowPeak	1	78132
1	197	roadmap_epigenomics	0	0.489282727633056	2272	337	650	439	650	475	3325	1507	1079	roadmap_epigenomics H3K27ac	NA	NA	H3K27ac	NA	NA	E014-H3K27ac.narrowPeak	1	149273
1	942	roadmap_epigenomics	0	0.39912471523684	2682	337	985	102	985	475	3786	1097	618	roadmap_epigenomics	NA	NA	NA	NA	NA	E116-DNase.macs2.narrowPeak	1	271082
1	216	roadmap_epigenomics	0	0.470898989941893	2355	337	725	367	725	476	3428	1424	976	roadmap_epigenomics H3K9ac	NA	NA	H3K9ac	NA	NA	E016-H3K9ac.narrowPeak	1	82706
1	284	roadmap_epigenomics	0	0.394889922341459	2684	337	995	100	995	477	3793	1095	611	roadmap_epigenomics H3K4me1	NA	NA	H3K4me1	NA	NA	E022-H3K4me1.narrowPeak	1	324422
1	308	roadmap_epigenomics	0	0.465734011788852	2377	337	750	345	750	477	3455	1402	949	roadmap_epigenomics H3K4me3	NA	NA	H3K4me3	NA	NA	E026-H3K4me3.narrowPeak	1	81465
1	621	roadmap_epigenomics	0	0.4346209558577	2513	337	872	222	872	477	3613	1266	791	roadmap_epigenomics H3K4me1	NA	NA	H3K4me1	NA	NA	E074-H3K4me1.narrowPeak	1	266870
1	864	roadmap_epigenomics	0	0.464316820513317	2385	337	758	335	758	477	3464	1394	940	roadmap_epigenomics H3K4me3	NA	NA	H3K4me3	NA	NA	E105-H3K4me3.narrowPeak	1	41900
1	191	roadmap_epigenomics	0	0.5509234422198	2056	337	483	613	613	478	3013	1723	1391	roadmap_epigenomics H3K27ac	NA	NA	H3K27ac	NA	NA	E013-H3K27ac.narrowPeak	1	139221
1	313	roadmap_epigenomics	0	0.381351628250049	2778	337	1029	68	1029	478	3872	1001	532	roadmap_epigenomics H3K4me1	NA	NA	H3K4me1	NA	NA	E027-H3K4me1.narrowPeak	1	374655
1	768	roadmap_epigenomics	0	0.474998333581244	2336	337	711	385	711	478	3405	1443	999	roadmap_epigenomics H3K4me3	NA	NA	H3K4me3	NA	NA	E092-H3K4me3.narrowPeak	1	39260
1	1009	roadmap_epigenomics	0	0.481448662013028	2308	337	683	413	683	478	3370	1471	1034	roadmap_epigenomics H3K4me3	NA	NA	H3K4me3	NA	NA	E121-H3K4me3.narrowPeak	1	69233
1	1058	roadmap_epigenomics	0	0.411882115899788	2607	337	954	143	954	478	3716	1172	688	roadmap_epigenomics H3K4me2	NA	NA	H3K4me2	NA	NA	E125-H3K4me2.narrowPeak	1	125847
1	478	roadmap_epigenomics	0	0.375263229523513	2790	337	1040	61	1040	479	3887	989	517	roadmap_epigenomics H3K4me1	NA	NA	H3K4me1	NA	NA	E051-H3K4me1.narrowPeak	1	222976
1	479	roadmap_epigenomics	0	0.421411805355198	2564	337	919	181	919	479	3671	1215	733	roadmap_epigenomics H3K4me3	NA	NA	H3K4me3	NA	NA	E051-H3K4me3.narrowPeak	1	94048
1	714	roadmap_epigenomics	0	0.685040977755722	1740	337	328	772	772	479	2443	2039	1961	roadmap_epigenomics H3K4me1	NA	NA	H3K4me1	NA	NA	E086-H3K4me1.narrowPeak	1	91722
1	840	roadmap_epigenomics	0	0.483111607121836	2293	337	677	423	677	479	3354	1486	1050	roadmap_epigenomics H3K27ac	NA	NA	H3K27ac	NA	NA	E102-H3K27ac.narrowPeak	1	127503
1	931	roadmap_epigenomics	0	0.568146004773111	1967	337	445	655	655	479	2891	1812	1513	roadmap_epigenomics H2A.Z	NA	NA	H2A.Z	NA	NA	E115-H2A.Z.narrowPeak	1	84931
1	152	roadmap_epigenomics	0	0.621390422228227	1837	337	381	721	721	480	2658	1942	1746	roadmap_epigenomics H3K4ac	NA	NA	H3K4ac	NA	NA	E008-H3K4ac.narrowPeak	1	70510
1	252	roadmap_epigenomics	0	0.436656856802755	2495	337	864	239	864	480	3596	1284	808	roadmap_epigenomics H3K4me3	NA	NA	H3K4me3	NA	NA	E018-H3K4me3.narrowPeak	1	76986
1	869	roadmap_epigenomics	0	0.496394471699639	2216	337	618	486	618	480	3262	1563	1142	roadmap_epigenomics H3K4me1	NA	NA	H3K4me1	NA	NA	E106-H3K4me1.narrowPeak	1	133631
1	996	roadmap_epigenomics	0	0.459202148706505	2386	337	772	331	772	480	3473	1393	931	roadmap_epigenomics H3K4me2	NA	NA	H3K4me2	NA	NA	E120-H3K4me2.narrowPeak	1	121927
1	253	roadmap_epigenomics	0	0.411264226557748	2603	337	956	150	956	481	3714	1176	690	roadmap_epigenomics H3K9ac	NA	NA	H3K9ac	NA	NA	E018-H3K9ac.narrowPeak	1	148075
1	1004	roadmap_epigenomics	0	0.524829012949464	2116	337	538	568	568	481	3118	1663	1286	roadmap_epigenomics H3K27ac	NA	NA	H3K27ac	NA	NA	E121-H3K27ac.narrowPeak	1	117985
1	1007	roadmap_epigenomics	0	0.452263920075189	2415	337	800	307	800	481	3508	1364	896	roadmap_epigenomics H3K4me1	NA	NA	H3K4me1	NA	NA	E121-H3K4me1.narrowPeak	1	248336
1	636	roadmap_epigenomics	0	0.46463729364071	2369	337	755	355	755	482	3450	1410	954	roadmap_epigenomics H3K4me3	NA	NA	H3K4me3	NA	NA	E076-H3K4me3.narrowPeak	1	72243
1	830	roadmap_epigenomics	0	0.518328984143517	2127	337	550	558	558	482	3140	1652	1264	roadmap_epigenomics H3K4me1	NA	NA	H3K4me1	NA	NA	E100-H3K4me1.narrowPeak	1	196301
1	165	roadmap_epigenomics	0	0.678376196051839	1736	337	333	778	778	483	2449	2043	1955	roadmap_epigenomics H4K91ac	NA	NA	H4K91ac	NA	NA	E008-H4K91ac.narrowPeak	1	81358
1	1047	roadmap_epigenomics	0	0.445193169522069	2447	337	830	282	830	483	3545	1332	859	roadmap_epigenomics H3K4me3	NA	NA	H3K4me3	NA	NA	E124-H3K4me3.narrowPeak	1	81682
1	125	roadmap_epigenomics	0	0.558740116376175	1977	337	465	649	649	484	2918	1802	1486	roadmap_epigenomics H3K36me3	NA	NA	H3K36me3	NA	NA	E007-H3K36me3.narrowPeak	1	177693
1	353	roadmap_epigenomics	0	0.499854049273258	2189	337	610	506	610	484	3231	1590	1173	roadmap_epigenomics	NA	NA	NA	NA	NA	E033-DNase.hotspot.all.peaks.bed	1	89092
1	2	roadmap_epigenomics	0	0.619708541640615	1813	337	386	733	733	485	2634	1966	1770	roadmap_epigenomics H3K36me3	NA	NA	H3K36me3	NA	NA	E001-H3K36me3.narrowPeak	1	187250
1	104	roadmap_epigenomics	0	0.354071010739154	2834	337	1070	47	1070	485	3939	945	465	roadmap_epigenomics H3K4me1	NA	NA	H3K4me1	NA	NA	E006-H3K4me1.narrowPeak	1	392101
1	362	roadmap_epigenomics	0	0.477642839433358	2302	337	700	418	700	485	3371	1477	1033	roadmap_epigenomics	NA	NA	NA	NA	NA	E034-DNase.hotspot.fdr0.01.peaks.bed	1	107036
1	759	roadmap_epigenomics	0	0.509899700301315	2145	337	573	545	573	485	3172	1634	1232	roadmap_epigenomics H3K4me3	NA	NA	H3K4me3	NA	NA	E091-H3K4me3.narrowPeak	1	33481
1	784	roadmap_epigenomics	0	0.493815708707563	2221	337	634	483	634	485	3271	1558	1133	roadmap_epigenomics H3K36me3	NA	NA	H3K36me3	NA	NA	E094-H3K36me3.narrowPeak	1	243020
1	1105	roadmap_epigenomics	0	0.418893653734504	2555	337	929	189	929	485	3668	1224	736	roadmap_epigenomics H3K4me1	NA	NA	H3K4me1	NA	NA	E129-H3K4me1.narrowPeak	1	237110
1	377	roadmap_epigenomics	0	0.383186879269672	2683	337	1020	101	1020	486	3808	1096	596	roadmap_epigenomics H3K4me1	NA	NA	H3K4me1	NA	NA	E036-H3K4me1.narrowPeak	1	232778
1	916	roadmap_epigenomics	0	0.342059887456586	2894	337	1091	30	1091	486	3987	885	417	roadmap_epigenomics H3K4me1	NA	NA	H3K4me1	NA	NA	E113-H3K4me1.narrowPeak	1	347200
1	1107	roadmap_epigenomics	0	0.450136920232188	2406	337	808	313	808	486	3504	1373	900	roadmap_epigenomics H3K4me3	NA	NA	H3K4me3	NA	NA	E129-H3K4me3.narrowPeak	1	73663
1	102	roadmap_epigenomics	0	0.434599692170145	2482	337	873	253	873	488	3589	1297	815	roadmap_epigenomics H3K36me3	NA	NA	H3K36me3	NA	NA	E006-H3K36me3.narrowPeak	1	368481
1	800	roadmap_epigenomics	0	0.506511500824075	2143	337	579	548	579	488	3176	1636	1228	roadmap_epigenomics	NA	NA	NA	NA	NA	E097-DNase.hotspot.all.peaks.bed	1	99584
1	117	roadmap_epigenomics	0	0.6300344667812	1771	337	373	757	757	489	2569	2008	1835	roadmap_epigenomics H2BK12ac	NA	NA	H2BK12ac	NA	NA	E007-H2BK12ac.narrowPeak	1	126786
1	435	roadmap_epigenomics	0	0.499682519510677	2178	337	611	518	611	489	3221	1601	1183	roadmap_epigenomics	NA	NA	NA	NA	NA	E046-DNase.hotspot.all.peaks.bed	1	88265
1	509	roadmap_epigenomics	0	0.346557555634906	2836	337	1086	45	1086	489	3949	943	455	roadmap_epigenomics	NA	NA	NA	NA	NA	E056-DNase.macs2.narrowPeak	1	397102
1	1046	roadmap_epigenomics	0	0.420999606883686	2527	337	921	209	921	489	3644	1252	760	roadmap_epigenomics H3K4me2	NA	NA	H3K4me2	NA	NA	E124-H3K4me2.narrowPeak	1	77302
1	555	roadmap_epigenomics	0	0.350338914946619	2806	337	1078	56	1078	490	3927	973	477	roadmap_epigenomics H3K4me1	NA	NA	H3K4me1	NA	NA	E063-H3K4me1.narrowPeak	1	260722
1	782	roadmap_epigenomics	0	0.506068504346686	2138	337	580	552	580	490	3172	1641	1232	roadmap_epigenomics H3K27ac	NA	NA	H3K27ac	NA	NA	E094-H3K27ac.narrowPeak	1	98193
1	100	roadmap_epigenomics	0	0.554554418019371	1947	337	473	664	664	491	2894	1832	1510	roadmap_epigenomics H3K27ac	NA	NA	H3K27ac	NA	NA	E006-H3K27ac.narrowPeak	1	144157
1	391	roadmap_epigenomics	0	0.504004290361586	2151	337	594	543	594	491	3188	1628	1216	roadmap_epigenomics H3K9ac	NA	NA	H3K9ac	NA	NA	E038-H3K9ac.narrowPeak	1	68708
1	29	roadmap_epigenomics	0	0.538430062493182	2005	337	502	636	636	492	2983	1774	1421	roadmap_epigenomics H3K36me3	NA	NA	H3K36me3	NA	NA	E003-H3K36me3.narrowPeak	1	323310
1	230	roadmap_epigenomics	0	0.538430062493182	2005	337	502	636	636	492	2983	1774	1421	roadmap_epigenomics H3K18ac	NA	NA	H3K18ac	NA	NA	E017-H3K18ac.narrowPeak	1	266971
1	470	roadmap_epigenomics	0	0.350046354483319	2802	337	1079	59	1079	492	3925	977	479	roadmap_epigenomics H3K4me1	NA	NA	H3K4me1	NA	NA	E050-H3K4me1.narrowPeak	1	180375
1	471	roadmap_epigenomics	0	0.439935730034671	2443	337	853	285	853	492	3550	1336	854	roadmap_epigenomics H3K4me3	NA	NA	H3K4me3	NA	NA	E050-H3K4me3.narrowPeak	1	62120
1	500	roadmap_epigenomics	0	0.315094755346598	2873	337	1104	34	1104	492	4006	906	398	roadmap_epigenomics	NA	NA	NA	NA	NA	E055-DNase.macs2.narrowPeak	1	447741
1	671	roadmap_epigenomics	0	0.436424565406663	2455	337	865	275	865	492	3565	1324	839	roadmap_epigenomics H3K4me1	NA	NA	H3K4me1	NA	NA	E081-H3K4me1.narrowPeak	1	160582
1	882	roadmap_epigenomics	0	0.433931213776002	2473	337	877	261	877	492	3583	1306	821	roadmap_epigenomics H3K4me3	NA	NA	H3K4me3	NA	NA	E108-H3K4me3.narrowPeak	1	92210
1	896	roadmap_epigenomics	0	0.383633388002756	2642	337	1017	123	1017	492	3780	1137	624	roadmap_epigenomics H3K4me1	NA	NA	H3K4me1	NA	NA	E110-H3K4me1.narrowPeak	1	214877
1	802	roadmap_epigenomics	0	0.301226173278492	2873	337	1109	34	1109	493	4022	906	382	roadmap_epigenomics	NA	NA	NA	NA	NA	E097-DNase.macs2.narrowPeak	1	492363
1	965	roadmap_epigenomics	0	0.570454144108403	1879	337	442	700	700	493	2793	1900	1611	roadmap_epigenomics H4K20me1	NA	NA	H4K20me1	NA	NA	E117-H4K20me1.narrowPeak	1	124987
1	1057	roadmap_epigenomics	0	0.407930487185286	2570	337	966	177	966	493	3695	1209	709	roadmap_epigenomics H3K4me1	NA	NA	H3K4me1	NA	NA	E125-H3K4me1.narrowPeak	1	233552
1	33	roadmap_epigenomics	0	0.468028072380846	2317	337	739	405	739	494	3400	1462	1004	roadmap_epigenomics H3K4me3	NA	NA	H3K4me3	NA	NA	E003-H3K4me3.narrowPeak	1	42133
1	239	roadmap_epigenomics	0	0.558649864908816	1918	337	467	677	677	494	2856	1861	1548	roadmap_epigenomics H3K56ac	NA	NA	H3K56ac	NA	NA	E017-H3K56ac.narrowPeak	1	109751
1	741	roadmap_epigenomics	0	0.489549833362163	2200	337	648	496	648	494	3259	1579	1145	roadmap_epigenomics H3K4me3	NA	NA	H3K4me3	NA	NA	E089-H3K4me3.narrowPeak	1	32241
1	1045	roadmap_epigenomics	0	0.381721456003003	2641	337	1026	125	1026	496	3782	1138	622	roadmap_epigenomics H3K4me1	NA	NA	H3K4me1	NA	NA	E124-H3K4me1.narrowPeak	1	127405
1	1049	roadmap_epigenomics	0	0.45114243156972	2374	337	805	347	805	496	3476	1405	928	roadmap_epigenomics H3K9ac	NA	NA	H3K9ac	NA	NA	E124-H3K9ac.narrowPeak	1	72690
1	211	roadmap_epigenomics	0	0.525813802061962	2035	337	535	619	619	497	3036	1744	1368	roadmap_epigenomics H3K27ac	NA	NA	H3K27ac	NA	NA	E016-H3K27ac.narrowPeak	1	111185
1	660	roadmap_epigenomics	0	0.471834392868883	2283	337	723	431	723	497	3364	1496	1040	roadmap_epigenomics H3K27ac	NA	NA	H3K27ac	NA	NA	E080-H3K27ac.narrowPeak	1	158539
1	826	roadmap_epigenomics	0	0.273924720055176	2869	337	1116	39	1116	497	4052	910	352	roadmap_epigenomics	NA	NA	NA	NA	NA	E100-DNase.macs2.narrowPeak	1	441628
1	237	roadmap_epigenomics	0	0.417167434601083	2510	337	932	224	932	498	3637	1269	767	roadmap_epigenomics H3K4me2	NA	NA	H3K4me2	NA	NA	E017-H3K4me2.narrowPeak	1	177688
1	331	roadmap_epigenomics	0	0.408250389283073	2550	337	964	192	964	498	3680	1229	724	roadmap_epigenomics H3K4me1	NA	NA	H3K4me1	NA	NA	E029-H3K4me1.narrowPeak	1	142027
1	355	roadmap_epigenomics	0	0.349446281426623	2757	337	1082	75	1082	498	3899	1022	505	roadmap_epigenomics	NA	NA	NA	NA	NA	E033-DNase.macs2.narrowPeak	1	279354
1	664	roadmap_epigenomics	0	0.4723310353497	2276	337	720	436	720	498	3357	1503	1047	roadmap_epigenomics H3K4me3	NA	NA	H3K4me3	NA	NA	E080-H3K4me3.narrowPeak	1	34321
1	294	roadmap_epigenomics	0	0.523585448661186	2034	337	540	621	621	499	3039	1745	1365	roadmap_epigenomics H3K36me3	NA	NA	H3K36me3	NA	NA	E024-H3K36me3.narrowPeak	1	291581
1	363	roadmap_epigenomics	0	0.299916722848093	2823	337	1110	49	1110	499	3998	956	406	roadmap_epigenomics	NA	NA	NA	NA	NA	E034-DNase.macs2.narrowPeak	1	416560
1	750	roadmap_epigenomics	0	0.475502868657662	2255	337	710	450	710	499	3333	1524	1071	roadmap_epigenomics H3K4me3	NA	NA	H3K4me3	NA	NA	E090-H3K4me3.narrowPeak	1	35057
1	433	roadmap_epigenomics	0	0.479920100406488	2230	337	690	473	690	500	3303	1549	1101	roadmap_epigenomics H3K4me3	NA	NA	H3K4me3	NA	NA	E045-H3K4me3.narrowPeak	1	50440
1	790	roadmap_epigenomics	0	0.563440593883042	1859	337	455	707	707	500	2784	1920	1620	roadmap_epigenomics H3K36me3	NA	NA	H3K36me3	NA	NA	E095-H3K36me3.narrowPeak	1	283237
1	169	roadmap_epigenomics	0	0.427467071730779	2464	337	900	266	900	501	3586	1315	818	roadmap_epigenomics H3K4me1	NA	NA	H3K4me1	NA	NA	E009-H3K4me1.narrowPeak	1	280630
1	346	roadmap_epigenomics	0	0.292948357635517	2812	337	1113	52	1113	501	4001	967	403	roadmap_epigenomics	NA	NA	NA	NA	NA	E032-DNase.macs2.narrowPeak	1	359211
1	568	roadmap_epigenomics	0	0.355398017591565	2693	337	1067	99	1067	501	3852	1086	552	roadmap_epigenomics H3K4me1	NA	NA	H3K4me1	NA	NA	E066-H3K4me1.narrowPeak	1	233359
1	589	roadmap_epigenomics	0	0.404091171261207	2547	337	971	196	971	501	3684	1232	720	roadmap_epigenomics H3K4me1	NA	NA	H3K4me1	NA	NA	E069-H3K4me1.narrowPeak	1	263106
1	890	roadmap_epigenomics	0	0.577718014750577	1825	337	436	730	730	501	2721	1954	1683	roadmap_epigenomics H3K36me3	NA	NA	H3K36me3	NA	NA	E109-H3K36me3.narrowPeak	1	171676
1	966	roadmap_epigenomics	0	0.327763785873079	2780	337	1100	67	1100	501	3940	999	464	roadmap_epigenomics	NA	NA	NA	NA	NA	E118-DNase.macs2.narrowPeak	1	277975
1	985	roadmap_epigenomics	0	0.477832035914442	2236	337	699	466	699	501	3312	1543	1092	roadmap_epigenomics H3K4me3	NA	NA	H3K4me3	NA	NA	E119-H3K4me3.narrowPeak	1	41290
1	707	roadmap_epigenomics	0	0.44972784713458	2364	337	809	359	809	502	3470	1415	934	roadmap_epigenomics H3K4me3	NA	NA	H3K4me3	NA	NA	E085-H3K4me3.narrowPeak	1	43543
1	838	roadmap_epigenomics	0	0.443680143222932	2386	337	838	331	838	502	3498	1393	906	roadmap_epigenomics H3K9ac	NA	NA	H3K9ac	NA	NA	E101-H3K9ac.narrowPeak	1	104171
1	791	roadmap_epigenomics	0	0.441994240481035	2390	337	845	328	845	503	3504	1389	900	roadmap_epigenomics H3K4me1	NA	NA	H3K4me1	NA	NA	E095-H3K4me1.narrowPeak	1	268306
1	491	roadmap_epigenomics	0	0.46935337299357	2268	337	735	441	735	504	3355	1511	1049	roadmap_epigenomics H3K4me3	NA	NA	H3K4me3	NA	NA	E053-H3K4me3.narrowPeak	1	36677
1	843	roadmap_epigenomics	0	0.386044531324571	2587	337	1011	164	1011	504	3739	1192	665	roadmap_epigenomics H3K4me1	NA	NA	H3K4me1	NA	NA	E102-H3K4me1.narrowPeak	1	236074
1	561	roadmap_epigenomics	0	0.69214487523161	1549	337	326	852	852	505	2206	2230	2198	roadmap_epigenomics H3K36me3	NA	NA	H3K36me3	NA	NA	E065-H3K36me3.narrowPeak	1	104024
1	582	roadmap_epigenomics	0	0.383613452087165	2592	337	1018	161	1018	505	3746	1187	658	roadmap_epigenomics H3K4me1	NA	NA	H3K4me1	NA	NA	E068-H3K4me1.narrowPeak	1	279154
1	904	roadmap_epigenomics	0	0.420446910964091	2481	337	922	255	922	505	3610	1298	794	roadmap_epigenomics H3K4me3	NA	NA	H3K4me3	NA	NA	E111-H3K4me3.narrowPeak	1	90969
1	344	roadmap_epigenomics	0	0.501146318955394	2107	337	605	576	605	506	3151	1672	1253	roadmap_epigenomics	NA	NA	NA	NA	NA	E032-DNase.hotspot.all.peaks.bed	1	81799
1	663	roadmap_epigenomics	0	0.299217387294852	2762	337	1111	70	1111	506	3967	1017	437	roadmap_epigenomics H3K4me1	NA	NA	H3K4me1	NA	NA	E080-H3K4me1.narrowPeak	1	279457
1	773	roadmap_epigenomics	0	0.501868402966737	2099	337	601	581	601	506	3142	1680	1262	roadmap_epigenomics H3K27ac	NA	NA	H3K27ac	NA	NA	E093-H3K27ac.narrowPeak	1	114812
1	860	roadmap_epigenomics	0	0.325977271348386	2746	337	1101	81	1101	506	3923	1033	481	roadmap_epigenomics H3K27ac	NA	NA	H3K27ac	NA	NA	E105-H3K27ac.narrowPeak	1	294261
1	118	roadmap_epigenomics	0	0.668381895910674	1592	337	345	838	838	507	2296	2187	2108	roadmap_epigenomics H2BK15ac	NA	NA	H2BK15ac	NA	NA	E007-H2BK15ac.narrowPeak	1	91360
1	229	roadmap_epigenomics	0	0.531402027069954	1946	337	519	665	665	507	2935	1833	1469	roadmap_epigenomics H3K14ac	NA	NA	H3K14ac	NA	NA	E017-H3K14ac.narrowPeak	1	195264
1	484	roadmap_epigenomics	0	0.40376862528274	2523	337	972	212	972	507	3667	1256	737	roadmap_epigenomics H3K4me2	NA	NA	H3K4me2	NA	NA	E052-H3K4me2.narrowPeak	1	119840
1	496	roadmap_epigenomics	0	0.437947674836902	2393	337	862	322	862	507	3513	1386	891	roadmap_epigenomics H3K4me3	NA	NA	H3K4me3	NA	NA	E054-H3K4me3.narrowPeak	1	59260
1	601	roadmap_epigenomics	0	0.363590873814456	2634	337	1056	129	1056	507	3803	1145	601	roadmap_epigenomics H3K4me1	NA	NA	H3K4me1	NA	NA	E071-H3K4me1.narrowPeak	1	226083
1	697	roadmap_epigenomics	0	0.375038105249572	2606	337	1041	145	1041	508	3768	1173	636	roadmap_epigenomics H3K4me1	NA	NA	H3K4me1	NA	NA	E084-H3K4me1.narrowPeak	1	247694
1	1020	roadmap_epigenomics	0	0.441780443596309	2381	337	847	339	847	508	3497	1398	907	roadmap_epigenomics H3K4me2	NA	NA	H3K4me2	NA	NA	E122-H3K4me2.narrowPeak	1	99492
1	390	roadmap_epigenomics	0	0.488987689241236	2158	337	655	535	655	509	3221	1621	1183	roadmap_epigenomics H3K4me3	NA	NA	H3K4me3	NA	NA	E038-H3K4me3.narrowPeak	1	51910
1	495	roadmap_epigenomics	0	0.430134244687865	2426	337	890	299	890	509	3552	1353	852	roadmap_epigenomics H3K4me1	NA	NA	H3K4me1	NA	NA	E054-H3K4me1.narrowPeak	1	191253
1	521	roadmap_epigenomics	0	0.421453208281979	2457	337	918	272	918	509	3590	1322	814	roadmap_epigenomics H3K4me1	NA	NA	H3K4me1	NA	NA	E057-H3K4me1.narrowPeak	1	212997
1	698	roadmap_epigenomics	0	0.452825088840477	2326	337	797	397	797	510	3433	1453	971	roadmap_epigenomics H3K4me3	NA	NA	H3K4me3	NA	NA	E084-H3K4me3.narrowPeak	1	40136
1	755	roadmap_epigenomics	0	0.499023071603121	2102	337	613	580	613	510	3150	1677	1254	roadmap_epigenomics H3K27ac	NA	NA	H3K27ac	NA	NA	E091-H3K27ac.narrowPeak	1	113281
1	1054	roadmap_epigenomics	0	0.504504057720881	2074	337	592	601	601	510	3113	1705	1291	roadmap_epigenomics H3K27ac	NA	NA	H3K27ac	NA	NA	E125-H3K27ac.narrowPeak	1	117634
1	641	roadmap_epigenomics	0	0.34040416359208	2679	337	1092	105	1092	511	3864	1100	540	roadmap_epigenomics H3K4me1	NA	NA	H3K4me1	NA	NA	E077-H3K4me1.narrowPeak	1	231713
1	764	roadmap_epigenomics	0	0.440502425957622	2376	337	850	346	850	511	3495	1403	909	roadmap_epigenomics H3K27ac	NA	NA	H3K27ac	NA	NA	E092-H3K27ac.narrowPeak	1	135058
1	111	roadmap_epigenomics	0	0.389889852988587	2548	337	1005	195	1005	512	3706	1231	698	roadmap_epigenomics H4K91ac	NA	NA	H4K91ac	NA	NA	E006-H4K91ac.narrowPeak	1	234539
1	176	roadmap_epigenomics	0	0.490242514218541	2138	337	647	552	647	512	3200	1641	1204	roadmap_epigenomics H3K4me3	NA	NA	H3K4me3	NA	NA	E010-H3K4me3.narrowPeak	1	37746
1	386	roadmap_epigenomics	0	0.526300763126238	1934	337	532	668	668	512	2932	1845	1472	roadmap_epigenomics H3K27ac	NA	NA	H3K27ac	NA	NA	E038-H3K27ac.narrowPeak	1	50328
1	448	roadmap_epigenomics	0	0.492847009204412	2126	337	637	562	637	512	3184	1653	1220	roadmap_epigenomics H3K4me3	NA	NA	H3K4me3	NA	NA	E047-H3K4me3.narrowPeak	1	39614
1	803	roadmap_epigenomics	0	0.487406175995065	2155	337	661	538	661	512	3221	1624	1183	roadmap_epigenomics H3K27ac	NA	NA	H3K27ac	NA	NA	E097-H3K27ac.narrowPeak	1	194850
1	992	roadmap_epigenomics	0	0.531901878819963	1900	337	518	684	684	513	2886	1879	1518	roadmap_epigenomics H3K27ac	NA	NA	H3K27ac	NA	NA	E120-H3K27ac.narrowPeak	1	89677
1	255	roadmap_epigenomics	0	0.63076906820916	1605	337	370	834	834	514	2375	2174	2029	roadmap_epigenomics H3K27ac	NA	NA	H3K27ac	NA	NA	E019-H3K27ac.narrowPeak	1	53191
1	350	roadmap_epigenomics	0	0.352934978282208	2632	337	1075	130	1075	514	3817	1147	587	roadmap_epigenomics H3K4me1	NA	NA	H3K4me1	NA	NA	E032-H3K4me1.narrowPeak	1	167617
1	706	roadmap_epigenomics	0	0.353687938067193	2629	337	1072	134	1072	514	3814	1150	590	roadmap_epigenomics H3K4me1	NA	NA	H3K4me1	NA	NA	E085-H3K4me1.narrowPeak	1	285846
1	285	roadmap_epigenomics	0	0.412864229705662	2476	337	949	260	949	515	3618	1303	786	roadmap_epigenomics H3K4me3	NA	NA	H3K4me3	NA	NA	E022-H3K4me3.narrowPeak	1	75387
1	651	roadmap_epigenomics	0	0.455279109642543	2291	337	783	426	783	515	3399	1488	1005	roadmap_epigenomics H3K27ac	NA	NA	H3K27ac	NA	NA	E079-H3K27ac.narrowPeak	1	156932
1	758	roadmap_epigenomics	0	0.349505796968566	2640	337	1081	126	1081	515	3827	1139	577	roadmap_epigenomics H3K4me1	NA	NA	H3K4me1	NA	NA	E091-H3K4me1.narrowPeak	1	214541
1	852	roadmap_epigenomics	0	0.43131273193083	2392	337	883	324	883	515	3523	1387	881	roadmap_epigenomics H3K9ac	NA	NA	H3K9ac	NA	NA	E103-H3K9ac.narrowPeak	1	111468
1	446	roadmap_epigenomics	0	0.640582820399697	1568	337	364	848	848	516	2314	2211	2090	roadmap_epigenomics H3K36me3	NA	NA	H3K36me3	NA	NA	E047-H3K36me3.narrowPeak	1	150951
1	483	roadmap_epigenomics	0	0.384789063936832	2547	337	1014	196	1014	516	3713	1232	691	roadmap_epigenomics H3K4me1	NA	NA	H3K4me1	NA	NA	E052-H3K4me1.narrowPeak	1	247579
1	737	roadmap_epigenomics	0	0.501335390493336	2064	337	603	609	609	516	3109	1715	1295	roadmap_epigenomics H3K27ac	NA	NA	H3K27ac	NA	NA	E089-H3K27ac.narrowPeak	1	114750
1	767	roadmap_epigenomics	0	0.360905736606655	2602	337	1059	151	1059	516	3786	1177	618	roadmap_epigenomics H3K4me1	NA	NA	H3K4me1	NA	NA	E092-H3K4me1.narrowPeak	1	275943
1	142	roadmap_epigenomics	0	0.652902401647053	1538	337	359	854	854	517	2257	2241	2147	roadmap_epigenomics H2BK15ac	NA	NA	H2BK15ac	NA	NA	E008-H2BK15ac.narrowPeak	1	52204
1	189	roadmap_epigenomics	0	0.450166106697065	2316	337	807	407	807	517	3429	1463	975	roadmap_epigenomics H3K4me3	NA	NA	H3K4me3	NA	NA	E012-H3K4me3.narrowPeak	1	42211
1	187	roadmap_epigenomics	0	0.548399724377968	1827	337	488	728	728	518	2777	1952	1627	roadmap_epigenomics H3K36me3	NA	NA	H3K36me3	NA	NA	E012-H3K36me3.narrowPeak	1	226301
1	485	roadmap_epigenomics	0	0.444600904972337	2337	337	835	383	835	518	3456	1442	948	roadmap_epigenomics H3K4me3	NA	NA	H3K4me3	NA	NA	E052-H3K4me3.narrowPeak	1	77026
1	490	roadmap_epigenomics	0	0.402093781579218	2495	337	977	239	977	518	3649	1284	755	roadmap_epigenomics H3K4me1	NA	NA	H3K4me1	NA	NA	E053-H3K4me1.narrowPeak	1	185030
1	749	roadmap_epigenomics	0	0.342648549537308	2637	337	1089	128	1089	518	3835	1142	569	roadmap_epigenomics H3K4me1	NA	NA	H3K4me1	NA	NA	E090-H3K4me1.narrowPeak	1	268484
1	1011	roadmap_epigenomics	0	0.482911544561229	2155	337	678	538	678	518	3229	1624	1175	roadmap_epigenomics H3K9ac	NA	NA	H3K9ac	NA	NA	E121-H3K9ac.narrowPeak	1	104079
1	584	roadmap_epigenomics	0	0.391135941738183	2517	337	1001	218	1001	519	3682	1262	722	roadmap_epigenomics H3K9ac	NA	NA	H3K9ac	NA	NA	E068-H3K9ac.narrowPeak	1	183791
1	679	roadmap_epigenomics	0	0.455000865301715	2280	337	786	433	786	519	3390	1499	1014	roadmap_epigenomics H3K4me1	NA	NA	H3K4me1	NA	NA	E082-H3K4me1.narrowPeak	1	167812
1	776	roadmap_epigenomics	0	0.314474324330409	2647	337	1105	116	1105	519	3882	1132	522	roadmap_epigenomics H3K4me1	NA	NA	H3K4me1	NA	NA	E093-H3K4me1.narrowPeak	1	250705
1	821	roadmap_epigenomics	0	0.383774317220216	2532	337	1016	204	1016	519	3704	1247	700	roadmap_epigenomics H3K4me1	NA	NA	H3K4me1	NA	NA	E099-H3K4me1.narrowPeak	1	176837
1	361	roadmap_epigenomics	0	0.49061694449216	2106	337	645	578	645	520	3169	1673	1235	roadmap_epigenomics	NA	NA	NA	NA	NA	E034-DNase.hotspot.all.peaks.bed	1	81127
1	367	roadmap_epigenomics	0	0.307562001762727	2645	337	1106	118	1106	520	3891	1134	513	roadmap_epigenomics H3K4me1	NA	NA	H3K4me1	NA	NA	E034-H3K4me1.narrowPeak	1	198110
1	863	roadmap_epigenomics	0	0.342401950086699	2630	337	1090	133	1090	520	3831	1149	573	roadmap_epigenomics H3K4me1	NA	NA	H3K4me1	NA	NA	E105-H3K4me1.narrowPeak	1	309072
1	1070	roadmap_epigenomics	0	0.428989834907292	2391	337	898	326	898	520	3526	1388	878	roadmap_epigenomics H3K4me2	NA	NA	H3K4me2	NA	NA	E126-H3K4me2.narrowPeak	1	115042
1	457	roadmap_epigenomics	0	0.482770782240829	2144	337	679	547	679	521	3219	1635	1185	roadmap_epigenomics H3K27ac	NA	NA	H3K27ac	NA	NA	E049-H3K27ac.narrowPeak	1	126902
1	1016	roadmap_epigenomics	0	0.51699142451949	1921	337	554	673	673	521	2936	1858	1468	roadmap_epigenomics H3K27ac	NA	NA	H3K27ac	NA	NA	E122-H3K27ac.narrowPeak	1	71491
1	342	roadmap_epigenomics	0	0.505515445597396	1988	337	585	644	644	522	3026	1791	1378	roadmap_epigenomics H3K4me3	NA	NA	H3K4me3	NA	NA	E031-H3K4me3.narrowPeak	1	39890
1	358	roadmap_epigenomics	0	0.497631309322647	2055	337	615	614	615	522	3107	1724	1297	roadmap_epigenomics H3K4me1	NA	NA	H3K4me1	NA	NA	E033-H3K4me1.narrowPeak	1	131462
1	510	roadmap_epigenomics	0	0.214435061379296	2675	337	1121	108	1121	522	4046	1104	358	roadmap_epigenomics H3K27ac	NA	NA	H3K27ac	NA	NA	E056-H3K27ac.narrowPeak	1	271197
1	653	roadmap_epigenomics	0	0.474522922837536	2180	337	713	515	713	522	3267	1599	1137	roadmap_epigenomics H3K36me3	NA	NA	H3K36me3	NA	NA	E079-H3K36me3.narrowPeak	1	264229
1	818	roadmap_epigenomics	0	0.549322980278899	1792	337	487	743	743	522	2737	1987	1667	roadmap_epigenomics H3K27ac	NA	NA	H3K27ac	NA	NA	E099-H3K27ac.narrowPeak	1	75578
1	384	roadmap_epigenomics	0	0.486785593730615	2124	337	667	564	667	523	3193	1655	1211	roadmap_epigenomics H3K4me3	NA	NA	H3K4me3	NA	NA	E037-H3K4me3.narrowPeak	1	49554
1	441	roadmap_epigenomics	0	0.332480417832281	2621	337	1096	136	1096	523	3840	1158	564	roadmap_epigenomics H3K4me1	NA	NA	H3K4me1	NA	NA	E046-H3K4me1.narrowPeak	1	167778
1	648	roadmap_epigenomics	0	0.385233061918878	2514	337	1012	221	1012	523	3689	1265	715	roadmap_epigenomics H3K4me1	NA	NA	H3K4me1	NA	NA	E078-H3K4me1.narrowPeak	1	192644
1	371	roadmap_epigenomics	0	0.615272512587802	1572	337	392	844	844	524	2363	2207	2041	roadmap_epigenomics H3K36me3	NA	NA	H3K36me3	NA	NA	E035-H3K36me3.narrowPeak	1	184716
1	501	roadmap_epigenomics	0	0.254044482636934	2646	337	1117	117	1117	524	3972	1133	432	roadmap_epigenomics H3K27ac	NA	NA	H3K27ac	NA	NA	E055-H3K27ac.narrowPeak	1	274023
1	504	roadmap_epigenomics	0	0.234233832949819	2649	337	1119	115	1119	524	4004	1130	400	roadmap_epigenomics H3K4me1	NA	NA	H3K4me1	NA	NA	E055-H3K4me1.narrowPeak	1	338865
1	680	roadmap_epigenomics	0	0.449496255308604	2297	337	812	422	812	524	3414	1482	990	roadmap_epigenomics H3K4me3	NA	NA	H3K4me3	NA	NA	E082-H3K4me3.narrowPeak	1	40821
1	836	roadmap_epigenomics	0	0.367171464636777	2559	337	1051	184	1051	524	3748	1220	656	roadmap_epigenomics H3K4me1	NA	NA	H3K4me1	NA	NA	E101-H3K4me1.narrowPeak	1	208728
1	70	roadmap_epigenomics	0	0.494187986142354	2067	337	630	607	630	525	3125	1712	1279	roadmap_epigenomics H2BK12ac	NA	NA	H2BK12ac	NA	NA	E005-H2BK12ac.narrowPeak	1	257315
1	228	roadmap_epigenomics	0	0.505936439165876	1965	337	583	656	656	525	3002	1814	1402	roadmap_epigenomics H2BK5ac	NA	NA	H2BK5ac	NA	NA	E017-H2BK5ac.narrowPeak	1	166186
1	86	roadmap_epigenomics	0	0.35231183628182	2587	337	1076	164	1076	526	3789	1192	615	roadmap_epigenomics H4K12ac	NA	NA	H4K12ac	NA	NA	E005-H4K12ac.narrowPeak	1	157052
1	87	roadmap_epigenomics	0	0.403183901270874	2461	337	973	269	973	526	3622	1318	782	roadmap_epigenomics H4K8ac	NA	NA	H4K8ac	NA	NA	E005-H4K8ac.narrowPeak	1	197762
1	596	roadmap_epigenomics	0	0.45301159672179	2261	337	796	444	796	526	3377	1518	1027	roadmap_epigenomics H3K4me3	NA	NA	H3K4me3	NA	NA	E070-H3K4me3.narrowPeak	1	41846
1	713	roadmap_epigenomics	0	0.660090044386859	1447	337	351	891	891	526	2134	2332	2270	roadmap_epigenomics H3K36me3	NA	NA	H3K36me3	NA	NA	E086-H3K36me3.narrowPeak	1	98059
1	824	roadmap_epigenomics	0	0.486041650720054	2112	337	672	571	672	527	3183	1667	1221	roadmap_epigenomics	NA	NA	NA	NA	NA	E100-DNase.hotspot.all.peaks.bed	1	100209
1	881	roadmap_epigenomics	0	0.288616706143549	2632	337	1114	130	1114	527	3912	1147	492	roadmap_epigenomics H3K4me1	NA	NA	H3K4me1	NA	NA	E108-H3K4me1.narrowPeak	1	272216
1	359	roadmap_epigenomics	0	0.481942394366031	2120	337	682	565	682	528	3198	1659	1206	roadmap_epigenomics H3K4me3	NA	NA	H3K4me3	NA	NA	E033-H3K4me3.narrowPeak	1	42864
1	372	roadmap_epigenomics	0	0.416578989473673	2407	337	935	312	935	528	3559	1372	845	roadmap_epigenomics H3K4me1	NA	NA	H3K4me1	NA	NA	E035-H3K4me1.narrowPeak	1	126220
1	59	roadmap_epigenomics	0	0.660701477041645	1430	337	350	900	900	529	2112	2349	2292	roadmap_epigenomics H3K79me1	NA	NA	H3K79me1	NA	NA	E004-H3K79me1.narrowPeak	1	133659
1	209	roadmap_epigenomics	0	0.394262319389529	2481	337	996	255	996	529	3651	1298	753	roadmap_epigenomics H3K9ac	NA	NA	H3K9ac	NA	NA	E015-H3K9ac.narrowPeak	1	116131
1	866	roadmap_epigenomics	0	0.426187628816163	2374	337	903	347	903	529	3517	1405	887	roadmap_epigenomics H3K27ac	NA	NA	H3K27ac	NA	NA	E106-H3K27ac.narrowPeak	1	184602
1	60	roadmap_epigenomics	0	0.652276835662282	1438	337	360	893	893	530	2136	2341	2268	roadmap_epigenomics H3K79me2	NA	NA	H3K79me2	NA	NA	E004-H3K79me2.narrowPeak	1	172076
1	442	roadmap_epigenomics	0	0.494098316457072	2034	337	631	621	631	530	3093	1745	1311	roadmap_epigenomics H3K4me3	NA	NA	H3K4me3	NA	NA	E046-H3K4me3.narrowPeak	1	33250
1	847	roadmap_epigenomics	0	0.487929776595393	2081	337	658	596	658	530	3150	1698	1254	roadmap_epigenomics H3K27ac	NA	NA	H3K27ac	NA	NA	E103-H3K27ac.narrowPeak	1	119896
1	862	roadmap_epigenomics	0	0.465481380795362	2192	337	751	501	751	530	3294	1587	1110	roadmap_epigenomics H3K36me3	NA	NA	H3K36me3	NA	NA	E105-H3K36me3.narrowPeak	1	267060
1	550	roadmap_epigenomics	0	0.369279788741811	2530	337	1048	207	1048	531	3725	1249	679	roadmap_epigenomics H3K9ac	NA	NA	H3K9ac	NA	NA	E062-H3K9ac.narrowPeak	1	142197
1	875	roadmap_epigenomics	0	0.421853371004637	2380	337	916	340	916	531	3529	1399	875	roadmap_epigenomics H3K4me3	NA	NA	H3K4me3	NA	NA	E107-H3K4me3.narrowPeak	1	80526
1	999	roadmap_epigenomics	0	0.513049979472575	1884	337	561	696	696	531	2905	1895	1499	roadmap_epigenomics H3K9ac	NA	NA	H3K9ac	NA	NA	E120-H3K9ac.narrowPeak	1	64681
1	1066	roadmap_epigenomics	0	0.527000327466423	1832	337	531	725	725	531	2823	1947	1581	roadmap_epigenomics H3K27ac	NA	NA	H3K27ac	NA	NA	E126-H3K27ac.narrowPeak	1	91265
1	415	roadmap_epigenomics	0	0.461187178147277	2208	337	768	490	768	532	3316	1571	1088	roadmap_epigenomics H3K4me3	NA	NA	H3K4me3	NA	NA	E042-H3K4me3.narrowPeak	1	58292
1	455	roadmap_epigenomics	0	0.477268972818609	2128	337	704	556	704	532	3214	1651	1190	roadmap_epigenomics H3K4me3	NA	NA	H3K4me3	NA	NA	E048-H3K4me3.narrowPeak	1	54009
1	545	roadmap_epigenomics	0	0.542497819103032	1763	337	496	762	762	532	2718	2016	1686	roadmap_epigenomics H3K27ac	NA	NA	H3K27ac	NA	NA	E062-H3K27ac.narrowPeak	1	51862
1	625	roadmap_epigenomics	0	0.444683405298307	2292	337	834	424	834	532	3418	1487	986	roadmap_epigenomics H3K27ac	NA	NA	H3K27ac	NA	NA	E075-H3K27ac.narrowPeak	1	146119
1	1023	roadmap_epigenomics	0	0.487386054774852	2081	337	662	596	662	532	3151	1698	1253	roadmap_epigenomics H3K9ac	NA	NA	H3K9ac	NA	NA	E122-H3K9ac.narrowPeak	1	64234
1	368	roadmap_epigenomics	0	0.476170731453226	2128	337	707	556	707	533	3216	1651	1188	roadmap_epigenomics H3K4me3	NA	NA	H3K4me3	NA	NA	E034-H3K4me3.narrowPeak	1	37067
1	528	roadmap_epigenomics	0	0.410428050670433	2425	337	958	303	958	533	3583	1354	821	roadmap_epigenomics H3K4me3	NA	NA	H3K4me3	NA	NA	E058-H3K4me3.narrowPeak	1	45445
1	740	roadmap_epigenomics	0	0.296658287579143	2602	337	1112	151	1112	533	3883	1177	521	roadmap_epigenomics H3K4me1	NA	NA	H3K4me1	NA	NA	E089-H3K4me1.narrowPeak	1	234241
1	224	roadmap_epigenomics	0	0.567224914314622	1644	337	447	817	817	534	2536	2135	1868	roadmap_epigenomics H2BK120ac	NA	NA	H2BK120ac	NA	NA	E017-H2BK120ac.narrowPeak	1	223563
1	238	roadmap_epigenomics	0	0.453626053942021	2229	337	791	475	791	534	3348	1550	1056	roadmap_epigenomics H3K4me3	NA	NA	H3K4me3	NA	NA	E017-H3K4me3.narrowPeak	1	42408
1	378	roadmap_epigenomics	0	0.440500660071064	2306	337	851	414	851	534	3437	1473	967	roadmap_epigenomics H3K4me3	NA	NA	H3K4me3	NA	NA	E036-H3K4me3.narrowPeak	1	56252
1	444	roadmap_epigenomics	0	0.516146711036066	1847	337	555	710	710	534	2860	1932	1544	roadmap_epigenomics H3K27ac	NA	NA	H3K27ac	NA	NA	E047-H3K27ac.narrowPeak	1	44461
1	539	roadmap_epigenomics	0	0.330780376901018	2586	337	1098	166	1098	534	3821	1193	583	roadmap_epigenomics H3K27ac	NA	NA	H3K27ac	NA	NA	E061-H3K27ac.narrowPeak	1	199363
1	628	roadmap_epigenomics	0	0.321936936817803	2590	337	1102	162	1102	534	3837	1189	567	roadmap_epigenomics H3K4me1	NA	NA	H3K4me1	NA	NA	E075-H3K4me1.narrowPeak	1	196719
1	513	roadmap_epigenomics	0	0.209579197919892	2605	337	1122	146	1122	535	4024	1174	380	roadmap_epigenomics H3K4me1	NA	NA	H3K4me1	NA	NA	E056-H3K4me1.narrowPeak	1	303644
1	522	roadmap_epigenomics	0	0.423775855761025	2364	337	908	359	908	535	3513	1415	891	roadmap_epigenomics H3K4me3	NA	NA	H3K4me3	NA	NA	E057-H3K4me3.narrowPeak	1	48504
1	559	roadmap_epigenomics	0	0.517013680760512	1842	337	552	715	715	535	2853	1937	1551	roadmap_epigenomics H3K27ac	NA	NA	H3K27ac	NA	NA	E065-H3K27ac.narrowPeak	1	141729
1	777	roadmap_epigenomics	0	0.466483222650982	2173	337	746	521	746	535	3275	1606	1129	roadmap_epigenomics H3K4me3	NA	NA	H3K4me3	NA	NA	E093-H3K4me3.narrowPeak	1	37401
1	842	roadmap_epigenomics	0	0.512992284702266	1862	337	563	705	705	535	2882	1917	1522	roadmap_epigenomics H3K36me3	NA	NA	H3K36me3	NA	NA	E102-H3K36me3.narrowPeak	1	305308
1	226	roadmap_epigenomics	0	0.639218985068371	1416	337	365	908	908	537	2131	2363	2273	roadmap_epigenomics H2BK15ac	NA	NA	H2BK15ac	NA	NA	E017-H2BK15ac.narrowPeak	1	218402
1	453	roadmap_epigenomics	0	0.596701097707229	1505	337	408	867	867	537	2316	2274	2088	roadmap_epigenomics H3K36me3	NA	NA	H3K36me3	NA	NA	E048-H3K36me3.narrowPeak	1	130411
1	575	roadmap_epigenomics	0	0.38773874965458	2464	337	1008	266	1008	537	3649	1315	755	roadmap_epigenomics H3K4me1	NA	NA	H3K4me1	NA	NA	E067-H3K4me1.narrowPeak	1	240432
1	635	roadmap_epigenomics	0	0.420078382158365	2370	337	923	352	923	537	3524	1409	880	roadmap_epigenomics H3K4me1	NA	NA	H3K4me1	NA	NA	E076-H3K4me1.narrowPeak	1	178997
1	302	roadmap_epigenomics	0	0.406444832156837	2410	337	968	309	968	538	3578	1369	826	roadmap_epigenomics H3K9ac	NA	NA	H3K9ac	NA	NA	E025-H3K9ac.narrowPeak	1	134727
1	911	roadmap_epigenomics	0	0.466471864175827	2162	337	747	530	747	538	3265	1617	1139	roadmap_epigenomics H3K4me3	NA	NA	H3K4me3	NA	NA	E112-H3K4me3.narrowPeak	1	28758
1	687	roadmap_epigenomics	0	0.395614046121854	2442	337	992	288	992	539	3620	1337	784	roadmap_epigenomics H3K4me1	NA	NA	H3K4me1	NA	NA	E083-H3K4me1.narrowPeak	1	190314
1	994	roadmap_epigenomics	0	0.606917757104113	1458	337	397	882	882	539	2240	2321	2164	roadmap_epigenomics H3K36me3	NA	NA	H3K36me3	NA	NA	E120-H3K36me3.narrowPeak	1	156848
1	82	roadmap_epigenomics	0	0.451715661230728	2224	337	802	482	802	540	3347	1555	1057	roadmap_epigenomics H3K79me1	NA	NA	H3K79me1	NA	NA	E005-H3K79me1.narrowPeak	1	225880
1	126	roadmap_epigenomics	0	0.667281917337871	1341	337	346	938	938	540	1990	2438	2414	roadmap_epigenomics H3K4ac	NA	NA	H3K4ac	NA	NA	E007-H3K4ac.narrowPeak	1	45590
1	408	roadmap_epigenomics	0	0.321040538108045	2568	337	1103	179	1103	540	3825	1211	579	roadmap_epigenomics H3K4me1	NA	NA	H3K4me1	NA	NA	E041-H3K4me1.narrowPeak	1	159193
1	645	roadmap_epigenomics	0	0.478916436192807	2094	337	695	588	695	540	3179	1685	1225	roadmap_epigenomics H3K27ac	NA	NA	H3K27ac	NA	NA	E078-H3K27ac.narrowPeak	1	97341
1	420	roadmap_epigenomics	0	0.336589479772589	2551	337	1094	191	1094	541	3790	1228	614	roadmap_epigenomics H3K4me1	NA	NA	H3K4me1	NA	NA	E043-H3K4me1.narrowPeak	1	154217
1	630	roadmap_epigenomics	0	0.375703712139939	2490	337	1038	247	1038	541	3687	1289	717	roadmap_epigenomics H3K9ac	NA	NA	H3K9ac	NA	NA	E075-H3K9ac.narrowPeak	1	109949
1	637	roadmap_epigenomics	0	0.487829818626741	2022	337	659	627	659	541	3093	1757	1311	roadmap_epigenomics H3K9ac	NA	NA	H3K9ac	NA	NA	E076-H3K9ac.narrowPeak	1	60918
1	1021	roadmap_epigenomics	0	0.463259819631471	2171	337	761	524	761	541	3279	1608	1125	roadmap_epigenomics H3K4me3	NA	NA	H3K4me3	NA	NA	E122-H3K4me3.narrowPeak	1	43730
1	607	roadmap_epigenomics	0	0.401611089785239	2410	337	980	309	980	542	3586	1369	818	roadmap_epigenomics H3K4me1	NA	NA	H3K4me1	NA	NA	E072-H3K4me1.narrowPeak	1	211846
1	895	roadmap_epigenomics	0	0.562298436893309	1605	337	456	834	834	542	2500	2174	1904	roadmap_epigenomics H3K36me3	NA	NA	H3K36me3	NA	NA	E110-H3K36me3.narrowPeak	1	86270
1	833	roadmap_epigenomics	0	0.414723790280087	2370	337	940	352	940	543	3533	1409	871	roadmap_epigenomics H3K27ac	NA	NA	H3K27ac	NA	NA	E101-H3K27ac.narrowPeak	1	137582
1	849	roadmap_epigenomics	0	0.500941349975052	1897	337	606	687	687	543	2942	1882	1462	roadmap_epigenomics H3K36me3	NA	NA	H3K36me3	NA	NA	E103-H3K36me3.narrowPeak	1	225315
1	868	roadmap_epigenomics	0	0.500046325971012	1905	337	608	683	683	543	2952	1874	1452	roadmap_epigenomics H3K36me3	NA	NA	H3K36me3	NA	NA	E106-H3K36me3.narrowPeak	1	291154
1	1019	roadmap_epigenomics	0	0.412271784545679	2380	337	951	340	951	543	3545	1399	859	roadmap_epigenomics H3K4me1	NA	NA	H3K4me1	NA	NA	E122-H3K4me1.narrowPeak	1	142277
1	746	roadmap_epigenomics	0	0.451175571532944	2207	337	804	491	804	544	3333	1572	1071	roadmap_epigenomics H3K27ac	NA	NA	H3K27ac	NA	NA	E090-H3K27ac.narrowPeak	1	148419
1	835	roadmap_epigenomics	0	0.494783502432744	1941	337	628	666	666	544	2999	1838	1405	roadmap_epigenomics H3K36me3	NA	NA	H3K36me3	NA	NA	E101-H3K36me3.narrowPeak	1	322521
1	1095	roadmap_epigenomics	0	0.409833815125737	2385	337	960	335	960	544	3553	1394	851	roadmap_epigenomics H3K4me2	NA	NA	H3K4me2	NA	NA	E128-H3K4me2.narrowPeak	1	118811
1	78	roadmap_epigenomics	0	0.46995801092696	2119	337	732	567	732	545	3219	1660	1185	roadmap_epigenomics H3K4ac	NA	NA	H3K4ac	NA	NA	E005-H3K4ac.narrowPeak	1	228267
1	388	roadmap_epigenomics	0	0.573407981020647	1536	337	441	857	857	545	2397	2243	2007	roadmap_epigenomics H3K36me3	NA	NA	H3K36me3	NA	NA	E038-H3K36me3.narrowPeak	1	143872
1	402	roadmap_epigenomics	0	0.360300679782712	2502	337	1062	235	1062	545	3720	1277	684	roadmap_epigenomics H3K4me1	NA	NA	H3K4me1	NA	NA	E040-H3K4me1.narrowPeak	1	147396
1	567	roadmap_epigenomics	0	0.503853946162837	1865	337	595	703	703	545	2903	1914	1501	roadmap_epigenomics H3K36me3	NA	NA	H3K36me3	NA	NA	E066-H3K36me3.narrowPeak	1	303329
1	903	roadmap_epigenomics	0	0.354920915420826	2504	337	1068	230	1068	545	3730	1275	674	roadmap_epigenomics H3K4me1	NA	NA	H3K4me1	NA	NA	E111-H3K4me1.narrowPeak	1	225429
1	1013	roadmap_epigenomics	0	0.654256496804959	1339	337	357	942	942	545	2009	2440	2395	roadmap_epigenomics H4K20me1	NA	NA	H4K20me1	NA	NA	E121-H4K20me1.narrowPeak	1	116908
1	195	roadmap_epigenomics	0	0.448276540873369	2217	337	817	484	817	546	3347	1562	1057	roadmap_epigenomics H3K4me3	NA	NA	H3K4me3	NA	NA	E013-H3K4me3.narrowPeak	1	28003
1	225	roadmap_epigenomics	0	0.589618605644392	1459	337	420	881	881	546	2273	2320	2131	roadmap_epigenomics H2BK12ac	NA	NA	H2BK12ac	NA	NA	E017-H2BK12ac.narrowPeak	1	250249
1	248	roadmap_epigenomics	0	0.48753074935075	1995	337	660	642	660	546	3067	1784	1337	roadmap_epigenomics H4K91ac	NA	NA	H4K91ac	NA	NA	E017-H4K91ac.narrowPeak	1	263787
1	309	roadmap_epigenomics	0	0.467474257834848	2127	337	742	558	742	546	3231	1652	1173	roadmap_epigenomics H3K9ac	NA	NA	H3K9ac	NA	NA	E026-H3K9ac.narrowPeak	1	80106
1	357	roadmap_epigenomics	0	0.590569018637644	1458	337	418	882	882	546	2270	2321	2134	roadmap_epigenomics H3K36me3	NA	NA	H3K36me3	NA	NA	E033-H3K36me3.narrowPeak	1	134198
1	1071	roadmap_epigenomics	0	0.47974907270789	2061	337	691	610	691	546	3146	1718	1258	roadmap_epigenomics H3K4me3	NA	NA	H3K4me3	NA	NA	E126-H3K4me3.narrowPeak	1	53066
1	77	roadmap_epigenomics	0	0.467554718355924	2125	337	741	563	741	547	3229	1654	1175	roadmap_epigenomics H3K36me3	NA	NA	H3K36me3	NA	NA	E005-H3K36me3.narrowPeak	1	277210
1	94	roadmap_epigenomics	0	0.46956567651899	2115	337	733	570	733	547	3216	1664	1188	roadmap_epigenomics H2BK120ac	NA	NA	H2BK120ac	NA	NA	E006-H2BK120ac.narrowPeak	1	168326
1	614	roadmap_epigenomics	0	0.360819385222087	2493	337	1060	244	1060	547	3713	1286	691	roadmap_epigenomics H3K4me1	NA	NA	H3K4me1	NA	NA	E073-H3K4me1.narrowPeak	1	233560
1	1033	roadmap_epigenomics	0	0.416198531791369	2353	337	936	369	936	547	3517	1426	887	roadmap_epigenomics H3K4me2	NA	NA	H3K4me2	NA	NA	E123-H3K4me2.narrowPeak	1	93300
1	1096	roadmap_epigenomics	0	0.470323939992857	2109	337	730	574	730	547	3209	1670	1195	roadmap_epigenomics H3K4me3	NA	NA	H3K4me3	NA	NA	E128-H3K4me3.narrowPeak	1	38014
1	997	roadmap_epigenomics	0	0.438671108382713	2255	337	859	450	859	549	3397	1524	1007	roadmap_epigenomics H3K4me3	NA	NA	H3K4me3	NA	NA	E120-H3K4me3.narrowPeak	1	47100
1	1018	roadmap_epigenomics	0	0.591426549315283	1439	337	417	892	892	549	2245	2340	2159	roadmap_epigenomics H3K36me3	NA	NA	H3K36me3	NA	NA	E122-H3K36me3.narrowPeak	1	156941
1	332	roadmap_epigenomics	0	0.487084860666526	1978	337	665	648	665	550	3051	1801	1353	roadmap_epigenomics H3K4me3	NA	NA	H3K4me3	NA	NA	E029-H3K4me3.narrowPeak	1	29579
1	960	roadmap_epigenomics	0	0.435908941749076	2261	337	868	444	868	550	3407	1518	997	roadmap_epigenomics H3K4me2	NA	NA	H3K4me2	NA	NA	E117-H3K4me2.narrowPeak	1	85197
1	1061	roadmap_epigenomics	0	0.435994001677998	2260	337	867	447	867	550	3406	1519	998	roadmap_epigenomics H3K9ac	NA	NA	H3K9ac	NA	NA	E125-H3K9ac.narrowPeak	1	92035
1	1075	roadmap_epigenomics	0	0.564546918177517	1516	337	452	861	861	550	2390	2263	2014	roadmap_epigenomics H4K20me1	NA	NA	H4K20me1	NA	NA	E126-H4K20me1.narrowPeak	1	91092
1	1085	roadmap_epigenomics	0	0.440122235137971	2244	337	852	460	852	550	3385	1535	1019	roadmap_epigenomics H3K9ac	NA	NA	H3K9ac	NA	NA	E127-H3K9ac.narrowPeak	1	78312
1	351	roadmap_epigenomics	0	0.479922245232826	2022	337	689	627	689	551	3108	1757	1296	roadmap_epigenomics H3K4me3	NA	NA	H3K4me3	NA	NA	E032-H3K4me3.narrowPeak	1	31423
1	794	roadmap_epigenomics	0	0.374971303182907	2456	337	1042	274	1042	551	3664	1323	740	roadmap_epigenomics H3K27ac	NA	NA	H3K27ac	NA	NA	E096-H3K27ac.narrowPeak	1	220045
1	35	roadmap_epigenomics	0	0.542436975764675	1638	337	497	821	821	552	2577	2141	1827	roadmap_epigenomics H3K79me1	NA	NA	H3K79me1	NA	NA	E003-H3K79me1.narrowPeak	1	133190
1	347	roadmap_epigenomics	0	0.511263064479552	1783	337	569	749	749	552	2801	1996	1603	roadmap_epigenomics H3K27ac	NA	NA	H3K27ac	NA	NA	E032-H3K27ac.narrowPeak	1	65724
1	514	roadmap_epigenomics	0	0.191437713063415	2545	337	1123	198	1123	553	4030	1234	374	roadmap_epigenomics H3K4me3	NA	NA	H3K4me3	NA	NA	E056-H3K4me3.narrowPeak	1	152592
1	718	roadmap_epigenomics	0	0.505339101718855	1812	337	587	734	734	553	2844	1967	1560	roadmap_epigenomics H3K27ac	NA	NA	H3K27ac	NA	NA	E087-H3K27ac.narrowPeak	1	71309
1	382	roadmap_epigenomics	0	0.623972685325751	1332	337	379	945	945	554	2052	2447	2352	roadmap_epigenomics H3K36me3	NA	NA	H3K36me3	NA	NA	E037-H3K36me3.narrowPeak	1	97050
1	579	roadmap_epigenomics	0	0.381767092550009	2426	337	1025	299	1025	554	3631	1353	773	roadmap_epigenomics H3K27ac	NA	NA	H3K27ac	NA	NA	E068-H3K27ac.narrowPeak	1	214725
1	850	roadmap_epigenomics	0	0.453581741932917	2157	337	792	536	792	555	3284	1622	1120	roadmap_epigenomics H3K4me1	NA	NA	H3K4me1	NA	NA	E103-H3K4me1.narrowPeak	1	172034
1	640	roadmap_epigenomics	0	0.49126034255878	1897	337	643	687	687	556	2961	1882	1443	roadmap_epigenomics H3K36me3	NA	NA	H3K36me3	NA	NA	E077-H3K36me3.narrowPeak	1	271474
1	170	roadmap_epigenomics	0	0.456004436468849	2130	337	780	554	780	557	3255	1649	1149	roadmap_epigenomics H3K4me3	NA	NA	H3K4me3	NA	NA	E009-H3K4me3.narrowPeak	1	38823
1	178	roadmap_epigenomics	0	0.469132816768635	2080	337	736	599	736	557	3184	1699	1220	roadmap_epigenomics H3K27ac	NA	NA	H3K27ac	NA	NA	E011-H3K27ac.narrowPeak	1	157674
1	543	roadmap_epigenomics	0	0.422714446580426	2299	337	913	420	913	557	3462	1480	942	roadmap_epigenomics H3K4me3	NA	NA	H3K4me3	NA	NA	E061-H3K4me3.narrowPeak	1	39368
1	595	roadmap_epigenomics	0	0.480341372246724	1981	337	688	647	688	557	3067	1798	1337	roadmap_epigenomics H3K4me1	NA	NA	H3K4me1	NA	NA	E070-H3K4me1.narrowPeak	1	107068
1	898	roadmap_epigenomics	0	0.383423982640401	2400	337	1019	316	1019	557	3609	1379	795	roadmap_epigenomics H3K9ac	NA	NA	H3K9ac	NA	NA	E110-H3K9ac.narrowPeak	1	89018
1	915	roadmap_epigenomics	0	0.399859208352934	2371	337	984	351	984	557	3559	1408	845	roadmap_epigenomics H3K36me3	NA	NA	H3K36me3	NA	NA	E113-H3K36me3.narrowPeak	1	279691
1	115	roadmap_epigenomics	0	0.528520678468363	1661	337	527	811	811	558	2631	2118	1773	roadmap_epigenomics H2AK5ac	NA	NA	H2AK5ac	NA	NA	E007-H2AK5ac.narrowPeak	1	115306
1	609	roadmap_epigenomics	0	0.343616746650575	2487	337	1087	251	1087	558	3737	1292	667	roadmap_epigenomics H3K9ac	NA	NA	H3K9ac	NA	NA	E072-H3K9ac.narrowPeak	1	165236
1	227	roadmap_epigenomics	0	0.677799988935567	1181	337	334	1006	1006	559	1768	2598	2636	roadmap_epigenomics H2BK20ac	NA	NA	H2BK20ac	NA	NA	E017-H2BK20ac.narrowPeak	1	200922
1	414	roadmap_epigenomics	0	0.350027693257663	2473	337	1080	261	1080	559	3717	1306	687	roadmap_epigenomics H3K4me1	NA	NA	H3K4me1	NA	NA	E042-H3K4me1.narrowPeak	1	160756
1	312	roadmap_epigenomics	0	0.470652060181627	2042	337	728	616	728	560	3145	1737	1259	roadmap_epigenomics H3K36me3	NA	NA	H3K36me3	NA	NA	E027-H3K36me3.narrowPeak	1	455177
1	577	roadmap_epigenomics	0	0.381332378467288	2406	337	1030	313	1030	560	3617	1373	787	roadmap_epigenomics H3K9ac	NA	NA	H3K9ac	NA	NA	E067-H3K9ac.narrowPeak	1	146266
1	888	roadmap_epigenomics	0	0.39102600226748	2380	337	1002	340	1002	560	3581	1399	823	roadmap_epigenomics H3K27ac	NA	NA	H3K27ac	NA	NA	E109-H3K27ac.narrowPeak	1	194782
1	972	roadmap_epigenomics	0	0.375578944133072	2420	337	1039	305	1039	560	3637	1359	767	roadmap_epigenomics H3K4me2	NA	NA	H3K4me2	NA	NA	E118-H3K4me2.narrowPeak	1	96755
1	213	roadmap_epigenomics	0	0.508535968461206	1744	337	576	770	770	561	2764	2035	1640	roadmap_epigenomics H3K36me3	NA	NA	H3K36me3	NA	NA	E016-H3K36me3.narrowPeak	1	237501
1	396	roadmap_epigenomics	0	0.343212620938381	2477	337	1088	259	1088	561	3731	1302	673	roadmap_epigenomics H3K4me1	NA	NA	H3K4me1	NA	NA	E039-H3K4me1.narrowPeak	1	159065
1	574	roadmap_epigenomics	0	0.495983366139716	1833	337	621	724	724	561	2885	1946	1519	roadmap_epigenomics H3K36me3	NA	NA	H3K36me3	NA	NA	E067-H3K36me3.narrowPeak	1	195810
1	598	roadmap_epigenomics	0	0.350717727640381	2460	337	1077	270	1077	561	3707	1319	697	roadmap_epigenomics H3K27ac	NA	NA	H3K27ac	NA	NA	E071-H3K27ac.narrowPeak	1	152169
1	1084	roadmap_epigenomics	0	0.529210838293295	1629	337	521	824	824	561	2593	2150	1811	roadmap_epigenomics H3K79me2	NA	NA	H3K79me2	NA	NA	E127-H3K79me2.narrowPeak	1	203560
1	409	roadmap_epigenomics	0	0.429808701647853	2247	337	893	457	893	562	3406	1532	998	roadmap_epigenomics H3K4me3	NA	NA	H3K4me3	NA	NA	E041-H3K4me3.narrowPeak	1	57727
1	505	roadmap_epigenomics	0	0.23493122134658	2503	337	1118	232	1118	562	3933	1276	471	roadmap_epigenomics H3K4me3	NA	NA	H3K4me3	NA	NA	E055-H3K4me3.narrowPeak	1	115193
1	548	roadmap_epigenomics	0	0.402168082176917	2344	337	975	375	975	562	3534	1435	870	roadmap_epigenomics H3K4me1	NA	NA	H3K4me1	NA	NA	E062-H3K4me1.narrowPeak	1	122182
1	845	roadmap_epigenomics	0	0.409947846839199	2332	337	959	391	959	562	3511	1447	893	roadmap_epigenomics H3K9ac	NA	NA	H3K9ac	NA	NA	E102-H3K9ac.narrowPeak	1	85154
1	11	roadmap_epigenomics	0	0.563640592046873	1435	337	454	897	897	563	2293	2344	2111	roadmap_epigenomics H3K9ac	NA	NA	H3K9ac	NA	NA	E002-H3K9ac.narrowPeak	1	18733
1	264	roadmap_epigenomics	0	0.50918646719604	1737	337	575	777	777	563	2755	2042	1649	roadmap_epigenomics H3K36me3	NA	NA	H3K36me3	NA	NA	E020-H3K36me3.narrowPeak	1	225893
1	788	roadmap_epigenomics	0	0.458764773556059	2103	337	774	579	774	563	3225	1676	1179	roadmap_epigenomics H3K27ac	NA	NA	H3K27ac	NA	NA	E095-H3K27ac.narrowPeak	1	153453
1	1010	roadmap_epigenomics	0	0.528983998035691	1613	337	523	829	829	563	2575	2166	1829	roadmap_epigenomics H3K79me2	NA	NA	H3K79me2	NA	NA	E121-H3K79me2.narrowPeak	1	258600
1	236	roadmap_epigenomics	0	0.349305987379663	2458	337	1083	271	1083	564	3708	1321	696	roadmap_epigenomics H3K4me1	NA	NA	H3K4me1	NA	NA	E017-H3K4me1.narrowPeak	1	328152
1	397	roadmap_epigenomics	0	0.429758868026283	2241	337	894	462	894	564	3401	1538	1003	roadmap_epigenomics H3K4me3	NA	NA	H3K4me3	NA	NA	E039-H3K4me3.narrowPeak	1	51115
1	447	roadmap_epigenomics	0	0.353324230223221	2446	337	1073	283	1073	564	3693	1333	711	roadmap_epigenomics H3K4me1	NA	NA	H3K4me1	NA	NA	E047-H3K4me1.narrowPeak	1	124596
1	982	roadmap_epigenomics	0	0.537846661504841	1559	337	504	850	850	564	2494	2220	1910	roadmap_epigenomics H3K36me3	NA	NA	H3K36me3	NA	NA	E119-H3K36me3.narrowPeak	1	199445
1	336	roadmap_epigenomics	0	0.37405028534374	2400	337	1043	316	1043	565	3625	1379	779	roadmap_epigenomics H3K4me1	NA	NA	H3K4me1	NA	NA	E030-H3K4me1.narrowPeak	1	116739
1	623	roadmap_epigenomics	0	0.419217195101149	2283	337	927	431	927	565	3455	1496	949	roadmap_epigenomics H3K9ac	NA	NA	H3K9ac	NA	NA	E074-H3K9ac.narrowPeak	1	124462
1	1073	roadmap_epigenomics	0	0.487105160530385	1888	337	664	693	693	565	2960	1891	1444	roadmap_epigenomics H3K9ac	NA	NA	H3K9ac	NA	NA	E126-H3K9ac.narrowPeak	1	50757
1	383	roadmap_epigenomics	0	0.358309066859202	2428	337	1063	297	1063	566	3672	1351	732	roadmap_epigenomics H3K4me1	NA	NA	H3K4me1	NA	NA	E037-H3K4me1.narrowPeak	1	143294
1	427	roadmap_epigenomics	0	0.423079961685633	2254	337	911	452	911	567	3424	1525	980	roadmap_epigenomics H3K4me3	NA	NA	H3K4me3	NA	NA	E044-H3K4me3.narrowPeak	1	48938
1	552	roadmap_epigenomics	0	0.439229656099896	2188	337	856	508	856	567	3338	1591	1066	roadmap_epigenomics H3K27ac	NA	NA	H3K27ac	NA	NA	E063-H3K27ac.narrowPeak	1	123465
1	581	roadmap_epigenomics	0	0.478907586464983	1933	337	696	669	696	567	3022	1846	1382	roadmap_epigenomics H3K36me3	NA	NA	H3K36me3	NA	NA	E068-H3K36me3.narrowPeak	1	230963
1	854	roadmap_epigenomics	0	0.462569505354091	2070	337	765	602	765	568	3187	1709	1217	roadmap_epigenomics H3K27ac	NA	NA	H3K27ac	NA	NA	E104-H3K27ac.narrowPeak	1	154086
1	1068	roadmap_epigenomics	0	0.599012821786231	1297	337	406	961	961	568	2052	2482	2352	roadmap_epigenomics H3K36me3	NA	NA	H3K36me3	NA	NA	E126-H3K36me3.narrowPeak	1	102513
1	431	roadmap_epigenomics	0	0.522283703335628	1609	337	541	830	830	569	2584	2170	1820	roadmap_epigenomics H3K36me3	NA	NA	H3K36me3	NA	NA	E045-H3K36me3.narrowPeak	1	196705
1	477	roadmap_epigenomics	0	0.487148955196785	1860	337	663	706	706	569	2931	1919	1473	roadmap_epigenomics H3K36me3	NA	NA	H3K36me3	NA	NA	E051-H3K36me3.narrowPeak	1	355912
1	874	roadmap_epigenomics	0	0.306432338462554	2472	337	1107	263	1107	569	3790	1307	614	roadmap_epigenomics H3K4me1	NA	NA	H3K4me1	NA	NA	E107-H3K4me1.narrowPeak	1	238000
1	257	roadmap_epigenomics	0	0.527630014150221	1572	337	529	844	844	570	2530	2207	1874	roadmap_epigenomics H3K36me3	NA	NA	H3K36me3	NA	NA	E019-H3K36me3.narrowPeak	1	162030
1	438	roadmap_epigenomics	0	0.484048849363497	1884	337	676	696	696	570	2962	1895	1442	roadmap_epigenomics H3K27ac	NA	NA	H3K27ac	NA	NA	E046-H3K27ac.narrowPeak	1	68379
1	247	roadmap_epigenomics	0	0.450435529310249	2112	337	806	571	806	571	3249	1667	1155	roadmap_epigenomics H4K8ac	NA	NA	H4K8ac	NA	NA	E017-H4K8ac.narrowPeak	1	220315
1	419	roadmap_epigenomics	0	0.511540994052621	1665	337	567	810	810	571	2670	2114	1734	roadmap_epigenomics H3K36me3	NA	NA	H3K36me3	NA	NA	E043-H3K36me3.narrowPeak	1	194645
1	426	roadmap_epigenomics	0	0.348343029481381	2441	337	1084	291	1084	571	3698	1338	706	roadmap_epigenomics H3K4me1	NA	NA	H3K4me1	NA	NA	E044-H3K4me1.narrowPeak	1	150223
1	643	roadmap_epigenomics	0	0.388513664614596	2352	337	1006	370	1006	571	3564	1427	840	roadmap_epigenomics H3K9ac	NA	NA	H3K9ac	NA	NA	E077-H3K9ac.narrowPeak	1	96957
1	591	roadmap_epigenomics	0	0.366356368210857	2390	337	1052	328	1052	572	3631	1389	773	roadmap_epigenomics H3K9ac	NA	NA	H3K9ac	NA	NA	E069-H3K9ac.narrowPeak	1	133007
1	689	roadmap_epigenomics	0	0.356265188818351	2406	337	1066	313	1066	572	3660	1373	744	roadmap_epigenomics H3K9ac	NA	NA	H3K9ac	NA	NA	E083-H3K9ac.narrowPeak	1	110500
1	883	roadmap_epigenomics	0	0.347940335315713	2440	337	1085	293	1085	572	3698	1339	706	roadmap_epigenomics H3K9ac	NA	NA	H3K9ac	NA	NA	E108-H3K9ac.narrowPeak	1	129620
1	948	roadmap_epigenomics	0	0.378399006746918	2379	337	1037	343	1037	572	3602	1400	802	roadmap_epigenomics H3K4me2	NA	NA	H3K4me2	NA	NA	E116-H3K4me2.narrowPeak	1	124500
1	73	roadmap_epigenomics	0	0.382859672248664	2364	337	1022	359	1022	573	3583	1415	821	roadmap_epigenomics H3K18ac	NA	NA	H3K18ac	NA	NA	E005-H3K18ac.narrowPeak	1	251380
1	180	roadmap_epigenomics	0	0.501637066586114	1733	337	602	779	779	573	2766	2046	1638	roadmap_epigenomics H3K36me3	NA	NA	H3K36me3	NA	NA	E011-H3K36me3.narrowPeak	1	271169
1	421	roadmap_epigenomics	0	0.422630305595206	2234	337	914	469	914	573	3408	1545	996	roadmap_epigenomics H3K4me3	NA	NA	H3K4me3	NA	NA	E043-H3K4me3.narrowPeak	1	41721
1	107	roadmap_epigenomics	0	0.485751718766719	1840	337	673	716	716	575	2913	1939	1491	roadmap_epigenomics H3K79me1	NA	NA	H3K79me1	NA	NA	E006-H3K79me1.narrowPeak	1	327815
1	946	roadmap_epigenomics	0	0.550305135427767	1421	337	484	905	905	575	2302	2358	2102	roadmap_epigenomics H3K36me3	NA	NA	H3K36me3	NA	NA	E116-H3K36me3.narrowPeak	1	165402
1	949	roadmap_epigenomics	0	0.446890014263398	2120	337	823	565	823	575	3263	1659	1141	roadmap_epigenomics H3K4me3	NA	NA	H3K4me3	NA	NA	E116-H3K4me3.narrowPeak	1	76167
1	68	roadmap_epigenomics	0	0.429998111699226	2196	337	891	499	891	576	3362	1583	1042	roadmap_epigenomics H2AK5ac	NA	NA	H2AK5ac	NA	NA	E005-H2AK5ac.narrowPeak	1	229817
1	337	roadmap_epigenomics	0	0.443210813585163	2140	337	840	551	840	576	3288	1639	1116	roadmap_epigenomics H3K4me3	NA	NA	H3K4me3	NA	NA	E030-H3K4me3.narrowPeak	1	53793
1	389	roadmap_epigenomics	0	0.360695876550271	2386	337	1061	331	1061	576	3638	1393	766	roadmap_epigenomics H3K4me1	NA	NA	H3K4me1	NA	NA	E038-H3K4me1.narrowPeak	1	143594
1	620	roadmap_epigenomics	0	0.505488071341259	1669	337	586	806	806	576	2687	2110	1717	roadmap_epigenomics H3K36me3	NA	NA	H3K36me3	NA	NA	E074-H3K36me3.narrowPeak	1	154097
1	231	roadmap_epigenomics	0	0.473355708310455	1919	337	717	676	717	577	3019	1860	1385	roadmap_epigenomics H3K23ac	NA	NA	H3K23ac	NA	NA	E017-H3K23ac.narrowPeak	1	154412
1	291	roadmap_epigenomics	0	0.386657374003983	2336	337	1010	385	1010	577	3555	1443	849	roadmap_epigenomics H3K9ac	NA	NA	H3K9ac	NA	NA	E023-H3K9ac.narrowPeak	1	124570
1	462	roadmap_epigenomics	0	0.379424554380676	2360	337	1032	362	1032	577	3586	1419	818	roadmap_epigenomics H3K9ac	NA	NA	H3K9ac	NA	NA	E049-H3K9ac.narrowPeak	1	107453
1	469	roadmap_epigenomics	0	0.492218174558286	1776	337	640	754	754	577	2832	2003	1572	roadmap_epigenomics H3K36me3	NA	NA	H3K36me3	NA	NA	E050-H3K36me3.narrowPeak	1	262839
1	565	roadmap_epigenomics	0	0.416904563915914	2243	337	933	461	933	577	3426	1536	978	roadmap_epigenomics H3K27ac	NA	NA	H3K27ac	NA	NA	E066-H3K27ac.narrowPeak	1	117377
1	907	roadmap_epigenomics	0	0.443897965137964	2127	337	836	558	836	577	3275	1652	1129	roadmap_epigenomics H3K27ac	NA	NA	H3K27ac	NA	NA	E112-H3K27ac.narrowPeak	1	123630
1	998	roadmap_epigenomics	0	0.552757455978373	1396	337	478	915	915	577	2266	2383	2138	roadmap_epigenomics H3K79me2	NA	NA	H3K79me2	NA	NA	E120-H3K79me2.narrowPeak	1	153900
1	1044	roadmap_epigenomics	0	0.502679966140316	1696	337	600	797	797	578	2723	2083	1681	roadmap_epigenomics H3K36me3	NA	NA	H3K36me3	NA	NA	E124-H3K36me3.narrowPeak	1	195147
1	288	roadmap_epigenomics	0	0.496067629147827	1728	337	620	781	781	579	2772	2051	1632	roadmap_epigenomics H3K36me3	NA	NA	H3K36me3	NA	NA	E023-H3K36me3.narrowPeak	1	228728
1	647	roadmap_epigenomics	0	0.476156314251853	1889	337	708	692	708	579	2983	1890	1421	roadmap_epigenomics H3K36me3	NA	NA	H3K36me3	NA	NA	E078-H3K36me3.narrowPeak	1	225957
1	924	roadmap_epigenomics	0	0.382879069023217	2339	337	1021	380	1021	579	3564	1440	840	roadmap_epigenomics H3K4me1	NA	NA	H3K4me1	NA	NA	E114-H3K4me1.narrowPeak	1	202029
1	1034	roadmap_epigenomics	0	0.434548428808605	2169	337	874	526	874	579	3330	1610	1074	roadmap_epigenomics H3K4me3	NA	NA	H3K4me3	NA	NA	E123-H3K4me3.narrowPeak	1	62691
1	157	roadmap_epigenomics	0	0.506010998607425	1639	337	582	820	820	580	2652	2140	1752	roadmap_epigenomics H3K79me1	NA	NA	H3K79me1	NA	NA	E008-H3K79me1.narrowPeak	1	120353
1	959	roadmap_epigenomics	0	0.401034806812129	2301	337	983	419	983	580	3502	1478	902	roadmap_epigenomics H3K4me1	NA	NA	H3K4me1	NA	NA	E117-H3K4me1.narrowPeak	1	156415
1	1102	roadmap_epigenomics	0	0.441680947754016	2129	337	848	555	848	580	3281	1650	1123	roadmap_epigenomics H3K27ac	NA	NA	H3K27ac	NA	NA	E129-H3K27ac.narrowPeak	1	145020
1	335	roadmap_epigenomics	0	0.511434007937518	1600	337	568	837	837	581	2596	2179	1808	roadmap_epigenomics H3K36me3	NA	NA	H3K36me3	NA	NA	E030-H3K36me3.narrowPeak	1	180397
1	432	roadmap_epigenomics	0	0.36889886567681	2366	337	1049	358	1049	581	3609	1413	795	roadmap_epigenomics H3K4me1	NA	NA	H3K4me1	NA	NA	E045-H3K4me1.narrowPeak	1	132617
1	554	roadmap_epigenomics	0	0.478229203995219	1858	337	697	708	708	581	2947	1921	1457	roadmap_epigenomics H3K36me3	NA	NA	H3K36me3	NA	NA	E063-H3K36me3.narrowPeak	1	257192
1	1069	roadmap_epigenomics	0	0.469379340677621	1920	337	734	675	734	582	3028	1859	1376	roadmap_epigenomics H3K4me1	NA	NA	H3K4me1	NA	NA	E126-H3K4me1.narrowPeak	1	191388
1	328	roadmap_epigenomics	0	0.484734292214264	1800	337	675	737	737	583	2873	1979	1531	roadmap_epigenomics H3K27ac	NA	NA	H3K27ac	NA	NA	E029-H3K27ac.narrowPeak	1	61033
1	876	roadmap_epigenomics	0	0.287271202069673	2436	337	1115	296	1115	583	3802	1343	602	roadmap_epigenomics H3K9ac	NA	NA	H3K9ac	NA	NA	E107-H3K9ac.narrowPeak	1	144247
1	935	roadmap_epigenomics	0	0.430943950030879	2167	337	886	527	886	583	3335	1612	1069	roadmap_epigenomics H3K4me1	NA	NA	H3K4me1	NA	NA	E115-H3K4me1.narrowPeak	1	130919
1	944	roadmap_epigenomics	0	0.466869488236886	1938	337	745	667	745	583	3051	1841	1353	roadmap_epigenomics H3K27ac	NA	NA	H3K27ac	NA	NA	E116-H3K27ac.narrowPeak	1	78915
1	341	roadmap_epigenomics	0	0.365845666273293	2360	337	1053	362	1053	584	3610	1419	794	roadmap_epigenomics H3K4me1	NA	NA	H3K4me1	NA	NA	E031-H3K4me1.narrowPeak	1	93412
1	557	roadmap_epigenomics	0	0.358135060582339	2370	337	1064	352	1064	584	3631	1409	773	roadmap_epigenomics H3K9ac	NA	NA	H3K9ac	NA	NA	E063-H3K9ac.narrowPeak	1	112712
1	616	roadmap_epigenomics	0	0.398496615823384	2284	337	986	430	986	584	3493	1495	911	roadmap_epigenomics H3K9ac	NA	NA	H3K9ac	NA	NA	E073-H3K9ac.narrowPeak	1	108381
1	928	roadmap_epigenomics	0	0.414257131257514	2230	337	942	473	942	584	3420	1549	984	roadmap_epigenomics H3K9ac	NA	NA	H3K9ac	NA	NA	E114-H3K9ac.narrowPeak	1	71993
1	986	roadmap_epigenomics	0	0.504735161731922	1627	337	590	825	825	584	2641	2152	1763	roadmap_epigenomics H3K79me2	NA	NA	H3K79me2	NA	NA	E119-H3K79me2.narrowPeak	1	189409
1	1022	roadmap_epigenomics	0	0.525507068621587	1467	337	537	877	877	584	2409	2312	1995	roadmap_epigenomics H3K79me2	NA	NA	H3K79me2	NA	NA	E122-H3K79me2.narrowPeak	1	181682
1	611	roadmap_epigenomics	0	0.332452989831163	2393	337	1097	322	1097	585	3693	1386	711	roadmap_epigenomics H3K27ac	NA	NA	H3K27ac	NA	NA	E073-H3K27ac.narrowPeak	1	206720
1	1056	roadmap_epigenomics	0	0.504780005621792	1607	337	589	832	832	586	2618	2172	1786	roadmap_epigenomics H3K36me3	NA	NA	H3K36me3	NA	NA	E125-H3K36me3.narrowPeak	1	248840
1	572	roadmap_epigenomics	0	0.401423116051529	2267	337	981	442	981	587	3474	1512	930	roadmap_epigenomics H3K27ac	NA	NA	H3K27ac	NA	NA	E067-H3K27ac.narrowPeak	1	171902
1	486	roadmap_epigenomics	0	0.41361744366664	2225	337	946	480	946	588	3417	1554	987	roadmap_epigenomics H3K9ac	NA	NA	H3K9ac	NA	NA	E052-H3K9ac.narrowPeak	1	98792
1	604	roadmap_epigenomics	0	0.381591607854132	2319	337	1027	402	1027	589	3551	1460	853	roadmap_epigenomics H3K27ac	NA	NA	H3K27ac	NA	NA	E072-H3K27ac.narrowPeak	1	177783
1	440	roadmap_epigenomics	0	0.501273299533216	1618	337	604	828	828	590	2638	2161	1766	roadmap_epigenomics H3K36me3	NA	NA	H3K36me3	NA	NA	E046-H3K36me3.narrowPeak	1	269244
1	958	roadmap_epigenomics	0	0.488811720478893	1738	337	657	775	775	590	2798	2041	1606	roadmap_epigenomics H3K36me3	NA	NA	H3K36me3	NA	NA	E117-H3K36me3.narrowPeak	1	316270
1	618	roadmap_epigenomics	0	0.381551048991299	2315	337	1028	408	1028	591	3548	1464	856	roadmap_epigenomics H3K27ac	NA	NA	H3K27ac	NA	NA	E074-H3K27ac.narrowPeak	1	158702
1	627	roadmap_epigenomics	0	0.438095316347444	2107	337	860	576	860	591	3268	1672	1136	roadmap_epigenomics H3K36me3	NA	NA	H3K36me3	NA	NA	E075-H3K36me3.narrowPeak	1	274849
1	98	roadmap_epigenomics	0	0.437968317761821	2099	337	861	581	861	593	3261	1680	1143	roadmap_epigenomics H3K18ac	NA	NA	H3K18ac	NA	NA	E006-H3K18ac.narrowPeak	1	207264
1	454	roadmap_epigenomics	0	0.373050501099198	2325	337	1044	399	1044	593	3571	1454	833	roadmap_epigenomics H3K4me1	NA	NA	H3K4me1	NA	NA	E048-H3K4me1.narrowPeak	1	144692
1	723	roadmap_epigenomics	0	0.446637408120665	2035	337	824	619	824	593	3185	1744	1219	roadmap_epigenomics H3K9ac	NA	NA	H3K9ac	NA	NA	E087-H3K9ac.narrowPeak	1	62354
1	995	roadmap_epigenomics	0	0.422816342840171	2162	337	912	530	912	593	3346	1617	1058	roadmap_epigenomics H3K4me1	NA	NA	H3K4me1	NA	NA	E120-H3K4me1.narrowPeak	1	205504
1	494	roadmap_epigenomics	0	0.491350974451013	1681	337	642	803	803	594	2730	2098	1674	roadmap_epigenomics H3K36me3	NA	NA	H3K36me3	NA	NA	E054-H3K36me3.narrowPeak	1	221911
1	281	roadmap_epigenomics	0	0.36574665097974	2330	337	1054	393	1054	595	3588	1449	816	roadmap_epigenomics H3K27ac	NA	NA	H3K27ac	NA	NA	E022-H3K27ac.narrowPeak	1	140357
1	366	roadmap_epigenomics	0	0.489000750771525	1700	337	654	795	795	595	2756	2079	1648	roadmap_epigenomics H3K36me3	NA	NA	H3K36me3	NA	NA	E034-H3K36me3.narrowPeak	1	302239
1	330	roadmap_epigenomics	0	0.495067017946575	1624	337	626	826	826	596	2658	2155	1746	roadmap_epigenomics H3K36me3	NA	NA	H3K36me3	NA	NA	E029-H3K36me3.narrowPeak	1	235858
1	586	roadmap_epigenomics	0	0.37984632147451	2298	337	1031	421	1031	596	3538	1481	866	roadmap_epigenomics H3K27ac	NA	NA	H3K27ac	NA	NA	E069-H3K27ac.narrowPeak	1	169793
1	796	roadmap_epigenomics	0	0.447161586861721	2017	337	821	633	821	597	3167	1762	1237	roadmap_epigenomics H3K36me3	NA	NA	H3K36me3	NA	NA	E096-H3K36me3.narrowPeak	1	338349
1	973	roadmap_epigenomics	0	0.382517553807902	2285	337	1024	429	1024	597	3523	1494	881	roadmap_epigenomics H3K4me3	NA	NA	H3K4me3	NA	NA	E118-H3K4me3.narrowPeak	1	58435
1	634	roadmap_epigenomics	0	0.48075692715739	1739	337	685	773	773	598	2816	2040	1588	roadmap_epigenomics H3K36me3	NA	NA	H3K36me3	NA	NA	E076-H3K36me3.narrowPeak	1	180209
1	902	roadmap_epigenomics	0	0.486429978804184	1716	337	669	787	787	598	2779	2063	1625	roadmap_epigenomics H3K36me3	NA	NA	H3K36me3	NA	NA	E111-H3K36me3.narrowPeak	1	219857
1	913	roadmap_epigenomics	0	0.386911516817918	2256	337	1009	449	1009	598	3492	1523	912	roadmap_epigenomics H3K27ac	NA	NA	H3K27ac	NA	NA	E113-H3K27ac.narrowPeak	1	130427
1	606	roadmap_epigenomics	0	0.454638684959222	1921	337	788	673	788	599	3059	1858	1345	roadmap_epigenomics H3K36me3	NA	NA	H3K36me3	NA	NA	E072-H3K36me3.narrowPeak	1	221904
1	910	roadmap_epigenomics	0	0.413376666433952	2183	337	947	514	947	599	3382	1596	1022	roadmap_epigenomics H3K4me1	NA	NA	H3K4me1	NA	NA	E112-H3K4me1.narrowPeak	1	124560
1	1072	roadmap_epigenomics	0	0.51066064627701	1452	337	571	888	888	599	2422	2327	1982	roadmap_epigenomics H3K79me2	NA	NA	H3K79me2	NA	NA	E126-H3K79me2.narrowPeak	1	155850
1	364	roadmap_epigenomics	0	0.459519419815167	1886	337	771	695	771	601	3014	1893	1390	roadmap_epigenomics H3K27ac	NA	NA	H3K27ac	NA	NA	E034-H3K27ac.narrowPeak	1	78882
1	1091	roadmap_epigenomics	0	0.451336978722628	1959	337	803	662	803	601	3103	1820	1301	roadmap_epigenomics H3K27ac	NA	NA	H3K27ac	NA	NA	E128-H3K27ac.narrowPeak	1	84016
1	407	roadmap_epigenomics	0	0.489158184971591	1642	337	652	818	818	602	2691	2137	1713	roadmap_epigenomics H3K36me3	NA	NA	H3K36me3	NA	NA	E041-H3K36me3.narrowPeak	1	202854
1	974	roadmap_epigenomics	0	0.537579357028465	1294	337	505	963	963	602	2167	2485	2237	roadmap_epigenomics H3K79me2	NA	NA	H3K79me2	NA	NA	E118-H3K79me2.narrowPeak	1	97080
1	349	roadmap_epigenomics	0	0.479419222217725	1729	337	692	780	780	603	2808	2050	1596	roadmap_epigenomics H3K36me3	NA	NA	H3K36me3	NA	NA	E032-H3K36me3.narrowPeak	1	342847
1	588	roadmap_epigenomics	0	0.456148366899412	1887	337	779	694	779	603	3022	1892	1382	roadmap_epigenomics H3K36me3	NA	NA	H3K36me3	NA	NA	E069-H3K36me3.narrowPeak	1	210227
1	938	roadmap_epigenomics	0	0.496701937538977	1538	337	617	854	854	603	2555	2241	1849	roadmap_epigenomics H3K79me2	NA	NA	H3K79me2	NA	NA	E115-H3K79me2.narrowPeak	1	200232
1	110	roadmap_epigenomics	0	0.337298746503056	2335	337	1093	388	1093	606	3644	1444	760	roadmap_epigenomics H4K8ac	NA	NA	H4K8ac	NA	NA	E006-H4K8ac.narrowPeak	1	209112
1	206	roadmap_epigenomics	0	0.468215640798811	1791	337	738	744	744	606	2898	1988	1506	roadmap_epigenomics H3K36me3	NA	NA	H3K36me3	NA	NA	E015-H3K36me3.narrowPeak	1	252828
1	467	roadmap_epigenomics	0	0.416093418660258	2146	337	937	544	937	606	3345	1633	1059	roadmap_epigenomics H3K27ac	NA	NA	H3K27ac	NA	NA	E050-H3K27ac.narrowPeak	1	105551
1	1042	roadmap_epigenomics	0	0.412211830013719	2164	337	953	528	953	606	3368	1615	1036	roadmap_epigenomics H3K27ac	NA	NA	H3K27ac	NA	NA	E124-H3K27ac.narrowPeak	1	154618
1	1098	roadmap_epigenomics	0	0.445731457070102	1971	337	828	653	828	606	3126	1808	1278	roadmap_epigenomics H3K9ac	NA	NA	H3K9ac	NA	NA	E128-H3K9ac.narrowPeak	1	50400
1	827	roadmap_epigenomics	0	0.415645068042879	2145	337	938	545	938	607	3345	1634	1059	roadmap_epigenomics H3K27ac	NA	NA	H3K27ac	NA	NA	E100-H3K27ac.narrowPeak	1	163031
1	547	roadmap_epigenomics	0	0.467568981643042	1784	337	740	747	747	608	2892	1995	1512	roadmap_epigenomics H3K36me3	NA	NA	H3K36me3	NA	NA	E062-H3K36me3.narrowPeak	1	253984
1	1006	roadmap_epigenomics	0	0.481019020293999	1681	337	684	803	803	608	2752	2098	1652	roadmap_epigenomics H3K36me3	NA	NA	H3K36me3	NA	NA	E121-H3K36me3.narrowPeak	1	200978
1	1097	roadmap_epigenomics	0	0.496246663000143	1495	337	619	869	869	608	2505	2284	1899	roadmap_epigenomics H3K79me2	NA	NA	H3K79me2	NA	NA	E128-H3K79me2.narrowPeak	1	160134
1	235	roadmap_epigenomics	0	0.442444157443889	1987	337	843	646	843	609	3148	1792	1256	roadmap_epigenomics H3K4ac	NA	NA	H3K4ac	NA	NA	E017-H3K4ac.narrowPeak	1	243193
1	411	roadmap_epigenomics	0	0.447777434624311	1930	337	819	671	819	609	3082	1849	1322	roadmap_epigenomics H3K27ac	NA	NA	H3K27ac	NA	NA	E042-H3K27ac.narrowPeak	1	68927
1	93	roadmap_epigenomics	0	0.493863536143501	1515	337	633	863	863	611	2534	2264	1870	roadmap_epigenomics H2AK5ac	NA	NA	H2AK5ac	NA	NA	E006-H2AK5ac.narrowPeak	1	168829
1	971	roadmap_epigenomics	0	0.395980614447093	2191	337	991	505	991	611	3422	1588	982	roadmap_epigenomics H3K4me1	NA	NA	H3K4me1	NA	NA	E118-H3K4me1.narrowPeak	1	142346
1	729	roadmap_epigenomics	0	0.455383511424641	1840	337	782	716	782	612	2976	1939	1428	roadmap_epigenomics H3K36me3	NA	NA	H3K36me3	NA	NA	E088-H3K36me3.narrowPeak	1	301918
1	246	roadmap_epigenomics	0	0.426311742407661	2076	337	901	600	901	613	3263	1703	1141	roadmap_epigenomics H4K5ac	NA	NA	H4K5ac	NA	NA	E017-H4K5ac.narrowPeak	1	228064
1	921	roadmap_epigenomics	0	0.434662198125817	2018	337	871	630	871	613	3193	1761	1211	roadmap_epigenomics H3K27ac	NA	NA	H3K27ac	NA	NA	E114-H3K27ac.narrowPeak	1	69512
1	961	roadmap_epigenomics	0	0.401739951949117	2172	337	979	522	979	613	3395	1607	1009	roadmap_epigenomics H3K4me3	NA	NA	H3K4me3	NA	NA	E117-H3K4me3.narrowPeak	1	60631
1	905	roadmap_epigenomics	0	0.429344474724573	2065	337	897	608	897	614	3247	1714	1157	roadmap_epigenomics H3K9ac	NA	NA	H3K9ac	NA	NA	E111-H3K9ac.narrowPeak	1	73574
1	950	roadmap_epigenomics	0	0.489133687485565	1553	337	653	851	851	614	2589	2226	1815	roadmap_epigenomics H3K79me2	NA	NA	H3K79me2	NA	NA	E116-H3K79me2.narrowPeak	1	158037
1	632	roadmap_epigenomics	0	0.402106800573994	2161	337	976	532	976	615	3385	1618	1019	roadmap_epigenomics H3K27ac	NA	NA	H3K27ac	NA	NA	E076-H3K27ac.narrowPeak	1	142168
1	878	roadmap_epigenomics	0	0.41077598281799	2141	337	957	550	957	615	3351	1638	1053	roadmap_epigenomics H3K27ac	NA	NA	H3K27ac	NA	NA	E108-H3K27ac.narrowPeak	1	109113
1	199	roadmap_epigenomics	0	0.47084276159818	1713	337	726	788	788	617	2809	2066	1595	roadmap_epigenomics H3K36me3	NA	NA	H3K36me3	NA	NA	E014-H3K36me3.narrowPeak	1	224149
1	962	roadmap_epigenomics	0	0.477914830116196	1648	337	698	815	815	617	2722	2131	1682	roadmap_epigenomics H3K79me2	NA	NA	H3K79me2	NA	NA	E117-H3K79me2.narrowPeak	1	176874
1	103	roadmap_epigenomics	0	0.413773427106397	2111	337	945	573	945	618	3319	1668	1085	roadmap_epigenomics H3K4ac	NA	NA	H3K4ac	NA	NA	E006-H3K4ac.narrowPeak	1	187901
1	250	roadmap_epigenomics	0	0.461452122826721	1783	337	767	749	767	618	2904	1996	1500	roadmap_epigenomics H3K36me3	NA	NA	H3K36me3	NA	NA	E018-H3K36me3.narrowPeak	1	167069
1	600	roadmap_epigenomics	0	0.445623017505595	1894	337	829	689	829	618	3051	1885	1353	roadmap_epigenomics H3K36me3	NA	NA	H3K36me3	NA	NA	E071-H3K36me3.narrowPeak	1	193688
1	489	roadmap_epigenomics	0	0.48041628812618	1605	337	687	834	834	619	2668	2174	1736	roadmap_epigenomics H3K36me3	NA	NA	H3K36me3	NA	NA	E053-H3K36me3.narrowPeak	1	193840
1	970	roadmap_epigenomics	0	0.492808606266016	1458	337	638	882	882	619	2468	2321	1936	roadmap_epigenomics H3K36me3	NA	NA	H3K36me3	NA	NA	E118-H3K36me3.narrowPeak	1	168886
1	1001	roadmap_epigenomics	0	0.56078633510213	960	337	461	1060	1060	619	1664	2819	2740	roadmap_epigenomics H4K20me1	NA	NA	H4K20me1	NA	NA	E120-H4K20me1.narrowPeak	1	47891
1	696	roadmap_epigenomics	0	0.443699206844226	1899	337	837	685	837	620	3060	1880	1344	roadmap_epigenomics H3K36me3	NA	NA	H3K36me3	NA	NA	E084-H3K36me3.narrowPeak	1	327499
1	1039	roadmap_epigenomics	0	0.552716376629431	1022	337	479	1043	1043	620	1768	2757	2636	roadmap_epigenomics H4K20me1	NA	NA	H4K20me1	NA	NA	E123-H4K20me1.narrowPeak	1	56074
1	947	roadmap_epigenomics	0	0.430196323250048	2004	337	889	638	889	621	3189	1775	1215	roadmap_epigenomics H3K4me1	NA	NA	H3K4me1	NA	NA	E116-H3K4me1.narrowPeak	1	129094
1	242	roadmap_epigenomics	0	0.353008442056418	2246	337	1074	459	1074	623	3549	1533	855	roadmap_epigenomics H3K9ac	NA	NA	H3K9ac	NA	NA	E017-H3K9ac.narrowPeak	1	130449
1	299	roadmap_epigenomics	0	0.454552866675804	1786	337	789	746	789	624	2922	1993	1482	roadmap_epigenomics H3K36me3	NA	NA	H3K36me3	NA	NA	E025-H3K36me3.narrowPeak	1	257733
1	537	roadmap_epigenomics	0	0.328278366715962	2274	337	1099	438	1099	625	3618	1505	786	roadmap_epigenomics H3K4me3	NA	NA	H3K4me3	NA	NA	E059-H3K4me3.narrowPeak	1	47573
1	1048	roadmap_epigenomics	0	0.471368258348218	1654	337	724	813	813	625	2743	2125	1661	roadmap_epigenomics H3K79me2	NA	NA	H3K79me2	NA	NA	E124-H3K79me2.narrowPeak	1	259630
1	880	roadmap_epigenomics	0	0.447826041056111	1834	337	818	722	818	626	2986	1945	1418	roadmap_epigenomics H3K36me3	NA	NA	H3K36me3	NA	NA	E108-H3K36me3.narrowPeak	1	243209
1	241	roadmap_epigenomics	0	0.465198806989292	1710	337	752	791	791	627	2818	2069	1586	roadmap_epigenomics H3K79me2	NA	NA	H3K79me2	NA	NA	E017-H3K79me2.narrowPeak	1	283453
1	399	roadmap_epigenomics	0	0.446002843502974	1839	337	827	718	827	627	2995	1940	1409	roadmap_epigenomics H3K27ac	NA	NA	H3K27ac	NA	NA	E040-H3K27ac.narrowPeak	1	50690
1	678	roadmap_epigenomics	0	0.463066959326945	1727	337	763	784	784	628	2841	2052	1563	roadmap_epigenomics H3K36me3	NA	NA	H3K36me3	NA	NA	E082-H3K36me3.narrowPeak	1	205425
1	932	roadmap_epigenomics	0	0.446430292970958	1834	337	825	722	825	628	2989	1945	1415	roadmap_epigenomics H3K27ac	NA	NA	H3K27ac	NA	NA	E115-H3K27ac.narrowPeak	1	105299
1	613	roadmap_epigenomics	0	0.436137797199509	1899	337	866	685	866	629	3076	1880	1328	roadmap_epigenomics H3K36me3	NA	NA	H3K36me3	NA	NA	E073-H3K36me3.narrowPeak	1	202192
1	937	roadmap_epigenomics	0	0.44143299766841	1869	337	849	702	849	629	3035	1910	1369	roadmap_epigenomics H3K4me3	NA	NA	H3K4me3	NA	NA	E115-H3K4me3.narrowPeak	1	45841
1	533	roadmap_epigenomics	0	0.357960028810783	2213	337	1065	487	1065	630	3514	1566	890	roadmap_epigenomics H3K27ac	NA	NA	H3K27ac	NA	NA	E059-H3K27ac.narrowPeak	1	103939
1	936	roadmap_epigenomics	0	0.419224071935277	2024	337	926	626	926	630	3230	1755	1174	roadmap_epigenomics H3K4me2	NA	NA	H3K4me2	NA	NA	E115-H3K4me2.narrowPeak	1	70834
1	951	roadmap_epigenomics	0	0.43168741419537	1918	337	881	677	881	632	3104	1861	1300	roadmap_epigenomics H3K9ac	NA	NA	H3K9ac	NA	NA	E116-H3K9ac.narrowPeak	1	50567
1	594	roadmap_epigenomics	0	0.47688666267603	1529	337	705	858	858	633	2588	2250	1816	roadmap_epigenomics H3K36me3	NA	NA	H3K36me3	NA	NA	E070-H3K36me3.narrowPeak	1	132982
1	968	roadmap_epigenomics	0	0.445130738267991	1800	337	831	737	831	635	2957	1979	1447	roadmap_epigenomics H3K27ac	NA	NA	H3K27ac	NA	NA	E118-H3K27ac.narrowPeak	1	71755
1	705	roadmap_epigenomics	0	0.33399591092906	2229	337	1095	475	1095	636	3574	1550	830	roadmap_epigenomics H3K36me3	NA	NA	H3K36me3	NA	NA	E085-H3K36me3.narrowPeak	1	359487
1	1032	roadmap_epigenomics	0	0.354812754594645	2192	337	1069	501	1069	636	3504	1587	900	roadmap_epigenomics H3K4me1	NA	NA	H3K4me1	NA	NA	E123-H3K4me1.narrowPeak	1	169621
1	1060	roadmap_epigenomics	0	0.470039143898638	1591	337	731	839	839	636	2675	2188	1729	roadmap_epigenomics H3K79me2	NA	NA	H3K79me2	NA	NA	E125-H3K79me2.narrowPeak	1	204517
1	451	roadmap_epigenomics	0	0.41815864918864	1988	337	930	644	930	637	3199	1791	1205	roadmap_epigenomics H3K27ac	NA	NA	H3K27ac	NA	NA	E048-H3K27ac.narrowPeak	1	60881
1	232	roadmap_epigenomics	0	0.401178638887771	2081	337	982	596	982	638	3318	1698	1086	roadmap_epigenomics H3K27ac	NA	NA	H3K27ac	NA	NA	E017-H3K27ac.narrowPeak	1	179168
1	417	roadmap_epigenomics	0	0.447369345391608	1771	337	820	757	820	638	2922	2008	1482	roadmap_epigenomics H3K27ac	NA	NA	H3K27ac	NA	NA	E043-H3K27ac.narrowPeak	1	65032
1	423	roadmap_epigenomics	0	0.429489437788775	1907	337	895	681	895	638	3098	1872	1306	roadmap_epigenomics H3K27ac	NA	NA	H3K27ac	NA	NA	E044-H3K27ac.narrowPeak	1	85187
1	429	roadmap_epigenomics	0	0.42124926079746	1965	337	920	656	920	638	3171	1814	1233	roadmap_epigenomics H3K27ac	NA	NA	H3K27ac	NA	NA	E045-H3K27ac.narrowPeak	1	75442
1	1037	roadmap_epigenomics	0	0.541693911954829	834	337	500	1081	1081	639	1512	2945	2892	roadmap_epigenomics H3K9me1	NA	NA	H3K9me1	NA	NA	E123-H3K9me1.narrowPeak	1	22183
1	425	roadmap_epigenomics	0	0.443582162273355	1788	337	839	745	839	640	2948	1991	1456	roadmap_epigenomics H3K36me3	NA	NA	H3K36me3	NA	NA	E044-H3K36me3.narrowPeak	1	227711
1	1086	roadmap_epigenomics	0	0.50440866684514	1211	337	593	991	991	640	2128	2568	2276	roadmap_epigenomics H3K9me1	NA	NA	H3K9me1	NA	NA	E127-H3K9me1.narrowPeak	1	49792
1	900	roadmap_epigenomics	0	0.40970824766765	2031	337	961	624	961	641	3256	1748	1148	roadmap_epigenomics H3K27ac	NA	NA	H3K27ac	NA	NA	E111-H3K27ac.narrowPeak	1	102045
1	376	roadmap_epigenomics	0	0.448396278489195	1738	337	816	775	816	643	2885	2041	1519	roadmap_epigenomics H3K36me3	NA	NA	H3K36me3	NA	NA	E036-H3K36me3.narrowPeak	1	328921
1	541	roadmap_epigenomics	0	0.432641367774301	1843	337	880	713	880	643	3028	1936	1376	roadmap_epigenomics H3K36me3	NA	NA	H3K36me3	NA	NA	E061-H3K36me3.narrowPeak	1	295294
1	405	roadmap_epigenomics	0	0.395037939310214	2070	337	994	602	994	644	3321	1709	1083	roadmap_epigenomics H3K27ac	NA	NA	H3K27ac	NA	NA	E041-H3K27ac.narrowPeak	1	106442
1	380	roadmap_epigenomics	0	0.390881953395042	2082	337	1003	595	1003	645	3340	1697	1064	roadmap_epigenomics H3K27ac	NA	NA	H3K27ac	NA	NA	E037-H3K27ac.narrowPeak	1	75646
1	512	roadmap_epigenomics	0	0.225500369779063	2227	337	1120	478	1120	645	3806	1552	598	roadmap_epigenomics H3K36me3	NA	NA	H3K36me3	NA	NA	E056-H3K36me3.narrowPeak	1	339193
1	520	roadmap_epigenomics	0	0.446925225743721	1718	337	822	786	822	648	2867	2061	1537	roadmap_epigenomics H3K36me3	NA	NA	H3K36me3	NA	NA	E057-H3K36me3.narrowPeak	1	239831
1	956	roadmap_epigenomics	0	0.403157965138396	2007	337	974	635	974	649	3248	1772	1156	roadmap_epigenomics H3K27ac	NA	NA	H3K27ac	NA	NA	E117-H3K27ac.narrowPeak	1	68992
1	526	roadmap_epigenomics	0	0.425354564137456	1847	337	904	710	904	650	3048	1932	1356	roadmap_epigenomics H3K36me3	NA	NA	H3K36me3	NA	NA	E058-H3K36me3.narrowPeak	1	288215
1	1108	roadmap_epigenomics	0	0.455145153494752	1609	337	784	830	830	650	2729	2170	1675	roadmap_epigenomics H3K79me2	NA	NA	H3K79me2	NA	NA	E129-H3K79me2.narrowPeak	1	217609
1	909	roadmap_epigenomics	0	0.464208862906512	1519	337	759	859	859	652	2605	2260	1799	roadmap_epigenomics H3K36me3	NA	NA	H3K36me3	NA	NA	E112-H3K36me3.narrowPeak	1	202936
1	459	roadmap_epigenomics	0	0.438868724383083	1752	337	858	766	858	654	2921	2027	1483	roadmap_epigenomics H3K36me3	NA	NA	H3K36me3	NA	NA	E049-H3K36me3.narrowPeak	1	236300
1	482	roadmap_epigenomics	0	0.44277201059906	1713	337	841	788	841	655	2871	2066	1533	roadmap_epigenomics H3K36me3	NA	NA	H3K36me3	NA	NA	E052-H3K36me3.narrowPeak	1	253308
1	975	roadmap_epigenomics	0	0.391802869339102	2018	337	999	630	999	655	3282	1761	1122	roadmap_epigenomics H3K9ac	NA	NA	H3K9ac	NA	NA	E118-H3K9ac.narrowPeak	1	55292
1	223	roadmap_epigenomics	0	0.395305180782607	2004	337	993	638	993	656	3262	1775	1142	roadmap_epigenomics H2AK9ac	NA	NA	H2AK9ac	NA	NA	E017-H2AK9ac.narrowPeak	1	85385
1	1080	roadmap_epigenomics	0	0.429366321619796	1812	337	896	734	896	656	3004	1967	1400	roadmap_epigenomics H3K36me3	NA	NA	H3K36me3	NA	NA	E127-H3K36me3.narrowPeak	1	328717
1	174	roadmap_epigenomics	0	0.434210780570305	1765	337	875	760	875	657	2945	2014	1459	roadmap_epigenomics H3K36me3	NA	NA	H3K36me3	NA	NA	E010-H3K36me3.narrowPeak	1	378468
1	95	roadmap_epigenomics	0	0.378760563243134	2070	337	1036	602	1036	658	3355	1709	1049	roadmap_epigenomics H2BK12ac	NA	NA	H2BK12ac	NA	NA	E006-H2BK12ac.narrowPeak	1	286658
1	306	roadmap_epigenomics	0	0.441993016233793	1702	337	846	794	846	659	2861	2077	1543	roadmap_epigenomics H3K36me3	NA	NA	H3K36me3	NA	NA	E026-H3K36me3.narrowPeak	1	262442
1	927	roadmap_epigenomics	0	0.452712046127789	1574	337	798	843	843	659	2695	2205	1709	roadmap_epigenomics H3K79me2	NA	NA	H3K79me2	NA	NA	E114-H3K79me2.narrowPeak	1	178908
1	395	roadmap_epigenomics	0	0.419079166816814	1838	337	928	719	928	661	3053	1941	1351	roadmap_epigenomics H3K36me3	NA	NA	H3K36me3	NA	NA	E039-H3K36me3.narrowPeak	1	205683
1	1036	roadmap_epigenomics	0	0.40819131648154	1912	337	965	680	965	661	3149	1867	1255	roadmap_epigenomics H3K9ac	NA	NA	H3K9ac	NA	NA	E123-H3K9ac.narrowPeak	1	48136
1	873	roadmap_epigenomics	0	0.42345642673206	1794	337	909	741	909	662	2999	1985	1405	roadmap_epigenomics H3K36me3	NA	NA	H3K36me3	NA	NA	E107-H3K36me3.narrowPeak	1	192945
1	1104	roadmap_epigenomics	0	0.442162440054403	1669	337	844	806	844	662	2825	2110	1579	roadmap_epigenomics H3K36me3	NA	NA	H3K36me3	NA	NA	E129-H3K36me3.narrowPeak	1	239707
1	939	roadmap_epigenomics	0	0.41254670528156	1870	337	950	701	950	663	3099	1909	1305	roadmap_epigenomics H3K9ac	NA	NA	H3K9ac	NA	NA	E115-H3K9ac.narrowPeak	1	45532
1	413	roadmap_epigenomics	0	0.413158385020218	1855	337	948	709	948	665	3083	1924	1321	roadmap_epigenomics H3K36me3	NA	NA	H3K36me3	NA	NA	E042-H3K36me3.narrowPeak	1	199452
1	775	roadmap_epigenomics	0	0.430261970760262	1742	337	888	771	888	665	2930	2037	1474	roadmap_epigenomics H3K36me3	NA	NA	H3K36me3	NA	NA	E093-H3K36me3.narrowPeak	1	312106
1	1035	roadmap_epigenomics	0	0.454749572529862	1491	337	787	872	872	665	2594	2288	1810	roadmap_epigenomics H3K79me2	NA	NA	H3K79me2	NA	NA	E123-H3K79me2.narrowPeak	1	112209
1	963	roadmap_epigenomics	0	0.353712695222829	2085	337	1071	591	1071	666	3421	1694	983	roadmap_epigenomics H3K9ac	NA	NA	H3K9ac	NA	NA	E117-H3K9ac.narrowPeak	1	64430
1	1029	roadmap_epigenomics	0	0.405454380354891	1892	337	970	691	970	666	3136	1887	1268	roadmap_epigenomics H3K27ac	NA	NA	H3K27ac	NA	NA	E123-H3K27ac.narrowPeak	1	72757
1	240	roadmap_epigenomics	0	0.425274540591403	1758	337	905	763	905	668	2958	2021	1446	roadmap_epigenomics H3K79me1	NA	NA	H3K79me1	NA	NA	E017-H3K79me1.narrowPeak	1	390673
1	766	roadmap_epigenomics	0	0.364791272899434	2043	337	1055	615	1055	669	3362	1736	1042	roadmap_epigenomics H3K36me3	NA	NA	H3K36me3	NA	NA	E092-H3K36me3.narrowPeak	1	329663
1	1031	roadmap_epigenomics	0	0.453198013421915	1482	337	794	875	875	669	2587	2297	1817	roadmap_epigenomics H3K36me3	NA	NA	H3K36me3	NA	NA	E123-H3K36me3.narrowPeak	1	190856
1	393	roadmap_epigenomics	0	0.384360404797505	1962	337	1015	658	1015	670	3248	1817	1156	roadmap_epigenomics H3K27ac	NA	NA	H3K27ac	NA	NA	E039-H3K27ac.narrowPeak	1	79843
1	757	roadmap_epigenomics	0	0.422362736298424	1770	337	915	759	915	670	2977	2009	1427	roadmap_epigenomics H3K36me3	NA	NA	H3K36me3	NA	NA	E091-H3K36me3.narrowPeak	1	240653
1	1094	roadmap_epigenomics	0	0.387787234325722	1932	337	1007	670	1007	671	3213	1847	1191	roadmap_epigenomics H3K4me1	NA	NA	H3K4me1	NA	NA	E128-H3K4me1.narrowPeak	1	167405
1	941	roadmap_epigenomics	0	0.452683063931315	1465	337	799	879	879	672	2568	2314	1836	roadmap_epigenomics H4K20me1	NA	NA	H4K20me1	NA	NA	E115-H4K20me1.narrowPeak	1	156894
1	662	roadmap_epigenomics	0	0.391290794846235	1906	337	1000	682	1000	673	3181	1873	1223	roadmap_epigenomics H3K36me3	NA	NA	H3K36me3	NA	NA	E080-H3K36me3.narrowPeak	1	296790
1	989	roadmap_epigenomics	0	0.512104509090434	436	337	565	1116	1116	673	894	3343	3510	roadmap_epigenomics H4K20me1	NA	NA	H4K20me1	NA	NA	E119-H4K20me1.narrowPeak	1	17540
1	820	roadmap_epigenomics	0	0.413803966475497	1799	337	944	740	944	674	3026	1980	1378	roadmap_epigenomics H3K36me3	NA	NA	H3K36me3	NA	NA	E099-H3K36me3.narrowPeak	1	192233
1	168	roadmap_epigenomics	0	0.419503797451423	1750	337	925	767	925	676	2963	2029	1441	roadmap_epigenomics H3K36me3	NA	NA	H3K36me3	NA	NA	E009-H3K36me3.narrowPeak	1	389216
1	748	roadmap_epigenomics	0	0.39352571227612	1844	337	997	712	997	682	3117	1935	1287	roadmap_epigenomics H3K36me3	NA	NA	H3K36me3	NA	NA	E090-H3K36me3.narrowPeak	1	278916
1	977	roadmap_epigenomics	0	0.503377213225108	569	337	598	1111	1111	682	1147	3210	3257	roadmap_epigenomics H4K20me1	NA	NA	H4K20me1	NA	NA	E118-H4K20me1.narrowPeak	1	34450
1	503	roadmap_epigenomics	0	0.304511312971777	2042	337	1108	616	1108	687	3498	1737	906	roadmap_epigenomics H3K36me3	NA	NA	H3K36me3	NA	NA	E055-H3K36me3.narrowPeak	1	289239
1	923	roadmap_epigenomics	0	0.424869236171901	1642	337	906	818	906	687	2836	2137	1568	roadmap_epigenomics H3K36me3	NA	NA	H3K36me3	NA	NA	E114-H3K36me3.narrowPeak	1	218138
1	739	roadmap_epigenomics	0	0.408806109146401	1753	337	963	765	963	688	2991	2026	1413	roadmap_epigenomics H3K36me3	NA	NA	H3K36me3	NA	NA	E089-H3K36me3.narrowPeak	1	233424
1	193	roadmap_epigenomics	0	0.392966536038722	1821	337	998	732	998	689	3096	1958	1308	roadmap_epigenomics H3K36me3	NA	NA	H3K36me3	NA	NA	E013-H3K36me3.narrowPeak	1	304339
1	934	roadmap_epigenomics	0	0.415505048969508	1695	337	939	799	939	692	2915	2084	1489	roadmap_epigenomics H3K36me3	NA	NA	H3K36me3	NA	NA	E115-H3K36me3.narrowPeak	1	329592
2	1120	ucsc_features	0	0.239534134431901	4151	959	1122	2	1122	694	3684	287	61	UCSC Repeat Masker	NA	NA	NA	NA	NA	rmsk.bed	1	5291824
1	222	roadmap_epigenomics	0	0.370065856005145	1863	337	1047	704	1047	696	3190	1916	1214	roadmap_epigenomics H2AK5ac	NA	NA	H2AK5ac	NA	NA	E017-H2AK5ac.narrowPeak	1	296165
1	535	roadmap_epigenomics	0	0.430877302301989	1467	337	887	877	887	700	2623	2312	1781	roadmap_epigenomics H3K36me3	NA	NA	H3K36me3	NA	NA	E059-H3K36me3.narrowPeak	1	98754
1	234	roadmap_epigenomics	0	0.371777666906514	1809	337	1045	736	1045	706	3135	1970	1269	roadmap_epigenomics H3K36me3	NA	NA	H3K36me3	NA	NA	E017-H3K36me3.narrowPeak	1	352022
1	536	roadmap_epigenomics	0	0.362267495603976	1793	337	1058	742	1058	712	3143	1986	1261	roadmap_epigenomics H3K4me1	NA	NA	H3K4me1	NA	NA	E059-H3K4me1.narrowPeak	1	104649
1	1088	roadmap_epigenomics	0	0.463255551436742	1014	337	762	1045	1045	715	1946	2765	2458	roadmap_epigenomics H4K20me1	NA	NA	H4K20me1	NA	NA	E127-H4K20me1.narrowPeak	1	66330
1	245	roadmap_epigenomics	0	0.433689046027251	1316	337	879	951	951	722	2431	2463	1973	roadmap_epigenomics H4K20me1	NA	NA	H4K20me1	NA	NA	E017-H4K20me1.narrowPeak	1	192735
1	1110	roadmap_epigenomics	0	0.423431994223567	1372	337	910	927	927	725	2527	2407	1877	roadmap_epigenomics H4K20me1	NA	NA	H4K20me1	NA	NA	E129-H4K20me1.narrowPeak	1	157676
1	1093	roadmap_epigenomics	0	0.411526559053465	1431	337	955	899	955	730	2629	2348	1775	roadmap_epigenomics H3K36me3	NA	NA	H3K36me3	NA	NA	E128-H3K36me3.narrowPeak	1	129078
1	953	roadmap_epigenomics	0	0.449152330637821	413	337	814	1117	1117	756	945	3366	3459	roadmap_epigenomics H4K20me1	NA	NA	H4K20me1	NA	NA	E116-H4K20me1.narrowPeak	1	13628
1	1063	roadmap_epigenomics	0	0.382637514930644	1417	337	1023	907	1023	756	2689	2362	1715	roadmap_epigenomics H4K20me1	NA	NA	H4K20me1	NA	NA	E125-H4K20me1.narrowPeak	1	167649
1	1051	roadmap_epigenomics	0	0.367842421968763	1314	337	1050	953	1050	780	2606	2465	1798	roadmap_epigenomics H4K20me1	NA	NA	H4K20me1	NA	NA	E124-H4K20me1.narrowPeak	1	157666
2	1121	ucsc_features	0	0.629479929793907	3337	959	979	439	979	792	3101	1101	644	UCSC Simple repeats	NA	NA	NA	NA	NA	simpleRepeat.bed	1	958537
1	930	roadmap_epigenomics	0	0.362842679253635	1090	337	1057	1026	1057	807	2324	2689	2080	roadmap_epigenomics H4K20me1	NA	NA	H4K20me1	NA	NA	E114-H4K20me1.narrowPeak	1	69077
2	1118	ucsc_features	0	0.593754952838186	2965	959	995	664	995	873	2892	1473	853	UCSC Nested repeats	NA	NA	NA	NA	NA	nestedRepeats.bed	1	574736
2	799	roadmap_epigenomics	0	0.610273796960054	2762	959	984	736	984	893	2733	1676	1012	roadmap_epigenomics H3K9me3	NA	NA	H3K9me3	NA	NA	E096-H3K9me3.narrowPeak	1	438415
2	656	roadmap_epigenomics	0	0.668628612295064	2303	959	954	829	959	914	2312	2135	1433	roadmap_epigenomics H3K9me3	NA	NA	H3K9me3	NA	NA	E079-H3K9me3.narrowPeak	1	258176
2	334	roadmap_epigenomics	0	0.691207926514653	1746	959	948	879	959	929	1813	2692	1932	roadmap_epigenomics H3K27me3	NA	NA	H3K27me3	NA	NA	E030-H3K27me3.narrowPeak	1	255104
2	365	roadmap_epigenomics	0	0.642714727413906	2018	959	968	860	968	929	2115	2420	1630	roadmap_epigenomics H3K27me3	NA	NA	H3K27me3	NA	NA	E034-H3K27me3.narrowPeak	1	387733
2	661	roadmap_epigenomics	0	0.66937795516037	1720	959	952	881	959	931	1820	2718	1925	roadmap_epigenomics H3K27me3	NA	NA	H3K27me3	NA	NA	E080-H3K27me3.narrowPeak	1	290737
2	817	roadmap_epigenomics	0	0.578538938365064	2024	959	1002	859	1002	940	2216	2414	1529	roadmap_epigenomics H3K9me3	NA	NA	H3K9me3	NA	NA	E098-H3K9me3.narrowPeak	1	251390
2	708	roadmap_epigenomics	0	0.597972556164017	1716	959	992	882	992	944	1922	2722	1823	roadmap_epigenomics H3K9me3	NA	NA	H3K9me3	NA	NA	E085-H3K9me3.narrowPeak	1	264076
2	787	roadmap_epigenomics	0	0.632658662749239	1536	959	977	897	977	944	1706	2902	2039	roadmap_epigenomics H3K9me3	NA	NA	H3K9me3	NA	NA	E094-H3K9me3.narrowPeak	1	157542
2	631	roadmap_epigenomics	0	0.649859565462337	1355	959	960	918	960	946	1511	3083	2234	roadmap_epigenomics H3K9me3	NA	NA	H3K9me3	NA	NA	E075-H3K9me3.narrowPeak	1	149780
2	639	roadmap_epigenomics	0	0.668680641712356	1224	959	953	938	959	950	1359	3214	2386	roadmap_epigenomics H3K27me3	NA	NA	H3K27me3	NA	NA	E077-H3K27me3.narrowPeak	1	151995
2	834	roadmap_epigenomics	0	0.658082535588295	1262	959	959	932	959	950	1410	3176	2335	roadmap_epigenomics H3K27me3	NA	NA	H3K27me3	NA	NA	E101-H3K27me3.narrowPeak	1	178729
2	167	roadmap_epigenomics	0	0.659815887866638	1250	959	958	937	959	951	1396	3188	2349	roadmap_epigenomics H3K27me3	NA	NA	H3K27me3	NA	NA	E009-H3K27me3.narrowPeak	1	215158
2	348	roadmap_epigenomics	0	0.647805987488699	1295	959	964	929	964	951	1456	3143	2289	roadmap_epigenomics H3K27me3	NA	NA	H3K27me3	NA	NA	E032-H3K27me3.narrowPeak	1	178963
2	375	roadmap_epigenomics	0	0.641231461875865	1330	959	969	926	969	951	1499	3108	2246	roadmap_epigenomics H3K27me3	NA	NA	H3K27me3	NA	NA	E036-H3K27me3.narrowPeak	1	292043
2	379	roadmap_epigenomics	0	0.588004714556015	1538	959	999	896	999	951	1776	2900	1969	roadmap_epigenomics H3K9me3	NA	NA	H3K9me3	NA	NA	E036-H3K9me3.narrowPeak	1	237679
2	424	roadmap_epigenomics	0	0.636897883573038	1333	959	971	924	971	951	1508	3105	2237	roadmap_epigenomics H3K27me3	NA	NA	H3K27me3	NA	NA	E044-H3K27me3.narrowPeak	1	189790
2	665	roadmap_epigenomics	0	0.590942048499503	1594	959	998	895	998	951	1823	2844	1922	roadmap_epigenomics H3K9me3	NA	NA	H3K9me3	NA	NA	E080-H3K9me3.narrowPeak	1	218395
2	1103	roadmap_epigenomics	0	0.667190206447986	1221	959	955	941	959	952	1358	3217	2387	roadmap_epigenomics H3K27me3	NA	NA	H3K27me3	NA	NA	E129-H3K27me3.narrowPeak	1	309622
2	1062	roadmap_epigenomics	0	0.602199991776587	1358	959	988	916	988	954	1583	3080	2162	roadmap_epigenomics H3K9me3	NA	NA	H3K9me3	NA	NA	E125-H3K9me3.narrowPeak	1	149930
2	38	roadmap_epigenomics	0	0.574111794512691	1497	959	1004	903	1004	955	1760	2941	1985	roadmap_epigenomics H3K9me3	NA	NA	H3K9me3	NA	NA	E003-H3K9me3.narrowPeak	1	307462
2	298	roadmap_epigenomics	0	0.665478152374023	1175	959	956	949	959	955	1315	3263	2430	roadmap_epigenomics H3K27me3	NA	NA	H3K27me3	NA	NA	E025-H3K27me3.narrowPeak	1	300249
2	597	roadmap_epigenomics	0	0.575167961437591	1363	959	1003	915	1003	959	1630	3075	2115	roadmap_epigenomics H3K9me3	NA	NA	H3K9me3	NA	NA	E070-H3K9me3.narrowPeak	1	240503
2	553	roadmap_epigenomics	0	0.635941425352456	1173	959	972	950	972	960	1352	3265	2393	roadmap_epigenomics H3K27me3	NA	NA	H3K27me3	NA	NA	E063-H3K27me3.narrowPeak	1	207798
2	546	roadmap_epigenomics	0	0.615886018209658	1222	959	983	940	983	961	1429	3216	2316	roadmap_epigenomics H3K27me3	NA	NA	H3K27me3	NA	NA	E062-H3K27me3.narrowPeak	1	117101
2	1050	roadmap_epigenomics	0	0.608260145061872	1210	959	986	942	986	962	1428	3228	2317	roadmap_epigenomics H3K9me3	NA	NA	H3K9me3	NA	NA	E124-H3K9me3.narrowPeak	1	220527
2	481	roadmap_epigenomics	0	0.635155928902886	1154	959	975	954	975	963	1334	3284	2411	roadmap_epigenomics H3K27me3	NA	NA	H3K27me3	NA	NA	E052-H3K27me3.narrowPeak	1	291852
2	12	roadmap_epigenomics	0	0.521245335440516	1622	959	1045	888	1045	964	1966	2816	1779	roadmap_epigenomics H3K9me3	NA	NA	H3K9me3	NA	NA	E002-H3K9me3.narrowPeak	1	304858
2	184	roadmap_epigenomics	0	0.547994666801627	1392	959	1024	914	1024	966	1703	3046	2042	roadmap_epigenomics H3K9me3	NA	NA	H3K9me3	NA	NA	E011-H3K9me3.narrowPeak	1	213267
2	981	roadmap_epigenomics	0	0.648186396547733	1078	959	961	977	977	966	1240	3360	2505	roadmap_epigenomics H3K27me3	NA	NA	H3K27me3	NA	NA	E119-H3K27me3.narrowPeak	1	181513
2	297	roadmap_epigenomics	0	0.560916679534465	1274	959	1014	931	1014	968	1565	3164	2180	roadmap_epigenomics H3K9me3	NA	NA	H3K9me3	NA	NA	E024-H3K9me3.narrowPeak	1	260267
2	808	roadmap_epigenomics	0	0.535434641636587	1439	959	1037	908	1037	968	1770	2999	1975	roadmap_epigenomics H3K9me3	NA	NA	H3K9me3	NA	NA	E097-H3K9me3.narrowPeak	1	165885
2	492	roadmap_epigenomics	0	0.595798519144908	1137	959	993	958	993	970	1372	3301	2373	roadmap_epigenomics H3K9me3	NA	NA	H3K9me3	NA	NA	E053-H3K9me3.narrowPeak	1	206695
2	901	roadmap_epigenomics	0	0.645560371422534	1021	959	966	992	992	972	1185	3417	2560	roadmap_epigenomics H3K27me3	NA	NA	H3K27me3	NA	NA	E111-H3K27me3.narrowPeak	1	155817
2	828	roadmap_epigenomics	0	0.586877437954996	1134	959	1000	960	1000	973	1382	3304	2363	roadmap_epigenomics H3K27me3	NA	NA	H3K27me3	NA	NA	E100-H3K27me3.narrowPeak	1	119670
2	867	roadmap_epigenomics	0	0.520814982460404	1357	959	1046	917	1046	974	1716	3081	2029	roadmap_epigenomics H3K27me3	NA	NA	H3K27me3	NA	NA	E106-H3K27me3.narrowPeak	1	171804
2	652	roadmap_epigenomics	0	0.638978590449941	1012	959	970	996	996	975	1184	3426	2561	roadmap_epigenomics H3K27me3	NA	NA	H3K27me3	NA	NA	E079-H3K27me3.narrowPeak	1	85895
2	196	roadmap_epigenomics	0	0.526595326972356	1331	959	1043	925	1043	976	1680	3107	2065	roadmap_epigenomics H3K9me3	NA	NA	H3K9me3	NA	NA	E013-H3K9me3.narrowPeak	1	223866
2	316	roadmap_epigenomics	0	0.504962311819223	1433	959	1059	910	1059	976	1819	3005	1926	roadmap_epigenomics H3K9me3	NA	NA	H3K9me3	NA	NA	E027-H3K9me3.narrowPeak	1	366285
2	369	roadmap_epigenomics	0	0.610008719950637	1056	959	985	985	985	976	1268	3382	2477	roadmap_epigenomics H3K9me3	NA	NA	H3K9me3	NA	NA	E034-H3K9me3.narrowPeak	1	176448
2	612	roadmap_epigenomics	0	0.594501623316335	1084	959	994	974	994	976	1319	3354	2426	roadmap_epigenomics H3K27me3	NA	NA	H3K27me3	NA	NA	E073-H3K27me3.narrowPeak	1	123448
2	1017	roadmap_epigenomics	0	0.629888790903396	1021	959	978	992	992	976	1205	3417	2540	roadmap_epigenomics H3K27me3	NA	NA	H3K27me3	NA	NA	E122-H3K27me3.narrowPeak	1	176690
2	333	roadmap_epigenomics	0	0.557540694122711	1157	959	1018	953	1018	977	1451	3281	2294	roadmap_epigenomics H3K9me3	NA	NA	H3K9me3	NA	NA	E029-H3K9me3.narrowPeak	1	223443
2	412	roadmap_epigenomics	0	0.600259220863166	1026	959	990	989	990	979	1250	3412	2495	roadmap_epigenomics H3K27me3	NA	NA	H3K27me3	NA	NA	E042-H3K27me3.narrowPeak	1	132585
2	599	roadmap_epigenomics	0	0.591766091190942	1064	959	997	982	997	979	1302	3374	2443	roadmap_epigenomics H3K27me3	NA	NA	H3K27me3	NA	NA	E071-H3K27me3.narrowPeak	1	129447
2	244	roadmap_epigenomics	0	0.508750324775347	1317	959	1054	927	1054	980	1698	3121	2047	roadmap_epigenomics H3K9me3	NA	NA	H3K9me3	NA	NA	E017-H3K9me3.narrowPeak	1	418568
2	287	roadmap_epigenomics	0	0.574097207399925	1067	959	1005	978	1005	981	1331	3371	2414	roadmap_epigenomics H3K27me3	NA	NA	H3K27me3	NA	NA	E023-H3K27me3.narrowPeak	1	307913
2	190	roadmap_epigenomics	0	0.564658882319023	1079	959	1011	976	1011	982	1358	3359	2387	roadmap_epigenomics H3K9me3	NA	NA	H3K9me3	NA	NA	E012-H3K9me3.narrowPeak	1	164404
2	394	roadmap_epigenomics	0	0.608157358264744	988	959	987	1003	1003	983	1199	3450	2546	roadmap_epigenomics H3K27me3	NA	NA	H3K27me3	NA	NA	E039-H3K27me3.narrowPeak	1	115142
2	305	roadmap_epigenomics	0	0.593158899145768	1011	959	996	997	997	984	1244	3427	2501	roadmap_epigenomics H3K27me3	NA	NA	H3K27me3	NA	NA	E026-H3K27me3.narrowPeak	1	281141
2	387	roadmap_epigenomics	0	0.647950787022781	903	959	963	1029	1029	984	1059	3535	2686	roadmap_epigenomics H3K27me3	NA	NA	H3K27me3	NA	NA	E038-H3K27me3.narrowPeak	1	62829
2	400	roadmap_epigenomics	0	0.635491511480233	922	959	974	1020	1020	984	1094	3516	2651	roadmap_epigenomics H3K27me3	NA	NA	H3K27me3	NA	NA	E040-H3K27me3.narrowPeak	1	76554
2	929	roadmap_epigenomics	0	0.648065947630725	888	959	962	1035	1035	985	1043	3550	2702	roadmap_epigenomics H3K9me3	NA	NA	H3K9me3	NA	NA	E114-H3K9me3.narrowPeak	1	103230
2	173	roadmap_epigenomics	0	0.537421945744917	1123	959	1036	962	1036	986	1448	3315	2297	roadmap_epigenomics H3K27me3	NA	NA	H3K27me3	NA	NA	E010-H3K27me3.narrowPeak	1	251817
2	406	roadmap_epigenomics	0	0.541108749581174	1092	959	1030	973	1030	987	1409	3346	2336	roadmap_epigenomics H3K27me3	NA	NA	H3K27me3	NA	NA	E041-H3K27me3.narrowPeak	1	184455
2	430	roadmap_epigenomics	0	0.560333957686024	1040	959	1016	987	1016	987	1323	3398	2422	roadmap_epigenomics H3K27me3	NA	NA	H3K27me3	NA	NA	E045-H3K27me3.narrowPeak	1	113136
2	497	roadmap_epigenomics	0	0.583866716018841	995	959	1001	1001	1001	987	1240	3443	2505	roadmap_epigenomics H3K9me3	NA	NA	H3K9me3	NA	NA	E054-H3K9me3.narrowPeak	1	152197
2	933	roadmap_epigenomics	0	0.551236767835322	1066	959	1022	980	1022	987	1365	3372	2380	roadmap_epigenomics H3K27me3	NA	NA	H3K27me3	NA	NA	E115-H3K27me3.narrowPeak	1	239959
2	268	roadmap_epigenomics	0	0.518389582121226	1136	959	1047	959	1047	988	1494	3302	2251	roadmap_epigenomics H3K9me3	NA	NA	H3K9me3	NA	NA	E020-H3K9me3.narrowPeak	1	201977
2	352	roadmap_epigenomics	0	0.601413913336334	932	959	989	1015	1015	988	1148	3506	2597	roadmap_epigenomics H3K9me3	NA	NA	H3K9me3	NA	NA	E032-H3K9me3.narrowPeak	1	126853
2	733	roadmap_epigenomics	0	0.544883150838283	1065	959	1027	981	1027	989	1374	3373	2371	roadmap_epigenomics H3K9me3	NA	NA	H3K9me3	NA	NA	E088-H3K9me3.narrowPeak	1	161817
2	6	roadmap_epigenomics	0	0.531752512055264	1101	959	1040	970	1040	990	1434	3337	2311	roadmap_epigenomics H3K9me3	NA	NA	H3K9me3	NA	NA	E001-H3K9me3.narrowPeak	1	176553
2	472	roadmap_epigenomics	0	0.505081060980032	1161	959	1058	952	1058	990	1544	3277	2201	roadmap_epigenomics H3K9me3	NA	NA	H3K9me3	NA	NA	E050-H3K9me3.narrowPeak	1	253527
2	889	roadmap_epigenomics	0	0.501989399951084	1187	959	1064	947	1064	990	1577	3251	2168	roadmap_epigenomics H3K27me3	NA	NA	H3K27me3	NA	NA	E109-H3K27me3.narrowPeak	1	201231
2	418	roadmap_epigenomics	0	0.544995800866355	1030	959	1026	988	1026	991	1336	3408	2409	roadmap_epigenomics H3K27me3	NA	NA	H3K27me3	NA	NA	E043-H3K27me3.narrowPeak	1	166658
2	480	roadmap_epigenomics	0	0.474850456414946	1299	959	1087	928	1087	991	1744	3139	2001	roadmap_epigenomics H3K9me3	NA	NA	H3K9me3	NA	NA	E051-H3K9me3.narrowPeak	1	399600
2	544	roadmap_epigenomics	0	0.47991115603496	1223	959	1082	939	1082	993	1656	3215	2089	roadmap_epigenomics H3K9me3	NA	NA	H3K9me3	NA	NA	E061-H3K9me3.narrowPeak	1	269877
2	458	roadmap_epigenomics	0	0.539144668886189	1016	959	1033	994	1033	995	1330	3422	2415	roadmap_epigenomics H3K27me3	NA	NA	H3K27me3	NA	NA	E049-H3K27me3.narrowPeak	1	322175
2	217	roadmap_epigenomics	0	0.49863823631093	1122	959	1067	963	1067	996	1514	3316	2231	roadmap_epigenomics H3K9me3	NA	NA	H3K9me3	NA	NA	E016-H3K9me3.narrowPeak	1	236873
2	587	roadmap_epigenomics	0	0.619306533592524	806	959	982	1049	1049	997	988	3632	2757	roadmap_epigenomics H3K27me3	NA	NA	H3K27me3	NA	NA	E069-H3K27me3.narrowPeak	1	78271
2	605	roadmap_epigenomics	0	0.561285836013174	926	959	1013	1018	1018	997	1197	3512	2548	roadmap_epigenomics H3K27me3	NA	NA	H3K27me3	NA	NA	E072-H3K27me3.narrowPeak	1	109748
2	751	roadmap_epigenomics	0	0.544260428781427	986	959	1028	1004	1028	997	1289	3452	2456	roadmap_epigenomics H3K9me3	NA	NA	H3K9me3	NA	NA	E090-H3K9me3.narrowPeak	1	163795
2	109	roadmap_epigenomics	0	0.469940047271917	1195	959	1091	945	1091	998	1646	3243	2099	roadmap_epigenomics H3K9me3	NA	NA	H3K9me3	NA	NA	E006-H3K9me3.narrowPeak	1	248522
2	210	roadmap_epigenomics	0	0.466165020041252	1205	959	1092	944	1092	998	1664	3233	2081	roadmap_epigenomics H3K9me3	NA	NA	H3K9me3	NA	NA	E015-H3K9me3.narrowPeak	1	342240
2	374	roadmap_epigenomics	0	0.564735502487436	908	959	1010	1026	1026	998	1172	3530	2573	roadmap_epigenomics H3K9me3	NA	NA	H3K9me3	NA	NA	E035-H3K9me3.narrowPeak	1	112817
2	619	roadmap_epigenomics	0	0.546291226635692	959	959	1025	1011	1025	998	1256	3479	2489	roadmap_epigenomics H3K27me3	NA	NA	H3K27me3	NA	NA	E074-H3K27me3.narrowPeak	1	137148
2	760	roadmap_epigenomics	0	0.565517505892919	909	959	1009	1025	1025	998	1172	3529	2573	roadmap_epigenomics H3K9me3	NA	NA	H3K9me3	NA	NA	E091-H3K9me3.narrowPeak	1	158209
2	445	roadmap_epigenomics	0	0.518338779479537	1026	959	1048	989	1048	999	1375	3412	2370	roadmap_epigenomics H3K27me3	NA	NA	H3K27me3	NA	NA	E047-H3K27me3.narrowPeak	1	175300
2	523	roadmap_epigenomics	0	0.499136638868459	1096	959	1066	972	1066	999	1485	3342	2260	roadmap_epigenomics H3K9me3	NA	NA	H3K9me3	NA	NA	E057-H3K9me3.narrowPeak	1	247543
2	993	roadmap_epigenomics	0	0.598829836371628	844	959	991	1046	1046	999	1055	3594	2690	roadmap_epigenomics H3K27me3	NA	NA	H3K27me3	NA	NA	E120-H3K27me3.narrowPeak	1	126488
2	853	roadmap_epigenomics	0	0.557807023063595	892	959	1017	1033	1033	1000	1164	3546	2581	roadmap_epigenomics H3K9me3	NA	NA	H3K9me3	NA	NA	E103-H3K9me3.narrowPeak	1	100968
2	254	roadmap_epigenomics	0	0.503424279375618	924	959	1063	1019	1063	1010	1285	3514	2460	roadmap_epigenomics H3K9me3	NA	NA	H3K9me3	NA	NA	E018-H3K9me3.narrowPeak	1	188469
2	311	roadmap_epigenomics	0	0.509773449854813	908	959	1053	1026	1053	1010	1256	3530	2489	roadmap_epigenomics H3K27me3	NA	NA	H3K27me3	NA	NA	E027-H3K27me3.narrowPeak	1	319446
2	398	roadmap_epigenomics	0	0.561754586628232	725	959	1012	1066	1066	1010	966	3713	2779	roadmap_epigenomics H3K9me3	NA	NA	H3K9me3	NA	NA	E039-H3K9me3.narrowPeak	1	85095
2	560	roadmap_epigenomics	0	0.471420673234376	1054	959	1089	986	1089	1010	1490	3384	2255	roadmap_epigenomics H3K27me3	NA	NA	H3K27me3	NA	NA	E065-H3K27me3.narrowPeak	1	134896
2	573	roadmap_epigenomics	0	0.538518559618846	889	959	1034	1034	1034	1010	1189	3549	2556	roadmap_epigenomics H3K27me3	NA	NA	H3K27me3	NA	NA	E067-H3K27me3.narrowPeak	1	102020
2	638	roadmap_epigenomics	0	0.566788053383486	694	959	1008	1074	1074	1010	923	3744	2822	roadmap_epigenomics H3K9me3	NA	NA	H3K9me3	NA	NA	E076-H3K9me3.narrowPeak	1	64003
2	681	roadmap_epigenomics	0	0.534780449982227	871	959	1038	1038	1038	1010	1174	3567	2571	roadmap_epigenomics H3K9me3	NA	NA	H3K9me3	NA	NA	E082-H3K9me3.narrowPeak	1	165724
2	940	roadmap_epigenomics	0	0.504147718865633	932	959	1061	1015	1061	1010	1293	3506	2452	roadmap_epigenomics H3K9me3	NA	NA	H3K9me3	NA	NA	E115-H3K9me3.narrowPeak	1	191833
2	988	roadmap_epigenomics	0	0.531614216985462	921	959	1041	1021	1041	1010	1236	3517	2509	roadmap_epigenomics H3K9me3	NA	NA	H3K9me3	NA	NA	E119-H3K9me3.narrowPeak	1	271804
2	1012	roadmap_epigenomics	0	0.487333824917167	1009	959	1077	998	1077	1010	1410	3429	2335	roadmap_epigenomics H3K9me3	NA	NA	H3K9me3	NA	NA	E121-H3K9me3.narrowPeak	1	138498
2	203	roadmap_epigenomics	0	0.453147487110031	986	959	1104	1004	1104	1020	1448	3452	2297	roadmap_epigenomics H3K9me3	NA	NA	H3K9me3	NA	NA	E014-H3K9me3.narrowPeak	1	279334
2	261	roadmap_epigenomics	0	0.493889611124841	893	959	1073	1032	1073	1020	1265	3545	2480	roadmap_epigenomics H3K9me3	NA	NA	H3K9me3	NA	NA	E019-H3K9me3.narrowPeak	1	217812
2	292	roadmap_epigenomics	0	0.465517292210438	985	959	1094	1006	1094	1020	1423	3453	2322	roadmap_epigenomics H3K9me3	NA	NA	H3K9me3	NA	NA	E023-H3K9me3.narrowPeak	1	224057
2	338	roadmap_epigenomics	0	0.497563104108246	931	959	1069	1017	1069	1020	1303	3507	2442	roadmap_epigenomics H3K9me3	NA	NA	H3K9me3	NA	NA	E030-H3K9me3.narrowPeak	1	242870
2	416	roadmap_epigenomics	0	0.560804109590304	581	959	1015	1099	1099	1020	793	3857	2952	roadmap_epigenomics H3K9me3	NA	NA	H3K9me3	NA	NA	E042-H3K9me3.narrowPeak	1	78727
2	422	roadmap_epigenomics	0	0.517206211633205	732	959	1049	1063	1063	1020	1035	3706	2710	roadmap_epigenomics H3K9me3	NA	NA	H3K9me3	NA	NA	E043-H3K9me3.narrowPeak	1	129594
2	428	roadmap_epigenomics	0	0.548989374745192	717	959	1023	1068	1068	1020	973	3721	2772	roadmap_epigenomics H3K9me3	NA	NA	H3K9me3	NA	NA	E044-H3K9me3.narrowPeak	1	145102
2	443	roadmap_epigenomics	0	0.498404408864484	921	959	1068	1021	1068	1020	1290	3517	2455	roadmap_epigenomics H3K9me3	NA	NA	H3K9me3	NA	NA	E046-H3K9me3.narrowPeak	1	220089
2	529	roadmap_epigenomics	0	0.462790784758028	971	959	1097	1010	1097	1020	1412	3467	2333	roadmap_epigenomics H3K9me3	NA	NA	H3K9me3	NA	NA	E058-H3K9me3.narrowPeak	1	301065
2	558	roadmap_epigenomics	0	0.485801313717929	981	959	1078	1008	1078	1020	1381	3457	2364	roadmap_epigenomics H3K9me3	NA	NA	H3K9me3	NA	NA	E063-H3K9me3.narrowPeak	1	232267
2	585	roadmap_epigenomics	0	0.476533059976503	903	959	1086	1029	1086	1020	1307	3535	2438	roadmap_epigenomics H3K9me3	NA	NA	H3K9me3	NA	NA	E068-H3K9me3.narrowPeak	1	193456
2	644	roadmap_epigenomics	0	0.507081878547933	847	959	1055	1045	1055	1020	1189	3591	2556	roadmap_epigenomics H3K9me3	NA	NA	H3K9me3	NA	NA	E077-H3K9me3.narrowPeak	1	223454
2	724	roadmap_epigenomics	0	0.57306639293468	491	959	1006	1108	1108	1020	668	3947	3077	roadmap_epigenomics H3K9me3	NA	NA	H3K9me3	NA	NA	E087-H3K9me3.narrowPeak	1	39484
2	742	roadmap_epigenomics	0	0.540732458237574	779	959	1031	1057	1057	1020	1058	3659	2687	roadmap_epigenomics H3K9me3	NA	NA	H3K9me3	NA	NA	E089-H3K9me3.narrowPeak	1	123393
2	861	roadmap_epigenomics	0	0.5039081721606	910	959	1062	1024	1062	1020	1268	3528	2477	roadmap_epigenomics H3K27me3	NA	NA	H3K27me3	NA	NA	E105-H3K27me3.narrowPeak	1	139718
2	893	roadmap_epigenomics	0	0.523046695851476	859	959	1044	1044	1044	1020	1178	3579	2567	roadmap_epigenomics H3K9me3	NA	NA	H3K9me3	NA	NA	E109-H3K9me3.narrowPeak	1	103033
2	1005	roadmap_epigenomics	0	0.483657704099334	982	959	1079	1007	1079	1020	1386	3456	2359	roadmap_epigenomics H3K27me3	NA	NA	H3K27me3	NA	NA	E121-H3K27me3.narrowPeak	1	349372
2	1030	roadmap_epigenomics	0	0.543701690278763	758	959	1029	1059	1059	1020	1029	3680	2716	roadmap_epigenomics H3K27me3	NA	NA	H3K27me3	NA	NA	E123-H3K27me3.narrowPeak	1	123368
2	1114	ucsc_features	0	0.570553899239805	501	959	1007	1105	1105	1020	683	3937	3062	UCSC Genomic superdups	NA	NA	NA	NA	NA	genomicSuperDups.bed	1	49852
2	277	roadmap_epigenomics	0	0.517138153232056	620	959	1050	1091	1091	1030	895	3818	2850	roadmap_epigenomics H3K9me3	NA	NA	H3K9me3	NA	NA	E021-H3K9me3.narrowPeak	1	61601
2	303	roadmap_epigenomics	0	0.474762924939019	861	959	1088	1043	1088	1030	1260	3577	2485	roadmap_epigenomics H3K9me3	NA	NA	H3K9me3	NA	NA	E025-H3K9me3.narrowPeak	1	216512
2	310	roadmap_epigenomics	0	0.478194443416231	780	959	1084	1056	1084	1030	1155	3658	2590	roadmap_epigenomics H3K9me3	NA	NA	H3K9me3	NA	NA	E026-H3K9me3.narrowPeak	1	170622
2	360	roadmap_epigenomics	0	0.55182931331121	428	959	1021	1112	1112	1030	607	4010	3138	roadmap_epigenomics H3K9me3	NA	NA	H3K9me3	NA	NA	E033-H3K9me3.narrowPeak	1	37434
2	392	roadmap_epigenomics	0	0.555325326146679	511	959	1019	1102	1102	1030	711	3927	3034	roadmap_epigenomics H3K9me3	NA	NA	H3K9me3	NA	NA	E038-H3K9me3.narrowPeak	1	43418
2	404	roadmap_epigenomics	0	0.504392392423654	662	959	1060	1080	1080	1030	966	3776	2779	roadmap_epigenomics H3K9me3	NA	NA	H3K9me3	NA	NA	E040-H3K9me3.narrowPeak	1	108267
2	410	roadmap_epigenomics	0	0.53764717072358	658	959	1035	1082	1082	1030	916	3780	2829	roadmap_epigenomics H3K9me3	NA	NA	H3K9me3	NA	NA	E041-H3K9me3.narrowPeak	1	98944
2	434	roadmap_epigenomics	0	0.534259522097804	620	959	1039	1091	1091	1030	873	3818	2872	roadmap_epigenomics H3K9me3	NA	NA	H3K9me3	NA	NA	E045-H3K9me3.narrowPeak	1	83794
2	456	roadmap_epigenomics	0	0.552826637399075	542	959	1020	1100	1100	1030	753	3896	2992	roadmap_epigenomics H3K9me3	NA	NA	H3K9me3	NA	NA	E048-H3K9me3.narrowPeak	1	50821
2	463	roadmap_epigenomics	0	0.463387720666007	864	959	1095	1042	1095	1030	1284	3574	2461	roadmap_epigenomics H3K9me3	NA	NA	H3K9me3	NA	NA	E049-H3K9me3.narrowPeak	1	233346
2	506	roadmap_epigenomics	0	0.373887057822859	948	959	1117	1012	1117	1030	1576	3490	2169	roadmap_epigenomics H3K9me3	NA	NA	H3K9me3	NA	NA	E055-H3K9me3.narrowPeak	1	439063
2	551	roadmap_epigenomics	0	0.505755218649549	696	959	1057	1073	1073	1030	1007	3742	2738	roadmap_epigenomics H3K9me3	NA	NA	H3K9me3	NA	NA	E062-H3K9me3.narrowPeak	1	97775
2	592	roadmap_epigenomics	0	0.47766542891666	793	959	1085	1053	1085	1030	1172	3645	2573	roadmap_epigenomics H3K9me3	NA	NA	H3K9me3	NA	NA	E069-H3K9me3.narrowPeak	1	114493
2	603	roadmap_epigenomics	0	0.471321879583023	798	959	1090	1052	1090	1030	1189	3640	2556	roadmap_epigenomics H3K9me3	NA	NA	H3K9me3	NA	NA	E071-H3K9me3.narrowPeak	1	136353
2	610	roadmap_epigenomics	0	0.455178649228841	868	959	1103	1039	1103	1030	1304	3570	2441	roadmap_epigenomics H3K9me3	NA	NA	H3K9me3	NA	NA	E072-H3K9me3.narrowPeak	1	143837
2	617	roadmap_epigenomics	0	0.445946113875745	884	959	1105	1036	1105	1030	1341	3554	2404	roadmap_epigenomics H3K9me3	NA	NA	H3K9me3	NA	NA	E073-H3K9me3.narrowPeak	1	139270
2	624	roadmap_epigenomics	0	0.481171776307138	867	959	1081	1040	1081	1030	1256	3571	2489	roadmap_epigenomics H3K9me3	NA	NA	H3K9me3	NA	NA	E074-H3K9me3.narrowPeak	1	150390
2	719	roadmap_epigenomics	0	0.530216854974089	612	959	1042	1093	1093	1030	868	3826	2877	roadmap_epigenomics H3K27me3	NA	NA	H3K27me3	NA	NA	E087-H3K27me3.narrowPeak	1	66475
2	795	roadmap_epigenomics	0	0.506034204856396	645	959	1056	1087	1087	1030	942	3793	2803	roadmap_epigenomics H3K27me3	NA	NA	H3K27me3	NA	NA	E096-H3K27me3.narrowPeak	1	85642
2	839	roadmap_epigenomics	0	0.495820010862429	701	959	1070	1071	1071	1030	1028	3737	2717	roadmap_epigenomics H3K9me3	NA	NA	H3K9me3	NA	NA	E101-H3K9me3.narrowPeak	1	120707
2	1087	roadmap_epigenomics	0	0.481639488982959	735	959	1080	1062	1080	1030	1093	3703	2652	roadmap_epigenomics H3K9me3	NA	NA	H3K9me3	NA	NA	E127-H3K9me3.narrowPeak	1	155989
2	1109	roadmap_epigenomics	0	0.500529253077774	729	959	1065	1064	1065	1030	1056	3709	2689	roadmap_epigenomics H3K9me3	NA	NA	H3K9me3	NA	NA	E129-H3K9me3.narrowPeak	1	180247
2	62	roadmap_epigenomics	0	0.491765230317113	661	959	1075	1081	1081	1040	983	3777	2762	roadmap_epigenomics H3K9me3	NA	NA	H3K9me3	NA	NA	E004-H3K9me3.narrowPeak	1	65901
2	385	roadmap_epigenomics	0	0.513361529916433	507	959	1051	1104	1104	1040	752	3931	2993	roadmap_epigenomics H3K9me3	NA	NA	H3K9me3	NA	NA	E037-H3K9me3.narrowPeak	1	66247
2	450	roadmap_epigenomics	0	0.511220655411	593	959	1052	1096	1096	1040	868	3845	2877	roadmap_epigenomics H3K9me3	NA	NA	H3K9me3	NA	NA	E047-H3K9me3.narrowPeak	1	66663
2	487	roadmap_epigenomics	0	0.495553741093194	649	959	1072	1084	1084	1040	962	3789	2783	roadmap_epigenomics H3K9me3	NA	NA	H3K9me3	NA	NA	E052-H3K9me3.narrowPeak	1	148296
2	538	roadmap_epigenomics	0	0.492583458346532	683	959	1074	1076	1076	1040	1010	3755	2735	roadmap_epigenomics H3K9me3	NA	NA	H3K9me3	NA	NA	E059-H3K9me3.narrowPeak	1	85196
2	571	roadmap_epigenomics	0	0.410799925333225	866	959	1113	1041	1113	1040	1390	3572	2355	roadmap_epigenomics H3K9me3	NA	NA	H3K9me3	NA	NA	E066-H3K9me3.narrowPeak	1	280982
2	578	roadmap_epigenomics	0	0.460645895199303	715	959	1098	1070	1098	1040	1102	3723	2643	roadmap_epigenomics H3K9me3	NA	NA	H3K9me3	NA	NA	E067-H3K9me3.narrowPeak	1	97767
2	650	roadmap_epigenomics	0	0.463147608326725	793	959	1096	1053	1096	1040	1197	3645	2548	roadmap_epigenomics H3K9me3	NA	NA	H3K9me3	NA	NA	E078-H3K9me3.narrowPeak	1	134778
2	789	roadmap_epigenomics	0	0.42603867799181	818	959	1108	1048	1108	1040	1298	3620	2447	roadmap_epigenomics H3K27me3	NA	NA	H3K27me3	NA	NA	E095-H3K27me3.narrowPeak	1	152210
2	793	roadmap_epigenomics	0	0.351418994677994	771	959	1118	1058	1118	1040	1402	3667	2343	roadmap_epigenomics H3K9me3	NA	NA	H3K9me3	NA	NA	E095-H3K9me3.narrowPeak	1	192228
2	804	roadmap_epigenomics	0	0.490534639583263	648	959	1076	1085	1085	1040	968	3790	2777	roadmap_epigenomics H3K27me3	NA	NA	H3K27me3	NA	NA	E097-H3K27me3.narrowPeak	1	112268
2	846	roadmap_epigenomics	0	0.46581528928586	671	959	1093	1078	1093	1040	1036	3767	2709	roadmap_epigenomics H3K9me3	NA	NA	H3K9me3	NA	NA	E102-H3K9me3.narrowPeak	1	148364
2	871	roadmap_epigenomics	0	0.424216788636647	784	959	1109	1055	1109	1040	1258	3654	2487	roadmap_epigenomics H3K9me3	NA	NA	H3K9me3	NA	NA	E106-H3K9me3.narrowPeak	1	167309
2	877	roadmap_epigenomics	0	0.457664607658495	806	959	1101	1049	1101	1040	1223	3632	2522	roadmap_epigenomics H3K9me3	NA	NA	H3K9me3	NA	NA	E107-H3K9me3.narrowPeak	1	110622
2	884	roadmap_epigenomics	0	0.445393347495538	717	959	1106	1068	1106	1040	1131	3721	2614	roadmap_epigenomics H3K9me3	NA	NA	H3K9me3	NA	NA	E108-H3K9me3.narrowPeak	1	125491
2	324	roadmap_epigenomics	0	0.479261740766253	499	959	1083	1106	1106	1050	783	3939	2962	roadmap_epigenomics H3K9me3	NA	NA	H3K9me3	NA	NA	E028-H3K9me3.narrowPeak	1	192863
2	564	roadmap_epigenomics	0	0.345731749649573	687	959	1119	1075	1119	1050	1297	3751	2448	roadmap_epigenomics H3K9me3	NA	NA	H3K9me3	NA	NA	E065-H3K9me3.narrowPeak	1	124507
2	566	roadmap_epigenomics	0	0.457491522990516	595	959	1102	1095	1102	1050	947	3843	2798	roadmap_epigenomics H3K27me3	NA	NA	H3K27me3	NA	NA	E066-H3K27me3.narrowPeak	1	107945
2	832	roadmap_epigenomics	0	0.395875037096958	628	959	1114	1089	1114	1050	1101	3810	2644	roadmap_epigenomics H3K9me3	NA	NA	H3K9me3	NA	NA	E100-H3K9me3.narrowPeak	1	148038
2	859	roadmap_epigenomics	0	0.458262000244115	508	959	1100	1103	1103	1050	824	3930	2921	roadmap_epigenomics H3K9me3	NA	NA	H3K9me3	NA	NA	E104-H3K9me3.narrowPeak	1	53841
2	922	roadmap_epigenomics	0	0.377646834049486	628	959	1116	1089	1116	1050	1138	3810	2607	roadmap_epigenomics H3K27me3	NA	NA	H3K27me3	NA	NA	E114-H3K27me3.narrowPeak	1	215893
2	957	roadmap_epigenomics	0	0.416010733194379	600	959	1111	1094	1111	1050	1023	3838	2722	roadmap_epigenomics H3K27me3	NA	NA	H3K27me3	NA	NA	E117-H3K27me3.narrowPeak	1	219064
2	976	roadmap_epigenomics	0	0.495626161087045	288	959	1071	1118	1118	1050	460	4150	3285	roadmap_epigenomics H3K9me3	NA	NA	H3K9me3	NA	NA	E118-H3K9me3.narrowPeak	1	97122
2	515	roadmap_epigenomics	0	0.258283354474816	416	959	1121	1113	1121	1060	1071	4022	2674	roadmap_epigenomics H3K9me3	NA	NA	H3K9me3	NA	NA	E056-H3K9me3.narrowPeak	1	314736
2	823	roadmap_epigenomics	0	0.45986287971414	461	959	1099	1110	1110	1060	754	3977	2991	roadmap_epigenomics H3K9me3	NA	NA	H3K9me3	NA	NA	E099-H3K9me3.narrowPeak	1	52477
2	855	roadmap_epigenomics	0	0.44257801318207	203	959	1107	1120	1120	1060	366	4235	3379	roadmap_epigenomics H3K27me3	NA	NA	H3K27me3	NA	NA	E104-H3K27me3.narrowPeak	1	18466
2	865	roadmap_epigenomics	0	0.3935305540049	459	959	1115	1111	1115	1060	849	3979	2896	roadmap_epigenomics H3K9me3	NA	NA	H3K9me3	NA	NA	E105-H3K9me3.narrowPeak	1	72720
2	906	roadmap_epigenomics	0	0.412689052510019	492	959	1112	1107	1112	1060	869	3946	2876	roadmap_epigenomics H3K9me3	NA	NA	H3K9me3	NA	NA	E111-H3K9me3.narrowPeak	1	69918
2	1025	roadmap_epigenomics	0	0.325062119258919	302	959	1120	1116	1120	1060	687	4136	3058	roadmap_epigenomics H3K9me3	NA	NA	H3K9me3	NA	NA	E122-H3K9me3.narrowPeak	1	224772
2	1099	roadmap_epigenomics	0	0.422541752587127	183	959	1110	1121	1121	1060	346	4255	3399	roadmap_epigenomics H3K9me3	NA	NA	H3K9me3	NA	NA	E128-H3K9me3.narrowPeak	1	16125
2	1116	ucsc_features	0	0.149939524501017	296	959	1123	1117	1123	1070	1209	4142	2536	UCSC LaminB1 Lads	NA	NA	NA	NA	NA	laminB1Lads.bed	1	1296
