userSet	dbSet	collection	pValueLog	oddsRatio	support	rnkPV	rnkOR	rnkSup	maxRnk	meanRnk	b	c	d	description	cellType	tissue	antibody	treatment	dataSource	filename	qValue	size
1	1116	ucsc_features	200.162985367059	6.62288735353359	1212	1	1	989	989	330	293	2567	4111	UCSC LaminB1 Lads	NA	NA	NA	NA	NA	laminB1Lads.bed	1.54320771160584e-197	1296
1	515	roadmap_epigenomics	110.553517738936	3.82090342172812	1073	2	3	1028	1028	344	414	2706	3990	roadmap_epigenomics H3K9me3	NA	NA	H3K9me3	NA	NA	E056-H3K9me3.narrowPeak	5.70820192697719e-109	314736
1	793	roadmap_epigenomics	89.7816088994996	2.79399293635173	1404	3	6	912	912	307	769	2375	3635	roadmap_epigenomics H3K9me3	NA	NA	H3K9me3	NA	NA	E095-H3K9me3.narrowPeak	7.57887549183574e-89	192228
1	564	roadmap_epigenomics	87.1791203114406	2.84338771782548	1299	4	5	960	960	323	685	2480	3719	roadmap_epigenomics H3K9me3	NA	NA	H3K9me3	NA	NA	E065-H3K9me3.narrowPeak	2.43758408366024e-86	124507
1	506	roadmap_epigenomics	86.9817408778331	2.62040236104699	1578	5	8	842	842	285	946	2201	3458	roadmap_epigenomics H3K9me3	NA	NA	H3K9me3	NA	NA	E055-H3K9me3.narrowPeak	3.69641641597606e-86	439063
1	922	roadmap_epigenomics	70.2541542177325	2.64778187155454	1145	6	7	1018	1018	344	621	2634	3783	roadmap_epigenomics H3K27me3	NA	NA	H3K27me3	NA	NA	E114-H3K27me3.narrowPeak	6.79888524794008e-70	215893
1	571	roadmap_epigenomics	67.556256931941	2.39524106888318	1393	7	11	916	916	311	863	2386	3541	roadmap_epigenomics H3K9me3	NA	NA	H3K9me3	NA	NA	E066-H3K9me3.narrowPeak	2.86217593830905e-67	280982
1	832	roadmap_epigenomics	61.0545277575607	2.48730399318673	1103	8	10	1023	1023	347	626	2676	3778	roadmap_epigenomics H3K9me3	NA	NA	H3K9me3	NA	NA	E100-H3K9me3.narrowPeak	6.73805674270049e-61	148038
1	789	roadmap_epigenomics	60.3074773474848	2.31798710490674	1302	9	15	959	959	328	814	2477	3590	roadmap_epigenomics H3K27me3	NA	NA	H3K27me3	NA	NA	E095-H3K27me3.narrowPeak	3.66374687895787e-60	152210
1	871	roadmap_epigenomics	58.8304403953746	2.31654236367491	1260	10	16	977	977	334	782	2519	3622	roadmap_epigenomics H3K9me3	NA	NA	H3K9me3	NA	NA	E106-H3K9me3.narrowPeak	1.04034808836437e-58	167309
1	210	roadmap_epigenomics	56.3981547569446	2.10242568592794	1667	11	32	808	808	284	1202	2112	3202	roadmap_epigenomics H3K9me3	NA	NA	H3K9me3	NA	NA	E015-H3K9me3.narrowPeak	2.57293946252765e-56	342240
1	203	roadmap_epigenomics	56.1180856930184	2.16892440516959	1451	12	21	889	889	307	983	2328	3421	roadmap_epigenomics H3K9me3	NA	NA	H3K9me3	NA	NA	E014-H3K9me3.narrowPeak	4.86162431497082e-56	279334
1	617	roadmap_epigenomics	55.5113641778485	2.2069703197901	1344	13	19	937	937	323	881	2435	3523	roadmap_epigenomics H3K9me3	NA	NA	H3K9me3	NA	NA	E073-H3K9me3.narrowPeak	1.91133584038204e-55	139270
1	1025	roadmap_epigenomics	55.2933984986352	3.01750518034091	687	14	4	1103	1103	374	302	3092	4102	roadmap_epigenomics H3K9me3	NA	NA	H3K9me3	NA	NA	E122-H3K9me3.narrowPeak	3.08894040282777e-55	224772
1	109	roadmap_epigenomics	54.6931696993711	2.08130920095662	1648	15	35	815	815	288	1193	2131	3211	roadmap_epigenomics H3K9me3	NA	NA	H3K9me3	NA	NA	E006-H3K9me3.narrowPeak	1.19485464677153e-54	248522
1	480	roadmap_epigenomics	54.5919418318069	2.05717722778362	1746	16	39	769	769	275	1297	2033	3107	roadmap_epigenomics H3K9me3	NA	NA	H3K9me3	NA	NA	E051-H3K9me3.narrowPeak	1.5045428363814e-54	399600
1	957	roadmap_epigenomics	52.8749437755167	2.37631956077108	1026	17	13	1042	1042	357	597	2753	3807	roadmap_epigenomics H3K27me3	NA	NA	H3K27me3	NA	NA	E117-H3K27me3.narrowPeak	7.06480403524087e-53	219064
1	544	roadmap_epigenomics	52.6225462199259	2.04666692646141	1660	18	43	812	812	291	1219	2119	3185	roadmap_epigenomics H3K9me3	NA	NA	H3K9me3	NA	NA	E061-H3K9me3.narrowPeak	1.24564725817819e-52	269877
1	560	roadmap_epigenomics	52.5565178809842	2.09326976739544	1495	19	33	869	869	307	1049	2284	3355	roadmap_epigenomics H3K27me3	NA	NA	H3K27me3	NA	NA	E065-H3K27me3.narrowPeak	1.44347120274309e-52	134896
1	529	roadmap_epigenomics	52.3078221213838	2.11925683704276	1414	20	29	910	910	320	969	2365	3435	roadmap_epigenomics H3K9me3	NA	NA	H3K9me3	NA	NA	E058-H3K9me3.narrowPeak	2.51266710441621e-52	301065
1	292	roadmap_epigenomics	51.8186117678049	2.10654513498809	1425	21	31	901	901	318	983	2354	3421	roadmap_epigenomics H3K9me3	NA	NA	H3K9me3	NA	NA	E023-H3K9me3.narrowPeak	7.6465076156825e-52	224057
1	610	roadmap_epigenomics	51.7205972365891	2.15734856348004	1306	22	22	956	956	333	866	2473	3538	roadmap_epigenomics H3K9me3	NA	NA	H3K9me3	NA	NA	E072-H3K9me3.narrowPeak	9.53969525333022e-52	143837
1	865	roadmap_epigenomics	49.6931940638897	2.50002013633823	850	23	9	1079	1079	370	458	2929	3946	roadmap_epigenomics H3K9me3	NA	NA	H3K9me3	NA	NA	E105-H3K9me3.narrowPeak	9.40524961914502e-50	72720
1	877	roadmap_epigenomics	49.2636659161389	2.15332186931663	1226	24	23	987	987	345	803	2553	3601	roadmap_epigenomics H3K9me3	NA	NA	H3K9me3	NA	NA	E107-H3K9me3.narrowPeak	2.48133636208039e-49	110622
1	884	roadmap_epigenomics	49.1918955839649	2.2090357027729	1133	25	18	1020	1020	354	715	2646	3689	roadmap_epigenomics H3K9me3	NA	NA	H3K9me3	NA	NA	E108-H3K9me3.narrowPeak	2.91093488969568e-49	125491
1	463	roadmap_epigenomics	49.1218904803855	2.11944796099079	1286	26	28	969	969	341	862	2493	3542	roadmap_epigenomics H3K9me3	NA	NA	H3K9me3	NA	NA	E049-H3K9me3.narrowPeak	3.40635517208156e-49	233346
1	316	roadmap_epigenomics	47.4924872413174	1.94017435048748	1823	27	68	731	731	275	1429	1956	2975	roadmap_epigenomics H3K9me3	NA	NA	H3K9me3	NA	NA	E027-H3K9me3.narrowPeak	1.37384192821329e-47	366285
1	1005	roadmap_epigenomics	47.0490733943014	2.03804032962773	1390	28	45	917	917	330	978	2389	3426	roadmap_epigenomics H3K27me3	NA	NA	H3K27me3	NA	NA	E121-H3K27me3.narrowPeak	3.74957958196528e-47	349372
1	650	roadmap_epigenomics	46.9067545768281	2.12253020780004	1199	29	27	998	998	351	791	2580	3613	roadmap_epigenomics H3K9me3	NA	NA	H3K9me3	NA	NA	E078-H3K9me3.narrowPeak	5.19386174988353e-47	134778
1	906	roadmap_epigenomics	46.7988231265073	2.39223400789351	871	30	12	1074	1074	372	490	2908	3914	roadmap_epigenomics H3K9me3	NA	NA	H3K9me3	NA	NA	E111-H3K9me3.narrowPeak	6.6221324096957e-47	69918
1	1012	roadmap_epigenomics	46.616870291315	2.02194607212721	1414	31	47	910	910	329	1005	2365	3399	roadmap_epigenomics H3K9me3	NA	NA	H3K9me3	NA	NA	E121-H3K9me3.narrowPeak	1.00309529993749e-46	138498
1	585	roadmap_epigenomics	46.4660970289701	2.0602647060393	1309	32	37	954	954	341	901	2470	3503	roadmap_epigenomics H3K9me3	NA	NA	H3K9me3	NA	NA	E068-H3K9me3.narrowPeak	1.40643634298386e-46	193456
1	889	roadmap_epigenomics	46.2977401166339	1.96710224637112	1583	33	59	841	841	311	1181	2196	3223	roadmap_epigenomics H3K27me3	NA	NA	H3K27me3	NA	NA	E109-H3K27me3.narrowPeak	2.06485270423949e-46	201231
1	558	roadmap_epigenomics	46.1206152607302	2.02416207450027	1384	34	46	921	921	334	978	2395	3426	roadmap_epigenomics H3K9me3	NA	NA	H3K9me3	NA	NA	E063-H3K9me3.narrowPeak	3.08775541735244e-46	232267
1	303	roadmap_epigenomics	45.7895589497477	2.06901669215029	1262	35	36	974	974	348	859	2517	3545	roadmap_epigenomics H3K9me3	NA	NA	H3K9me3	NA	NA	E025-H3K9me3.narrowPeak	6.55806943575253e-46	216512
1	217	roadmap_epigenomics	45.6288424665408	1.97317171728969	1518	36	57	860	860	318	1118	2261	3286	roadmap_epigenomics H3K9me3	NA	NA	H3K9me3	NA	NA	E016-H3K9me3.narrowPeak	9.44398910744523e-46	236873
1	523	roadmap_epigenomics	45.3524925985399	1.9765373684853	1490	37	55	873	873	322	1091	2289	3313	roadmap_epigenomics H3K9me3	NA	NA	H3K9me3	NA	NA	E057-H3K9me3.narrowPeak	1.77177577146354e-45	247543
1	244	roadmap_epigenomics	44.8775448588102	1.92068511654669	1700	38	72	795	795	302	1315	2079	3089	roadmap_epigenomics H3K9me3	NA	NA	H3K9me3	NA	NA	E017-H3K9me3.narrowPeak	5.22384205558281e-45	418568
1	603	roadmap_epigenomics	44.8093228752459	2.0857645552763	1191	39	34	1002	1002	358	796	2588	3608	roadmap_epigenomics H3K9me3	NA	NA	H3K9me3	NA	NA	E071-H3K9me3.narrowPeak	6.08040146130077e-45	136353
1	578	roadmap_epigenomics	44.7861132046088	2.13630120532501	1104	40	26	1022	1022	363	713	2675	3691	roadmap_epigenomics H3K9me3	NA	NA	H3K9me3	NA	NA	E067-H3K9me3.narrowPeak	6.40301700061695e-45	97767
1	624	roadmap_epigenomics	44.5288634490177	2.04682340967705	1259	41	42	978	978	354	864	2520	3540	roadmap_epigenomics H3K9me3	NA	NA	H3K9me3	NA	NA	E074-H3K9me3.narrowPeak	1.14582504153555e-44	150390
1	472	roadmap_epigenomics	43.9222197682461	1.93830177959889	1546	42	69	853	853	321	1159	2233	3245	roadmap_epigenomics H3K9me3	NA	NA	H3K9me3	NA	NA	E050-H3K9me3.narrowPeak	4.60809505351606e-44	253527
1	867	roadmap_epigenomics	43.4829320515003	1.89569334233138	1723	43	77	785	785	302	1350	2056	3054	roadmap_epigenomics H3K27me3	NA	NA	H3K27me3	NA	NA	E106-H3K27me3.narrowPeak	1.25206157863906e-43	171804
1	12	roadmap_epigenomics	43.4533275560464	1.86737618828303	1968	44	81	654	654	260	1620	1811	2784	roadmap_epigenomics H3K9me3	NA	NA	H3K9me3	NA	NA	E002-H3K9me3.narrowPeak	1.33811893126164e-43	304858
1	592	roadmap_epigenomics	42.9639237507786	2.05834082779715	1174	45	38	1010	1010	364	791	2605	3613	roadmap_epigenomics H3K9me3	NA	NA	H3K9me3	NA	NA	E069-H3K9me3.narrowPeak	4.08117123660841e-43	114493
1	310	roadmap_epigenomics	42.4162060929835	2.05643238022387	1157	46	40	1015	1015	367	778	2622	3626	roadmap_epigenomics H3K9me3	NA	NA	H3K9me3	NA	NA	E026-H3K9me3.narrowPeak	1.43089302830305e-42	170622
1	261	roadmap_epigenomics	42.1906664073919	1.99884478037248	1269	47	50	972	972	356	889	2510	3515	roadmap_epigenomics H3K9me3	NA	NA	H3K9me3	NA	NA	E019-H3K9me3.narrowPeak	2.38930020504806e-42	217812
1	846	roadmap_epigenomics	41.7163754110715	2.11405588676333	1038	48	30	1038	1038	372	669	2741	3735	roadmap_epigenomics H3K9me3	NA	NA	H3K9me3	NA	NA	E102-H3K9me3.narrowPeak	7.07464261593195e-42	148364
1	338	roadmap_epigenomics	41.5675660928135	1.97296105038179	1305	49	58	958	958	355	929	2474	3475	roadmap_epigenomics H3K9me3	NA	NA	H3K9me3	NA	NA	E030-H3K9me3.narrowPeak	9.94952732005083e-42	242870
1	443	roadmap_epigenomics	41.4207914409743	1.97492519789124	1293	50	56	965	965	357	918	2486	3486	roadmap_epigenomics H3K9me3	NA	NA	H3K9me3	NA	NA	E046-H3K9me3.narrowPeak	1.39272986602273e-41	220089
1	566	roadmap_epigenomics	41.2501913808533	2.16941341933058	951	51	20	1062	1062	378	591	2828	3813	roadmap_epigenomics H3K27me3	NA	NA	H3K27me3	NA	NA	E066-H3K27me3.narrowPeak	2.05278400600807e-41	107945
1	196	roadmap_epigenomics	40.9670562993432	1.86374703544517	1684	52	82	800	800	311	1327	2095	3077	roadmap_epigenomics H3K9me3	NA	NA	H3K9me3	NA	NA	E013-H3K9me3.narrowPeak	3.91437837558893e-41	223866
1	268	roadmap_epigenomics	40.4422538729731	1.89377495537029	1497	53	78	868	868	333	1133	2282	3271	roadmap_epigenomics H3K9me3	NA	NA	H3K9me3	NA	NA	E020-H3K9me3.narrowPeak	1.29593000628e-40	201977
1	254	roadmap_epigenomics	40.2431183456842	1.95526393935519	1288	54	62	967	967	361	921	2491	3483	roadmap_epigenomics H3K9me3	NA	NA	H3K9me3	NA	NA	E018-H3K9me3.narrowPeak	2.03681158634104e-40	188469
1	861	roadmap_epigenomics	40.0996859626958	1.95881617969752	1272	55	61	970	970	362	906	2507	3498	roadmap_epigenomics H3K27me3	NA	NA	H3K27me3	NA	NA	E105-H3K27me3.narrowPeak	2.82046087224287e-40	139718
1	1087	roadmap_epigenomics	40.0873489512086	2.04304648605847	1095	56	44	1025	1025	375	733	2684	3671	roadmap_epigenomics H3K9me3	NA	NA	H3K9me3	NA	NA	E127-H3K9me3.narrowPeak	2.89715374535599e-40	155989
1	940	roadmap_epigenomics	39.9532597096617	1.94730860450009	1295	57	65	962	962	361	930	2484	3474	roadmap_epigenomics H3K9me3	NA	NA	H3K9me3	NA	NA	E115-H3K9me3.narrowPeak	3.93891235110368e-40	191833
1	808	roadmap_epigenomics	39.3719048373033	1.82667406436935	1773	58	92	755	755	302	1436	2006	2968	roadmap_epigenomics H3K9me3	NA	NA	H3K9me3	NA	NA	E097-H3K9me3.narrowPeak	1.48121822590754e-39	165885
1	311	roadmap_epigenomics	39.2271896242783	1.94650535080917	1262	59	67	974	974	367	902	2517	3502	roadmap_epigenomics H3K27me3	NA	NA	H3K27me3	NA	NA	E027-H3K27me3.narrowPeak	2.0605711246863e-39	319446
1	445	roadmap_epigenomics	38.9660993229381	1.90128540273417	1379	60	75	923	923	353	1022	2400	3382	roadmap_epigenomics H3K27me3	NA	NA	H3K27me3	NA	NA	E047-H3K27me3.narrowPeak	3.74744634216734e-39	175300
1	644	roadmap_epigenomics	37.2674704782684	1.93815787344285	1191	61	70	1002	1002	378	845	2588	3559	roadmap_epigenomics H3K9me3	NA	NA	H3K9me3	NA	NA	E077-H3K9me3.narrowPeak	1.82165044611012e-37	223454
1	6	roadmap_epigenomics	36.7756591926717	1.84732941026035	1437	62	84	895	895	347	1098	2342	3306	roadmap_epigenomics H3K9me3	NA	NA	H3K9me3	NA	NA	E001-H3K9me3.narrowPeak	5.56111518554659e-37	176553
1	173	roadmap_epigenomics	36.3381110669135	1.83593002059384	1453	63	88	886	886	346	1118	2326	3286	roadmap_epigenomics H3K27me3	NA	NA	H3K27me3	NA	NA	E010-H3K27me3.narrowPeak	1.50524818951996e-36	251817
1	184	roadmap_epigenomics	36.1547179674456	1.78624450761709	1706	64	103	793	793	320	1389	2073	3015	roadmap_epigenomics H3K9me3	NA	NA	H3K9me3	NA	NA	E011-H3K9me3.narrowPeak	2.28680905025746e-36	213267
1	859	roadmap_epigenomics	35.8806885521194	2.14648979511854	825	65	24	1082	1082	390	507	2954	3897	roadmap_epigenomics H3K9me3	NA	NA	H3K9me3	NA	NA	E104-H3K9me3.narrowPeak	4.28422340115185e-36	53841
1	62	roadmap_epigenomics	35.8507918618551	2.01598624291963	987	66	48	1049	1049	388	657	2792	3747	roadmap_epigenomics H3K9me3	NA	NA	H3K9me3	NA	NA	E004-H3K9me3.narrowPeak	4.58289432021588e-36	65901
1	839	roadmap_epigenomics	35.6840863292848	1.9858304844074	1030	67	54	1040	1040	387	699	2749	3705	roadmap_epigenomics H3K9me3	NA	NA	H3K9me3	NA	NA	E101-H3K9me3.narrowPeak	6.69829009184897e-36	120707
1	1109	roadmap_epigenomics	35.517829418101	1.96646288952127	1058	68	60	1035	1035	388	727	2721	3677	roadmap_epigenomics H3K9me3	NA	NA	H3K9me3	NA	NA	E129-H3K9me3.narrowPeak	9.78019594086042e-36	180247
1	538	roadmap_epigenomics	35.5076787247784	1.99317506318719	1011	69	51	1046	1046	389	682	2768	3722	roadmap_epigenomics H3K9me3	NA	NA	H3K9me3	NA	NA	E059-H3K9me3.narrowPeak	9.9971360984852e-36	85196
1	406	roadmap_epigenomics	35.3637454467698	1.8286493775406	1415	70	91	909	909	357	1086	2364	3318	roadmap_epigenomics H3K27me3	NA	NA	H3K27me3	NA	NA	E041-H3K27me3.narrowPeak	1.38658432784921e-35	184455
1	804	roadmap_epigenomics	35.3603264279244	2.01512642127747	971	71	49	1055	1055	392	645	2808	3759	roadmap_epigenomics H3K27me3	NA	NA	H3K27me3	NA	NA	E097-H3K27me3.narrowPeak	1.39555260537973e-35	112268
1	458	roadmap_epigenomics	35.1837914554228	1.84658679152728	1338	72	85	943	943	367	1008	2441	3396	roadmap_epigenomics H3K27me3	NA	NA	H3K27me3	NA	NA	E049-H3K27me3.narrowPeak	2.08655184174057e-35	322175
1	893	roadmap_epigenomics	34.3013305972993	1.884054242942	1181	73	79	1006	1006	386	856	2598	3548	roadmap_epigenomics H3K9me3	NA	NA	H3K9me3	NA	NA	E109-H3K9me3.narrowPeak	1.57615585999566e-34	103033
1	487	roadmap_epigenomics	34.0194112663627	1.98840198197386	964	74	53	1058	1058	395	647	2815	3757	roadmap_epigenomics H3K9me3	NA	NA	H3K9me3	NA	NA	E052-H3K9me3.narrowPeak	2.9955690158992e-34	148296
1	988	roadmap_epigenomics	33.7726639748637	1.85223660295363	1239	75	83	985	985	381	918	2540	3486	roadmap_epigenomics H3K9me3	NA	NA	H3K9me3	NA	NA	E119-H3K9me3.narrowPeak	5.26518069938457e-34	271804
1	551	roadmap_epigenomics	33.4050509704664	1.94713526645935	1009	76	66	1047	1047	396	694	2770	3710	roadmap_epigenomics H3K9me3	NA	NA	H3K9me3	NA	NA	E062-H3K9me3.narrowPeak	1.21569427246977e-33	97775
1	418	roadmap_epigenomics	33.3731628369505	1.81315629368013	1341	77	95	938	938	370	1025	2438	3379	roadmap_epigenomics H3K27me3	NA	NA	H3K27me3	NA	NA	E043-H3K27me3.narrowPeak	1.30651841590248e-33	166658
1	733	roadmap_epigenomics	33.1382820820309	1.79963445485031	1376	78	99	924	924	367	1063	2403	3341	roadmap_epigenomics H3K9me3	NA	NA	H3K9me3	NA	NA	E088-H3K9me3.narrowPeak	2.24078475726405e-33	161817
1	823	roadmap_epigenomics	33.106235463758	2.14046177328722	755	79	25	1094	1094	399	460	3024	3944	roadmap_epigenomics H3K9me3	NA	NA	H3K9me3	NA	NA	E099-H3K9me3.narrowPeak	2.40908114209178e-33	52477
1	933	roadmap_epigenomics	32.8640654317974	1.79604819903248	1371	80	100	929	929	370	1060	2408	3344	roadmap_epigenomics H3K27me3	NA	NA	H3K27me3	NA	NA	E115-H3K27me3.narrowPeak	4.19025396294113e-33	239959
1	297	roadmap_epigenomics	32.70130810726	1.75187968930933	1569	81	112	847	847	347	1270	2210	3134	roadmap_epigenomics H3K9me3	NA	NA	H3K9me3	NA	NA	E024-H3K9me3.narrowPeak	6.0787503219975e-33	260267
1	404	roadmap_epigenomics	32.6240272026508	1.95333390054081	968	82	63	1056	1056	400	660	2811	3744	roadmap_epigenomics H3K9me3	NA	NA	H3K9me3	NA	NA	E040-H3K9me3.narrowPeak	7.25278385465105e-33	108267
1	817	roadmap_epigenomics	32.1646118374894	1.70087313580704	2226	83	122	479	479	228	2014	1553	2390	roadmap_epigenomics H3K9me3	NA	NA	H3K9me3	NA	NA	E098-H3K9me3.narrowPeak	2.07481656396977e-32	251390
1	422	roadmap_epigenomics	32.105331153808	1.90326707265219	1037	84	74	1039	1039	399	730	2742	3674	roadmap_epigenomics H3K9me3	NA	NA	H3K9me3	NA	NA	E043-H3K9me3.narrowPeak	2.37506058716118e-32	129594
1	751	roadmap_epigenomics	32.0562111328895	1.80336351348559	1291	85	98	966	966	383	984	2488	3420	roadmap_epigenomics H3K9me3	NA	NA	H3K9me3	NA	NA	E090-H3K9me3.narrowPeak	2.65588829713733e-32	163795
1	619	roadmap_epigenomics	31.9757507225419	1.81094878711886	1261	86	96	976	976	386	954	2518	3450	roadmap_epigenomics H3K27me3	NA	NA	H3K27me3	NA	NA	E074-H3K27me3.narrowPeak	3.1836125050012e-32	137148
1	681	roadmap_epigenomics	31.8621111532387	1.83771320688359	1176	87	87	1008	1008	394	869	2603	3535	roadmap_epigenomics H3K9me3	NA	NA	H3K9me3	NA	NA	E082-H3K9me3.narrowPeak	4.12474401283567e-32	165724
1	795	roadmap_epigenomics	31.7487047305514	1.94751865380236	944	88	64	1066	1066	406	643	2835	3761	roadmap_epigenomics H3K27me3	NA	NA	H3K27me3	NA	NA	E096-H3K27me3.narrowPeak	5.33414828271e-32	85642
1	573	roadmap_epigenomics	31.7382519934998	1.82943611313254	1192	89	90	1001	1001	393	886	2587	3518	roadmap_epigenomics H3K27me3	NA	NA	H3K27me3	NA	NA	E067-H3K27me3.narrowPeak	5.45682363824596e-32	102020
1	333	roadmap_epigenomics	31.7223261135983	1.757122348028	1453	90	110	886	886	362	1155	2326	3249	roadmap_epigenomics H3K9me3	NA	NA	H3K9me3	NA	NA	E029-H3K9me3.narrowPeak	5.65312595786073e-32	223443
1	38	roadmap_epigenomics	31.7036425119946	1.71036046982703	1765	91	120	760	760	324	1492	2014	2912	roadmap_epigenomics H3K9me3	NA	NA	H3K9me3	NA	NA	E003-H3K9me3.narrowPeak	5.89380678047902e-32	307462
1	324	roadmap_epigenomics	31.1004977335521	2.05299766140399	784	92	41	1092	1092	408	498	2995	3906	roadmap_epigenomics H3K9me3	NA	NA	H3K9me3	NA	NA	E028-H3K9me3.narrowPeak	2.33248392734765e-31	192863
1	430	roadmap_epigenomics	30.4498268817343	1.76357411166821	1328	93	108	947	947	383	1035	2451	3369	roadmap_epigenomics H3K27me3	NA	NA	H3K27me3	NA	NA	E045-H3K27me3.narrowPeak	1.03536181790167e-30	113136
1	597	roadmap_epigenomics	30.2971898858919	1.70311075020029	1633	94	121	823	823	346	1360	2146	3044	roadmap_epigenomics H3K9me3	NA	NA	H3K9me3	NA	NA	E070-H3K9me3.narrowPeak	1.46948611889647e-30	240503
1	190	roadmap_epigenomics	29.644062925526	1.74081349460829	1361	95	114	932	932	380	1076	2418	3328	roadmap_epigenomics H3K9me3	NA	NA	H3K9me3	NA	NA	E012-H3K9me3.narrowPeak	6.59427922085706e-30	164404
1	1120	ucsc_features	29.1471320747631	4.1628556878117	3717	96	2	1	96	33	4118	62	286	UCSC Repeat Masker	NA	NA	NA	NA	NA	rmsk.bed	2.05730215105448e-29	5291824
1	450	roadmap_epigenomics	29.0565634311878	1.929416479802	870	97	71	1075	1075	414	591	2909	3813	roadmap_epigenomics H3K9me3	NA	NA	H3K9me3	NA	NA	E047-H3K9me3.narrowPeak	2.53109743120951e-29	66663
1	605	roadmap_epigenomics	28.8241336226395	1.76843169624918	1203	98	107	995	995	400	920	2576	3484	roadmap_epigenomics H3K27me3	NA	NA	H3K27me3	NA	NA	E072-H3K27me3.narrowPeak	4.30045460058086e-29	109748
1	665	roadmap_epigenomics	28.7999742601005	1.65980000872338	1828	99	129	727	727	318	1589	1951	2815	roadmap_epigenomics H3K9me3	NA	NA	H3K9me3	NA	NA	E080-H3K9me3.narrowPeak	4.54066465835159e-29	218395
1	742	roadmap_epigenomics	28.7602675126248	1.81969694345935	1060	100	93	1033	1033	409	777	2719	3627	roadmap_epigenomics H3K9me3	NA	NA	H3K9me3	NA	NA	E089-H3K9me3.narrowPeak	4.9690410273749e-29	123393
1	379	roadmap_epigenomics	28.7300466470404	1.66245727577364	1779	101	127	753	753	327	1535	2000	2869	roadmap_epigenomics H3K9me3	NA	NA	H3K9me3	NA	NA	E036-H3K9me3.narrowPeak	5.32035435489127e-29	237679
1	287	roadmap_epigenomics	28.7043839030315	1.72913429656863	1338	102	117	943	943	387	1060	2441	3344	roadmap_epigenomics H3K27me3	NA	NA	H3K27me3	NA	NA	E023-H3K27me3.narrowPeak	5.63703999978811e-29	307913
1	277	roadmap_epigenomics	28.5725513798366	1.90025091122367	896	103	76	1070	1070	416	619	2883	3785	roadmap_epigenomics H3K9me3	NA	NA	H3K9me3	NA	NA	E021-H3K9me3.narrowPeak	7.62662081838221e-29	61601
1	853	roadmap_epigenomics	28.3894525169968	1.77112808660684	1168	104	106	1013	1013	408	888	2611	3516	roadmap_epigenomics H3K9me3	NA	NA	H3K9me3	NA	NA	E103-H3K9me3.narrowPeak	1.15819250838739e-28	100968
1	708	roadmap_epigenomics	27.5197676434551	1.63431399364399	1926	105	133	672	672	303	1712	1853	2692	roadmap_epigenomics H3K9me3	NA	NA	H3K9me3	NA	NA	E085-H3K9me3.narrowPeak	8.48305184960042e-28	264076
1	1030	roadmap_epigenomics	27.4989686899426	1.80500713968661	1030	106	97	1040	1040	414	757	2749	3647	roadmap_epigenomics H3K27me3	NA	NA	H3K27me3	NA	NA	E123-H3K27me3.narrowPeak	8.88809209396974e-28	123368
1	760	roadmap_epigenomics	27.0589437927307	1.74207957426557	1175	107	113	1009	1009	410	906	2604	3498	roadmap_epigenomics H3K9me3	NA	NA	H3K9me3	NA	NA	E091-H3K9me3.narrowPeak	2.43898938651815e-27	158209
1	374	roadmap_epigenomics	26.936732686344	1.73992919662506	1174	108	115	1010	1010	411	906	2605	3498	roadmap_epigenomics H3K9me3	NA	NA	H3K9me3	NA	NA	E035-H3K9me3.narrowPeak	3.22360650723529e-27	112817
1	719	roadmap_epigenomics	26.884740805018	1.87269738966752	872	109	80	1073	1073	421	608	2907	3796	roadmap_epigenomics H3K27me3	NA	NA	H3K27me3	NA	NA	E087-H3K27me3.narrowPeak	3.62907055930926e-27	66475
1	828	roadmap_epigenomics	26.7002834754238	1.68186827403085	1387	110	123	920	920	384	1129	2392	3275	roadmap_epigenomics H3K27me3	NA	NA	H3K27me3	NA	NA	E100-H3K27me3.narrowPeak	5.52893211474245e-27	119670
1	410	roadmap_epigenomics	26.3685662267392	1.83314085505518	918	111	89	1069	1069	423	656	2861	3748	roadmap_epigenomics H3K9me3	NA	NA	H3K9me3	NA	NA	E041-H3K9me3.narrowPeak	1.1823688501629e-26	98944
1	428	roadmap_epigenomics	25.9225243724996	1.79393324364135	975	112	101	1053	1053	422	715	2804	3689	roadmap_epigenomics H3K9me3	NA	NA	H3K9me3	NA	NA	E044-H3K9me3.narrowPeak	3.28999486928088e-26	145102
1	434	roadmap_epigenomics	25.8985969006285	1.84577293504811	875	113	86	1072	1072	424	618	2904	3786	roadmap_epigenomics H3K9me3	NA	NA	H3K9me3	NA	NA	E045-H3K9me3.narrowPeak	3.47208856711526e-26	83794
1	1062	roadmap_epigenomics	25.5897082067906	1.63071599480364	1587	114	135	840	840	363	1354	2192	3050	roadmap_epigenomics H3K9me3	NA	NA	H3K9me3	NA	NA	E125-H3K9me3.narrowPeak	7.04510861015939e-26	149930
1	385	roadmap_epigenomics	25.4091212822585	1.91685389019562	753	115	73	1096	1096	428	506	3026	3898	roadmap_epigenomics H3K9me3	NA	NA	H3K9me3	NA	NA	E037-H3K9me3.narrowPeak	1.06000624119059e-25	66247
1	599	roadmap_epigenomics	25.37308375685	1.67392181695862	1308	116	125	955	955	399	1058	2471	3346	roadmap_epigenomics H3K27me3	NA	NA	H3K27me3	NA	NA	E071-H3K27me3.narrowPeak	1.15032480693996e-25	129447
1	497	roadmap_epigenomics	24.9571196345405	1.68148689774887	1242	117	124	984	984	408	993	2537	3411	roadmap_epigenomics H3K9me3	NA	NA	H3K9me3	NA	NA	E054-H3K9me3.narrowPeak	2.98324618282838e-25	152197
1	612	roadmap_epigenomics	24.9120523237895	1.66175501292126	1324	118	128	949	949	398	1079	2455	3325	roadmap_epigenomics H3K27me3	NA	NA	H3K27me3	NA	NA	E073-H3K27me3.narrowPeak	3.30150855315687e-25	123448
1	492	roadmap_epigenomics	24.5647533076505	1.64532418423793	1374	119	131	926	926	392	1135	2405	3269	roadmap_epigenomics H3K9me3	NA	NA	H3K9me3	NA	NA	E053-H3K9me3.narrowPeak	7.31897336747734e-25	206695
1	305	roadmap_epigenomics	24.547616271503	1.67150051065692	1250	120	126	981	981	409	1005	2529	3399	roadmap_epigenomics H3K27me3	NA	NA	H3K27me3	NA	NA	E026-H3K27me3.narrowPeak	7.6044537421866e-25	281141
1	1050	roadmap_epigenomics	24.2460861087891	1.62882934899147	1435	121	136	897	897	385	1203	2344	3201	roadmap_epigenomics H3K9me3	NA	NA	H3K9me3	NA	NA	E124-H3K9me3.narrowPeak	1.51901367034281e-24	220527
1	398	roadmap_epigenomics	24.0435511877681	1.75307646029889	968	122	111	1056	1056	430	723	2811	3681	roadmap_epigenomics H3K9me3	NA	NA	H3K9me3	NA	NA	E039-H3K9me3.narrowPeak	2.41580885247228e-24	85095
1	546	roadmap_epigenomics	23.3429815177468	1.61214398056363	1437	123	140	895	895	386	1214	2342	3190	roadmap_epigenomics H3K27me3	NA	NA	H3K27me3	NA	NA	E062-H3K27me3.narrowPeak	1.19251024677321e-23	117101
1	412	roadmap_epigenomics	23.1591799903732	1.64331256980488	1254	124	132	980	980	412	1022	2525	3382	roadmap_epigenomics H3K27me3	NA	NA	H3K27me3	NA	NA	E042-H3K27me3.narrowPeak	1.81655662315893e-23	132585
1	638	roadmap_epigenomics	22.6348960610278	1.73839787293749	925	125	116	1068	1068	436	692	2854	3712	roadmap_epigenomics H3K9me3	NA	NA	H3K9me3	NA	NA	E076-H3K9me3.narrowPeak	6.04659025011743e-23	64003
1	1118	ucsc_features	22.0848979677457	1.62655155318828	2903	126	137	27	137	96.7	2954	876	1450	UCSC Nested repeats	NA	NA	NA	NA	NA	nestedRepeats.bed	2.13548082780286e-22	574736
1	799	roadmap_epigenomics	22.0472552166819	1.59291835979916	2744	127	142	83	142	117	2751	1035	1653	roadmap_epigenomics H3K9me3	NA	NA	H3K9me3	NA	NA	E096-H3K9me3.narrowPeak	2.32614425169201e-22	438415
1	369	roadmap_epigenomics	21.7876744409714	1.61259985360265	1271	128	139	971	971	413	1053	2508	3351	roadmap_epigenomics H3K9me3	NA	NA	H3K9me3	NA	NA	E034-H3K9me3.narrowPeak	4.22392514798181e-22	176448
1	365	roadmap_epigenomics	21.6981330934347	1.53900931837991	2127	129	156	558	558	281	2006	1652	2398	roadmap_epigenomics H3K27me3	NA	NA	H3K27me3	NA	NA	E034-H3K27me3.narrowPeak	5.17317780813893e-22	387733
1	394	roadmap_epigenomics	21.560517396341	1.622979982111	1203	130	138	995	995	421	984	2576	3420	roadmap_epigenomics H3K27me3	NA	NA	H3K27me3	NA	NA	E039-H3K27me3.narrowPeak	7.09372258682081e-22	115142
1	352	roadmap_epigenomics	21.4539853902747	1.63386547341146	1150	131	134	1016	1016	427	930	2629	3474	roadmap_epigenomics H3K9me3	NA	NA	H3K9me3	NA	NA	E032-H3K9me3.narrowPeak	9.02435785467687e-22	126853
1	787	roadmap_epigenomics	21.312363783399	1.54606298317259	1709	132	153	792	792	359	1533	2070	2871	roadmap_epigenomics H3K9me3	NA	NA	H3K9me3	NA	NA	E094-H3K9me3.narrowPeak	1.24751672040067e-21	157542
1	993	roadmap_epigenomics	21.0845403033492	1.65176162518471	1059	133	130	1034	1034	432	840	2720	3564	roadmap_epigenomics H3K27me3	NA	NA	H3K27me3	NA	NA	E120-H3K27me3.narrowPeak	2.1055954461508e-21	126488
1	416	roadmap_epigenomics	20.9005660924865	1.7598710735534	795	134	109	1090	1090	444	579	2984	3825	roadmap_epigenomics H3K9me3	NA	NA	H3K9me3	NA	NA	E042-H3K9me3.narrowPeak	3.2089354961452e-21	78727
1	456	roadmap_epigenomics	20.7138603850957	1.77964239704319	754	135	104	1095	1095	445	541	3025	3863	roadmap_epigenomics H3K9me3	NA	NA	H3K9me3	NA	NA	E048-H3K9me3.narrowPeak	4.92131066860636e-21	50821
1	424	roadmap_epigenomics	20.6784444111084	1.55319432900235	1515	136	149	863	863	383	1326	2264	3078	roadmap_epigenomics H3K27me3	NA	NA	H3K27me3	NA	NA	E044-H3K27me3.narrowPeak	5.32737263815619e-21	189790
1	375	roadmap_epigenomics	20.2446745391851	1.54621889719289	1507	137	152	865	865	385	1322	2272	3082	roadmap_epigenomics H3K27me3	NA	NA	H3K27me3	NA	NA	E036-H3K27me3.narrowPeak	1.44148986388304e-20	292043
1	553	roadmap_epigenomics	20.0694402670572	1.56297692707039	1360	138	146	933	933	406	1165	2419	3239	roadmap_epigenomics H3K27me3	NA	NA	H3K27me3	NA	NA	E063-H3K27me3.narrowPeak	2.155542147597e-20	207798
1	392	roadmap_epigenomics	19.7870522420491	1.77937166925611	713	139	105	1102	1102	449	509	3066	3895	roadmap_epigenomics H3K9me3	NA	NA	H3K9me3	NA	NA	E038-H3K9me3.narrowPeak	4.12066684405061e-20	43418
1	481	roadmap_epigenomics	19.6546764918235	1.55811792973565	1340	140	148	940	940	409	1148	2439	3256	roadmap_epigenomics H3K27me3	NA	NA	H3K27me3	NA	NA	E052-H3K27me3.narrowPeak	5.5765860207052e-20	291852
1	1099	roadmap_epigenomics	19.5391974794079	2.32447412910649	346	141	14	1120	1120	425	183	3433	4221	roadmap_epigenomics H3K9me3	NA	NA	H3K9me3	NA	NA	E128-H3K9me3.narrowPeak	7.25896585774809e-20	16125
1	1017	roadmap_epigenomics	19.2898298805968	1.57441492138647	1211	142	144	991	991	426	1015	2568	3389	roadmap_epigenomics H3K27me3	NA	NA	H3K27me3	NA	NA	E122-H3K27me3.narrowPeak	1.2860914815026e-19	176690
1	348	roadmap_epigenomics	19.1744317462622	1.53148978864577	1464	143	158	880	880	394	1287	2315	3117	roadmap_epigenomics H3K27me3	NA	NA	H3K27me3	NA	NA	E032-H3K27me3.narrowPeak	1.67379269838346e-19	178963
1	855	roadmap_epigenomics	18.8315687861585	2.21902680875366	366	144	17	1118	1118	426	203	3413	4201	roadmap_epigenomics H3K27me3	NA	NA	H3K27me3	NA	NA	E104-H3K27me3.narrowPeak	3.66566873559546e-19	18466
1	631	roadmap_epigenomics	18.6258487030176	1.51536202754974	1516	145	162	861	861	389	1350	2263	3054	roadmap_epigenomics H3K9me3	NA	NA	H3K9me3	NA	NA	E075-H3K9me3.narrowPeak	5.88020704992125e-19	149780
1	976	roadmap_epigenomics	18.3777844583029	1.99292994495974	461	146	52	1115	1115	438	287	3318	4117	roadmap_epigenomics H3K9me3	NA	NA	H3K9me3	NA	NA	E118-H3K9me3.narrowPeak	1.03871665667547e-18	97122
1	834	roadmap_epigenomics	18.0413716631777	1.51533642780268	1420	147	163	906	906	405	1252	2359	3152	roadmap_epigenomics H3K27me3	NA	NA	H3K27me3	NA	NA	E101-H3K27me3.narrowPeak	2.24633335336965e-18	178729
1	661	roadmap_epigenomics	18.0100961524402	1.48212166022632	1831	148	171	726	726	348	1709	1948	2695	roadmap_epigenomics H3K27me3	NA	NA	H3K27me3	NA	NA	E080-H3K27me3.narrowPeak	2.40876938373853e-18	290737
1	587	roadmap_epigenomics	17.8832445843326	1.59848493418103	992	149	141	1048	1048	446	802	2787	3602	roadmap_epigenomics H3K27me3	NA	NA	H3K27me3	NA	NA	E069-H3K27me3.narrowPeak	3.21528127914019e-18	78271
1	360	roadmap_epigenomics	17.780849758761	1.79379622640619	609	150	102	1109	1109	454	426	3170	3978	roadmap_epigenomics H3K9me3	NA	NA	H3K9me3	NA	NA	E033-H3K9me3.narrowPeak	4.05686594847029e-18	37434
1	901	roadmap_epigenomics	17.6807948065274	1.54417452407331	1193	151	155	1000	1000	435	1013	2586	3391	roadmap_epigenomics H3K27me3	NA	NA	H3K27me3	NA	NA	E111-H3K27me3.narrowPeak	5.09682161668961e-18	155817
1	652	roadmap_epigenomics	17.6552965265062	1.54462226834858	1188	152	154	1004	1004	437	1008	2591	3396	roadmap_epigenomics H3K27me3	NA	NA	H3K27me3	NA	NA	E079-H3K27me3.narrowPeak	5.39915005967358e-18	85895
1	981	roadmap_epigenomics	17.6076601844982	1.53255152279146	1247	153	157	982	982	431	1071	2532	3333	roadmap_epigenomics H3K27me3	NA	NA	H3K27me3	NA	NA	E119-H3K27me3.narrowPeak	6.01199549348755e-18	181513
1	1114	ucsc_features	17.4315374323738	1.72542763675909	684	154	118	1104	1104	459	500	3095	3904	UCSC Genomic superdups	NA	NA	NA	NA	NA	genomicSuperDups.bed	8.98939754134676e-18	49852
1	167	roadmap_epigenomics	17.4027119957662	1.50491223826723	1404	155	165	912	912	411	1242	2375	3162	roadmap_epigenomics H3K27me3	NA	NA	H3K27me3	NA	NA	E009-H3K27me3.narrowPeak	9.58557174320726e-18	215158
1	724	roadmap_epigenomics	17.1331959617045	1.72519656861158	670	156	119	1106	1106	460	489	3109	3915	roadmap_epigenomics H3K9me3	NA	NA	H3K9me3	NA	NA	E087-H3K9me3.narrowPeak	1.77909064579837e-17	39484
1	656	roadmap_epigenomics	17.0935998927769	1.46709348175192	2322	157	173	401	401	244	2293	1457	2111	roadmap_epigenomics H3K9me3	NA	NA	H3K9me3	NA	NA	E079-H3K9me3.narrowPeak	1.94682498219868e-17	258176
1	400	roadmap_epigenomics	17.0503582723786	1.55096262819689	1097	158	150	1024	1024	444	919	2682	3485	roadmap_epigenomics H3K27me3	NA	NA	H3K27me3	NA	NA	E040-H3K27me3.narrowPeak	2.14833398430059e-17	76554
1	639	roadmap_epigenomics	16.7312552932524	1.49595248662322	1370	159	167	930	930	419	1213	2409	3191	roadmap_epigenomics H3K27me3	NA	NA	H3K27me3	NA	NA	E077-H3K27me3.narrowPeak	4.46008204493402e-17	151995
1	1103	roadmap_epigenomics	16.3654686212725	1.48911354878556	1366	160	169	931	931	420	1213	2413	3191	roadmap_epigenomics H3K27me3	NA	NA	H3K27me3	NA	NA	E129-H3K27me3.narrowPeak	1.03213924676479e-16	309622
1	298	roadmap_epigenomics	16.1492322541324	1.49059777967177	1322	161	168	950	950	426	1168	2457	3236	roadmap_epigenomics H3K27me3	NA	NA	H3K27me3	NA	NA	E025-H3K27me3.narrowPeak	1.69453149123681e-16	300249
1	334	roadmap_epigenomics	15.6962393052372	1.44093418052842	1826	162	174	729	729	355	1733	1953	2671	roadmap_epigenomics H3K27me3	NA	NA	H3K27me3	NA	NA	E030-H3K27me3.narrowPeak	4.78848854004027e-16	255104
1	387	roadmap_epigenomics	15.616031942357	1.52580653908673	1063	163	159	1031	1031	451	899	2716	3505	roadmap_epigenomics H3K27me3	NA	NA	H3K27me3	NA	NA	E038-H3K27me3.narrowPeak	5.74153254057642e-16	62829
1	929	roadmap_epigenomics	15.2760808453609	1.52172432190799	1046	164	161	1036	1036	454	885	2733	3519	roadmap_epigenomics H3K9me3	NA	NA	H3K9me3	NA	NA	E114-H3K9me3.narrowPeak	1.25200280327711e-15	103230
1	1121	ucsc_features	15.0772482524389	1.54951244792896	3120	165	151	6	165	107	3318	659	1086	UCSC Simple repeats	NA	NA	NA	NA	NA	simpleRepeat.bed	1.97688307189285e-15	958537
1	580	roadmap_epigenomics	14.9871122736103	1.59048628546411	801	166	143	1087	1087	465	637	2978	3767	roadmap_epigenomics H3K27me3	NA	NA	H3K27me3	NA	NA	E068-H3K27me3.narrowPeak	2.42775343725774e-15	52286
1	813	roadmap_epigenomics	14.9421306800656	1.56682617826658	860	167	145	1077	1077	463	697	2919	3707	roadmap_epigenomics H3K27me3	NA	NA	H3K27me3	NA	NA	E098-H3K27me3.narrowPeak	2.68704970621656e-15	34318
1	476	roadmap_epigenomics	14.5803906599851	1.47499235497757	1203	168	172	995	995	445	1059	2576	3345	roadmap_epigenomics H3K27me3	NA	NA	H3K27me3	NA	NA	E051-H3K27me3.narrowPeak	6.14180048349663e-15	236036
1	370	roadmap_epigenomics	12.9694797009419	1.55855115039122	733	169	147	1101	1101	472	589	3046	3815	roadmap_epigenomics H3K27me3	NA	NA	H3K27me3	NA	NA	E035-H3K27me3.narrowPeak	2.48660197315704e-13	55503
1	468	roadmap_epigenomics	12.7752180551861	1.43557607955575	1194	170	176	999	999	448	1072	2585	3332	roadmap_epigenomics H3K27me3	NA	NA	H3K27me3	NA	NA	E050-H3K27me3.narrowPeak	3.88525888670354e-13	188829
1	540	roadmap_epigenomics	12.6407432831801	1.38369205132647	2261	171	184	444	444	266	2283	1518	2121	roadmap_epigenomics H3K27me3	NA	NA	H3K27me3	NA	NA	E061-H3K27me3.narrowPeak	5.28445499780241e-13	303846
1	293	roadmap_epigenomics	12.3104039948671	1.37411145224886	2057	172	186	612	612	323	2048	1722	2356	roadmap_epigenomics H3K27me3	NA	NA	H3K27me3	NA	NA	E024-H3K27me3.narrowPeak	1.12720041854241e-12	222597
1	439	roadmap_epigenomics	12.0462501290662	1.41472412520197	1223	173	178	988	988	446	1113	2556	3291	roadmap_epigenomics H3K27me3	NA	NA	H3K27me3	NA	NA	E046-H3K27me3.narrowPeak	2.06241914293111e-12	116582
1	879	roadmap_epigenomics	11.9658616352856	1.39586528108055	1375	174	179	925	925	426	1280	2404	3124	roadmap_epigenomics H3K27me3	NA	NA	H3K27me3	NA	NA	E108-H3K27me3.narrowPeak	2.47673253538938e-12	189539
1	1074	roadmap_epigenomics	11.8602467988558	1.81708456616522	364	175	94	1119	1119	463	244	3415	4160	roadmap_epigenomics H3K9me3	NA	NA	H3K9me3	NA	NA	E126-H3K9me3.narrowPeak	3.1553785236494e-12	12150
1	899	roadmap_epigenomics	11.1918379672179	1.48667232528891	777	176	170	1093	1093	480	653	3002	3751	roadmap_epigenomics H3K9me3	NA	NA	H3K9me3	NA	NA	E110-H3K9me3.narrowPeak	1.46155391338379e-11	32117
1	841	roadmap_epigenomics	11.0439450551961	1.39565940783106	1188	177	181	1004	1004	454	1089	2591	3315	roadmap_epigenomics H3K27me3	NA	NA	H3K27me3	NA	NA	E102-H3K27me3.narrowPeak	2.05243024148417e-11	129148
1	233	roadmap_epigenomics	10.5644527077876	1.37717753537324	1246	178	185	983	983	449	1159	2533	3245	roadmap_epigenomics H3K27me3	NA	NA	H3K27me3	NA	NA	E017-H3K27me3.narrowPeak	6.1785048176776e-11	299272
1	534	roadmap_epigenomics	10.1537144068439	1.39097133982591	1065	179	182	1030	1030	464	969	2714	3435	roadmap_epigenomics H3K27me3	NA	NA	H3K27me3	NA	NA	E059-H3K27me3.narrowPeak	1.58442710867724e-10	100360
1	783	roadmap_epigenomics	9.9660035046825	1.38968999226496	1042	180	183	1037	1037	467	947	2737	3457	roadmap_epigenomics H3K27me3	NA	NA	H3K27me3	NA	NA	E094-H3K27me3.narrowPeak	2.43618962274793e-10	42768
1	690	roadmap_epigenomics	9.86051002464206	1.3288850357747	1739	181	193	773	773	382	1721	2040	2683	roadmap_epigenomics H3K9me3	NA	NA	H3K9me3	NA	NA	E083-H3K9me3.narrowPeak	3.09980403361835e-10	79957
1	1079	roadmap_epigenomics	9.77492210853749	1.34426172925435	1402	182	191	914	914	429	1343	2377	3061	roadmap_epigenomics H3K27me3	NA	NA	H3K27me3	NA	NA	E127-H3K27me3.narrowPeak	3.7675026451957e-10	230204
1	8	roadmap_epigenomics	9.41786447050704	1.31893847072114	2277	183	195	435	435	271	2355	1502	2049	roadmap_epigenomics H3K36me3	NA	NA	H3K36me3	NA	NA	E002-H3K36me3.narrowPeak	8.56401777236375e-10	284615
1	717	roadmap_epigenomics	9.38658895728791	1.43771472833185	750	184	175	1097	1097	485	647	3029	3757	roadmap_epigenomics H3K9me3	NA	NA	H3K9me3	NA	NA	E086-H3K9me3.narrowPeak	9.19432522308404e-10	29160
1	695	roadmap_epigenomics	9.31807277104081	1.33454013618972	1389	185	192	918	918	432	1336	2390	3068	roadmap_epigenomics H3K27me3	NA	NA	H3K27me3	NA	NA	E084-H3K27me3.narrowPeak	1.07441217032681e-09	193037
1	1000	roadmap_epigenomics	8.83189573402909	1.52559942279256	501	186	160	1114	1114	487	401	3278	4003	roadmap_epigenomics H3K9me3	NA	NA	H3K9me3	NA	NA	E120-H3K9me3.narrowPeak	3.28461557085344e-09	18061
1	872	roadmap_epigenomics	8.74802216862021	1.32127702211393	1384	187	194	921	921	434	1340	2395	3064	roadmap_epigenomics H3K27me3	NA	NA	H3K27me3	NA	NA	E107-H3K27me3.narrowPeak	3.98040305777736e-09	192092
1	918	roadmap_epigenomics	8.63426358522076	1.30126983381207	2254	188	198	452	452	279	2342	1525	2062	roadmap_epigenomics H3K9me3	NA	NA	H3K9me3	NA	NA	E113-H3K9me3.narrowPeak	5.16719677486431e-09	275470
1	952	roadmap_epigenomics	8.45635059834286	1.35731137172386	984	189	189	1050	1050	476	907	2795	3497	roadmap_epigenomics H3K9me3	NA	NA	H3K9me3	NA	NA	E116-H3K9me3.narrowPeak	7.76797819804925e-09	59492
1	685	roadmap_epigenomics	8.29418116638285	1.35816342375332	950	190	188	1064	1064	481	873	2829	3531	roadmap_epigenomics H3K27me3	NA	NA	H3K27me3	NA	NA	E083-H3K27me3.narrowPeak	0.0000000112620937999958	94590
1	646	roadmap_epigenomics	8.07738955240666	1.31190566584103	1288	191	196	967	967	451	1245	2491	3159	roadmap_epigenomics H3K27me3	NA	NA	H3K27me3	NA	NA	E078-H3K27me3.narrowPeak	0.0000000185345584610336	107890
1	101	roadmap_epigenomics	8.02492774405371	1.34618523385047	975	192	190	1053	1053	478	904	2804	3500	roadmap_epigenomics H3K27me3	NA	NA	H3K27me3	NA	NA	E006-H3K27me3.narrowPeak	0.0000000208731646996867	117340
1	177	roadmap_epigenomics	7.83505630393022	1.28035085065028	1994	193	200	643	643	345	2052	1785	2352	roadmap_epigenomics H3K9me3	NA	NA	H3K9me3	NA	NA	E010-H3K9me3.narrowPeak	0.0000000322873569529871	226115
1	728	roadmap_epigenomics	7.73649609583463	1.30957117255514	1212	194	197	989	989	460	1167	2567	3237	roadmap_epigenomics H3K27me3	NA	NA	H3K27me3	NA	NA	E088-H3K27me3.narrowPeak	0.0000000404333264380244	203560
1	1122	ucsc_features	7.52233996186923	1.51375075869356	3483	195	164	3	195	121	3902	296	502	UCSC Switch DB TSSs	NA	NA	NA	NA	NA	switchDbTss.bed	0.0000000661408266082908	131751
1	381	roadmap_epigenomics	7.51221831124627	1.36275513109741	799	196	187	1088	1088	490	724	2980	3680	roadmap_epigenomics H3K27me3	NA	NA	H3K27me3	NA	NA	E037-H3K27me3.narrowPeak	0.000000067634097399796	36137
1	171	roadmap_epigenomics	6.98456289954836	1.26536057498223	1652	197	202	814	814	404	1675	2127	2729	roadmap_epigenomics H3K9me3	NA	NA	H3K9me3	NA	NA	E009-H3K9me3.narrowPeak	0.000000226829477088605	190181
1	1038	roadmap_epigenomics	6.97218429973973	1.42098660547502	544	198	177	1112	1112	496	466	3235	3938	roadmap_epigenomics H3K9me3	NA	NA	H3K9me3	NA	NA	E123-H3K9me3.narrowPeak	0.000000233160516438562	22127
1	343	roadmap_epigenomics	6.9554223105962	1.39567799714592	607	199	180	1110	1110	496	531	3172	3873	roadmap_epigenomics H3K9me3	NA	NA	H3K9me3	NA	NA	E031-H3K9me3.narrowPeak	0.000000242099742025318	25266
1	1111	ucsc_features	6.79412939434566	1.27675437677842	2667	200	201	109	201	170	2874	1112	1530	UCSC coriellDelDup table	NA	NA	NA	NA	NA	coriellDelDup.bed	0.000000350642846158958	864
1	769	roadmap_epigenomics	5.98731039421649	1.23729222103533	2192	201	207	501	501	303	2323	1587	2081	roadmap_epigenomics H3K9me3	NA	NA	H3K9me3	NA	NA	E092-H3K9me3.narrowPeak	0.00000224088546889297	273587
1	1055	roadmap_epigenomics	5.78021270699222	1.25175908633584	1255	202	205	979	979	462	1252	2524	3152	roadmap_epigenomics H3K27me3	NA	NA	H3K27me3	NA	NA	E125-H3K27me3.narrowPeak	0.00000360310158071469	199061
1	452	roadmap_epigenomics	5.54691669284429	1.29602257625508	786	203	199	1091	1091	498	742	2993	3662	roadmap_epigenomics H3K27me3	NA	NA	H3K27me3	NA	NA	E048-H3K27me3.narrowPeak	0.00000614180050183699	34760
1	132	roadmap_epigenomics	5.49333504873915	1.22285835473089	1961	204	210	659	659	358	2064	1818	2340	roadmap_epigenomics H3K9me3	NA	NA	H3K9me3	NA	NA	E007-H3K9me3.narrowPeak	0.00000694159314599109	151755
1	964	roadmap_epigenomics	5.41992539872184	1.23665383184272	1332	205	208	945	945	453	1346	2447	3058	roadmap_epigenomics H3K9me3	NA	NA	H3K9me3	NA	NA	E117-H3K9me3.narrowPeak	0.00000821203920199587	92881
1	1092	roadmap_epigenomics	5.2737842891631	1.25058949311197	1069	206	206	1029	1029	480	1056	2710	3348	roadmap_epigenomics H3K27me3	NA	NA	H3K27me3	NA	NA	E128-H3K27me3.narrowPeak	0.0000114751334218581	130551
1	704	roadmap_epigenomics	5.11292768774443	1.21924387674548	1537	207	212	856	856	425	1585	2242	2819	roadmap_epigenomics H3K27me3	NA	NA	H3K27me3	NA	NA	E085-H3K27me3.narrowPeak	0.0000165875240486565	218555
1	7	roadmap_epigenomics	4.85611475801834	1.22496918861074	1236	208	209	986	986	468	1251	2543	3153	roadmap_epigenomics H3K27me3	NA	NA	H3K27me3	NA	NA	E002-H3K27me3.narrowPeak	0.0000299063429578354	95078
1	493	roadmap_epigenomics	4.63080110058654	1.25602064657462	819	209	204	1084	1084	499	795	2960	3609	roadmap_epigenomics H3K27me3	NA	NA	H3K27me3	NA	NA	E054-H3K27me3.narrowPeak	0.0000501951746496724	89616
1	894	roadmap_epigenomics	4.37564658494164	1.20395470380087	1351	210	214	936	936	453	1392	2428	3012	roadmap_epigenomics H3K27me3	NA	NA	H3K27me3	NA	NA	E110-H3K27me3.narrowPeak	0.0000900686945005216	119289
1	1067	roadmap_epigenomics	4.36347426672224	1.25635608701531	745	211	203	1099	1099	504	720	3034	3684	roadmap_epigenomics H3K27me3	NA	NA	H3K27me3	NA	NA	E126-H3K27me3.narrowPeak	0.0000925406976329198	70203
1	1043	roadmap_epigenomics	4.23682596826866	1.19677614416939	1422	212	216	904	904	444	1476	2357	2928	roadmap_epigenomics H3K27me3	NA	NA	H3K27me3	NA	NA	E124-H3K27me3.narrowPeak	0.00012352167515741	160742
1	914	roadmap_epigenomics	3.97675605429677	1.20035852872118	1160	213	215	1014	1014	481	1187	2619	3217	roadmap_epigenomics H3K27me3	NA	NA	H3K27me3	NA	NA	E113-H3K27me3.narrowPeak	0.000223958747454832	57437
1	488	roadmap_epigenomics	3.79822474317095	1.20616055533911	984	214	213	1050	1050	492	995	2795	3409	roadmap_epigenomics H3K27me3	NA	NA	H3K27me3	NA	NA	E053-H3K27me3.narrowPeak	0.000336875653376044	115999
1	273	roadmap_epigenomics	3.59525433992362	1.170128950496	1667	215	217	808	808	413	1774	2112	2630	roadmap_epigenomics H3K27me3	NA	NA	H3K27me3	NA	NA	E021-H3K27me3.narrowPeak	0.000536564761722288	95847
1	356	roadmap_epigenomics	3.36989607143761	1.22269222847132	676	216	211	1105	1105	511	666	3103	3738	roadmap_epigenomics H3K27me3	NA	NA	H3K27me3	NA	NA	E033-H3K27me3.narrowPeak	0.000898993342960052	39591
1	320	roadmap_epigenomics	2.97225023443659	1.15201636234557	1490	217	220	873	873	437	1590	2289	2814	roadmap_epigenomics H3K27me3	NA	NA	H3K27me3	NA	NA	E028-H3K27me3.narrowPeak	0.00223547618015708	124081
1	673	roadmap_epigenomics	2.78915952385102	1.15907573143556	1089	218	219	1027	1027	488	1140	2690	3264	roadmap_epigenomics H3K9me3	NA	NA	H3K9me3	NA	NA	E081-H3K9me3.narrowPeak	0.00339817661346573	24119
1	626	roadmap_epigenomics	2.48827243956716	1.13167297915108	1607	219	224	832	832	425	1741	2172	2663	roadmap_epigenomics H3K27me3	NA	NA	H3K27me3	NA	NA	E075-H3K27me3.narrowPeak	0.00678148867817924	185405
1	1115	ucsc_features	2.4479912842039	1.5039567665104	3707	220	166	2	220	129	4279	72	125	UCSC LaminBq	NA	NA	NA	NA	NA	laminB1.bed	0.00743366121403719	2859551
1	179	roadmap_epigenomics	2.28706393367259	1.12901069239365	1327	221	225	948	948	465	1427	2452	2977	roadmap_epigenomics H3K27me3	NA	NA	H3K27me3	NA	NA	E011-H3K27me3.narrowPeak	0.0107578889625399	107312
1	633	roadmap_epigenomics	2.19430457457101	1.13888563144923	963	222	223	1059	1059	501	1017	2816	3387	roadmap_epigenomics H3K27me3	NA	NA	H3K27me3	NA	NA	E076-H3K27me3.narrowPeak	0.0133071095644997	65497
1	74	roadmap_epigenomics	2.19305206387263	1.14016508499907	939	223	222	1067	1067	504	990	2840	3414	roadmap_epigenomics H3K23ac	NA	NA	H3K23ac	NA	NA	E005-H3K23ac.narrowPeak	0.0133331858445956	26230
1	747	roadmap_epigenomics	2.14451654619803	1.11695510830288	1684	224	226	800	800	417	1843	2095	2561	roadmap_epigenomics H3K27me3	NA	NA	H3K27me3	NA	NA	E090-H3K27me3.narrowPeak	0.0148959261927662	283720
1	205	roadmap_epigenomics	1.92474787043232	1.11003501041717	1476	225	228	876	876	443	1612	2303	2792	roadmap_epigenomics H3K27me3	NA	NA	H3K27me3	NA	NA	E015-H3K27me3.narrowPeak	0.0246622913980909	125743
1	819	roadmap_epigenomics	1.91494229829325	1.14722007192943	647	226	221	1108	1108	518	672	3132	3732	roadmap_epigenomics H3K27me3	NA	NA	H3K27me3	NA	NA	E099-H3K27me3.narrowPeak	0.0252021836183995	40652
1	124	roadmap_epigenomics	1.6854410890451	1.09919181337478	1454	227	229	885	885	447	1597	2325	2807	roadmap_epigenomics H3K27me3	NA	NA	H3K27me3	NA	NA	E007-H3K27me3.narrowPeak	0.0425931507618164	54468
1	192	roadmap_epigenomics	1.4473476390501	1.08548926231953	2231	228	231	472	472	310	2512	1548	1892	roadmap_epigenomics H3K27me3	NA	NA	H3K27me3	NA	NA	E013-H3K27me3.narrowPeak	0.0734915424132664	207227
1	1117	ucsc_features	1.39747018358646	1.09384345667746	1016	229	230	1044	1044	501	1108	2763	3296	UCSC Microsatellites	NA	NA	NA	NA	NA	microsat.bed	0.0822095453392407	41258
1	329	roadmap_epigenomics	1.33690801844894	1.08534977778484	1204	230	232	994	994	485	1326	2575	3078	roadmap_epigenomics H3K27me3	NA	NA	H3K27me3	NA	NA	E029-H3K27me3.narrowPeak	0.0944251349755969	103373
1	85	roadmap_epigenomics	1.19500137624284	1.07589511358127	2575	231	234	172	234	212	2930	1204	1474	roadmap_epigenomics H3K9me3	NA	NA	H3K9me3	NA	NA	E005-H3K9me3.narrowPeak	0.130439967900241	286964
1	16	roadmap_epigenomics	1.08312670487957	1.07648729952207	2907	232	233	26	233	164	3329	872	1075	roadmap_epigenomics H2A.Z	NA	NA	H2A.Z	NA	NA	E003-H2A.Z.narrowPeak	0.168459585621114	280604
1	76	roadmap_epigenomics	1.069810375115	1.06598406399866	1438	233	235	893	893	454	1610	2341	2794	roadmap_epigenomics H3K27me3	NA	NA	H3K27me3	NA	NA	E005-H3K27me3.narrowPeak	0.173389927245617	76270
1	339	roadmap_epigenomics	1.05279577117573	1.11526244918169	346	234	227	1120	1120	527	365	3433	4039	roadmap_epigenomics H3K27me3	NA	NA	H3K27me3	NA	NA	E031-H3K27me3.narrowPeak	0.180154414012447	10222
1	53	roadmap_epigenomics	0.99920782382384	1.06255068950755	1340	235	236	940	940	470	1501	2439	2903	roadmap_epigenomics H3K27me3	NA	NA	H3K27me3	NA	NA	E004-H3K27me3.narrowPeak	0.203444897092594	77713
1	138	roadmap_epigenomics	0.920962942022925	1.0565012377355	2392	236	238	324	324	266	2731	1387	1673	roadmap_epigenomics H2A.Z	NA	NA	H2A.Z	NA	NA	E008-H2A.Z.narrowPeak	0.243388015161397	122323
1	912	roadmap_epigenomics	0.79338812467646	1.05888365868689	745	237	237	1099	1099	524	829	3034	3575	roadmap_epigenomics H3K9me3	NA	NA	H3K9me3	NA	NA	E112-H3K9me3.narrowPeak	0.325317606468143	29697
1	525	roadmap_epigenomics	0.728746397017615	1.0418307022219	2201	238	239	495	495	324	2521	1578	1883	roadmap_epigenomics H3K27me3	NA	NA	H3K27me3	NA	NA	E058-H3K27me3.narrowPeak	0.377188608115236	199828
1	848	roadmap_epigenomics	0.601151800040987	1.03145496909208	1728	239	241	781	781	420	1980	2051	2424	roadmap_epigenomics H3K27me3	NA	NA	H3K27me3	NA	NA	E103-H3K27me3.narrowPeak	0.50554845507526	164869
1	712	roadmap_epigenomics	0.529027189174099	1.0338110929039	658	240	240	1107	1107	529	746	3121	3658	roadmap_epigenomics H3K27me3	NA	NA	H3K27me3	NA	NA	E086-H3K27me3.narrowPeak	0.596344711107296	61387
1	677	roadmap_epigenomics	0.467065645052979	1.02045529336251	1294	241	242	963	963	482	1488	2485	2916	roadmap_epigenomics H3K27me3	NA	NA	H3K27me3	NA	NA	E082-H3K27me3.narrowPeak	0.686562237054648	117993
1	756	roadmap_epigenomics	0.44183619892648	1.0179289894893	1266	242	243	973	973	486	1458	2513	2946	roadmap_epigenomics H3K27me3	NA	NA	H3K27me3	NA	NA	E091-H3K27me3.narrowPeak	0.726976512815669	114417
1	54	roadmap_epigenomics	0.382329342814298	1.01286704367985	864	243	244	1076	1076	521	997	2915	3407	roadmap_epigenomics H3K36me3	NA	NA	H3K36me3	NA	NA	E004-H3K36me3.narrowPeak	0.832243328823136	16189
1	945	roadmap_epigenomics	0.353916039707749	1.01155281954977	507	244	245	1113	1113	534	585	3272	3819	roadmap_epigenomics H3K27me3	NA	NA	H3K27me3	NA	NA	E116-H3K27me3.narrowPeak	0.887719356256143	17339
1	249	roadmap_epigenomics	0.316942931627486	1.00302538137535	1622	245	246	827	827	439	1887	2157	2517	roadmap_epigenomics H3K27me3	NA	NA	H3K27me3	NA	NA	E018-H3K27me3.narrowPeak	0.965742196739361	130489
1	669	roadmap_epigenomics	0.262507403461601	0.99538203823716	980	246	247	1052	1052	515	1146	2799	3258	roadmap_epigenomics H3K27me3	NA	NA	H3K27me3	NA	NA	E081-H3K27me3.narrowPeak	1	82305
1	1119	ucsc_features	0.23489582625661	1.1654951733794	3	247	218	1123	1123	529	3	3776	4401	UCSC Numts assembled	NA	NA	NA	NA	NA	numtSAssembled.bed	1	78
1	721	roadmap_epigenomics	0.121120880685097	0.970544680097744	1960	248	248	661	661	386	2317	1819	2087	roadmap_epigenomics H3K4me1	NA	NA	H3K4me1	NA	NA	E087-H3K4me1.narrowPeak	1	167584
1	160	roadmap_epigenomics	0.089401103945285	0.961860527436465	2097	249	249	586	586	361	2486	1682	1918	roadmap_epigenomics H3K9me3	NA	NA	H3K9me3	NA	NA	E008-H3K9me3.narrowPeak	1	210217
1	21	roadmap_epigenomics	0.0392304053284214	0.931268922282552	820	250	253	1083	1083	529	1010	2959	3394	roadmap_epigenomics H2BK20ac	NA	NA	H2BK20ac	NA	NA	E003-H2BK20ac.narrowPeak	1	71225
1	699	roadmap_epigenomics	0.0376388161426485	0.940240188394925	2236	251	250	466	466	322	2671	1543	1733	roadmap_epigenomics H3K9me3	NA	NA	H3K9me3	NA	NA	E084-H3K9me3.narrowPeak	1	236782
1	150	roadmap_epigenomics	0.0350999371149895	0.929410594114286	855	252	254	1078	1078	528	1054	2924	3350	roadmap_epigenomics H3K27me3	NA	NA	H3K27me3	NA	NA	E008-H3K27me3.narrowPeak	1	38910
1	511	roadmap_epigenomics	0.0344877255359837	0.939479709266648	1882	253	251	698	698	401	2262	1897	2142	roadmap_epigenomics H3K27me3	NA	NA	H3K27me3	NA	NA	E056-H3K27me3.narrowPeak	1	290583
1	198	roadmap_epigenomics	0.0287070875843223	0.93282999166699	1306	254	252	956	956	487	1592	2473	2812	roadmap_epigenomics H3K27me3	NA	NA	H3K27me3	NA	NA	E014-H3K27me3.narrowPeak	1	90298
1	562	roadmap_epigenomics	0.0206018458142739	0.929052578093882	1838	255	255	719	719	410	2223	1941	2181	roadmap_epigenomics H3K4me1	NA	NA	H3K4me1	NA	NA	E065-H3K4me1.narrowPeak	1	190844
1	212	roadmap_epigenomics	0.0198769049076385	0.92601583274281	1372	256	256	927	927	480	1678	2407	2726	roadmap_epigenomics H3K27me3	NA	NA	H3K27me3	NA	NA	E016-H3K27me3.narrowPeak	1	84150
1	28	roadmap_epigenomics	0.0156813940248649	0.923738874084909	1712	257	257	790	790	435	2082	2067	2322	roadmap_epigenomics H3K27me3	NA	NA	H3K27me3	NA	NA	E003-H3K27me3.narrowPeak	1	123423
1	502	roadmap_epigenomics	0.0125103587225824	0.919512305716846	2041	258	258	618	618	378	2470	1738	1934	roadmap_epigenomics H3K27me3	NA	NA	H3K27me3	NA	NA	E055-H3K27me3.narrowPeak	1	302342
1	765	roadmap_epigenomics	0.00900941134588091	0.913956390038514	2018	259	259	630	630	383	2450	1761	1954	roadmap_epigenomics H3K27me3	NA	NA	H3K27me3	NA	NA	E092-H3K27me3.narrowPeak	1	273954
1	1024	roadmap_epigenomics	0.00889757658508747	0.900737986912957	884	260	262	1071	1071	531	1115	2895	3289	roadmap_epigenomics H3K9me1	NA	NA	H3K9me1	NA	NA	E122-H3K9me1.narrowPeak	1	25444
1	56	roadmap_epigenomics	0.00693149453250445	0.909734718820014	1696	261	260	797	797	439	2080	2083	2324	roadmap_epigenomics H3K4me1	NA	NA	H3K4me1	NA	NA	E004-H3K4me1.narrowPeak	1	125993
1	163	roadmap_epigenomics	0.00491889823302752	0.899896550986082	2439	262	263	294	294	273	2947	1340	1457	roadmap_epigenomics H4K5ac	NA	NA	H4K5ac	NA	NA	E008-H4K5ac.narrowPeak	1	136718
1	18	roadmap_epigenomics	0.00488564131907348	0.892290320933544	949	263	265	1065	1065	531	1203	2830	3201	roadmap_epigenomics H2BK120ac	NA	NA	H2BK120ac	NA	NA	E003-H2BK120ac.narrowPeak	1	62846
1	161	roadmap_epigenomics	0.00387375454948496	0.900857678801	1975	264	261	651	651	392	2416	1804	1988	roadmap_epigenomics H3T11ph	NA	NA	H3T11ph	NA	NA	E008-H3T11ph.narrowPeak	1	108647
1	774	roadmap_epigenomics	0.00359830892387516	0.894195300699645	1208	265	264	993	993	507	1517	2571	2887	roadmap_epigenomics H3K27me3	NA	NA	H3K27me3	NA	NA	E093-H3K27me3.narrowPeak	1	90546
1	147	roadmap_epigenomics	0.00168368588104446	0.889434010732264	1881	266	266	699	699	410	2321	1898	2083	roadmap_epigenomics H3K23ac	NA	NA	H3K23ac	NA	NA	E008-H3K23ac.narrowPeak	1	83775
1	19	roadmap_epigenomics	0.000673490701736524	0.877675873795331	1953	267	267	663	663	399	2419	1826	1985	roadmap_epigenomics H2BK12ac	NA	NA	H2BK12ac	NA	NA	E003-H2BK12ac.narrowPeak	1	175406
1	263	roadmap_epigenomics	0.000489094158102684	0.872393442556393	1506	268	268	866	866	467	1901	2273	2503	roadmap_epigenomics H3K27me3	NA	NA	H3K27me3	NA	NA	E020-H3K27me3.narrowPeak	1	96382
1	256	roadmap_epigenomics	0.000461686769340301	0.870675548893036	1424	269	269	903	903	480	1805	2355	2599	roadmap_epigenomics H3K27me3	NA	NA	H3K27me3	NA	NA	E019-H3K27me3.narrowPeak	1	67306
1	519	roadmap_epigenomics	0.000295083071012983	0.868368309732996	1782	270	270	751	751	430	2232	1997	2172	roadmap_epigenomics H3K27me3	NA	NA	H3K27me3	NA	NA	E057-H3K27me3.narrowPeak	1	98301
1	48	roadmap_epigenomics	0.000227715638413457	0.856347070095704	1137	271	271	1019	1019	520	1473	2642	2931	roadmap_epigenomics H2BK15ac	NA	NA	H2BK15ac	NA	NA	E004-H2BK15ac.narrowPeak	1	83199
1	20	roadmap_epigenomics	0.000224348729417425	0.855376222636309	1111	272	273	1021	1021	522	1442	2668	2962	roadmap_epigenomics H2BK15ac	NA	NA	H2BK15ac	NA	NA	E003-H2BK15ac.narrowPeak	1	56902
1	186	roadmap_epigenomics	0.00012649805274431	0.855781906223994	1388	273	272	919	919	488	1780	2391	2624	roadmap_epigenomics H3K27me3	NA	NA	H3K27me3	NA	NA	E012-H3K27me3.narrowPeak	1	75931
1	46	roadmap_epigenomics	0.000118544418565813	0.836336501636915	841	274	280	1080	1080	545	1123	2938	3281	roadmap_epigenomics H2AK5ac	NA	NA	H2AK5ac	NA	NA	E004-H2AK5ac.narrowPeak	1	52932
1	593	roadmap_epigenomics	0.000076246547320163	0.850455263616029	2258	275	274	448	448	332	2800	1521	1604	roadmap_epigenomics H3K27me3	NA	NA	H3K27me3	NA	NA	E070-H3K27me3.narrowPeak	1	132980
1	172	roadmap_epigenomics	0.0000594146423149328	0.844641424015636	2409	276	275	311	311	287	2975	1370	1429	roadmap_epigenomics H2A.Z	NA	NA	H2A.Z	NA	NA	E010-H2A.Z.narrowPeak	1	113363
1	908	roadmap_epigenomics	0.0000378200054923361	0.822223737999806	816	277	283	1085	1085	548	1105	2963	3299	roadmap_epigenomics H3K27me3	NA	NA	H3K27me3	NA	NA	E112-H3K27me3.narrowPeak	1	44640
1	1	roadmap_epigenomics	0.0000320045909535133	0.8427791284341	1425	278	277	901	901	485	1841	2354	2563	roadmap_epigenomics H3K27me3	NA	NA	H3K27me3	NA	NA	E001-H3K27me3.narrowPeak	1	93339
1	143	roadmap_epigenomics	0.000026663987138008	0.843663279184357	1973	279	276	652	652	402	2485	1806	1919	roadmap_epigenomics H2BK20ac	NA	NA	H2BK20ac	NA	NA	E008-H2BK20ac.narrowPeak	1	115394
1	51	roadmap_epigenomics	0.0000238660360120187	0.842209822361549	2029	280	278	625	625	394	2551	1750	1853	roadmap_epigenomics H3K23ac	NA	NA	H3K23ac	NA	NA	E004-H3K23ac.narrowPeak	1	111604
1	738	roadmap_epigenomics	0.0000136283037522346	0.838141921565897	1800	281	279	737	737	432	2292	1979	2112	roadmap_epigenomics H3K27me3	NA	NA	H3K27me3	NA	NA	E089-H3K27me3.narrowPeak	1	221319
1	1026	roadmap_epigenomics	0.0000101858379499716	0.808872150845556	814	282	285	1086	1086	551	1116	2965	3288	roadmap_epigenomics H4K20me1	NA	NA	H4K20me1	NA	NA	E122-H4K20me1.narrowPeak	1	49461
1	969	roadmap_epigenomics	0.00000479464771703534	0.828919168619163	1683	283	281	802	802	455	2167	2096	2237	roadmap_epigenomics H3K27me3	NA	NA	H3K27me3	NA	NA	E118-H3K27me3.narrowPeak	1	110851
1	1123	ucsc_features	0.00000354307577816005	0.379107158808876	22	284	1034	1122	1122	813	67	3757	4337	UCSC Vista enhancers	NA	NA	NA	NA	NA	vistaEnhancers.bed	1	1339
1	34	roadmap_epigenomics	0.00000324827401467558	0.824859890590649	2034	285	282	621	621	396	2579	1745	1825	roadmap_epigenomics H3K56ac	NA	NA	H3K56ac	NA	NA	E003-H3K56ac.narrowPeak	1	86476
1	686	roadmap_epigenomics	0.00000185438517692523	0.819404718178547	2109	286	284	574	574	381	2671	1670	1733	roadmap_epigenomics H3K36me3	NA	NA	H3K36me3	NA	NA	E083-H3K36me3.narrowPeak	1	221146
1	96	roadmap_epigenomics	0.000000614777326248463	0.806440622299128	2319	287	286	402	402	325	2921	1460	1483	roadmap_epigenomics H2BK5ac	NA	NA	H2BK5ac	NA	NA	E006-H2BK5ac.narrowPeak	1	169022
1	49	roadmap_epigenomics	0.000000325695159391594	0.798415738375158	1174	288	289	1010	1010	529	1589	2605	2815	roadmap_epigenomics H2BK5ac	NA	NA	H2BK5ac	NA	NA	E004-H2BK5ac.narrowPeak	1	64664
1	156	roadmap_epigenomics	0.000000191560232313713	0.790952546342852	2510	289	291	224	291	268	3146	1269	1258	roadmap_epigenomics H3K56ac	NA	NA	H3K56ac	NA	NA	E008-H3K56ac.narrowPeak	1	164562
1	272	roadmap_epigenomics	0.000000106126086692184	0.799824173070025	1976	290	287	650	650	409	2546	1803	1858	roadmap_epigenomics H3K27ac	NA	NA	H3K27ac	NA	NA	E021-H3K27ac.narrowPeak	1	103584
1	967	roadmap_epigenomics	0.000000101974796311948	0.797518525857345	1451	291	290	889	889	490	1932	2328	2472	roadmap_epigenomics H2A.Z	NA	NA	H2A.Z	NA	NA	E118-H2A.Z.narrowPeak	1	24224
1	720	roadmap_epigenomics	0.0000000772447990590158	0.798559169180951	1781	292	288	752	752	444	2323	1998	2081	roadmap_epigenomics H3K36me3	NA	NA	H3K36me3	NA	NA	E087-H3K36me3.narrowPeak	1	101681
1	164	roadmap_epigenomics	0.0000000529953947664359	0.786148405948085	2391	293	292	326	326	304	3024	1388	1380	roadmap_epigenomics H4K8ac	NA	NA	H4K8ac	NA	NA	E008-H4K8ac.narrowPeak	1	139450
1	10	roadmap_epigenomics	0.0000000285803443699208	0.768148595578312	2677	294	295	106	295	232	3346	1102	1058	roadmap_epigenomics H3K4me3	NA	NA	H3K4me3	NA	NA	E002-H3K4me3.narrowPeak	1	147544
1	17	roadmap_epigenomics	0.0000000127459203656805	0.785652613920926	1566	295	293	849	849	479	2087	2213	2317	roadmap_epigenomics H2AK5ac	NA	NA	H2AK5ac	NA	NA	E003-H2AK5ac.narrowPeak	1	102280
1	92	roadmap_epigenomics	0.0000000114265040560661	0.75110544749357	2819	296	298	50	298	215	3507	960	897	roadmap_epigenomics H2A.Z	NA	NA	H2A.Z	NA	NA	E006-H2A.Z.narrowPeak	1	201531
1	139	roadmap_epigenomics	1.85097565950326e-09	0.736470200028865	747	297	305	1098	1098	567	1104	3032	3300	roadmap_epigenomics H2AK5ac	NA	NA	H2AK5ac	NA	NA	E008-H2AK5ac.narrowPeak	1	27211
1	282	roadmap_epigenomics	1.29594734084296e-09	0.770974818348668	1494	298	294	871	871	488	2021	2285	2383	roadmap_epigenomics H3K27me3	NA	NA	H3K27me3	NA	NA	E022-H3K27me3.narrowPeak	1	68203
1	149	roadmap_epigenomics	1.13038552565957e-09	0.756452954295369	2495	299	297	239	299	278	3170	1284	1234	roadmap_epigenomics H3K27ac	NA	NA	H3K27ac	NA	NA	E008-H3K27ac.narrowPeak	1	220688
1	153	roadmap_epigenomics	2.62944327577645e-10	0.764000179333683	1673	300	296	805	805	467	2245	2106	2159	roadmap_epigenomics H3K4me1	NA	NA	H3K4me1	NA	NA	E008-H3K4me1.narrowPeak	1	135771
1	23	roadmap_epigenomics	2.12660243268663e-10	0.746674878659778	1061	301	301	1032	1032	545	1512	2718	2892	roadmap_epigenomics H3K14ac	NA	NA	H3K14ac	NA	NA	E003-H3K14ac.narrowPeak	1	30274
1	133	roadmap_epigenomics	1.7093876005893e-10	0.728168886109961	2753	302	308	78	308	229	3464	1026	940	roadmap_epigenomics H4K8ac	NA	NA	H4K8ac	NA	NA	E007-H4K8ac.narrowPeak	1	223512
1	829	roadmap_epigenomics	1.79365390946349e-11	0.750195765467261	1772	303	299	756	756	453	2381	2007	2023	roadmap_epigenomics H3K36me3	NA	NA	H3K36me3	NA	NA	E100-H3K36me3.narrowPeak	1	160205
1	9	roadmap_epigenomics	1.17119499469409e-11	0.748069917178056	1747	304	300	768	768	457	2355	2032	2049	roadmap_epigenomics H3K4me1	NA	NA	H3K4me1	NA	NA	E002-H3K4me1.narrowPeak	1	155088
1	286	roadmap_epigenomics	1.05167624848642e-11	0.732058451011728	2443	305	306	285	306	299	3145	1336	1259	roadmap_epigenomics H3K9me3	NA	NA	H3K9me3	NA	NA	E022-H3K9me3.narrowPeak	1	207447
1	25	roadmap_epigenomics	8.96949906474471e-12	0.72310946483114	951	306	311	1062	1062	560	1398	2828	3006	roadmap_epigenomics H3K23ac	NA	NA	H3K23ac	NA	NA	E003-H3K23ac.narrowPeak	1	29392
1	670	roadmap_epigenomics	4.04053208487707e-12	0.737744294329983	1357	307	304	935	935	515	1901	2422	2503	roadmap_epigenomics H3K36me3	NA	NA	H3K36me3	NA	NA	E081-H3K36me3.narrowPeak	1	55931
1	158	roadmap_epigenomics	2.79867117343997e-12	0.728525753056081	1149	308	307	1017	1017	544	1651	2630	2753	roadmap_epigenomics H3K79me2	NA	NA	H3K79me2	NA	NA	E008-H3K79me2.narrowPeak	1	81576
1	144	roadmap_epigenomics	2.63285506556509e-12	0.740811957345263	1755	309	302	764	764	458	2375	2024	2029	roadmap_epigenomics H2BK5ac	NA	NA	H2BK5ac	NA	NA	E008-H2BK5ac.narrowPeak	1	66830
1	36	roadmap_epigenomics	2.13559960743416e-12	0.739800328397732	1728	310	303	781	781	465	2345	2051	2059	roadmap_epigenomics H3K79me2	NA	NA	H3K79me2	NA	NA	E003-H3K79me2.narrowPeak	1	125042
1	30	roadmap_epigenomics	8.61096211259611e-13	0.711640165831809	953	311	319	1061	1061	564	1416	2826	2988	roadmap_epigenomics H3K4ac	NA	NA	H3K4ac	NA	NA	E003-H3K4ac.narrowPeak	1	34100
1	63	roadmap_epigenomics	7.13505892503363e-13	0.723229242122481	2334	312	310	389	389	337	3042	1445	1362	roadmap_epigenomics H4K8ac	NA	NA	H4K8ac	NA	NA	E004-H4K8ac.narrowPeak	1	131576
1	1077	roadmap_epigenomics	4.18228822244362e-13	0.715221379034979	2449	313	315	281	315	303	3172	1330	1232	roadmap_epigenomics H2A.Z	NA	NA	H2A.Z	NA	NA	E127-H2A.Z.narrowPeak	1	137462
1	920	roadmap_epigenomics	3.80716483795405e-13	0.720556974910264	2325	314	314	399	399	342	3036	1454	1368	roadmap_epigenomics H2A.Z	NA	NA	H2A.Z	NA	NA	E114-H2A.Z.narrowPeak	1	88217
1	24	roadmap_epigenomics	3.20446017135776e-13	0.710607723101898	2508	315	320	227	320	287	3238	1271	1166	roadmap_epigenomics H3K18ac	NA	NA	H3K18ac	NA	NA	E003-H3K18ac.narrowPeak	1	249755
1	516	roadmap_epigenomics	1.78882745045672e-13	0.722148566375455	2179	316	313	516	516	382	2878	1600	1526	roadmap_epigenomics	NA	NA	NA	NA	NA	E057-DNase.hotspot.all.peaks.bed	1	102170
1	26	roadmap_epigenomics	1.68468008406892e-13	0.71415606106374	2382	317	317	338	338	324	3104	1397	1300	roadmap_epigenomics H3K23me2	NA	NA	H3K23me2	NA	NA	E003-H3K23me2.narrowPeak	1	95590
1	120	roadmap_epigenomics	1.59451546594615e-13	0.706575575319078	2518	318	321	217	321	285	3253	1261	1151	roadmap_epigenomics H3K14ac	NA	NA	H3K14ac	NA	NA	E007-H3K14ac.narrowPeak	1	184207
1	116	roadmap_epigenomics	1.29605611504781e-13	0.722816587636651	2099	319	312	581	581	404	2790	1680	1614	roadmap_epigenomics H2BK120ac	NA	NA	H2BK120ac	NA	NA	E007-H2BK120ac.narrowPeak	1	114993
1	401	roadmap_epigenomics	1.22855319238906e-13	0.72577282756662	1570	320	309	846	846	492	2179	2209	2225	roadmap_epigenomics H3K36me3	NA	NA	H3K36me3	NA	NA	E040-H3K36me3.narrowPeak	1	157464
1	856	roadmap_epigenomics	7.71461973242698e-14	0.657132132576056	2983	321	355	13	355	230	3747	796	657	roadmap_epigenomics H3K36me3	NA	NA	H3K36me3	NA	NA	E104-H3K36me3.narrowPeak	1	300362
1	141	roadmap_epigenomics	3.70301747156478e-14	0.715211420251385	1315	322	316	952	952	530	1882	2464	2522	roadmap_epigenomics H2BK12ac	NA	NA	H2BK12ac	NA	NA	E008-H2BK12ac.narrowPeak	1	46023
1	321	roadmap_epigenomics	4.43590634614514e-15	0.712586829570783	1784	323	318	747	747	463	2451	1995	1953	roadmap_epigenomics H3K36me3	NA	NA	H3K36me3	NA	NA	E028-H3K36me3.narrowPeak	1	214696
1	1100	roadmap_epigenomics	4.05017535952382e-15	0.674300267356313	799	324	339	1088	1088	584	1253	2980	3151	roadmap_epigenomics H4K20me1	NA	NA	H4K20me1	NA	NA	E128-H4K20me1.narrowPeak	1	29799
1	666	roadmap_epigenomics	2.21795317307257e-15	0.702524419274307	2188	325	322	508	508	385	2915	1591	1489	roadmap_epigenomics	NA	NA	NA	NA	NA	E081-DNase.hotspot.all.peaks.bed	1	115426
1	121	roadmap_epigenomics	2.12152042641724e-15	0.67122078327198	2712	326	343	93	343	254	3484	1067	920	roadmap_epigenomics H3K18ac	NA	NA	H3K18ac	NA	NA	E007-H3K18ac.narrowPeak	1	252687
1	166	roadmap_epigenomics	2.07330405308957e-15	0.681063507951353	2594	327	330	160	330	272	3359	1185	1045	roadmap_epigenomics H2A.Z	NA	NA	H2A.Z	NA	NA	E009-H2A.Z.narrowPeak	1	158512
1	1003	roadmap_epigenomics	1.15719295986395e-15	0.677382872701133	2607	328	335	143	335	269	3376	1172	1028	roadmap_epigenomics H2A.Z	NA	NA	H2A.Z	NA	NA	E121-H2A.Z.narrowPeak	1	153394
1	979	roadmap_epigenomics	6.75029226587302e-16	0.675905417089654	2596	329	338	157	338	275	3367	1183	1037	roadmap_epigenomics H2A.Z	NA	NA	H2A.Z	NA	NA	E119-H2A.Z.narrowPeak	1	137376
1	47	roadmap_epigenomics	6.75029226587302e-16	0.700396905349706	2098	329	324	584	584	412	2821	1681	1583	roadmap_epigenomics H2BK120ac	NA	NA	H2BK120ac	NA	NA	E004-H2BK120ac.narrowPeak	1	149531
1	675	roadmap_epigenomics	5.78596479931973e-16	0.6819266597535	2502	331	329	235	331	298	3267	1277	1137	roadmap_epigenomics	NA	NA	NA	NA	NA	E082-DNase.hotspot.fdr0.01.peaks.bed	1	195020
1	667	roadmap_epigenomics	4.33947359948979e-16	0.678511938485187	2532	332	332	204	332	289	3301	1247	1103	roadmap_epigenomics	NA	NA	NA	NA	NA	E081-DNase.hotspot.fdr0.01.peaks.bed	1	206920
1	42	roadmap_epigenomics	2.41081866638322e-16	0.700715061008729	1634	333	323	822	822	493	2294	2145	2110	roadmap_epigenomics H4K91ac	NA	NA	H4K91ac	NA	NA	E003-H4K91ac.narrowPeak	1	106820
1	340	roadmap_epigenomics	1.92865493310657e-16	0.694996870526351	1358	334	325	934	934	531	1967	2421	2437	roadmap_epigenomics H3K36me3	NA	NA	H3K36me3	NA	NA	E031-H3K36me3.narrowPeak	1	119677
1	84	roadmap_epigenomics	1.44649119982993e-16	0.690086206544042	2229	335	327	475	475	379	2976	1550	1428	roadmap_epigenomics H3K9ac	NA	NA	H3K9ac	NA	NA	E005-H3K9ac.narrowPeak	1	76244
1	806	roadmap_epigenomics	9.64327466553287e-17	0.679040827792697	2398	336	331	319	336	329	3166	1381	1238	roadmap_epigenomics H3K4me1	NA	NA	H3K4me1	NA	NA	E097-H3K4me1.narrowPeak	1	316356
1	108	roadmap_epigenomics	0	0.63502634946832	2809	337	367	54	367	253	3612	970	792	roadmap_epigenomics H3K9ac	NA	NA	H3K9ac	NA	NA	E006-H3K9ac.narrowPeak	1	193085
1	978	roadmap_epigenomics	0	0.604120578949703	2903	337	400	27	400	255	3725	876	679	roadmap_epigenomics	NA	NA	NA	NA	NA	E119-DNase.macs2.narrowPeak	1	292840
1	44	roadmap_epigenomics	0	0.623002883501876	2803	337	380	57	380	258	3619	976	785	roadmap_epigenomics	NA	NA	NA	NA	NA	E004-DNase.hotspot.fdr0.01.peaks.bed	1	238986
1	676	roadmap_epigenomics	0	0.599765299617294	2877	337	405	33	405	258	3707	902	697	roadmap_epigenomics	NA	NA	NA	NA	NA	E082-DNase.macs2.narrowPeak	1	496530
1	66	roadmap_epigenomics	0	0.630689367506233	2752	337	371	79	371	262	3565	1027	839	roadmap_epigenomics	NA	NA	NA	NA	NA	E005-DNase.macs2.narrowPeak	1	271969
1	162	roadmap_epigenomics	0	0.602841544187234	2803	337	401	57	401	265	3640	976	764	roadmap_epigenomics H4K20me1	NA	NA	H4K20me1	NA	NA	E008-H4K20me1.narrowPeak	1	284568
1	517	roadmap_epigenomics	0	0.644120152312276	2707	337	363	96	363	265	3509	1072	895	roadmap_epigenomics	NA	NA	NA	NA	NA	E057-DNase.hotspot.fdr0.01.peaks.bed	1	209886
1	14	roadmap_epigenomics	0	0.598416817762866	2761	337	407	72	407	272	3608	1018	796	roadmap_epigenomics	NA	NA	NA	NA	NA	E003-DNase.hotspot.fdr0.01.peaks.bed	1	181790
1	668	roadmap_epigenomics	0	0.582071884594399	2809	337	428	54	428	273	3667	970	737	roadmap_epigenomics	NA	NA	NA	NA	NA	E081-DNase.macs2.narrowPeak	1	402299
1	518	roadmap_epigenomics	0	0.565224786886134	2872	337	450	36	450	274	3737	907	667	roadmap_epigenomics	NA	NA	NA	NA	NA	E057-DNase.macs2.narrowPeak	1	290255
1	318	roadmap_epigenomics	0	0.627895551886903	2658	337	377	114	377	276	3482	1121	922	roadmap_epigenomics	NA	NA	NA	NA	NA	E028-DNase.hotspot.fdr0.01.peaks.bed	1	186595
1	1041	roadmap_epigenomics	0	0.630425872346099	2645	337	372	118	372	276	3467	1134	937	roadmap_epigenomics H2A.Z	NA	NA	H2A.Z	NA	NA	E124-H2A.Z.narrowPeak	1	136897
1	145	roadmap_epigenomics	0	0.658212238445617	2618	337	354	139	354	277	3409	1161	995	roadmap_epigenomics H3K14ac	NA	NA	H3K14ac	NA	NA	E008-H3K14ac.narrowPeak	1	181023
1	280	roadmap_epigenomics	0	0.547991330607997	3266	337	489	4	489	277	4055	513	349	roadmap_epigenomics	NA	NA	NA	NA	NA	E022-DNase.macs2.narrowPeak	1	671885
1	753	roadmap_epigenomics	0	0.576154220799688	2791	337	437	60	437	278	3658	988	746	roadmap_epigenomics	NA	NA	NA	NA	NA	E091-DNase.hotspot.fdr0.01.peaks.bed	1	214514
1	990	roadmap_epigenomics	0	0.564306991545201	2849	337	453	43	453	278	3719	930	685	roadmap_epigenomics	NA	NA	NA	NA	NA	E120-DNase.macs2.narrowPeak	1	386665
1	279	roadmap_epigenomics	0	0.581857329476481	2762	337	430	70	430	279	3627	1017	777	roadmap_epigenomics	NA	NA	NA	NA	NA	E022-DNase.hotspot.fdr0.01.peaks.bed	1	191448
1	319	roadmap_epigenomics	0	0.570237414238853	2787	337	443	64	443	281	3661	992	743	roadmap_epigenomics	NA	NA	NA	NA	NA	E028-DNase.macs2.narrowPeak	1	247966
1	622	roadmap_epigenomics	0	0.612245174299328	2661	337	394	111	394	281	3503	1118	901	roadmap_epigenomics H3K4me3	NA	NA	H3K4me3	NA	NA	E074-H3K4me3.narrowPeak	1	90281
1	136	roadmap_epigenomics	0	0.593261414066639	2709	337	414	95	414	282	3568	1070	836	roadmap_epigenomics	NA	NA	NA	NA	NA	E008-DNase.hotspot.fdr0.01.peaks.bed	1	189915
1	726	roadmap_epigenomics	0	0.585902553034814	2736	337	423	85	423	282	3600	1043	804	roadmap_epigenomics	NA	NA	NA	NA	NA	E088-DNase.hotspot.fdr0.01.peaks.bed	1	243016
1	251	roadmap_epigenomics	0	0.595603764375104	2676	337	409	107	409	284	3536	1103	868	roadmap_epigenomics H3K4me1	NA	NA	H3K4me1	NA	NA	E018-H3K4me1.narrowPeak	1	334991
1	200	roadmap_epigenomics	0	0.653771898124364	2575	337	358	172	358	289	3373	1204	1031	roadmap_epigenomics H3K4me1	NA	NA	H3K4me1	NA	NA	E014-H3K4me1.narrowPeak	1	314776
1	119	roadmap_epigenomics	0	0.52868670774101	3026	337	525	11	525	291	3892	753	512	roadmap_epigenomics H2BK5ac	NA	NA	H2BK5ac	NA	NA	E007-H2BK5ac.narrowPeak	1	389247
1	531	roadmap_epigenomics	0	0.59355439607269	2642	337	412	123	412	291	3508	1137	896	roadmap_epigenomics	NA	NA	NA	NA	NA	E059-DNase.hotspot.fdr0.01.peaks.bed	1	188414
1	270	roadmap_epigenomics	0	0.558651274563128	2760	337	466	74	466	292	3651	1019	753	roadmap_epigenomics	NA	NA	NA	NA	NA	E021-DNase.hotspot.fdr0.01.peaks.bed	1	182710
1	81	roadmap_epigenomics	0	0.59476721551061	2617	337	410	140	410	296	3484	1162	920	roadmap_epigenomics H3K4me3	NA	NA	H3K4me3	NA	NA	E005-H3K4me3.narrowPeak	1	88854
1	1076	roadmap_epigenomics	0	0.520434041373481	2979	337	545	15	545	299	3864	800	540	roadmap_epigenomics	NA	NA	NA	NA	NA	E127-DNase.macs2.narrowPeak	1	449247
1	105	roadmap_epigenomics	0	0.553614735169811	2727	337	475	87	475	300	3629	1052	775	roadmap_epigenomics H3K4me2	NA	NA	H3K4me2	NA	NA	E006-H3K4me2.narrowPeak	1	170555
1	449	roadmap_epigenomics	0	0.651726421283209	2531	337	361	206	361	301	3333	1248	1071	roadmap_epigenomics H3K9ac	NA	NA	H3K9ac	NA	NA	E047-H3K9ac.narrowPeak	1	147914
1	45	roadmap_epigenomics	0	0.519474785992385	2921	337	549	23	549	303	3821	858	583	roadmap_epigenomics	NA	NA	NA	NA	NA	E004-DNase.macs2.narrowPeak	1	365365
1	465	roadmap_epigenomics	0	0.556292544884161	2680	337	470	104	470	304	3586	1099	818	roadmap_epigenomics	NA	NA	NA	NA	NA	E050-DNase.hotspot.fdr0.01.peaks.bed	1	156377
1	65	roadmap_epigenomics	0	0.65962482265761	2492	337	352	245	352	311	3285	1287	1119	roadmap_epigenomics	NA	NA	NA	NA	NA	E005-DNase.hotspot.fdr0.01.peaks.bed	1	152235
1	265	roadmap_epigenomics	0	0.620290980641751	2523	337	385	212	385	311	3365	1256	1039	roadmap_epigenomics H3K4me1	NA	NA	H3K4me1	NA	NA	E020-H3K4me1.narrowPeak	1	289288
1	214	roadmap_epigenomics	0	0.662883582124689	2483	337	349	252	349	313	3272	1296	1132	roadmap_epigenomics H3K4me1	NA	NA	H3K4me1	NA	NA	E016-H3K4me1.narrowPeak	1	292493
1	735	roadmap_epigenomics	0	0.544470766190032	2662	337	493	110	493	313	3585	1117	819	roadmap_epigenomics	NA	NA	NA	NA	NA	E089-DNase.hotspot.fdr0.01.peaks.bed	1	210689
1	780	roadmap_epigenomics	0	0.581990408309556	2575	337	429	172	429	313	3462	1204	942	roadmap_epigenomics	NA	NA	NA	NA	NA	E094-DNase.hotspot.fdr0.01.peaks.bed	1	165153
1	3	roadmap_epigenomics	0	0.629567629856111	2504	337	374	230	374	314	3335	1275	1069	roadmap_epigenomics H3K4me1	NA	NA	H3K4me1	NA	NA	E001-H3K4me1.narrowPeak	1	308728
1	798	roadmap_epigenomics	0	0.599906158505198	2541	337	403	201	403	314	3408	1238	996	roadmap_epigenomics H3K4me3	NA	NA	H3K4me3	NA	NA	E096-H3K4me3.narrowPeak	1	96300
1	146	roadmap_epigenomics	0	0.647826738300019	2492	337	362	245	362	315	3300	1287	1104	roadmap_epigenomics H3K18ac	NA	NA	H3K18ac	NA	NA	E008-H3K18ac.narrowPeak	1	148881
1	781	roadmap_epigenomics	0	0.561901244827441	2598	337	457	155	457	316	3508	1181	896	roadmap_epigenomics	NA	NA	NA	NA	NA	E094-DNase.macs2.narrowPeak	1	205035
1	128	roadmap_epigenomics	0	0.528678789271322	2727	337	526	87	526	317	3658	1052	746	roadmap_epigenomics H3K4me2	NA	NA	H3K4me2	NA	NA	E007-H3K4me2.narrowPeak	1	143005
1	810	roadmap_epigenomics	0	0.583393977867482	2556	337	426	188	426	317	3443	1223	961	roadmap_epigenomics	NA	NA	NA	NA	NA	E098-DNase.hotspot.fdr0.01.peaks.bed	1	150516
1	258	roadmap_epigenomics	0	0.663830332717322	2462	337	348	268	348	318	3250	1317	1154	roadmap_epigenomics H3K4me1	NA	NA	H3K4me1	NA	NA	E019-H3K4me1.narrowPeak	1	213365
1	1101	roadmap_epigenomics	0	0.673217606789959	2454	337	340	276	340	318	3230	1325	1174	roadmap_epigenomics H2A.Z	NA	NA	H2A.Z	NA	NA	E129-H2A.Z.narrowPeak	1	144805
1	744	roadmap_epigenomics	0	0.541946065169973	2643	337	499	121	499	319	3572	1136	832	roadmap_epigenomics	NA	NA	NA	NA	NA	E090-DNase.hotspot.fdr0.01.peaks.bed	1	219306
1	221	roadmap_epigenomics	0	0.576075209348682	2550	337	438	192	438	322	3447	1229	957	roadmap_epigenomics H2A.Z	NA	NA	H2A.Z	NA	NA	E017-H2A.Z.narrowPeak	1	121643
1	278	roadmap_epigenomics	0	0.586747781286806	2529	337	421	208	421	322	3414	1250	990	roadmap_epigenomics	NA	NA	NA	NA	NA	E022-DNase.hotspot.all.peaks.bed	1	119252
1	129	roadmap_epigenomics	0	0.564958780698995	2564	337	451	181	451	323	3474	1215	930	roadmap_epigenomics H3K4me3	NA	NA	H3K4me3	NA	NA	E007-H3K4me3.narrowPeak	1	87807
1	269	roadmap_epigenomics	0	0.585212235230366	2517	337	424	218	424	326	3405	1262	999	roadmap_epigenomics	NA	NA	NA	NA	NA	E021-DNase.hotspot.all.peaks.bed	1	111181
1	786	roadmap_epigenomics	0	0.55123099009514	2595	337	482	158	482	326	3519	1184	885	roadmap_epigenomics H3K4me3	NA	NA	H3K4me3	NA	NA	E094-H3K4me3.narrowPeak	1	87979
1	182	roadmap_epigenomics	0	0.560867823252513	2558	337	460	185	460	327	3474	1221	930	roadmap_epigenomics H3K4me3	NA	NA	H3K4me3	NA	NA	E011-H3K4me3.narrowPeak	1	131844
1	693	roadmap_epigenomics	0	0.513047579127145	2739	337	562	84	562	328	3686	1040	718	roadmap_epigenomics	NA	NA	NA	NA	NA	E084-DNase.macs2.narrowPeak	1	291379
1	701	roadmap_epigenomics	0	0.551455612507178	2585	337	481	167	481	328	3510	1194	894	roadmap_epigenomics	NA	NA	NA	NA	NA	E085-DNase.hotspot.fdr0.01.peaks.bed	1	161983
1	692	roadmap_epigenomics	0	0.552522907062096	2582	337	480	171	480	329	3506	1197	898	roadmap_epigenomics	NA	NA	NA	NA	NA	E084-DNase.hotspot.fdr0.01.peaks.bed	1	168261
1	181	roadmap_epigenomics	0	0.627947282747939	2453	337	376	278	376	330	3288	1326	1116	roadmap_epigenomics H3K4me1	NA	NA	H3K4me1	NA	NA	E011-H3K4me1.narrowPeak	1	274844
1	762	roadmap_epigenomics	0	0.5150129643395	2707	337	557	96	557	330	3658	1072	746	roadmap_epigenomics	NA	NA	NA	NA	NA	E092-DNase.hotspot.fdr0.01.peaks.bed	1	194389
1	207	roadmap_epigenomics	0	0.533472197994771	2608	337	514	142	514	331	3553	1171	851	roadmap_epigenomics H3K4me1	NA	NA	H3K4me1	NA	NA	E015-H3K4me1.narrowPeak	1	327376
1	474	roadmap_epigenomics	0	0.546820745443101	2585	337	490	167	490	331	3516	1194	888	roadmap_epigenomics	NA	NA	NA	NA	NA	E051-DNase.hotspot.fdr0.01.peaks.bed	1	133410
1	710	roadmap_epigenomics	0	0.527163868739486	2640	337	530	126	530	331	3588	1139	816	roadmap_epigenomics	NA	NA	NA	NA	NA	E086-DNase.hotspot.fdr0.01.peaks.bed	1	178680
1	1052	roadmap_epigenomics	0	0.500241178182713	2819	337	607	50	607	331	3763	960	641	roadmap_epigenomics	NA	NA	NA	NA	NA	E125-DNase.macs2.narrowPeak	1	363159
1	13	roadmap_epigenomics	0	0.585008678941158	2495	337	425	239	425	334	3385	1284	1019	roadmap_epigenomics	NA	NA	NA	NA	NA	E003-DNase.hotspot.all.peaks.bed	1	111055
1	99	roadmap_epigenomics	0	0.505827148055052	2746	337	584	81	584	334	3700	1033	704	roadmap_epigenomics H3K23ac	NA	NA	H3K23ac	NA	NA	E006-H3K23ac.narrowPeak	1	220387
1	683	roadmap_epigenomics	0	0.533508626858102	2601	337	513	153	513	334	3547	1178	857	roadmap_epigenomics	NA	NA	NA	NA	NA	E083-DNase.hotspot.fdr0.01.peaks.bed	1	218413
1	113	roadmap_epigenomics	0	0.560878787055578	2511	337	459	223	459	340	3432	1268	972	roadmap_epigenomics	NA	NA	NA	NA	NA	E007-DNase.hotspot.fdr0.01.peaks.bed	1	135081
1	220	roadmap_epigenomics	0	0.488816602138692	2899	337	656	29	656	341	3835	880	569	roadmap_epigenomics	NA	NA	NA	NA	NA	E017-DNase.macs2.narrowPeak	1	398131
1	315	roadmap_epigenomics	0	0.493580033612256	2812	337	635	52	635	341	3765	967	639	roadmap_epigenomics H3K9ac	NA	NA	H3K9ac	NA	NA	E027-H3K9ac.narrowPeak	1	217726
1	532	roadmap_epigenomics	0	0.491410896092148	2846	337	641	44	641	341	3793	933	611	roadmap_epigenomics	NA	NA	NA	NA	NA	E059-DNase.macs2.narrowPeak	1	281326
1	778	roadmap_epigenomics	0	0.632628818006165	2400	337	369	316	369	341	3230	1379	1174	roadmap_epigenomics H3K9me3	NA	NA	H3K9me3	NA	NA	E093-H3K9me3.narrowPeak	1	234001
1	1089	roadmap_epigenomics	0	0.499494369809653	2757	337	612	75	612	341	3716	1022	688	roadmap_epigenomics	NA	NA	NA	NA	NA	E128-DNase.macs2.narrowPeak	1	363287
1	127	roadmap_epigenomics	0	0.580688823745897	2479	337	431	257	431	342	3376	1300	1028	roadmap_epigenomics H3K4me1	NA	NA	H3K4me1	NA	NA	E007-H3K4me1.narrowPeak	1	262404
1	702	roadmap_epigenomics	0	0.517372314686155	2619	337	551	138	551	342	3583	1160	821	roadmap_epigenomics	NA	NA	NA	NA	NA	E085-DNase.macs2.narrowPeak	1	231841
1	1053	roadmap_epigenomics	0	0.635705759845241	2386	337	366	331	366	345	3212	1393	1192	roadmap_epigenomics H2A.Z	NA	NA	H2A.Z	NA	NA	E125-H2A.Z.narrowPeak	1	96604
1	159	roadmap_epigenomics	0	0.516103968763603	2605	337	556	146	556	346	3573	1174	831	roadmap_epigenomics H3K9ac	NA	NA	H3K9ac	NA	NA	E008-H3K9ac.narrowPeak	1	146401
1	296	roadmap_epigenomics	0	0.549899300116188	2519	337	486	216	486	346	3454	1260	950	roadmap_epigenomics H3K4me3	NA	NA	H3K4me3	NA	NA	E024-H3K4me3.narrowPeak	1	73602
1	886	roadmap_epigenomics	0	0.510825510461418	2616	337	570	141	570	349	3589	1163	815	roadmap_epigenomics	NA	NA	NA	NA	NA	E109-DNase.hotspot.fdr0.01.peaks.bed	1	173129
1	1014	roadmap_epigenomics	0	0.51700992378603	2573	337	553	175	553	355	3545	1206	859	roadmap_epigenomics	NA	NA	NA	NA	NA	E122-DNase.macs2.narrowPeak	1	241268
1	43	roadmap_epigenomics	0	0.629320102380395	2369	337	375	355	375	356	3204	1410	1200	roadmap_epigenomics	NA	NA	NA	NA	NA	E004-DNase.hotspot.all.peaks.bed	1	114500
1	1064	roadmap_epigenomics	0	0.479357281945035	2872	337	694	36	694	356	3825	907	579	roadmap_epigenomics	NA	NA	NA	NA	NA	E126-DNase.macs2.narrowPeak	1	406203
1	1015	roadmap_epigenomics	0	0.634448400366015	2355	337	368	367	368	357	3183	1424	1221	roadmap_epigenomics H2A.Z	NA	NA	H2A.Z	NA	NA	E122-H2A.Z.narrowPeak	1	124665
1	134	roadmap_epigenomics	0	0.654629004629939	2338	337	356	381	381	358	3138	1441	1266	roadmap_epigenomics H4K91ac	NA	NA	H4K91ac	NA	NA	E007-H4K91ac.narrowPeak	1	168000
1	201	roadmap_epigenomics	0	0.524066833452336	2543	337	539	199	539	358	3510	1236	894	roadmap_epigenomics H3K4me3	NA	NA	H3K4me3	NA	NA	E014-H3K4me3.narrowPeak	1	79278
1	473	roadmap_epigenomics	0	0.560541704471621	2452	337	462	279	462	359	3379	1327	1025	roadmap_epigenomics	NA	NA	NA	NA	NA	E051-DNase.hotspot.all.peaks.bed	1	105226
1	114	roadmap_epigenomics	0	0.470763199091275	2965	337	727	16	727	360	3900	814	504	roadmap_epigenomics	NA	NA	NA	NA	NA	E007-DNase.macs2.narrowPeak	1	408460
1	917	roadmap_epigenomics	0	0.474860016068957	2871	337	712	38	712	362	3829	908	575	roadmap_epigenomics H3K4me3	NA	NA	H3K4me3	NA	NA	E113-H3K4me3.narrowPeak	1	195000
1	106	roadmap_epigenomics	0	0.497419675424073	2624	337	616	135	616	363	3613	1155	791	roadmap_epigenomics H3K4me3	NA	NA	H3K4me3	NA	NA	E006-H3K4me3.narrowPeak	1	112009
1	991	roadmap_epigenomics	0	0.617260745317957	2360	337	390	362	390	363	3212	1419	1192	roadmap_epigenomics H2A.Z	NA	NA	H2A.Z	NA	NA	E120-H2A.Z.narrowPeak	1	101641
1	122	roadmap_epigenomics	0	0.474008500594968	2867	337	716	41	716	365	3827	912	577	roadmap_epigenomics H3K23ac	NA	NA	H3K23ac	NA	NA	E007-H3K23ac.narrowPeak	1	240360
1	55	roadmap_epigenomics	0	0.60531379003084	2357	337	399	366	399	367	3226	1422	1178	roadmap_epigenomics H3K4ac	NA	NA	H3K4ac	NA	NA	E004-H3K4ac.narrowPeak	1	176127
1	464	roadmap_epigenomics	0	0.561261211765345	2415	337	458	307	458	367	3344	1364	1060	roadmap_epigenomics	NA	NA	NA	NA	NA	E050-DNase.hotspot.all.peaks.bed	1	104134
1	725	roadmap_epigenomics	0	0.620334277614102	2337	337	384	383	384	368	3185	1442	1219	roadmap_epigenomics	NA	NA	NA	NA	NA	E088-DNase.hotspot.all.peaks.bed	1	112194
1	771	roadmap_epigenomics	0	0.529917881306432	2490	337	520	247	520	368	3456	1289	948	roadmap_epigenomics	NA	NA	NA	NA	NA	E093-DNase.hotspot.fdr0.01.peaks.bed	1	133624
1	219	roadmap_epigenomics	0	0.526249527820549	2499	337	533	237	533	369	3469	1280	935	roadmap_epigenomics	NA	NA	NA	NA	NA	E017-DNase.hotspot.fdr0.01.peaks.bed	1	185164
1	271	roadmap_epigenomics	0	0.462586166320543	3208	337	764	5	764	369	4069	571	335	roadmap_epigenomics	NA	NA	NA	NA	NA	E021-DNase.macs2.narrowPeak	1	691347
1	135	roadmap_epigenomics	0	0.590345917574258	2368	337	419	357	419	371	3258	1411	1146	roadmap_epigenomics	NA	NA	NA	NA	NA	E008-DNase.hotspot.all.peaks.bed	1	106443
1	811	roadmap_epigenomics	0	0.464586091984909	2915	337	756	24	756	372	3871	864	533	roadmap_epigenomics	NA	NA	NA	NA	NA	E098-DNase.macs2.narrowPeak	1	349441
1	569	roadmap_epigenomics	0	0.550184103033951	2426	337	485	299	485	374	3370	1353	1034	roadmap_epigenomics H3K4me3	NA	NA	H3K4me3	NA	NA	E066-H3K4me3.narrowPeak	1	92061
1	137	roadmap_epigenomics	0	0.472311733443362	2784	337	721	66	721	375	3768	995	636	roadmap_epigenomics	NA	NA	NA	NA	NA	E008-DNase.macs2.narrowPeak	1	244359
1	688	roadmap_epigenomics	0	0.620460814174043	2317	337	383	405	405	375	3165	1462	1239	roadmap_epigenomics H3K4me3	NA	NA	H3K4me3	NA	NA	E083-H3K4me3.narrowPeak	1	112073
1	779	roadmap_epigenomics	0	0.609212018913728	2331	337	396	392	396	375	3195	1448	1209	roadmap_epigenomics	NA	NA	NA	NA	NA	E094-DNase.hotspot.all.peaks.bed	1	111695
1	752	roadmap_epigenomics	0	0.610647655204789	2327	337	395	396	396	376	3189	1452	1215	roadmap_epigenomics	NA	NA	NA	NA	NA	E091-DNase.hotspot.all.peaks.bed	1	111776
1	317	roadmap_epigenomics	0	0.66881477633613	2252	337	344	454	454	378	3030	1527	1374	roadmap_epigenomics	NA	NA	NA	NA	NA	E028-DNase.hotspot.all.peaks.bed	1	103263
1	322	roadmap_epigenomics	0	0.47596736079285	2718	337	709	90	709	379	3714	1061	690	roadmap_epigenomics H3K4me1	NA	NA	H3K4me1	NA	NA	E028-H3K4me1.narrowPeak	1	354089
1	727	roadmap_epigenomics	0	0.455141813757353	2952	337	785	17	785	380	3906	827	498	roadmap_epigenomics	NA	NA	NA	NA	NA	E088-DNase.macs2.narrowPeak	1	530673
1	67	roadmap_epigenomics	0	0.474489802426921	2713	337	714	92	714	381	3712	1066	692	roadmap_epigenomics H2A.Z	NA	NA	H2A.Z	NA	NA	E005-H2A.Z.narrowPeak	1	202104
1	814	roadmap_epigenomics	0	0.616365126659403	2303	337	391	415	415	381	3157	1476	1247	roadmap_epigenomics H3K36me3	NA	NA	H3K36me3	NA	NA	E098-H3K36me3.narrowPeak	1	278364
1	266	roadmap_epigenomics	0	0.495645607355688	2555	337	622	189	622	383	3559	1224	845	roadmap_epigenomics H3K4me3	NA	NA	H3K4me3	NA	NA	E020-H3K4me3.narrowPeak	1	88728
1	39	roadmap_epigenomics	0	0.52623489505236	2442	337	534	288	534	386	3419	1337	985	roadmap_epigenomics H4K20me1	NA	NA	H4K20me1	NA	NA	E003-H4K20me1.narrowPeak	1	266490
1	658	roadmap_epigenomics	0	0.472501175418834	2681	337	719	103	719	386	3690	1098	714	roadmap_epigenomics	NA	NA	NA	NA	NA	E080-DNase.hotspot.fdr0.01.peaks.bed	1	215699
1	711	roadmap_epigenomics	0	0.448521278541239	3117	337	815	7	815	386	4021	662	383	roadmap_epigenomics	NA	NA	NA	NA	NA	E086-DNase.macs2.narrowPeak	1	654772
1	72	roadmap_epigenomics	0	0.534287394264293	2396	337	511	320	511	389	3366	1383	1038	roadmap_epigenomics H3K14ac	NA	NA	H3K14ac	NA	NA	E005-H3K14ac.narrowPeak	1	204548
1	674	roadmap_epigenomics	0	0.67710034365081	2204	337	336	493	493	389	2968	1575	1436	roadmap_epigenomics	NA	NA	NA	NA	NA	E082-DNase.hotspot.all.peaks.bed	1	115791
1	816	roadmap_epigenomics	0	0.522113967493379	2442	337	542	288	542	389	3425	1337	979	roadmap_epigenomics H3K4me3	NA	NA	H3K4me3	NA	NA	E098-H3K4me3.narrowPeak	1	57291
1	15	roadmap_epigenomics	0	0.449254017638319	2923	337	813	22	813	391	3892	856	512	roadmap_epigenomics	NA	NA	NA	NA	NA	E003-DNase.macs2.narrowPeak	1	339188
1	130	roadmap_epigenomics	0	0.513128204478059	2451	337	560	280	560	392	3446	1328	958	roadmap_epigenomics H3K79me1	NA	NA	H3K79me1	NA	NA	E007-H3K79me1.narrowPeak	1	189229
1	809	roadmap_epigenomics	0	0.593341758033499	2289	337	413	427	427	392	3177	1490	1227	roadmap_epigenomics	NA	NA	NA	NA	NA	E098-DNase.hotspot.all.peaks.bed	1	99617
1	1082	roadmap_epigenomics	0	0.470631277901048	2661	337	729	111	729	392	3677	1118	727	roadmap_epigenomics H3K4me2	NA	NA	H3K4me2	NA	NA	E127-H3K4me2.narrowPeak	1	129570
1	700	roadmap_epigenomics	0	0.585944890550944	2292	337	422	424	424	394	3191	1487	1213	roadmap_epigenomics	NA	NA	NA	NA	NA	E085-DNase.hotspot.all.peaks.bed	1	101917
1	761	roadmap_epigenomics	0	0.554901324259075	2349	337	472	373	472	394	3292	1430	1112	roadmap_epigenomics	NA	NA	NA	NA	NA	E092-DNase.hotspot.all.peaks.bed	1	92888
1	64	roadmap_epigenomics	0	0.66625433905428	2192	337	347	501	501	395	2971	1587	1433	roadmap_epigenomics	NA	NA	NA	NA	NA	E005-DNase.hotspot.all.peaks.bed	1	102999
1	69	roadmap_epigenomics	0	0.528378004375699	2394	337	528	321	528	395	3373	1385	1031	roadmap_epigenomics H2BK120ac	NA	NA	H2BK120ac	NA	NA	E005-H2BK120ac.narrowPeak	1	261051
1	984	roadmap_epigenomics	0	0.477619411299904	2605	337	702	146	702	395	3624	1174	780	roadmap_epigenomics H3K4me2	NA	NA	H3K4me2	NA	NA	E119-H3K4me2.narrowPeak	1	119229
1	91	roadmap_epigenomics	0	0.459002048083098	2752	337	773	79	773	396	3760	1027	644	roadmap_epigenomics	NA	NA	NA	NA	NA	E006-DNase.macs2.narrowPeak	1	343835
1	148	roadmap_epigenomics	0	0.486348349057988	2565	337	670	180	670	396	3580	1214	824	roadmap_epigenomics H3K23me2	NA	NA	H3K23me2	NA	NA	E008-H3K23me2.narrowPeak	1	123622
1	466	roadmap_epigenomics	0	0.444763803661896	2937	337	832	20	832	396	3906	842	498	roadmap_epigenomics	NA	NA	NA	NA	NA	E050-DNase.macs2.narrowPeak	1	329554
1	709	roadmap_epigenomics	0	0.537026688481166	2373	337	506	349	506	397	3341	1406	1063	roadmap_epigenomics	NA	NA	NA	NA	NA	E086-DNase.hotspot.all.peaks.bed	1	106536
1	1090	roadmap_epigenomics	0	0.672671824518305	2179	337	342	516	516	398	2948	1600	1456	roadmap_epigenomics H2A.Z	NA	NA	H2A.Z	NA	NA	E128-H2A.Z.narrowPeak	1	88185
1	175	roadmap_epigenomics	0	0.482167739410059	2569	337	681	178	681	399	3589	1210	815	roadmap_epigenomics H3K4me1	NA	NA	H3K4me1	NA	NA	E010-H3K4me1.narrowPeak	1	266556
1	112	roadmap_epigenomics	0	0.566488018753686	2303	337	448	415	448	400	3231	1476	1173	roadmap_epigenomics	NA	NA	NA	NA	NA	E007-DNase.hotspot.all.peaks.bed	1	89801
1	891	roadmap_epigenomics	0	0.510188897194413	2438	337	572	295	572	401	3439	1341	965	roadmap_epigenomics H3K4me1	NA	NA	H3K4me1	NA	NA	E109-H3K4me1.narrowPeak	1	214385
1	657	roadmap_epigenomics	0	0.528752852769991	2378	337	524	344	524	402	3358	1401	1046	roadmap_epigenomics	NA	NA	NA	NA	NA	E080-DNase.hotspot.all.peaks.bed	1	118437
1	691	roadmap_epigenomics	0	0.621386739783385	2212	337	382	488	488	402	3058	1567	1346	roadmap_epigenomics	NA	NA	NA	NA	NA	E084-DNase.hotspot.all.peaks.bed	1	97138
1	4	roadmap_epigenomics	0	0.489165163283127	2515	337	651	220	651	403	3535	1264	869	roadmap_epigenomics H3K4me3	NA	NA	H3K4me3	NA	NA	E001-H3K4me3.narrowPeak	1	92429
1	870	roadmap_epigenomics	0	0.552819630121115	2319	337	477	402	477	405	3267	1460	1137	roadmap_epigenomics H3K4me3	NA	NA	H3K4me3	NA	NA	E106-H3K4me3.narrowPeak	1	68861
1	576	roadmap_epigenomics	0	0.504513545378378	2441	337	591	291	591	406	3450	1338	954	roadmap_epigenomics H3K4me3	NA	NA	H3K4me3	NA	NA	E067-H3K4me3.narrowPeak	1	70953
1	655	roadmap_epigenomics	0	0.506023199811726	2424	337	581	304	581	407	3433	1355	971	roadmap_epigenomics H3K4me3	NA	NA	H3K4me3	NA	NA	E079-H3K4me3.narrowPeak	1	56303
1	1065	roadmap_epigenomics	0	0.672986962408279	2153	337	341	542	542	407	2920	1626	1484	roadmap_epigenomics H2A.Z	NA	NA	H2A.Z	NA	NA	E126-H2A.Z.narrowPeak	1	69033
1	590	roadmap_epigenomics	0	0.494627505968831	2479	337	629	257	629	408	3497	1300	907	roadmap_epigenomics H3K4me3	NA	NA	H3K4me3	NA	NA	E069-H3K4me3.narrowPeak	1	79806
1	731	roadmap_epigenomics	0	0.533257301105326	2346	337	516	374	516	409	3322	1433	1082	roadmap_epigenomics H3K4me3	NA	NA	H3K4me3	NA	NA	E088-H3K4me3.narrowPeak	1	96360
1	1002	roadmap_epigenomics	0	0.433941667197101	2983	337	876	13	876	409	3947	796	457	roadmap_epigenomics	NA	NA	NA	NA	NA	E121-DNase.macs2.narrowPeak	1	476154
1	955	roadmap_epigenomics	0	0.61454882803435	2193	337	393	500	500	410	3049	1586	1355	roadmap_epigenomics H2A.Z	NA	NA	H2A.Z	NA	NA	E117-H2A.Z.narrowPeak	1	87564
1	289	roadmap_epigenomics	0	0.449590832061959	2720	337	811	89	811	412	3748	1059	656	roadmap_epigenomics H3K4me1	NA	NA	H3K4me1	NA	NA	E023-H3K4me1.narrowPeak	1	307369
1	785	roadmap_epigenomics	0	0.456259174989103	2643	337	778	121	778	412	3682	1136	722	roadmap_epigenomics H3K4me1	NA	NA	H3K4me1	NA	NA	E094-H3K4me1.narrowPeak	1	238260
1	734	roadmap_epigenomics	0	0.574939575610285	2240	337	439	463	463	413	3157	1539	1247	roadmap_epigenomics	NA	NA	NA	NA	NA	E089-DNase.hotspot.all.peaks.bed	1	103433
1	583	roadmap_epigenomics	0	0.47763454685504	2534	337	701	203	701	414	3567	1245	837	roadmap_epigenomics H3K4me3	NA	NA	H3K4me3	NA	NA	E068-H3K4me3.narrowPeak	1	89967
1	885	roadmap_epigenomics	0	0.542644048585926	2313	337	495	410	495	414	3277	1466	1127	roadmap_epigenomics	NA	NA	NA	NA	NA	E109-DNase.hotspot.all.peaks.bed	1	108993
1	22	roadmap_epigenomics	0	0.62777860239964	2163	337	378	529	529	415	2998	1616	1406	roadmap_epigenomics H2BK5ac	NA	NA	H2BK5ac	NA	NA	E003-H2BK5ac.narrowPeak	1	151346
1	202	roadmap_epigenomics	0	0.591874998890014	2207	337	416	491	491	415	3098	1572	1306	roadmap_epigenomics H3K9ac	NA	NA	H3K9ac	NA	NA	E014-H3K9ac.narrowPeak	1	74747
1	530	roadmap_epigenomics	0	0.618255237804292	2178	337	389	518	518	415	3028	1601	1376	roadmap_epigenomics	NA	NA	NA	NA	NA	E059-DNase.hotspot.all.peaks.bed	1	97681
1	608	roadmap_epigenomics	0	0.486768773274121	2494	337	668	243	668	416	3521	1285	883	roadmap_epigenomics H3K4me3	NA	NA	H3K4me3	NA	NA	E072-H3K4me3.narrowPeak	1	82143
1	642	roadmap_epigenomics	0	0.453810427640101	2644	337	790	120	790	416	3686	1135	718	roadmap_epigenomics H3K4me3	NA	NA	H3K4me3	NA	NA	E077-H3K4me3.narrowPeak	1	105842
1	1028	roadmap_epigenomics	0	0.557830470076147	2263	337	468	443	468	416	3206	1516	1198	roadmap_epigenomics H2A.Z	NA	NA	H2A.Z	NA	NA	E123-H2A.Z.narrowPeak	1	128633
1	772	roadmap_epigenomics	0	0.427514647048398	2952	337	899	17	899	418	3933	827	471	roadmap_epigenomics	NA	NA	NA	NA	NA	E093-DNase.macs2.narrowPeak	1	407437
1	71	roadmap_epigenomics	0	0.521741460899074	2343	337	543	377	543	419	3337	1436	1067	roadmap_epigenomics H2BK5ac	NA	NA	H2BK5ac	NA	NA	E005-H2BK5ac.narrowPeak	1	228979
1	194	roadmap_epigenomics	0	0.48946694456046	2457	337	649	272	649	419	3486	1322	918	roadmap_epigenomics H3K4me1	NA	NA	H3K4me1	NA	NA	E013-H3K4me1.narrowPeak	1	275053
1	797	roadmap_epigenomics	0	0.442518888490059	2755	337	842	77	842	419	3782	1024	622	roadmap_epigenomics H3K4me1	NA	NA	H3K4me1	NA	NA	E096-H3K4me1.narrowPeak	1	317595
1	812	roadmap_epigenomics	0	0.593745560678342	2186	337	411	511	511	420	3074	1593	1330	roadmap_epigenomics H3K27ac	NA	NA	H3K27ac	NA	NA	E098-H3K27ac.narrowPeak	1	102275
1	892	roadmap_epigenomics	0	0.533810910080831	2309	337	512	411	512	420	3287	1470	1117	roadmap_epigenomics H3K4me3	NA	NA	H3K4me3	NA	NA	E109-H3K4me3.narrowPeak	1	65084
1	131	roadmap_epigenomics	0	0.421744730427448	3028	337	917	10	917	421	3987	751	417	roadmap_epigenomics H3K9ac	NA	NA	H3K9ac	NA	NA	E007-H3K9ac.narrowPeak	1	313345
1	37	roadmap_epigenomics	0	0.503145780793588	2387	337	599	330	599	422	3405	1392	999	roadmap_epigenomics H3K9ac	NA	NA	H3K9ac	NA	NA	E003-H3K9ac.narrowPeak	1	90295
1	27	roadmap_epigenomics	0	0.559127491160485	2233	337	464	470	470	424	3175	1546	1229	roadmap_epigenomics H3K27ac	NA	NA	H3K27ac	NA	NA	E003-H3K27ac.narrowPeak	1	166837
1	275	roadmap_epigenomics	0	0.60051185074142	2157	337	402	536	536	425	3034	1622	1370	roadmap_epigenomics H3K4me1	NA	NA	H3K4me1	NA	NA	E021-H3K4me1.narrowPeak	1	187283
1	326	roadmap_epigenomics	0	0.521210875952401	2330	337	544	393	544	425	3326	1449	1078	roadmap_epigenomics	NA	NA	NA	NA	NA	E029-DNase.hotspot.fdr0.01.peaks.bed	1	127216
1	926	roadmap_epigenomics	0	0.493949034455748	2418	337	632	306	632	425	3446	1361	958	roadmap_epigenomics H3K4me3	NA	NA	H3K4me3	NA	NA	E114-H3K4me3.narrowPeak	1	76182
1	50	roadmap_epigenomics	0	0.578515741714536	2187	337	434	510	510	427	3099	1592	1305	roadmap_epigenomics H3K18ac	NA	NA	H3K18ac	NA	NA	E004-H3K18ac.narrowPeak	1	141200
1	987	roadmap_epigenomics	0	0.565239197113914	2202	337	449	494	494	427	3135	1577	1269	roadmap_epigenomics H3K9ac	NA	NA	H3K9ac	NA	NA	E119-H3K9ac.narrowPeak	1	82070
1	140	roadmap_epigenomics	0	0.676389425667652	2058	337	337	611	611	428	2813	1721	1591	roadmap_epigenomics H2BK120ac	NA	NA	H2BK120ac	NA	NA	E008-H2BK120ac.narrowPeak	1	97781
1	290	roadmap_epigenomics	0	0.472920369595704	2506	337	718	229	718	428	3551	1273	853	roadmap_epigenomics H3K4me3	NA	NA	H3K4me3	NA	NA	E023-H3K4me3.narrowPeak	1	116720
1	649	roadmap_epigenomics	0	0.463809242688298	2557	337	760	186	760	428	3605	1222	799	roadmap_epigenomics H3K4me3	NA	NA	H3K4me3	NA	NA	E078-H3K4me3.narrowPeak	1	74526
1	858	roadmap_epigenomics	0	0.511787851656818	2338	337	566	381	566	428	3348	1441	1056	roadmap_epigenomics H3K4me3	NA	NA	H3K4me3	NA	NA	E104-H3K4me3.narrowPeak	1	42254
1	887	roadmap_epigenomics	0	0.424289963768919	2868	337	907	40	907	428	3881	911	523	roadmap_epigenomics	NA	NA	NA	NA	NA	E109-DNase.macs2.narrowPeak	1	334231
1	260	roadmap_epigenomics	0	0.514313607535656	2328	337	558	395	558	430	3335	1451	1069	roadmap_epigenomics H3K9ac	NA	NA	H3K9ac	NA	NA	E019-H3K9ac.narrowPeak	1	72277
1	90	roadmap_epigenomics	0	0.486227222233528	2443	337	671	285	671	431	3479	1336	925	roadmap_epigenomics	NA	NA	NA	NA	NA	E006-DNase.hotspot.fdr0.01.peaks.bed	1	174991
1	323	roadmap_epigenomics	0	0.541093744172625	2251	337	501	455	501	431	3221	1528	1183	roadmap_epigenomics H3K4me3	NA	NA	H3K4me3	NA	NA	E028-H3K4me3.narrowPeak	1	54966
1	475	roadmap_epigenomics	0	0.416636218715973	2929	337	934	21	934	431	3929	850	475	roadmap_epigenomics	NA	NA	NA	NA	NA	E051-DNase.macs2.narrowPeak	1	314537
1	215	roadmap_epigenomics	0	0.479409291854847	2469	337	693	265	693	432	3511	1310	893	roadmap_epigenomics H3K4me3	NA	NA	H3K4me3	NA	NA	E016-H3K4me3.narrowPeak	1	59426
1	602	roadmap_epigenomics	0	0.466403868128104	2524	337	748	211	748	432	3575	1255	829	roadmap_epigenomics H3K4me3	NA	NA	H3K4me3	NA	NA	E071-H3K4me3.narrowPeak	1	77102
1	1113	ucsc_features	0	0.466267050934537	2525	337	749	210	749	432	3576	1254	828	UCSC Evo CpG islands	NA	NA	NA	NA	NA	evoCpg.bed	1	129241
1	1008	roadmap_epigenomics	0	0.460756932731174	2549	337	769	194	769	433	3603	1230	801	roadmap_epigenomics H3K4me2	NA	NA	H3K4me2	NA	NA	E121-H3K4me2.narrowPeak	1	137508
1	1040	roadmap_epigenomics	0	0.426220804678328	2790	337	902	61	902	433	3826	989	578	roadmap_epigenomics	NA	NA	NA	NA	NA	E124-DNase.macs2.narrowPeak	1	295595
1	97	roadmap_epigenomics	0	0.542856829099825	2233	337	494	470	494	434	3201	1546	1203	roadmap_epigenomics H3K14ac	NA	NA	H3K14ac	NA	NA	E006-H3K14ac.narrowPeak	1	124581
1	743	roadmap_epigenomics	0	0.582853006909002	2155	337	427	538	538	434	3060	1624	1344	roadmap_epigenomics	NA	NA	NA	NA	NA	E090-DNase.hotspot.all.peaks.bed	1	99312
1	954	roadmap_epigenomics	0	0.453177685879339	2584	337	795	169	795	434	3641	1195	763	roadmap_epigenomics	NA	NA	NA	NA	NA	E117-DNase.macs2.narrowPeak	1	206823
1	792	roadmap_epigenomics	0	0.534374327466696	2247	337	510	457	510	435	3228	1532	1176	roadmap_epigenomics H3K4me3	NA	NA	H3K4me3	NA	NA	E095-H3K4me3.narrowPeak	1	41750
1	40	roadmap_epigenomics	0	0.619635659502551	2098	337	387	584	584	436	2943	1681	1461	roadmap_epigenomics H4K5ac	NA	NA	H4K5ac	NA	NA	E003-H4K5ac.narrowPeak	1	130639
1	919	roadmap_epigenomics	0	0.412259931816922	2944	337	952	19	952	436	3943	835	461	roadmap_epigenomics	NA	NA	NA	NA	NA	E114-DNase.macs2.narrowPeak	1	371330
1	32	roadmap_epigenomics	0	0.431534219463525	2715	337	882	91	882	437	3767	1064	637	roadmap_epigenomics H3K4me2	NA	NA	H3K4me2	NA	NA	E003-H3K4me2.narrowPeak	1	217090
1	943	roadmap_epigenomics	0	0.552854498563735	2199	337	476	497	497	437	3152	1580	1252	roadmap_epigenomics H2A.Z	NA	NA	H2A.Z	NA	NA	E116-H2A.Z.narrowPeak	1	84270
1	844	roadmap_epigenomics	0	0.464850301961065	2510	337	754	224	754	438	3566	1269	838	roadmap_epigenomics H3K4me3	NA	NA	H3K4me3	NA	NA	E102-H3K4me3.narrowPeak	1	83775
1	5	roadmap_epigenomics	0	0.467106225115731	2498	337	743	238	743	439	3553	1281	851	roadmap_epigenomics H3K9ac	NA	NA	H3K9ac	NA	NA	E001-H3K9ac.narrowPeak	1	67397
1	556	roadmap_epigenomics	0	0.461841328053332	2522	337	766	215	766	439	3580	1257	824	roadmap_epigenomics H3K4me3	NA	NA	H3K4me3	NA	NA	E063-H3K4me3.narrowPeak	1	87655
1	1081	roadmap_epigenomics	0	0.446151135335354	2600	337	826	154	826	439	3663	1179	741	roadmap_epigenomics H3K4me1	NA	NA	H3K4me1	NA	NA	E127-H3K4me1.narrowPeak	1	199886
1	354	roadmap_epigenomics	0	0.499954861272636	2344	337	609	375	609	440	3372	1435	1032	roadmap_epigenomics	NA	NA	NA	NA	NA	E033-DNase.hotspot.fdr0.01.peaks.bed	1	108321
1	300	roadmap_epigenomics	0	0.429962407059324	2694	337	892	98	892	442	3754	1085	650	roadmap_epigenomics H3K4me1	NA	NA	H3K4me1	NA	NA	E025-H3K4me1.narrowPeak	1	312578
1	925	roadmap_epigenomics	0	0.458257971870138	2523	337	776	212	776	442	3586	1256	818	roadmap_epigenomics H3K4me2	NA	NA	H3K4me2	NA	NA	E114-H3K4me2.narrowPeak	1	103473
1	154	roadmap_epigenomics	0	0.466897775372291	2489	337	744	249	744	443	3546	1290	858	roadmap_epigenomics H3K4me2	NA	NA	H3K4me2	NA	NA	E008-H3K4me2.narrowPeak	1	111374
1	301	roadmap_epigenomics	0	0.453411501378649	2542	337	793	200	793	443	3608	1237	796	roadmap_epigenomics H3K4me3	NA	NA	H3K4me3	NA	NA	E025-H3K4me3.narrowPeak	1	104434
1	274	roadmap_epigenomics	0	0.599843800851342	2085	337	404	591	591	444	2961	1694	1443	roadmap_epigenomics H3K36me3	NA	NA	H3K36me3	NA	NA	E021-H3K36me3.narrowPeak	1	189937
1	508	roadmap_epigenomics	0	0.438916865257697	2620	337	857	137	857	444	3688	1159	716	roadmap_epigenomics	NA	NA	NA	NA	NA	E056-DNase.hotspot.fdr0.01.peaks.bed	1	223698
1	499	roadmap_epigenomics	0	0.431087875611478	2660	337	885	113	885	445	3728	1119	676	roadmap_epigenomics	NA	NA	NA	NA	NA	E055-DNase.hotspot.fdr0.01.peaks.bed	1	232786
1	307	roadmap_epigenomics	0	0.459653780799997	2503	337	770	232	770	446	3568	1276	836	roadmap_epigenomics H3K4me1	NA	NA	H3K4me1	NA	NA	E026-H3K4me1.narrowPeak	1	233572
1	682	roadmap_epigenomics	0	0.556351722887563	2161	337	469	532	532	446	3109	1618	1295	roadmap_epigenomics	NA	NA	NA	NA	NA	E083-DNase.hotspot.all.peaks.bed	1	98445
1	327	roadmap_epigenomics	0	0.44475593587871	2583	337	833	170	833	447	3652	1196	752	roadmap_epigenomics	NA	NA	NA	NA	NA	E029-DNase.macs2.narrowPeak	1	209063
1	897	roadmap_epigenomics	0	0.519486232212012	2250	337	548	456	548	447	3255	1529	1149	roadmap_epigenomics H3K4me3	NA	NA	H3K4me3	NA	NA	E110-H3K4me3.narrowPeak	1	51758
1	461	roadmap_epigenomics	0	0.464325724565354	2488	337	757	250	757	448	3549	1291	855	roadmap_epigenomics H3K4me3	NA	NA	H3K4me3	NA	NA	E049-H3K4me3.narrowPeak	1	76569
1	570	roadmap_epigenomics	0	0.503524882061137	2309	337	596	411	596	448	3335	1470	1069	roadmap_epigenomics H3K9ac	NA	NA	H3K9ac	NA	NA	E066-H3K9ac.narrowPeak	1	109594
1	218	roadmap_epigenomics	0	0.542066617336505	2186	337	498	511	511	449	3157	1593	1247	roadmap_epigenomics	NA	NA	NA	NA	NA	E017-DNase.hotspot.all.peaks.bed	1	116011
1	763	roadmap_epigenomics	0	0.40629860011966	2850	337	969	42	969	449	3889	929	515	roadmap_epigenomics	NA	NA	NA	NA	NA	E092-DNase.macs2.narrowPeak	1	354211
1	61	roadmap_epigenomics	0	0.495629749369495	2334	337	624	389	624	450	3370	1445	1034	roadmap_epigenomics H3K9ac	NA	NA	H3K9ac	NA	NA	E004-H3K9ac.narrowPeak	1	93600
1	437	roadmap_epigenomics	0	0.414680808935574	2761	337	941	72	941	450	3820	1018	584	roadmap_epigenomics	NA	NA	NA	NA	NA	E046-DNase.macs2.narrowPeak	1	287236
1	684	roadmap_epigenomics	0	0.406506506772593	2835	337	967	46	967	450	3879	944	525	roadmap_epigenomics	NA	NA	NA	NA	NA	E083-DNase.macs2.narrowPeak	1	517786
1	524	roadmap_epigenomics	0	0.490520777720236	2352	337	646	370	646	451	3394	1427	1010	roadmap_epigenomics H3K27ac	NA	NA	H3K27ac	NA	NA	E058-H3K27ac.narrowPeak	1	155109
1	736	roadmap_epigenomics	0	0.396665273734178	2909	337	990	25	990	451	3937	870	467	roadmap_epigenomics	NA	NA	NA	NA	NA	E089-DNase.macs2.narrowPeak	1	465721
1	1106	roadmap_epigenomics	0	0.439444120701707	2589	337	854	163	854	451	3664	1190	740	roadmap_epigenomics H3K4me2	NA	NA	H3K4me2	NA	NA	E129-H3K4me2.narrowPeak	1	131837
1	188	roadmap_epigenomics	0	0.437671067567374	2595	337	863	158	863	453	3671	1184	733	roadmap_epigenomics H3K4me1	NA	NA	H3K4me1	NA	NA	E012-H3K4me1.narrowPeak	1	258735
1	259	roadmap_epigenomics	0	0.468289679320152	2444	337	737	284	737	453	3507	1335	897	roadmap_epigenomics H3K4me3	NA	NA	H3K4me3	NA	NA	E019-H3K4me3.narrowPeak	1	61693
1	267	roadmap_epigenomics	0	0.472221405755474	2426	337	722	299	722	453	3486	1353	918	roadmap_epigenomics H3K9ac	NA	NA	H3K9ac	NA	NA	E020-H3K9ac.narrowPeak	1	108554
1	659	roadmap_epigenomics	0	0.397700799954232	2890	337	989	32	989	453	3924	889	480	roadmap_epigenomics	NA	NA	NA	NA	NA	E080-DNase.macs2.narrowPeak	1	420510
1	79	roadmap_epigenomics	0	0.433706285251634	2605	337	878	146	878	454	3684	1174	720	roadmap_epigenomics H3K4me1	NA	NA	H3K4me1	NA	NA	E005-H3K4me1.narrowPeak	1	297165
1	295	roadmap_epigenomics	0	0.409051463920266	2785	337	962	65	962	455	3843	994	561	roadmap_epigenomics H3K4me1	NA	NA	H3K4me1	NA	NA	E024-H3K4me1.narrowPeak	1	357319
1	314	roadmap_epigenomics	0	0.465164696788595	2454	337	753	276	753	455	3520	1325	884	roadmap_epigenomics H3K4me3	NA	NA	H3K4me3	NA	NA	E027-H3K4me3.narrowPeak	1	61082
1	507	roadmap_epigenomics	0	0.512818080003665	2235	337	564	468	564	456	3252	1544	1152	roadmap_epigenomics	NA	NA	NA	NA	NA	E056-DNase.hotspot.all.peaks.bed	1	117994
1	1083	roadmap_epigenomics	0	0.457723197900514	2482	337	777	253	777	456	3554	1297	850	roadmap_epigenomics H3K4me3	NA	NA	H3K4me3	NA	NA	E127-H3K4me3.narrowPeak	1	83151
1	527	roadmap_epigenomics	0	0.398480818265729	2827	337	987	48	987	457	3883	952	521	roadmap_epigenomics H3K4me1	NA	NA	H3K4me1	NA	NA	E058-H3K4me1.narrowPeak	1	289473
1	745	roadmap_epigenomics	0	0.390722126748716	2894	337	1004	30	1004	457	3934	885	470	roadmap_epigenomics	NA	NA	NA	NA	NA	E090-DNase.macs2.narrowPeak	1	506090
1	825	roadmap_epigenomics	0	0.452212847940789	2503	337	801	232	801	457	3579	1276	825	roadmap_epigenomics	NA	NA	NA	NA	NA	E100-DNase.hotspot.fdr0.01.peaks.bed	1	170766
1	208	roadmap_epigenomics	0	0.449625703807198	2507	337	810	228	810	458	3586	1272	818	roadmap_epigenomics H3K4me3	NA	NA	H3K4me3	NA	NA	E015-H3K4me3.narrowPeak	1	70722
1	460	roadmap_epigenomics	0	0.41385249195077	2710	337	943	94	943	458	3786	1069	618	roadmap_epigenomics H3K4me1	NA	NA	H3K4me1	NA	NA	E049-H3K4me1.narrowPeak	1	260639
1	983	roadmap_epigenomics	0	0.439434043157653	2560	337	855	183	855	458	3642	1219	762	roadmap_epigenomics H3K4me1	NA	NA	H3K4me1	NA	NA	E119-H3K4me1.narrowPeak	1	182438
1	88	roadmap_epigenomics	0	0.491212300331032	2326	337	644	397	644	459	3370	1453	1034	roadmap_epigenomics H4K91ac	NA	NA	H4K91ac	NA	NA	E005-H4K91ac.narrowPeak	1	249666
1	403	roadmap_epigenomics	0	0.533346198854357	2170	337	515	525	525	459	3156	1609	1248	roadmap_epigenomics H3K4me3	NA	NA	H3K4me3	NA	NA	E040-H3K4me3.narrowPeak	1	63472
1	754	roadmap_epigenomics	0	0.379219233863298	3064	337	1033	8	1033	459	4046	715	358	roadmap_epigenomics	NA	NA	NA	NA	NA	E091-DNase.macs2.narrowPeak	1	494002
1	807	roadmap_epigenomics	0	0.508477184394869	2238	337	577	464	577	459	3262	1541	1142	roadmap_epigenomics H3K4me3	NA	NA	H3K4me3	NA	NA	E097-H3K4me3.narrowPeak	1	41526
1	1078	roadmap_epigenomics	0	0.535293398108817	2161	337	508	532	532	459	3144	1618	1260	roadmap_epigenomics H3K27ac	NA	NA	H3K27ac	NA	NA	E127-H3K27ac.narrowPeak	1	94902
1	615	roadmap_epigenomics	0	0.455693659731641	2472	337	781	263	781	460	3549	1307	855	roadmap_epigenomics H3K4me3	NA	NA	H3K4me3	NA	NA	E073-H3K4me3.narrowPeak	1	75872
1	715	roadmap_epigenomics	0	0.529074486406235	2175	337	522	520	522	460	3168	1604	1236	roadmap_epigenomics H3K4me3	NA	NA	H3K4me3	NA	NA	E086-H3K4me3.narrowPeak	1	45257
1	31	roadmap_epigenomics	0	0.485572509724182	2351	337	674	372	674	461	3401	1428	1003	roadmap_epigenomics H3K4me1	NA	NA	H3K4me1	NA	NA	E003-H3K4me1.narrowPeak	1	223118
1	80	roadmap_epigenomics	0	0.4984834146052	2280	337	614	433	614	461	3317	1499	1087	roadmap_epigenomics H3K4me2	NA	NA	H3K4me2	NA	NA	E005-H3K4me2.narrowPeak	1	62053
1	283	roadmap_epigenomics	0	0.378873014521823	2999	337	1035	12	1035	461	4009	780	395	roadmap_epigenomics H3K36me3	NA	NA	H3K36me3	NA	NA	E022-H3K36me3.narrowPeak	1	407402
1	436	roadmap_epigenomics	0	0.492600913973717	2315	337	639	408	639	461	3358	1464	1046	roadmap_epigenomics	NA	NA	NA	NA	NA	E046-DNase.hotspot.fdr0.01.peaks.bed	1	109868
1	703	roadmap_epigenomics	0	0.487062497094461	2340	337	666	379	666	461	3389	1439	1015	roadmap_epigenomics H3K27ac	NA	NA	H3K27ac	NA	NA	E085-H3K27ac.narrowPeak	1	130166
1	155	roadmap_epigenomics	0	0.474409507367735	2385	337	715	335	715	462	3448	1394	956	roadmap_epigenomics H3K4me3	NA	NA	H3K4me3	NA	NA	E008-H3K4me3.narrowPeak	1	59360
1	325	roadmap_epigenomics	0	0.536591573658319	2154	337	507	541	541	462	3135	1625	1269	roadmap_epigenomics	NA	NA	NA	NA	NA	E029-DNase.hotspot.all.peaks.bed	1	102960
1	716	roadmap_epigenomics	0	0.569841376323632	2069	337	444	605	605	462	2994	1710	1410	roadmap_epigenomics H3K9ac	NA	NA	H3K9ac	NA	NA	E086-H3K9ac.narrowPeak	1	45031
1	83	roadmap_epigenomics	0	0.504923317835083	2237	337	588	465	588	463	3267	1542	1137	roadmap_epigenomics H3K79me2	NA	NA	H3K79me2	NA	NA	E005-H3K79me2.narrowPeak	1	154809
1	373	roadmap_epigenomics	0	0.493402697115209	2303	337	636	415	636	463	3346	1476	1058	roadmap_epigenomics H3K4me3	NA	NA	H3K4me3	NA	NA	E035-H3K4me3.narrowPeak	1	47602
1	694	roadmap_epigenomics	0	0.495632961060781	2287	337	623	428	623	463	3328	1492	1076	roadmap_epigenomics H3K27ac	NA	NA	H3K27ac	NA	NA	E084-H3K27ac.narrowPeak	1	121559
1	770	roadmap_epigenomics	0	0.51980853779842	2189	337	547	506	547	463	3197	1590	1207	roadmap_epigenomics	NA	NA	NA	NA	NA	E093-DNase.hotspot.all.peaks.bed	1	86221
1	815	roadmap_epigenomics	0	0.397908751059251	2789	337	988	63	988	463	3859	990	545	roadmap_epigenomics H3K4me1	NA	NA	H3K4me1	NA	NA	E098-H3K4me1.narrowPeak	1	293089
1	1112	ucsc_features	0	0.568046575611082	2068	337	446	606	606	463	2996	1711	1408	UCSC CpG islands	NA	NA	NA	NA	NA	cpgIslandExt.bed	1	28633
1	41	roadmap_epigenomics	0	0.371305936990465	3041	337	1046	9	1046	464	4040	738	364	roadmap_epigenomics H4K8ac	NA	NA	H4K8ac	NA	NA	E003-H4K8ac.narrowPeak	1	371476
1	52	roadmap_epigenomics	0	0.559336886206724	2084	337	463	593	593	464	3027	1695	1377	roadmap_epigenomics H3K27ac	NA	NA	H3K27ac	NA	NA	E004-H3K27ac.narrowPeak	1	144857
1	837	roadmap_epigenomics	0	0.435759427531413	2557	337	869	186	869	464	3645	1222	759	roadmap_epigenomics H3K4me3	NA	NA	H3K4me3	NA	NA	E101-H3K4me3.narrowPeak	1	96726
1	1059	roadmap_epigenomics	0	0.476873052011259	2372	337	706	350	706	464	3433	1407	971	roadmap_epigenomics H3K4me3	NA	NA	H3K4me3	NA	NA	E125-H3K4me3.narrowPeak	1	70898
1	57	roadmap_epigenomics	0	0.519950279033277	2184	337	546	513	546	465	3192	1595	1212	roadmap_epigenomics H3K4me2	NA	NA	H3K4me2	NA	NA	E004-H3K4me2.narrowPeak	1	59056
1	276	roadmap_epigenomics	0	0.507239516565673	2225	337	578	480	578	465	3252	1554	1152	roadmap_epigenomics H3K4me3	NA	NA	H3K4me3	NA	NA	E021-H3K4me3.narrowPeak	1	38867
1	722	roadmap_epigenomics	0	0.525581418559007	2172	337	536	522	536	465	3171	1607	1233	roadmap_epigenomics H3K4me3	NA	NA	H3K4me3	NA	NA	E087-H3K4me3.narrowPeak	1	35931
1	732	roadmap_epigenomics	0	0.482548133110104	2342	337	680	378	680	465	3398	1437	1006	roadmap_epigenomics H3K9ac	NA	NA	H3K9ac	NA	NA	E088-H3K9ac.narrowPeak	1	113769
1	822	roadmap_epigenomics	0	0.513636181903132	2197	337	559	498	559	465	3215	1582	1189	roadmap_epigenomics H3K4me3	NA	NA	H3K4me3	NA	NA	E099-H3K4me3.narrowPeak	1	38242
1	304	roadmap_epigenomics	0	0.555821189623273	2088	337	471	590	590	466	3037	1691	1367	roadmap_epigenomics H3K27ac	NA	NA	H3K27ac	NA	NA	E026-H3K27ac.narrowPeak	1	107716
1	563	roadmap_epigenomics	0	0.578385524546582	2022	337	435	627	627	466	2931	1757	1473	roadmap_epigenomics H3K4me3	NA	NA	H3K4me3	NA	NA	E065-H3K4me3.narrowPeak	1	39916
1	629	roadmap_epigenomics	0	0.43128507239571	2571	337	884	176	884	466	3662	1208	742	roadmap_epigenomics H3K4me3	NA	NA	H3K4me3	NA	NA	E075-H3K4me3.narrowPeak	1	84678
1	654	roadmap_epigenomics	0	0.417594795698087	2632	337	931	130	931	466	3726	1147	678	roadmap_epigenomics H3K4me1	NA	NA	H3K4me1	NA	NA	E079-H3K4me1.narrowPeak	1	257474
1	831	roadmap_epigenomics	0	0.495132029133232	2275	337	625	437	625	466	3318	1504	1086	roadmap_epigenomics H3K4me3	NA	NA	H3K4me3	NA	NA	E100-H3K4me3.narrowPeak	1	39238
1	980	roadmap_epigenomics	0	0.554088391007567	2097	337	474	586	586	466	3049	1682	1355	roadmap_epigenomics H3K27ac	NA	NA	H3K27ac	NA	NA	E119-H3K27ac.narrowPeak	1	94592
1	151	roadmap_epigenomics	0	0.509582729415192	2211	337	574	489	574	467	3235	1568	1169	roadmap_epigenomics H3K36me3	NA	NA	H3K36me3	NA	NA	E008-H3K36me3.narrowPeak	1	287294
1	183	roadmap_epigenomics	0	0.53261372592252	2143	337	517	548	548	467	3131	1636	1273	roadmap_epigenomics H3K9ac	NA	NA	H3K9ac	NA	NA	E011-H3K9ac.narrowPeak	1	58328
1	345	roadmap_epigenomics	0	0.477307023564605	2360	337	703	362	703	467	3422	1419	982	roadmap_epigenomics	NA	NA	NA	NA	NA	E032-DNase.hotspot.fdr0.01.peaks.bed	1	114529
1	542	roadmap_epigenomics	0	0.401870360239462	2736	337	978	85	978	467	3819	1043	585	roadmap_epigenomics H3K4me1	NA	NA	H3K4me1	NA	NA	E061-H3K4me1.narrowPeak	1	294530
1	243	roadmap_epigenomics	0	0.618531180051041	1915	337	388	679	679	468	2749	1864	1655	roadmap_epigenomics H3K9me1	NA	NA	H3K9me1	NA	NA	E017-H3K9me1.narrowPeak	1	209146
1	498	roadmap_epigenomics	0	0.494817094722965	2270	337	627	440	627	468	3314	1509	1090	roadmap_epigenomics	NA	NA	NA	NA	NA	E055-DNase.hotspot.all.peaks.bed	1	120443
1	672	roadmap_epigenomics	0	0.659328340981252	1843	337	353	713	713	468	2602	1936	1802	roadmap_epigenomics H3K4me3	NA	NA	H3K4me3	NA	NA	E081-H3K4me3.narrowPeak	1	47518
1	857	roadmap_epigenomics	0	0.480546731592588	2336	337	686	385	686	469	3396	1443	1008	roadmap_epigenomics H3K4me1	NA	NA	H3K4me1	NA	NA	E104-H3K4me1.narrowPeak	1	271842
1	75	roadmap_epigenomics	0	0.57397130530412	2010	337	440	634	634	470	2926	1769	1478	roadmap_epigenomics H3K27ac	NA	NA	H3K27ac	NA	NA	E005-H3K27ac.narrowPeak	1	123614
1	204	roadmap_epigenomics	0	0.580107327763114	1999	337	433	641	641	470	2904	1780	1500	roadmap_epigenomics H3K27ac	NA	NA	H3K27ac	NA	NA	E015-H3K27ac.narrowPeak	1	106159
1	262	roadmap_epigenomics	0	0.580224493319986	2003	337	432	640	640	470	2908	1776	1496	roadmap_epigenomics H3K27ac	NA	NA	H3K27ac	NA	NA	E020-H3K27ac.narrowPeak	1	100851
1	801	roadmap_epigenomics	0	0.458544167190275	2427	337	775	298	775	470	3508	1352	896	roadmap_epigenomics	NA	NA	NA	NA	NA	E097-DNase.hotspot.fdr0.01.peaks.bed	1	154095
1	805	roadmap_epigenomics	0	0.5928703686098	1961	337	415	659	659	470	2842	1818	1562	roadmap_epigenomics H3K36me3	NA	NA	H3K36me3	NA	NA	E097-H3K36me3.narrowPeak	1	343116
1	851	roadmap_epigenomics	0	0.435588420990703	2537	337	870	202	870	470	3630	1242	774	roadmap_epigenomics H3K4me3	NA	NA	H3K4me3	NA	NA	E103-H3K4me3.narrowPeak	1	93750
1	89	roadmap_epigenomics	0	0.535262866053744	2116	337	509	568	568	471	3100	1663	1304	roadmap_epigenomics	NA	NA	NA	NA	NA	E006-DNase.hotspot.all.peaks.bed	1	102198
1	730	roadmap_epigenomics	0	0.42002246993815	2598	337	924	155	924	472	3698	1181	706	roadmap_epigenomics H3K4me1	NA	NA	H3K4me1	NA	NA	E088-H3K4me1.narrowPeak	1	291610
1	58	roadmap_epigenomics	0	0.54469165146941	2091	337	492	589	589	473	3059	1688	1345	roadmap_epigenomics H3K4me3	NA	NA	H3K4me3	NA	NA	E004-H3K4me3.narrowPeak	1	41020
1	549	roadmap_epigenomics	0	0.50341924737749	2217	337	597	484	597	473	3251	1562	1153	roadmap_epigenomics H3K4me3	NA	NA	H3K4me3	NA	NA	E062-H3K4me3.narrowPeak	1	34361
1	1027	roadmap_epigenomics	0	0.38491800872064	2763	337	1013	69	1013	473	3858	1016	546	roadmap_epigenomics	NA	NA	NA	NA	NA	E123-DNase.macs2.narrowPeak	1	341769
1	185	roadmap_epigenomics	0	0.545847659030394	2083	337	491	594	594	474	3049	1696	1355	roadmap_epigenomics H3K27ac	NA	NA	H3K27ac	NA	NA	E012-H3K27ac.narrowPeak	1	157402
1	123	roadmap_epigenomics	0	0.606694236309638	1894	337	398	689	689	475	2746	1885	1658	roadmap_epigenomics H3K27ac	NA	NA	H3K27ac	NA	NA	E007-H3K27ac.narrowPeak	1	78132
1	197	roadmap_epigenomics	0	0.489282727633056	2272	337	650	439	650	475	3325	1507	1079	roadmap_epigenomics H3K27ac	NA	NA	H3K27ac	NA	NA	E014-H3K27ac.narrowPeak	1	149273
1	942	roadmap_epigenomics	0	0.39912471523684	2682	337	985	102	985	475	3786	1097	618	roadmap_epigenomics	NA	NA	NA	NA	NA	E116-DNase.macs2.narrowPeak	1	271082
1	216	roadmap_epigenomics	0	0.470898989941893	2355	337	725	367	725	476	3428	1424	976	roadmap_epigenomics H3K9ac	NA	NA	H3K9ac	NA	NA	E016-H3K9ac.narrowPeak	1	82706
1	284	roadmap_epigenomics	0	0.394889922341459	2684	337	995	100	995	477	3793	1095	611	roadmap_epigenomics H3K4me1	NA	NA	H3K4me1	NA	NA	E022-H3K4me1.narrowPeak	1	324422
1	308	roadmap_epigenomics	0	0.465734011788852	2377	337	750	345	750	477	3455	1402	949	roadmap_epigenomics H3K4me3	NA	NA	H3K4me3	NA	NA	E026-H3K4me3.narrowPeak	1	81465
1	621	roadmap_epigenomics	0	0.4346209558577	2513	337	872	222	872	477	3613	1266	791	roadmap_epigenomics H3K4me1	NA	NA	H3K4me1	NA	NA	E074-H3K4me1.narrowPeak	1	266870
1	864	roadmap_epigenomics	0	0.464316820513317	2385	337	758	335	758	477	3464	1394	940	roadmap_epigenomics H3K4me3	NA	NA	H3K4me3	NA	NA	E105-H3K4me3.narrowPeak	1	41900
1	191	roadmap_epigenomics	0	0.5509234422198	2056	337	483	613	613	478	3013	1723	1391	roadmap_epigenomics H3K27ac	NA	NA	H3K27ac	NA	NA	E013-H3K27ac.narrowPeak	1	139221
1	313	roadmap_epigenomics	0	0.381351628250049	2778	337	1029	68	1029	478	3872	1001	532	roadmap_epigenomics H3K4me1	NA	NA	H3K4me1	NA	NA	E027-H3K4me1.narrowPeak	1	374655
1	768	roadmap_epigenomics	0	0.474998333581244	2336	337	711	385	711	478	3405	1443	999	roadmap_epigenomics H3K4me3	NA	NA	H3K4me3	NA	NA	E092-H3K4me3.narrowPeak	1	39260
1	1009	roadmap_epigenomics	0	0.481448662013028	2308	337	683	413	683	478	3370	1471	1034	roadmap_epigenomics H3K4me3	NA	NA	H3K4me3	NA	NA	E121-H3K4me3.narrowPeak	1	69233
1	1058	roadmap_epigenomics	0	0.411882115899788	2607	337	954	143	954	478	3716	1172	688	roadmap_epigenomics H3K4me2	NA	NA	H3K4me2	NA	NA	E125-H3K4me2.narrowPeak	1	125847
1	478	roadmap_epigenomics	0	0.375263229523513	2790	337	1040	61	1040	479	3887	989	517	roadmap_epigenomics H3K4me1	NA	NA	H3K4me1	NA	NA	E051-H3K4me1.narrowPeak	1	222976
1	479	roadmap_epigenomics	0	0.421411805355198	2564	337	919	181	919	479	3671	1215	733	roadmap_epigenomics H3K4me3	NA	NA	H3K4me3	NA	NA	E051-H3K4me3.narrowPeak	1	94048
1	714	roadmap_epigenomics	0	0.685040977755722	1740	337	328	772	772	479	2443	2039	1961	roadmap_epigenomics H3K4me1	NA	NA	H3K4me1	NA	NA	E086-H3K4me1.narrowPeak	1	91722
1	840	roadmap_epigenomics	0	0.483111607121836	2293	337	677	423	677	479	3354	1486	1050	roadmap_epigenomics H3K27ac	NA	NA	H3K27ac	NA	NA	E102-H3K27ac.narrowPeak	1	127503
1	931	roadmap_epigenomics	0	0.568146004773111	1967	337	445	655	655	479	2891	1812	1513	roadmap_epigenomics H2A.Z	NA	NA	H2A.Z	NA	NA	E115-H2A.Z.narrowPeak	1	84931
1	152	roadmap_epigenomics	0	0.621390422228227	1837	337	381	721	721	480	2658	1942	1746	roadmap_epigenomics H3K4ac	NA	NA	H3K4ac	NA	NA	E008-H3K4ac.narrowPeak	1	70510
1	252	roadmap_epigenomics	0	0.436656856802755	2495	337	864	239	864	480	3596	1284	808	roadmap_epigenomics H3K4me3	NA	NA	H3K4me3	NA	NA	E018-H3K4me3.narrowPeak	1	76986
1	869	roadmap_epigenomics	0	0.496394471699639	2216	337	618	486	618	480	3262	1563	1142	roadmap_epigenomics H3K4me1	NA	NA	H3K4me1	NA	NA	E106-H3K4me1.narrowPeak	1	133631
1	996	roadmap_epigenomics	0	0.459202148706505	2386	337	772	331	772	480	3473	1393	931	roadmap_epigenomics H3K4me2	NA	NA	H3K4me2	NA	NA	E120-H3K4me2.narrowPeak	1	121927
1	253	roadmap_epigenomics	0	0.411264226557748	2603	337	956	150	956	481	3714	1176	690	roadmap_epigenomics H3K9ac	NA	NA	H3K9ac	NA	NA	E018-H3K9ac.narrowPeak	1	148075
1	1004	roadmap_epigenomics	0	0.524829012949464	2116	337	538	568	568	481	3118	1663	1286	roadmap_epigenomics H3K27ac	NA	NA	H3K27ac	NA	NA	E121-H3K27ac.narrowPeak	1	117985
1	1007	roadmap_epigenomics	0	0.452263920075189	2415	337	800	307	800	481	3508	1364	896	roadmap_epigenomics H3K4me1	NA	NA	H3K4me1	NA	NA	E121-H3K4me1.narrowPeak	1	248336
1	636	roadmap_epigenomics	0	0.46463729364071	2369	337	755	355	755	482	3450	1410	954	roadmap_epigenomics H3K4me3	NA	NA	H3K4me3	NA	NA	E076-H3K4me3.narrowPeak	1	72243
1	830	roadmap_epigenomics	0	0.518328984143517	2127	337	550	558	558	482	3140	1652	1264	roadmap_epigenomics H3K4me1	NA	NA	H3K4me1	NA	NA	E100-H3K4me1.narrowPeak	1	196301
1	165	roadmap_epigenomics	0	0.678376196051839	1736	337	333	778	778	483	2449	2043	1955	roadmap_epigenomics H4K91ac	NA	NA	H4K91ac	NA	NA	E008-H4K91ac.narrowPeak	1	81358
1	1047	roadmap_epigenomics	0	0.445193169522069	2447	337	830	282	830	483	3545	1332	859	roadmap_epigenomics H3K4me3	NA	NA	H3K4me3	NA	NA	E124-H3K4me3.narrowPeak	1	81682
1	125	roadmap_epigenomics	0	0.558740116376175	1977	337	465	649	649	484	2918	1802	1486	roadmap_epigenomics H3K36me3	NA	NA	H3K36me3	NA	NA	E007-H3K36me3.narrowPeak	1	177693
1	353	roadmap_epigenomics	0	0.499854049273258	2189	337	610	506	610	484	3231	1590	1173	roadmap_epigenomics	NA	NA	NA	NA	NA	E033-DNase.hotspot.all.peaks.bed	1	89092
1	2	roadmap_epigenomics	0	0.619708541640615	1813	337	386	733	733	485	2634	1966	1770	roadmap_epigenomics H3K36me3	NA	NA	H3K36me3	NA	NA	E001-H3K36me3.narrowPeak	1	187250
1	104	roadmap_epigenomics	0	0.354071010739154	2834	337	1070	47	1070	485	3939	945	465	roadmap_epigenomics H3K4me1	NA	NA	H3K4me1	NA	NA	E006-H3K4me1.narrowPeak	1	392101
1	362	roadmap_epigenomics	0	0.477642839433358	2302	337	700	418	700	485	3371	1477	1033	roadmap_epigenomics	NA	NA	NA	NA	NA	E034-DNase.hotspot.fdr0.01.peaks.bed	1	107036
1	759	roadmap_epigenomics	0	0.509899700301315	2145	337	573	545	573	485	3172	1634	1232	roadmap_epigenomics H3K4me3	NA	NA	H3K4me3	NA	NA	E091-H3K4me3.narrowPeak	1	33481
1	784	roadmap_epigenomics	0	0.493815708707563	2221	337	634	483	634	485	3271	1558	1133	roadmap_epigenomics H3K36me3	NA	NA	H3K36me3	NA	NA	E094-H3K36me3.narrowPeak	1	243020
1	1105	roadmap_epigenomics	0	0.418893653734504	2555	337	929	189	929	485	3668	1224	736	roadmap_epigenomics H3K4me1	NA	NA	H3K4me1	NA	NA	E129-H3K4me1.narrowPeak	1	237110
1	377	roadmap_epigenomics	0	0.383186879269672	2683	337	1020	101	1020	486	3808	1096	596	roadmap_epigenomics H3K4me1	NA	NA	H3K4me1	NA	NA	E036-H3K4me1.narrowPeak	1	232778
1	916	roadmap_epigenomics	0	0.342059887456586	2894	337	1091	30	1091	486	3987	885	417	roadmap_epigenomics H3K4me1	NA	NA	H3K4me1	NA	NA	E113-H3K4me1.narrowPeak	1	347200
1	1107	roadmap_epigenomics	0	0.450136920232188	2406	337	808	313	808	486	3504	1373	900	roadmap_epigenomics H3K4me3	NA	NA	H3K4me3	NA	NA	E129-H3K4me3.narrowPeak	1	73663
1	102	roadmap_epigenomics	0	0.434599692170145	2482	337	873	253	873	488	3589	1297	815	roadmap_epigenomics H3K36me3	NA	NA	H3K36me3	NA	NA	E006-H3K36me3.narrowPeak	1	368481
1	800	roadmap_epigenomics	0	0.506511500824075	2143	337	579	548	579	488	3176	1636	1228	roadmap_epigenomics	NA	NA	NA	NA	NA	E097-DNase.hotspot.all.peaks.bed	1	99584
1	117	roadmap_epigenomics	0	0.6300344667812	1771	337	373	757	757	489	2569	2008	1835	roadmap_epigenomics H2BK12ac	NA	NA	H2BK12ac	NA	NA	E007-H2BK12ac.narrowPeak	1	126786
1	435	roadmap_epigenomics	0	0.499682519510677	2178	337	611	518	611	489	3221	1601	1183	roadmap_epigenomics	NA	NA	NA	NA	NA	E046-DNase.hotspot.all.peaks.bed	1	88265
1	509	roadmap_epigenomics	0	0.346557555634906	2836	337	1086	45	1086	489	3949	943	455	roadmap_epigenomics	NA	NA	NA	NA	NA	E056-DNase.macs2.narrowPeak	1	397102
1	1046	roadmap_epigenomics	0	0.420999606883686	2527	337	921	209	921	489	3644	1252	760	roadmap_epigenomics H3K4me2	NA	NA	H3K4me2	NA	NA	E124-H3K4me2.narrowPeak	1	77302
1	555	roadmap_epigenomics	0	0.350338914946619	2806	337	1078	56	1078	490	3927	973	477	roadmap_epigenomics H3K4me1	NA	NA	H3K4me1	NA	NA	E063-H3K4me1.narrowPeak	1	260722
1	782	roadmap_epigenomics	0	0.506068504346686	2138	337	580	552	580	490	3172	1641	1232	roadmap_epigenomics H3K27ac	NA	NA	H3K27ac	NA	NA	E094-H3K27ac.narrowPeak	1	98193
1	100	roadmap_epigenomics	0	0.554554418019371	1947	337	473	664	664	491	2894	1832	1510	roadmap_epigenomics H3K27ac	NA	NA	H3K27ac	NA	NA	E006-H3K27ac.narrowPeak	1	144157
1	391	roadmap_epigenomics	0	0.504004290361586	2151	337	594	543	594	491	3188	1628	1216	roadmap_epigenomics H3K9ac	NA	NA	H3K9ac	NA	NA	E038-H3K9ac.narrowPeak	1	68708
1	29	roadmap_epigenomics	0	0.538430062493182	2005	337	502	636	636	492	2983	1774	1421	roadmap_epigenomics H3K36me3	NA	NA	H3K36me3	NA	NA	E003-H3K36me3.narrowPeak	1	323310
1	230	roadmap_epigenomics	0	0.538430062493182	2005	337	502	636	636	492	2983	1774	1421	roadmap_epigenomics H3K18ac	NA	NA	H3K18ac	NA	NA	E017-H3K18ac.narrowPeak	1	266971
1	470	roadmap_epigenomics	0	0.350046354483319	2802	337	1079	59	1079	492	3925	977	479	roadmap_epigenomics H3K4me1	NA	NA	H3K4me1	NA	NA	E050-H3K4me1.narrowPeak	1	180375
1	471	roadmap_epigenomics	0	0.439935730034671	2443	337	853	285	853	492	3550	1336	854	roadmap_epigenomics H3K4me3	NA	NA	H3K4me3	NA	NA	E050-H3K4me3.narrowPeak	1	62120
1	500	roadmap_epigenomics	0	0.315094755346598	2873	337	1104	34	1104	492	4006	906	398	roadmap_epigenomics	NA	NA	NA	NA	NA	E055-DNase.macs2.narrowPeak	1	447741
1	671	roadmap_epigenomics	0	0.436424565406663	2455	337	865	275	865	492	3565	1324	839	roadmap_epigenomics H3K4me1	NA	NA	H3K4me1	NA	NA	E081-H3K4me1.narrowPeak	1	160582
1	882	roadmap_epigenomics	0	0.433931213776002	2473	337	877	261	877	492	3583	1306	821	roadmap_epigenomics H3K4me3	NA	NA	H3K4me3	NA	NA	E108-H3K4me3.narrowPeak	1	92210
1	896	roadmap_epigenomics	0	0.383633388002756	2642	337	1017	123	1017	492	3780	1137	624	roadmap_epigenomics H3K4me1	NA	NA	H3K4me1	NA	NA	E110-H3K4me1.narrowPeak	1	214877
1	802	roadmap_epigenomics	0	0.301226173278492	2873	337	1109	34	1109	493	4022	906	382	roadmap_epigenomics	NA	NA	NA	NA	NA	E097-DNase.macs2.narrowPeak	1	492363
1	965	roadmap_epigenomics	0	0.570454144108403	1879	337	442	700	700	493	2793	1900	1611	roadmap_epigenomics H4K20me1	NA	NA	H4K20me1	NA	NA	E117-H4K20me1.narrowPeak	1	124987
1	1057	roadmap_epigenomics	0	0.407930487185286	2570	337	966	177	966	493	3695	1209	709	roadmap_epigenomics H3K4me1	NA	NA	H3K4me1	NA	NA	E125-H3K4me1.narrowPeak	1	233552
1	33	roadmap_epigenomics	0	0.468028072380846	2317	337	739	405	739	494	3400	1462	1004	roadmap_epigenomics H3K4me3	NA	NA	H3K4me3	NA	NA	E003-H3K4me3.narrowPeak	1	42133
1	239	roadmap_epigenomics	0	0.558649864908816	1918	337	467	677	677	494	2856	1861	1548	roadmap_epigenomics H3K56ac	NA	NA	H3K56ac	NA	NA	E017-H3K56ac.narrowPeak	1	109751
1	741	roadmap_epigenomics	0	0.489549833362163	2200	337	648	496	648	494	3259	1579	1145	roadmap_epigenomics H3K4me3	NA	NA	H3K4me3	NA	NA	E089-H3K4me3.narrowPeak	1	32241
1	1045	roadmap_epigenomics	0	0.381721456003003	2641	337	1026	125	1026	496	3782	1138	622	roadmap_epigenomics H3K4me1	NA	NA	H3K4me1	NA	NA	E124-H3K4me1.narrowPeak	1	127405
1	1049	roadmap_epigenomics	0	0.45114243156972	2374	337	805	347	805	496	3476	1405	928	roadmap_epigenomics H3K9ac	NA	NA	H3K9ac	NA	NA	E124-H3K9ac.narrowPeak	1	72690
1	211	roadmap_epigenomics	0	0.525813802061962	2035	337	535	619	619	497	3036	1744	1368	roadmap_epigenomics H3K27ac	NA	NA	H3K27ac	NA	NA	E016-H3K27ac.narrowPeak	1	111185
1	660	roadmap_epigenomics	0	0.471834392868883	2283	337	723	431	723	497	3364	1496	1040	roadmap_epigenomics H3K27ac	NA	NA	H3K27ac	NA	NA	E080-H3K27ac.narrowPeak	1	158539
1	826	roadmap_epigenomics	0	0.273924720055176	2869	337	1116	39	1116	497	4052	910	352	roadmap_epigenomics	NA	NA	NA	NA	NA	E100-DNase.macs2.narrowPeak	1	441628
1	237	roadmap_epigenomics	0	0.417167434601083	2510	337	932	224	932	498	3637	1269	767	roadmap_epigenomics H3K4me2	NA	NA	H3K4me2	NA	NA	E017-H3K4me2.narrowPeak	1	177688
1	331	roadmap_epigenomics	0	0.408250389283073	2550	337	964	192	964	498	3680	1229	724	roadmap_epigenomics H3K4me1	NA	NA	H3K4me1	NA	NA	E029-H3K4me1.narrowPeak	1	142027
1	355	roadmap_epigenomics	0	0.349446281426623	2757	337	1082	75	1082	498	3899	1022	505	roadmap_epigenomics	NA	NA	NA	NA	NA	E033-DNase.macs2.narrowPeak	1	279354
1	664	roadmap_epigenomics	0	0.4723310353497	2276	337	720	436	720	498	3357	1503	1047	roadmap_epigenomics H3K4me3	NA	NA	H3K4me3	NA	NA	E080-H3K4me3.narrowPeak	1	34321
1	294	roadmap_epigenomics	0	0.523585448661186	2034	337	540	621	621	499	3039	1745	1365	roadmap_epigenomics H3K36me3	NA	NA	H3K36me3	NA	NA	E024-H3K36me3.narrowPeak	1	291581
1	363	roadmap_epigenomics	0	0.299916722848093	2823	337	1110	49	1110	499	3998	956	406	roadmap_epigenomics	NA	NA	NA	NA	NA	E034-DNase.macs2.narrowPeak	1	416560
1	750	roadmap_epigenomics	0	0.475502868657662	2255	337	710	450	710	499	3333	1524	1071	roadmap_epigenomics H3K4me3	NA	NA	H3K4me3	NA	NA	E090-H3K4me3.narrowPeak	1	35057
1	433	roadmap_epigenomics	0	0.479920100406488	2230	337	690	473	690	500	3303	1549	1101	roadmap_epigenomics H3K4me3	NA	NA	H3K4me3	NA	NA	E045-H3K4me3.narrowPeak	1	50440
1	790	roadmap_epigenomics	0	0.563440593883042	1859	337	455	707	707	500	2784	1920	1620	roadmap_epigenomics H3K36me3	NA	NA	H3K36me3	NA	NA	E095-H3K36me3.narrowPeak	1	283237
1	169	roadmap_epigenomics	0	0.427467071730779	2464	337	900	266	900	501	3586	1315	818	roadmap_epigenomics H3K4me1	NA	NA	H3K4me1	NA	NA	E009-H3K4me1.narrowPeak	1	280630
1	346	roadmap_epigenomics	0	0.292948357635517	2812	337	1113	52	1113	501	4001	967	403	roadmap_epigenomics	NA	NA	NA	NA	NA	E032-DNase.macs2.narrowPeak	1	359211
1	568	roadmap_epigenomics	0	0.355398017591565	2693	337	1067	99	1067	501	3852	1086	552	roadmap_epigenomics H3K4me1	NA	NA	H3K4me1	NA	NA	E066-H3K4me1.narrowPeak	1	233359
1	589	roadmap_epigenomics	0	0.404091171261207	2547	337	971	196	971	501	3684	1232	720	roadmap_epigenomics H3K4me1	NA	NA	H3K4me1	NA	NA	E069-H3K4me1.narrowPeak	1	263106
1	890	roadmap_epigenomics	0	0.577718014750577	1825	337	436	730	730	501	2721	1954	1683	roadmap_epigenomics H3K36me3	NA	NA	H3K36me3	NA	NA	E109-H3K36me3.narrowPeak	1	171676
1	966	roadmap_epigenomics	0	0.327763785873079	2780	337	1100	67	1100	501	3940	999	464	roadmap_epigenomics	NA	NA	NA	NA	NA	E118-DNase.macs2.narrowPeak	1	277975
1	985	roadmap_epigenomics	0	0.477832035914442	2236	337	699	466	699	501	3312	1543	1092	roadmap_epigenomics H3K4me3	NA	NA	H3K4me3	NA	NA	E119-H3K4me3.narrowPeak	1	41290
1	707	roadmap_epigenomics	0	0.44972784713458	2364	337	809	359	809	502	3470	1415	934	roadmap_epigenomics H3K4me3	NA	NA	H3K4me3	NA	NA	E085-H3K4me3.narrowPeak	1	43543
1	838	roadmap_epigenomics	0	0.443680143222932	2386	337	838	331	838	502	3498	1393	906	roadmap_epigenomics H3K9ac	NA	NA	H3K9ac	NA	NA	E101-H3K9ac.narrowPeak	1	104171
1	791	roadmap_epigenomics	0	0.441994240481035	2390	337	845	328	845	503	3504	1389	900	roadmap_epigenomics H3K4me1	NA	NA	H3K4me1	NA	NA	E095-H3K4me1.narrowPeak	1	268306
1	491	roadmap_epigenomics	0	0.46935337299357	2268	337	735	441	735	504	3355	1511	1049	roadmap_epigenomics H3K4me3	NA	NA	H3K4me3	NA	NA	E053-H3K4me3.narrowPeak	1	36677
1	843	roadmap_epigenomics	0	0.386044531324571	2587	337	1011	164	1011	504	3739	1192	665	roadmap_epigenomics H3K4me1	NA	NA	H3K4me1	NA	NA	E102-H3K4me1.narrowPeak	1	236074
1	561	roadmap_epigenomics	0	0.69214487523161	1549	337	326	852	852	505	2206	2230	2198	roadmap_epigenomics H3K36me3	NA	NA	H3K36me3	NA	NA	E065-H3K36me3.narrowPeak	1	104024
1	582	roadmap_epigenomics	0	0.383613452087165	2592	337	1018	161	1018	505	3746	1187	658	roadmap_epigenomics H3K4me1	NA	NA	H3K4me1	NA	NA	E068-H3K4me1.narrowPeak	1	279154
1	904	roadmap_epigenomics	0	0.420446910964091	2481	337	922	255	922	505	3610	1298	794	roadmap_epigenomics H3K4me3	NA	NA	H3K4me3	NA	NA	E111-H3K4me3.narrowPeak	1	90969
1	344	roadmap_epigenomics	0	0.501146318955394	2107	337	605	576	605	506	3151	1672	1253	roadmap_epigenomics	NA	NA	NA	NA	NA	E032-DNase.hotspot.all.peaks.bed	1	81799
1	663	roadmap_epigenomics	0	0.299217387294852	2762	337	1111	70	1111	506	3967	1017	437	roadmap_epigenomics H3K4me1	NA	NA	H3K4me1	NA	NA	E080-H3K4me1.narrowPeak	1	279457
1	773	roadmap_epigenomics	0	0.501868402966737	2099	337	601	581	601	506	3142	1680	1262	roadmap_epigenomics H3K27ac	NA	NA	H3K27ac	NA	NA	E093-H3K27ac.narrowPeak	1	114812
1	860	roadmap_epigenomics	0	0.325977271348386	2746	337	1101	81	1101	506	3923	1033	481	roadmap_epigenomics H3K27ac	NA	NA	H3K27ac	NA	NA	E105-H3K27ac.narrowPeak	1	294261
1	118	roadmap_epigenomics	0	0.668381895910674	1592	337	345	838	838	507	2296	2187	2108	roadmap_epigenomics H2BK15ac	NA	NA	H2BK15ac	NA	NA	E007-H2BK15ac.narrowPeak	1	91360
1	229	roadmap_epigenomics	0	0.531402027069954	1946	337	519	665	665	507	2935	1833	1469	roadmap_epigenomics H3K14ac	NA	NA	H3K14ac	NA	NA	E017-H3K14ac.narrowPeak	1	195264
1	484	roadmap_epigenomics	0	0.40376862528274	2523	337	972	212	972	507	3667	1256	737	roadmap_epigenomics H3K4me2	NA	NA	H3K4me2	NA	NA	E052-H3K4me2.narrowPeak	1	119840
1	496	roadmap_epigenomics	0	0.437947674836902	2393	337	862	322	862	507	3513	1386	891	roadmap_epigenomics H3K4me3	NA	NA	H3K4me3	NA	NA	E054-H3K4me3.narrowPeak	1	59260
1	601	roadmap_epigenomics	0	0.363590873814456	2634	337	1056	129	1056	507	3803	1145	601	roadmap_epigenomics H3K4me1	NA	NA	H3K4me1	NA	NA	E071-H3K4me1.narrowPeak	1	226083
1	697	roadmap_epigenomics	0	0.375038105249572	2606	337	1041	145	1041	508	3768	1173	636	roadmap_epigenomics H3K4me1	NA	NA	H3K4me1	NA	NA	E084-H3K4me1.narrowPeak	1	247694
1	1020	roadmap_epigenomics	0	0.441780443596309	2381	337	847	339	847	508	3497	1398	907	roadmap_epigenomics H3K4me2	NA	NA	H3K4me2	NA	NA	E122-H3K4me2.narrowPeak	1	99492
1	390	roadmap_epigenomics	0	0.488987689241236	2158	337	655	535	655	509	3221	1621	1183	roadmap_epigenomics H3K4me3	NA	NA	H3K4me3	NA	NA	E038-H3K4me3.narrowPeak	1	51910
1	495	roadmap_epigenomics	0	0.430134244687865	2426	337	890	299	890	509	3552	1353	852	roadmap_epigenomics H3K4me1	NA	NA	H3K4me1	NA	NA	E054-H3K4me1.narrowPeak	1	191253
1	521	roadmap_epigenomics	0	0.421453208281979	2457	337	918	272	918	509	3590	1322	814	roadmap_epigenomics H3K4me1	NA	NA	H3K4me1	NA	NA	E057-H3K4me1.narrowPeak	1	212997
1	698	roadmap_epigenomics	0	0.452825088840477	2326	337	797	397	797	510	3433	1453	971	roadmap_epigenomics H3K4me3	NA	NA	H3K4me3	NA	NA	E084-H3K4me3.narrowPeak	1	40136
1	755	roadmap_epigenomics	0	0.499023071603121	2102	337	613	580	613	510	3150	1677	1254	roadmap_epigenomics H3K27ac	NA	NA	H3K27ac	NA	NA	E091-H3K27ac.narrowPeak	1	113281
1	1054	roadmap_epigenomics	0	0.504504057720881	2074	337	592	601	601	510	3113	1705	1291	roadmap_epigenomics H3K27ac	NA	NA	H3K27ac	NA	NA	E125-H3K27ac.narrowPeak	1	117634
1	641	roadmap_epigenomics	0	0.34040416359208	2679	337	1092	105	1092	511	3864	1100	540	roadmap_epigenomics H3K4me1	NA	NA	H3K4me1	NA	NA	E077-H3K4me1.narrowPeak	1	231713
1	764	roadmap_epigenomics	0	0.440502425957622	2376	337	850	346	850	511	3495	1403	909	roadmap_epigenomics H3K27ac	NA	NA	H3K27ac	NA	NA	E092-H3K27ac.narrowPeak	1	135058
1	111	roadmap_epigenomics	0	0.389889852988587	2548	337	1005	195	1005	512	3706	1231	698	roadmap_epigenomics H4K91ac	NA	NA	H4K91ac	NA	NA	E006-H4K91ac.narrowPeak	1	234539
1	176	roadmap_epigenomics	0	0.490242514218541	2138	337	647	552	647	512	3200	1641	1204	roadmap_epigenomics H3K4me3	NA	NA	H3K4me3	NA	NA	E010-H3K4me3.narrowPeak	1	37746
1	386	roadmap_epigenomics	0	0.526300763126238	1934	337	532	668	668	512	2932	1845	1472	roadmap_epigenomics H3K27ac	NA	NA	H3K27ac	NA	NA	E038-H3K27ac.narrowPeak	1	50328
1	448	roadmap_epigenomics	0	0.492847009204412	2126	337	637	562	637	512	3184	1653	1220	roadmap_epigenomics H3K4me3	NA	NA	H3K4me3	NA	NA	E047-H3K4me3.narrowPeak	1	39614
1	803	roadmap_epigenomics	0	0.487406175995065	2155	337	661	538	661	512	3221	1624	1183	roadmap_epigenomics H3K27ac	NA	NA	H3K27ac	NA	NA	E097-H3K27ac.narrowPeak	1	194850
1	992	roadmap_epigenomics	0	0.531901878819963	1900	337	518	684	684	513	2886	1879	1518	roadmap_epigenomics H3K27ac	NA	NA	H3K27ac	NA	NA	E120-H3K27ac.narrowPeak	1	89677
1	255	roadmap_epigenomics	0	0.63076906820916	1605	337	370	834	834	514	2375	2174	2029	roadmap_epigenomics H3K27ac	NA	NA	H3K27ac	NA	NA	E019-H3K27ac.narrowPeak	1	53191
1	350	roadmap_epigenomics	0	0.352934978282208	2632	337	1075	130	1075	514	3817	1147	587	roadmap_epigenomics H3K4me1	NA	NA	H3K4me1	NA	NA	E032-H3K4me1.narrowPeak	1	167617
1	706	roadmap_epigenomics	0	0.353687938067193	2629	337	1072	134	1072	514	3814	1150	590	roadmap_epigenomics H3K4me1	NA	NA	H3K4me1	NA	NA	E085-H3K4me1.narrowPeak	1	285846
1	285	roadmap_epigenomics	0	0.412864229705662	2476	337	949	260	949	515	3618	1303	786	roadmap_epigenomics H3K4me3	NA	NA	H3K4me3	NA	NA	E022-H3K4me3.narrowPeak	1	75387
1	651	roadmap_epigenomics	0	0.455279109642543	2291	337	783	426	783	515	3399	1488	1005	roadmap_epigenomics H3K27ac	NA	NA	H3K27ac	NA	NA	E079-H3K27ac.narrowPeak	1	156932
1	758	roadmap_epigenomics	0	0.349505796968566	2640	337	1081	126	1081	515	3827	1139	577	roadmap_epigenomics H3K4me1	NA	NA	H3K4me1	NA	NA	E091-H3K4me1.narrowPeak	1	214541
1	852	roadmap_epigenomics	0	0.43131273193083	2392	337	883	324	883	515	3523	1387	881	roadmap_epigenomics H3K9ac	NA	NA	H3K9ac	NA	NA	E103-H3K9ac.narrowPeak	1	111468
1	446	roadmap_epigenomics	0	0.640582820399697	1568	337	364	848	848	516	2314	2211	2090	roadmap_epigenomics H3K36me3	NA	NA	H3K36me3	NA	NA	E047-H3K36me3.narrowPeak	1	150951
1	483	roadmap_epigenomics	0	0.384789063936832	2547	337	1014	196	1014	516	3713	1232	691	roadmap_epigenomics H3K4me1	NA	NA	H3K4me1	NA	NA	E052-H3K4me1.narrowPeak	1	247579
1	737	roadmap_epigenomics	0	0.501335390493336	2064	337	603	609	609	516	3109	1715	1295	roadmap_epigenomics H3K27ac	NA	NA	H3K27ac	NA	NA	E089-H3K27ac.narrowPeak	1	114750
1	767	roadmap_epigenomics	0	0.360905736606655	2602	337	1059	151	1059	516	3786	1177	618	roadmap_epigenomics H3K4me1	NA	NA	H3K4me1	NA	NA	E092-H3K4me1.narrowPeak	1	275943
1	142	roadmap_epigenomics	0	0.652902401647053	1538	337	359	854	854	517	2257	2241	2147	roadmap_epigenomics H2BK15ac	NA	NA	H2BK15ac	NA	NA	E008-H2BK15ac.narrowPeak	1	52204
1	189	roadmap_epigenomics	0	0.450166106697065	2316	337	807	407	807	517	3429	1463	975	roadmap_epigenomics H3K4me3	NA	NA	H3K4me3	NA	NA	E012-H3K4me3.narrowPeak	1	42211
1	187	roadmap_epigenomics	0	0.548399724377968	1827	337	488	728	728	518	2777	1952	1627	roadmap_epigenomics H3K36me3	NA	NA	H3K36me3	NA	NA	E012-H3K36me3.narrowPeak	1	226301
1	485	roadmap_epigenomics	0	0.444600904972337	2337	337	835	383	835	518	3456	1442	948	roadmap_epigenomics H3K4me3	NA	NA	H3K4me3	NA	NA	E052-H3K4me3.narrowPeak	1	77026
1	490	roadmap_epigenomics	0	0.402093781579218	2495	337	977	239	977	518	3649	1284	755	roadmap_epigenomics H3K4me1	NA	NA	H3K4me1	NA	NA	E053-H3K4me1.narrowPeak	1	185030
1	749	roadmap_epigenomics	0	0.342648549537308	2637	337	1089	128	1089	518	3835	1142	569	roadmap_epigenomics H3K4me1	NA	NA	H3K4me1	NA	NA	E090-H3K4me1.narrowPeak	1	268484
1	1011	roadmap_epigenomics	0	0.482911544561229	2155	337	678	538	678	518	3229	1624	1175	roadmap_epigenomics H3K9ac	NA	NA	H3K9ac	NA	NA	E121-H3K9ac.narrowPeak	1	104079
1	584	roadmap_epigenomics	0	0.391135941738183	2517	337	1001	218	1001	519	3682	1262	722	roadmap_epigenomics H3K9ac	NA	NA	H3K9ac	NA	NA	E068-H3K9ac.narrowPeak	1	183791
1	679	roadmap_epigenomics	0	0.455000865301715	2280	337	786	433	786	519	3390	1499	1014	roadmap_epigenomics H3K4me1	NA	NA	H3K4me1	NA	NA	E082-H3K4me1.narrowPeak	1	167812
1	776	roadmap_epigenomics	0	0.314474324330409	2647	337	1105	116	1105	519	3882	1132	522	roadmap_epigenomics H3K4me1	NA	NA	H3K4me1	NA	NA	E093-H3K4me1.narrowPeak	1	250705
1	821	roadmap_epigenomics	0	0.383774317220216	2532	337	1016	204	1016	519	3704	1247	700	roadmap_epigenomics H3K4me1	NA	NA	H3K4me1	NA	NA	E099-H3K4me1.narrowPeak	1	176837
1	361	roadmap_epigenomics	0	0.49061694449216	2106	337	645	578	645	520	3169	1673	1235	roadmap_epigenomics	NA	NA	NA	NA	NA	E034-DNase.hotspot.all.peaks.bed	1	81127
1	367	roadmap_epigenomics	0	0.307562001762727	2645	337	1106	118	1106	520	3891	1134	513	roadmap_epigenomics H3K4me1	NA	NA	H3K4me1	NA	NA	E034-H3K4me1.narrowPeak	1	198110
1	863	roadmap_epigenomics	0	0.342401950086699	2630	337	1090	133	1090	520	3831	1149	573	roadmap_epigenomics H3K4me1	NA	NA	H3K4me1	NA	NA	E105-H3K4me1.narrowPeak	1	309072
1	1070	roadmap_epigenomics	0	0.428989834907292	2391	337	898	326	898	520	3526	1388	878	roadmap_epigenomics H3K4me2	NA	NA	H3K4me2	NA	NA	E126-H3K4me2.narrowPeak	1	115042
1	457	roadmap_epigenomics	0	0.482770782240829	2144	337	679	547	679	521	3219	1635	1185	roadmap_epigenomics H3K27ac	NA	NA	H3K27ac	NA	NA	E049-H3K27ac.narrowPeak	1	126902
1	1016	roadmap_epigenomics	0	0.51699142451949	1921	337	554	673	673	521	2936	1858	1468	roadmap_epigenomics H3K27ac	NA	NA	H3K27ac	NA	NA	E122-H3K27ac.narrowPeak	1	71491
1	342	roadmap_epigenomics	0	0.505515445597396	1988	337	585	644	644	522	3026	1791	1378	roadmap_epigenomics H3K4me3	NA	NA	H3K4me3	NA	NA	E031-H3K4me3.narrowPeak	1	39890
1	358	roadmap_epigenomics	0	0.497631309322647	2055	337	615	614	615	522	3107	1724	1297	roadmap_epigenomics H3K4me1	NA	NA	H3K4me1	NA	NA	E033-H3K4me1.narrowPeak	1	131462
1	510	roadmap_epigenomics	0	0.214435061379296	2675	337	1121	108	1121	522	4046	1104	358	roadmap_epigenomics H3K27ac	NA	NA	H3K27ac	NA	NA	E056-H3K27ac.narrowPeak	1	271197
1	653	roadmap_epigenomics	0	0.474522922837536	2180	337	713	515	713	522	3267	1599	1137	roadmap_epigenomics H3K36me3	NA	NA	H3K36me3	NA	NA	E079-H3K36me3.narrowPeak	1	264229
1	818	roadmap_epigenomics	0	0.549322980278899	1792	337	487	743	743	522	2737	1987	1667	roadmap_epigenomics H3K27ac	NA	NA	H3K27ac	NA	NA	E099-H3K27ac.narrowPeak	1	75578
1	384	roadmap_epigenomics	0	0.486785593730615	2124	337	667	564	667	523	3193	1655	1211	roadmap_epigenomics H3K4me3	NA	NA	H3K4me3	NA	NA	E037-H3K4me3.narrowPeak	1	49554
1	441	roadmap_epigenomics	0	0.332480417832281	2621	337	1096	136	1096	523	3840	1158	564	roadmap_epigenomics H3K4me1	NA	NA	H3K4me1	NA	NA	E046-H3K4me1.narrowPeak	1	167778
1	648	roadmap_epigenomics	0	0.385233061918878	2514	337	1012	221	1012	523	3689	1265	715	roadmap_epigenomics H3K4me1	NA	NA	H3K4me1	NA	NA	E078-H3K4me1.narrowPeak	1	192644
1	371	roadmap_epigenomics	0	0.615272512587802	1572	337	392	844	844	524	2363	2207	2041	roadmap_epigenomics H3K36me3	NA	NA	H3K36me3	NA	NA	E035-H3K36me3.narrowPeak	1	184716
1	501	roadmap_epigenomics	0	0.254044482636934	2646	337	1117	117	1117	524	3972	1133	432	roadmap_epigenomics H3K27ac	NA	NA	H3K27ac	NA	NA	E055-H3K27ac.narrowPeak	1	274023
1	504	roadmap_epigenomics	0	0.234233832949819	2649	337	1119	115	1119	524	4004	1130	400	roadmap_epigenomics H3K4me1	NA	NA	H3K4me1	NA	NA	E055-H3K4me1.narrowPeak	1	338865
1	680	roadmap_epigenomics	0	0.449496255308604	2297	337	812	422	812	524	3414	1482	990	roadmap_epigenomics H3K4me3	NA	NA	H3K4me3	NA	NA	E082-H3K4me3.narrowPeak	1	40821
1	836	roadmap_epigenomics	0	0.367171464636777	2559	337	1051	184	1051	524	3748	1220	656	roadmap_epigenomics H3K4me1	NA	NA	H3K4me1	NA	NA	E101-H3K4me1.narrowPeak	1	208728
1	70	roadmap_epigenomics	0	0.494187986142354	2067	337	630	607	630	525	3125	1712	1279	roadmap_epigenomics H2BK12ac	NA	NA	H2BK12ac	NA	NA	E005-H2BK12ac.narrowPeak	1	257315
1	228	roadmap_epigenomics	0	0.505936439165876	1965	337	583	656	656	525	3002	1814	1402	roadmap_epigenomics H2BK5ac	NA	NA	H2BK5ac	NA	NA	E017-H2BK5ac.narrowPeak	1	166186
1	86	roadmap_epigenomics	0	0.35231183628182	2587	337	1076	164	1076	526	3789	1192	615	roadmap_epigenomics H4K12ac	NA	NA	H4K12ac	NA	NA	E005-H4K12ac.narrowPeak	1	157052
1	87	roadmap_epigenomics	0	0.403183901270874	2461	337	973	269	973	526	3622	1318	782	roadmap_epigenomics H4K8ac	NA	NA	H4K8ac	NA	NA	E005-H4K8ac.narrowPeak	1	197762
1	596	roadmap_epigenomics	0	0.45301159672179	2261	337	796	444	796	526	3377	1518	1027	roadmap_epigenomics H3K4me3	NA	NA	H3K4me3	NA	NA	E070-H3K4me3.narrowPeak	1	41846
1	713	roadmap_epigenomics	0	0.660090044386859	1447	337	351	891	891	526	2134	2332	2270	roadmap_epigenomics H3K36me3	NA	NA	H3K36me3	NA	NA	E086-H3K36me3.narrowPeak	1	98059
1	824	roadmap_epigenomics	0	0.486041650720054	2112	337	672	571	672	527	3183	1667	1221	roadmap_epigenomics	NA	NA	NA	NA	NA	E100-DNase.hotspot.all.peaks.bed	1	100209
1	881	roadmap_epigenomics	0	0.288616706143549	2632	337	1114	130	1114	527	3912	1147	492	roadmap_epigenomics H3K4me1	NA	NA	H3K4me1	NA	NA	E108-H3K4me1.narrowPeak	1	272216
1	359	roadmap_epigenomics	0	0.481942394366031	2120	337	682	565	682	528	3198	1659	1206	roadmap_epigenomics H3K4me3	NA	NA	H3K4me3	NA	NA	E033-H3K4me3.narrowPeak	1	42864
1	372	roadmap_epigenomics	0	0.416578989473673	2407	337	935	312	935	528	3559	1372	845	roadmap_epigenomics H3K4me1	NA	NA	H3K4me1	NA	NA	E035-H3K4me1.narrowPeak	1	126220
1	59	roadmap_epigenomics	0	0.660701477041645	1430	337	350	900	900	529	2112	2349	2292	roadmap_epigenomics H3K79me1	NA	NA	H3K79me1	NA	NA	E004-H3K79me1.narrowPeak	1	133659
1	209	roadmap_epigenomics	0	0.394262319389529	2481	337	996	255	996	529	3651	1298	753	roadmap_epigenomics H3K9ac	NA	NA	H3K9ac	NA	NA	E015-H3K9ac.narrowPeak	1	116131
1	866	roadmap_epigenomics	0	0.426187628816163	2374	337	903	347	903	529	3517	1405	887	roadmap_epigenomics H3K27ac	NA	NA	H3K27ac	NA	NA	E106-H3K27ac.narrowPeak	1	184602
1	60	roadmap_epigenomics	0	0.652276835662282	1438	337	360	893	893	530	2136	2341	2268	roadmap_epigenomics H3K79me2	NA	NA	H3K79me2	NA	NA	E004-H3K79me2.narrowPeak	1	172076
1	442	roadmap_epigenomics	0	0.494098316457072	2034	337	631	621	631	530	3093	1745	1311	roadmap_epigenomics H3K4me3	NA	NA	H3K4me3	NA	NA	E046-H3K4me3.narrowPeak	1	33250
1	847	roadmap_epigenomics	0	0.487929776595393	2081	337	658	596	658	530	3150	1698	1254	roadmap_epigenomics H3K27ac	NA	NA	H3K27ac	NA	NA	E103-H3K27ac.narrowPeak	1	119896
1	862	roadmap_epigenomics	0	0.465481380795362	2192	337	751	501	751	530	3294	1587	1110	roadmap_epigenomics H3K36me3	NA	NA	H3K36me3	NA	NA	E105-H3K36me3.narrowPeak	1	267060
1	550	roadmap_epigenomics	0	0.369279788741811	2530	337	1048	207	1048	531	3725	1249	679	roadmap_epigenomics H3K9ac	NA	NA	H3K9ac	NA	NA	E062-H3K9ac.narrowPeak	1	142197
1	875	roadmap_epigenomics	0	0.421853371004637	2380	337	916	340	916	531	3529	1399	875	roadmap_epigenomics H3K4me3	NA	NA	H3K4me3	NA	NA	E107-H3K4me3.narrowPeak	1	80526
1	999	roadmap_epigenomics	0	0.513049979472575	1884	337	561	696	696	531	2905	1895	1499	roadmap_epigenomics H3K9ac	NA	NA	H3K9ac	NA	NA	E120-H3K9ac.narrowPeak	1	64681
1	1066	roadmap_epigenomics	0	0.527000327466423	1832	337	531	725	725	531	2823	1947	1581	roadmap_epigenomics H3K27ac	NA	NA	H3K27ac	NA	NA	E126-H3K27ac.narrowPeak	1	91265
1	415	roadmap_epigenomics	0	0.461187178147277	2208	337	768	490	768	532	3316	1571	1088	roadmap_epigenomics H3K4me3	NA	NA	H3K4me3	NA	NA	E042-H3K4me3.narrowPeak	1	58292
1	455	roadmap_epigenomics	0	0.477268972818609	2128	337	704	556	704	532	3214	1651	1190	roadmap_epigenomics H3K4me3	NA	NA	H3K4me3	NA	NA	E048-H3K4me3.narrowPeak	1	54009
1	545	roadmap_epigenomics	0	0.542497819103032	1763	337	496	762	762	532	2718	2016	1686	roadmap_epigenomics H3K27ac	NA	NA	H3K27ac	NA	NA	E062-H3K27ac.narrowPeak	1	51862
1	625	roadmap_epigenomics	0	0.444683405298307	2292	337	834	424	834	532	3418	1487	986	roadmap_epigenomics H3K27ac	NA	NA	H3K27ac	NA	NA	E075-H3K27ac.narrowPeak	1	146119
1	1023	roadmap_epigenomics	0	0.487386054774852	2081	337	662	596	662	532	3151	1698	1253	roadmap_epigenomics H3K9ac	NA	NA	H3K9ac	NA	NA	E122-H3K9ac.narrowPeak	1	64234
1	368	roadmap_epigenomics	0	0.476170731453226	2128	337	707	556	707	533	3216	1651	1188	roadmap_epigenomics H3K4me3	NA	NA	H3K4me3	NA	NA	E034-H3K4me3.narrowPeak	1	37067
1	528	roadmap_epigenomics	0	0.410428050670433	2425	337	958	303	958	533	3583	1354	821	roadmap_epigenomics H3K4me3	NA	NA	H3K4me3	NA	NA	E058-H3K4me3.narrowPeak	1	45445
1	740	roadmap_epigenomics	0	0.296658287579143	2602	337	1112	151	1112	533	3883	1177	521	roadmap_epigenomics H3K4me1	NA	NA	H3K4me1	NA	NA	E089-H3K4me1.narrowPeak	1	234241
1	224	roadmap_epigenomics	0	0.567224914314622	1644	337	447	817	817	534	2536	2135	1868	roadmap_epigenomics H2BK120ac	NA	NA	H2BK120ac	NA	NA	E017-H2BK120ac.narrowPeak	1	223563
1	238	roadmap_epigenomics	0	0.453626053942021	2229	337	791	475	791	534	3348	1550	1056	roadmap_epigenomics H3K4me3	NA	NA	H3K4me3	NA	NA	E017-H3K4me3.narrowPeak	1	42408
1	378	roadmap_epigenomics	0	0.440500660071064	2306	337	851	414	851	534	3437	1473	967	roadmap_epigenomics H3K4me3	NA	NA	H3K4me3	NA	NA	E036-H3K4me3.narrowPeak	1	56252
1	444	roadmap_epigenomics	0	0.516146711036066	1847	337	555	710	710	534	2860	1932	1544	roadmap_epigenomics H3K27ac	NA	NA	H3K27ac	NA	NA	E047-H3K27ac.narrowPeak	1	44461
1	539	roadmap_epigenomics	0	0.330780376901018	2586	337	1098	166	1098	534	3821	1193	583	roadmap_epigenomics H3K27ac	NA	NA	H3K27ac	NA	NA	E061-H3K27ac.narrowPeak	1	199363
1	628	roadmap_epigenomics	0	0.321936936817803	2590	337	1102	162	1102	534	3837	1189	567	roadmap_epigenomics H3K4me1	NA	NA	H3K4me1	NA	NA	E075-H3K4me1.narrowPeak	1	196719
1	513	roadmap_epigenomics	0	0.209579197919892	2605	337	1122	146	1122	535	4024	1174	380	roadmap_epigenomics H3K4me1	NA	NA	H3K4me1	NA	NA	E056-H3K4me1.narrowPeak	1	303644
1	522	roadmap_epigenomics	0	0.423775855761025	2364	337	908	359	908	535	3513	1415	891	roadmap_epigenomics H3K4me3	NA	NA	H3K4me3	NA	NA	E057-H3K4me3.narrowPeak	1	48504
1	559	roadmap_epigenomics	0	0.517013680760512	1842	337	552	715	715	535	2853	1937	1551	roadmap_epigenomics H3K27ac	NA	NA	H3K27ac	NA	NA	E065-H3K27ac.narrowPeak	1	141729
1	777	roadmap_epigenomics	0	0.466483222650982	2173	337	746	521	746	535	3275	1606	1129	roadmap_epigenomics H3K4me3	NA	NA	H3K4me3	NA	NA	E093-H3K4me3.narrowPeak	1	37401
1	842	roadmap_epigenomics	0	0.512992284702266	1862	337	563	705	705	535	2882	1917	1522	roadmap_epigenomics H3K36me3	NA	NA	H3K36me3	NA	NA	E102-H3K36me3.narrowPeak	1	305308
1	226	roadmap_epigenomics	0	0.639218985068371	1416	337	365	908	908	537	2131	2363	2273	roadmap_epigenomics H2BK15ac	NA	NA	H2BK15ac	NA	NA	E017-H2BK15ac.narrowPeak	1	218402
1	453	roadmap_epigenomics	0	0.596701097707229	1505	337	408	867	867	537	2316	2274	2088	roadmap_epigenomics H3K36me3	NA	NA	H3K36me3	NA	NA	E048-H3K36me3.narrowPeak	1	130411
1	575	roadmap_epigenomics	0	0.38773874965458	2464	337	1008	266	1008	537	3649	1315	755	roadmap_epigenomics H3K4me1	NA	NA	H3K4me1	NA	NA	E067-H3K4me1.narrowPeak	1	240432
1	635	roadmap_epigenomics	0	0.420078382158365	2370	337	923	352	923	537	3524	1409	880	roadmap_epigenomics H3K4me1	NA	NA	H3K4me1	NA	NA	E076-H3K4me1.narrowPeak	1	178997
1	302	roadmap_epigenomics	0	0.406444832156837	2410	337	968	309	968	538	3578	1369	826	roadmap_epigenomics H3K9ac	NA	NA	H3K9ac	NA	NA	E025-H3K9ac.narrowPeak	1	134727
1	911	roadmap_epigenomics	0	0.466471864175827	2162	337	747	530	747	538	3265	1617	1139	roadmap_epigenomics H3K4me3	NA	NA	H3K4me3	NA	NA	E112-H3K4me3.narrowPeak	1	28758
1	687	roadmap_epigenomics	0	0.395614046121854	2442	337	992	288	992	539	3620	1337	784	roadmap_epigenomics H3K4me1	NA	NA	H3K4me1	NA	NA	E083-H3K4me1.narrowPeak	1	190314
1	994	roadmap_epigenomics	0	0.606917757104113	1458	337	397	882	882	539	2240	2321	2164	roadmap_epigenomics H3K36me3	NA	NA	H3K36me3	NA	NA	E120-H3K36me3.narrowPeak	1	156848
1	82	roadmap_epigenomics	0	0.451715661230728	2224	337	802	482	802	540	3347	1555	1057	roadmap_epigenomics H3K79me1	NA	NA	H3K79me1	NA	NA	E005-H3K79me1.narrowPeak	1	225880
1	126	roadmap_epigenomics	0	0.667281917337871	1341	337	346	938	938	540	1990	2438	2414	roadmap_epigenomics H3K4ac	NA	NA	H3K4ac	NA	NA	E007-H3K4ac.narrowPeak	1	45590
1	408	roadmap_epigenomics	0	0.321040538108045	2568	337	1103	179	1103	540	3825	1211	579	roadmap_epigenomics H3K4me1	NA	NA	H3K4me1	NA	NA	E041-H3K4me1.narrowPeak	1	159193
1	645	roadmap_epigenomics	0	0.478916436192807	2094	337	695	588	695	540	3179	1685	1225	roadmap_epigenomics H3K27ac	NA	NA	H3K27ac	NA	NA	E078-H3K27ac.narrowPeak	1	97341
1	420	roadmap_epigenomics	0	0.336589479772589	2551	337	1094	191	1094	541	3790	1228	614	roadmap_epigenomics H3K4me1	NA	NA	H3K4me1	NA	NA	E043-H3K4me1.narrowPeak	1	154217
1	630	roadmap_epigenomics	0	0.375703712139939	2490	337	1038	247	1038	541	3687	1289	717	roadmap_epigenomics H3K9ac	NA	NA	H3K9ac	NA	NA	E075-H3K9ac.narrowPeak	1	109949
1	637	roadmap_epigenomics	0	0.487829818626741	2022	337	659	627	659	541	3093	1757	1311	roadmap_epigenomics H3K9ac	NA	NA	H3K9ac	NA	NA	E076-H3K9ac.narrowPeak	1	60918
1	1021	roadmap_epigenomics	0	0.463259819631471	2171	337	761	524	761	541	3279	1608	1125	roadmap_epigenomics H3K4me3	NA	NA	H3K4me3	NA	NA	E122-H3K4me3.narrowPeak	1	43730
1	607	roadmap_epigenomics	0	0.401611089785239	2410	337	980	309	980	542	3586	1369	818	roadmap_epigenomics H3K4me1	NA	NA	H3K4me1	NA	NA	E072-H3K4me1.narrowPeak	1	211846
1	895	roadmap_epigenomics	0	0.562298436893309	1605	337	456	834	834	542	2500	2174	1904	roadmap_epigenomics H3K36me3	NA	NA	H3K36me3	NA	NA	E110-H3K36me3.narrowPeak	1	86270
1	833	roadmap_epigenomics	0	0.414723790280087	2370	337	940	352	940	543	3533	1409	871	roadmap_epigenomics H3K27ac	NA	NA	H3K27ac	NA	NA	E101-H3K27ac.narrowPeak	1	137582
1	849	roadmap_epigenomics	0	0.500941349975052	1897	337	606	687	687	543	2942	1882	1462	roadmap_epigenomics H3K36me3	NA	NA	H3K36me3	NA	NA	E103-H3K36me3.narrowPeak	1	225315
1	868	roadmap_epigenomics	0	0.500046325971012	1905	337	608	683	683	543	2952	1874	1452	roadmap_epigenomics H3K36me3	NA	NA	H3K36me3	NA	NA	E106-H3K36me3.narrowPeak	1	291154
1	1019	roadmap_epigenomics	0	0.412271784545679	2380	337	951	340	951	543	3545	1399	859	roadmap_epigenomics H3K4me1	NA	NA	H3K4me1	NA	NA	E122-H3K4me1.narrowPeak	1	142277
1	746	roadmap_epigenomics	0	0.451175571532944	2207	337	804	491	804	544	3333	1572	1071	roadmap_epigenomics H3K27ac	NA	NA	H3K27ac	NA	NA	E090-H3K27ac.narrowPeak	1	148419
1	835	roadmap_epigenomics	0	0.494783502432744	1941	337	628	666	666	544	2999	1838	1405	roadmap_epigenomics H3K36me3	NA	NA	H3K36me3	NA	NA	E101-H3K36me3.narrowPeak	1	322521
1	1095	roadmap_epigenomics	0	0.409833815125737	2385	337	960	335	960	544	3553	1394	851	roadmap_epigenomics H3K4me2	NA	NA	H3K4me2	NA	NA	E128-H3K4me2.narrowPeak	1	118811
1	78	roadmap_epigenomics	0	0.46995801092696	2119	337	732	567	732	545	3219	1660	1185	roadmap_epigenomics H3K4ac	NA	NA	H3K4ac	NA	NA	E005-H3K4ac.narrowPeak	1	228267
1	388	roadmap_epigenomics	0	0.573407981020647	1536	337	441	857	857	545	2397	2243	2007	roadmap_epigenomics H3K36me3	NA	NA	H3K36me3	NA	NA	E038-H3K36me3.narrowPeak	1	143872
1	402	roadmap_epigenomics	0	0.360300679782712	2502	337	1062	235	1062	545	3720	1277	684	roadmap_epigenomics H3K4me1	NA	NA	H3K4me1	NA	NA	E040-H3K4me1.narrowPeak	1	147396
1	567	roadmap_epigenomics	0	0.503853946162837	1865	337	595	703	703	545	2903	1914	1501	roadmap_epigenomics H3K36me3	NA	NA	H3K36me3	NA	NA	E066-H3K36me3.narrowPeak	1	303329
1	903	roadmap_epigenomics	0	0.354920915420826	2504	337	1068	230	1068	545	3730	1275	674	roadmap_epigenomics H3K4me1	NA	NA	H3K4me1	NA	NA	E111-H3K4me1.narrowPeak	1	225429
1	1013	roadmap_epigenomics	0	0.654256496804959	1339	337	357	942	942	545	2009	2440	2395	roadmap_epigenomics H4K20me1	NA	NA	H4K20me1	NA	NA	E121-H4K20me1.narrowPeak	1	116908
1	195	roadmap_epigenomics	0	0.448276540873369	2217	337	817	484	817	546	3347	1562	1057	roadmap_epigenomics H3K4me3	NA	NA	H3K4me3	NA	NA	E013-H3K4me3.narrowPeak	1	28003
1	225	roadmap_epigenomics	0	0.589618605644392	1459	337	420	881	881	546	2273	2320	2131	roadmap_epigenomics H2BK12ac	NA	NA	H2BK12ac	NA	NA	E017-H2BK12ac.narrowPeak	1	250249
1	248	roadmap_epigenomics	0	0.48753074935075	1995	337	660	642	660	546	3067	1784	1337	roadmap_epigenomics H4K91ac	NA	NA	H4K91ac	NA	NA	E017-H4K91ac.narrowPeak	1	263787
1	309	roadmap_epigenomics	0	0.467474257834848	2127	337	742	558	742	546	3231	1652	1173	roadmap_epigenomics H3K9ac	NA	NA	H3K9ac	NA	NA	E026-H3K9ac.narrowPeak	1	80106
1	357	roadmap_epigenomics	0	0.590569018637644	1458	337	418	882	882	546	2270	2321	2134	roadmap_epigenomics H3K36me3	NA	NA	H3K36me3	NA	NA	E033-H3K36me3.narrowPeak	1	134198
1	1071	roadmap_epigenomics	0	0.47974907270789	2061	337	691	610	691	546	3146	1718	1258	roadmap_epigenomics H3K4me3	NA	NA	H3K4me3	NA	NA	E126-H3K4me3.narrowPeak	1	53066
1	77	roadmap_epigenomics	0	0.467554718355924	2125	337	741	563	741	547	3229	1654	1175	roadmap_epigenomics H3K36me3	NA	NA	H3K36me3	NA	NA	E005-H3K36me3.narrowPeak	1	277210
1	94	roadmap_epigenomics	0	0.46956567651899	2115	337	733	570	733	547	3216	1664	1188	roadmap_epigenomics H2BK120ac	NA	NA	H2BK120ac	NA	NA	E006-H2BK120ac.narrowPeak	1	168326
1	614	roadmap_epigenomics	0	0.360819385222087	2493	337	1060	244	1060	547	3713	1286	691	roadmap_epigenomics H3K4me1	NA	NA	H3K4me1	NA	NA	E073-H3K4me1.narrowPeak	1	233560
1	1033	roadmap_epigenomics	0	0.416198531791369	2353	337	936	369	936	547	3517	1426	887	roadmap_epigenomics H3K4me2	NA	NA	H3K4me2	NA	NA	E123-H3K4me2.narrowPeak	1	93300
1	1096	roadmap_epigenomics	0	0.470323939992857	2109	337	730	574	730	547	3209	1670	1195	roadmap_epigenomics H3K4me3	NA	NA	H3K4me3	NA	NA	E128-H3K4me3.narrowPeak	1	38014
1	997	roadmap_epigenomics	0	0.438671108382713	2255	337	859	450	859	549	3397	1524	1007	roadmap_epigenomics H3K4me3	NA	NA	H3K4me3	NA	NA	E120-H3K4me3.narrowPeak	1	47100
1	1018	roadmap_epigenomics	0	0.591426549315283	1439	337	417	892	892	549	2245	2340	2159	roadmap_epigenomics H3K36me3	NA	NA	H3K36me3	NA	NA	E122-H3K36me3.narrowPeak	1	156941
1	332	roadmap_epigenomics	0	0.487084860666526	1978	337	665	648	665	550	3051	1801	1353	roadmap_epigenomics H3K4me3	NA	NA	H3K4me3	NA	NA	E029-H3K4me3.narrowPeak	1	29579
1	960	roadmap_epigenomics	0	0.435908941749076	2261	337	868	444	868	550	3407	1518	997	roadmap_epigenomics H3K4me2	NA	NA	H3K4me2	NA	NA	E117-H3K4me2.narrowPeak	1	85197
1	1061	roadmap_epigenomics	0	0.435994001677998	2260	337	867	447	867	550	3406	1519	998	roadmap_epigenomics H3K9ac	NA	NA	H3K9ac	NA	NA	E125-H3K9ac.narrowPeak	1	92035
1	1075	roadmap_epigenomics	0	0.564546918177517	1516	337	452	861	861	550	2390	2263	2014	roadmap_epigenomics H4K20me1	NA	NA	H4K20me1	NA	NA	E126-H4K20me1.narrowPeak	1	91092
1	1085	roadmap_epigenomics	0	0.440122235137971	2244	337	852	460	852	550	3385	1535	1019	roadmap_epigenomics H3K9ac	NA	NA	H3K9ac	NA	NA	E127-H3K9ac.narrowPeak	1	78312
1	351	roadmap_epigenomics	0	0.479922245232826	2022	337	689	627	689	551	3108	1757	1296	roadmap_epigenomics H3K4me3	NA	NA	H3K4me3	NA	NA	E032-H3K4me3.narrowPeak	1	31423
1	794	roadmap_epigenomics	0	0.374971303182907	2456	337	1042	274	1042	551	3664	1323	740	roadmap_epigenomics H3K27ac	NA	NA	H3K27ac	NA	NA	E096-H3K27ac.narrowPeak	1	220045
1	35	roadmap_epigenomics	0	0.542436975764675	1638	337	497	821	821	552	2577	2141	1827	roadmap_epigenomics H3K79me1	NA	NA	H3K79me1	NA	NA	E003-H3K79me1.narrowPeak	1	133190
1	347	roadmap_epigenomics	0	0.511263064479552	1783	337	569	749	749	552	2801	1996	1603	roadmap_epigenomics H3K27ac	NA	NA	H3K27ac	NA	NA	E032-H3K27ac.narrowPeak	1	65724
1	514	roadmap_epigenomics	0	0.191437713063415	2545	337	1123	198	1123	553	4030	1234	374	roadmap_epigenomics H3K4me3	NA	NA	H3K4me3	NA	NA	E056-H3K4me3.narrowPeak	1	152592
1	718	roadmap_epigenomics	0	0.505339101718855	1812	337	587	734	734	553	2844	1967	1560	roadmap_epigenomics H3K27ac	NA	NA	H3K27ac	NA	NA	E087-H3K27ac.narrowPeak	1	71309
1	382	roadmap_epigenomics	0	0.623972685325751	1332	337	379	945	945	554	2052	2447	2352	roadmap_epigenomics H3K36me3	NA	NA	H3K36me3	NA	NA	E037-H3K36me3.narrowPeak	1	97050
1	579	roadmap_epigenomics	0	0.381767092550009	2426	337	1025	299	1025	554	3631	1353	773	roadmap_epigenomics H3K27ac	NA	NA	H3K27ac	NA	NA	E068-H3K27ac.narrowPeak	1	214725
1	850	roadmap_epigenomics	0	0.453581741932917	2157	337	792	536	792	555	3284	1622	1120	roadmap_epigenomics H3K4me1	NA	NA	H3K4me1	NA	NA	E103-H3K4me1.narrowPeak	1	172034
1	640	roadmap_epigenomics	0	0.49126034255878	1897	337	643	687	687	556	2961	1882	1443	roadmap_epigenomics H3K36me3	NA	NA	H3K36me3	NA	NA	E077-H3K36me3.narrowPeak	1	271474
1	170	roadmap_epigenomics	0	0.456004436468849	2130	337	780	554	780	557	3255	1649	1149	roadmap_epigenomics H3K4me3	NA	NA	H3K4me3	NA	NA	E009-H3K4me3.narrowPeak	1	38823
1	178	roadmap_epigenomics	0	0.469132816768635	2080	337	736	599	736	557	3184	1699	1220	roadmap_epigenomics H3K27ac	NA	NA	H3K27ac	NA	NA	E011-H3K27ac.narrowPeak	1	157674
1	543	roadmap_epigenomics	0	0.422714446580426	2299	337	913	420	913	557	3462	1480	942	roadmap_epigenomics H3K4me3	NA	NA	H3K4me3	NA	NA	E061-H3K4me3.narrowPeak	1	39368
1	595	roadmap_epigenomics	0	0.480341372246724	1981	337	688	647	688	557	3067	1798	1337	roadmap_epigenomics H3K4me1	NA	NA	H3K4me1	NA	NA	E070-H3K4me1.narrowPeak	1	107068
1	898	roadmap_epigenomics	0	0.383423982640401	2400	337	1019	316	1019	557	3609	1379	795	roadmap_epigenomics H3K9ac	NA	NA	H3K9ac	NA	NA	E110-H3K9ac.narrowPeak	1	89018
1	915	roadmap_epigenomics	0	0.399859208352934	2371	337	984	351	984	557	3559	1408	845	roadmap_epigenomics H3K36me3	NA	NA	H3K36me3	NA	NA	E113-H3K36me3.narrowPeak	1	279691
1	115	roadmap_epigenomics	0	0.528520678468363	1661	337	527	811	811	558	2631	2118	1773	roadmap_epigenomics H2AK5ac	NA	NA	H2AK5ac	NA	NA	E007-H2AK5ac.narrowPeak	1	115306
1	609	roadmap_epigenomics	0	0.343616746650575	2487	337	1087	251	1087	558	3737	1292	667	roadmap_epigenomics H3K9ac	NA	NA	H3K9ac	NA	NA	E072-H3K9ac.narrowPeak	1	165236
1	227	roadmap_epigenomics	0	0.677799988935567	1181	337	334	1006	1006	559	1768	2598	2636	roadmap_epigenomics H2BK20ac	NA	NA	H2BK20ac	NA	NA	E017-H2BK20ac.narrowPeak	1	200922
1	414	roadmap_epigenomics	0	0.350027693257663	2473	337	1080	261	1080	559	3717	1306	687	roadmap_epigenomics H3K4me1	NA	NA	H3K4me1	NA	NA	E042-H3K4me1.narrowPeak	1	160756
1	312	roadmap_epigenomics	0	0.470652060181627	2042	337	728	616	728	560	3145	1737	1259	roadmap_epigenomics H3K36me3	NA	NA	H3K36me3	NA	NA	E027-H3K36me3.narrowPeak	1	455177
1	577	roadmap_epigenomics	0	0.381332378467288	2406	337	1030	313	1030	560	3617	1373	787	roadmap_epigenomics H3K9ac	NA	NA	H3K9ac	NA	NA	E067-H3K9ac.narrowPeak	1	146266
1	888	roadmap_epigenomics	0	0.39102600226748	2380	337	1002	340	1002	560	3581	1399	823	roadmap_epigenomics H3K27ac	NA	NA	H3K27ac	NA	NA	E109-H3K27ac.narrowPeak	1	194782
1	972	roadmap_epigenomics	0	0.375578944133072	2420	337	1039	305	1039	560	3637	1359	767	roadmap_epigenomics H3K4me2	NA	NA	H3K4me2	NA	NA	E118-H3K4me2.narrowPeak	1	96755
1	213	roadmap_epigenomics	0	0.508535968461206	1744	337	576	770	770	561	2764	2035	1640	roadmap_epigenomics H3K36me3	NA	NA	H3K36me3	NA	NA	E016-H3K36me3.narrowPeak	1	237501
1	396	roadmap_epigenomics	0	0.343212620938381	2477	337	1088	259	1088	561	3731	1302	673	roadmap_epigenomics H3K4me1	NA	NA	H3K4me1	NA	NA	E039-H3K4me1.narrowPeak	1	159065
1	574	roadmap_epigenomics	0	0.495983366139716	1833	337	621	724	724	561	2885	1946	1519	roadmap_epigenomics H3K36me3	NA	NA	H3K36me3	NA	NA	E067-H3K36me3.narrowPeak	1	195810
1	598	roadmap_epigenomics	0	0.350717727640381	2460	337	1077	270	1077	561	3707	1319	697	roadmap_epigenomics H3K27ac	NA	NA	H3K27ac	NA	NA	E071-H3K27ac.narrowPeak	1	152169
1	1084	roadmap_epigenomics	0	0.529210838293295	1629	337	521	824	824	561	2593	2150	1811	roadmap_epigenomics H3K79me2	NA	NA	H3K79me2	NA	NA	E127-H3K79me2.narrowPeak	1	203560
1	409	roadmap_epigenomics	0	0.429808701647853	2247	337	893	457	893	562	3406	1532	998	roadmap_epigenomics H3K4me3	NA	NA	H3K4me3	NA	NA	E041-H3K4me3.narrowPeak	1	57727
1	505	roadmap_epigenomics	0	0.23493122134658	2503	337	1118	232	1118	562	3933	1276	471	roadmap_epigenomics H3K4me3	NA	NA	H3K4me3	NA	NA	E055-H3K4me3.narrowPeak	1	115193
1	548	roadmap_epigenomics	0	0.402168082176917	2344	337	975	375	975	562	3534	1435	870	roadmap_epigenomics H3K4me1	NA	NA	H3K4me1	NA	NA	E062-H3K4me1.narrowPeak	1	122182
1	845	roadmap_epigenomics	0	0.409947846839199	2332	337	959	391	959	562	3511	1447	893	roadmap_epigenomics H3K9ac	NA	NA	H3K9ac	NA	NA	E102-H3K9ac.narrowPeak	1	85154
1	11	roadmap_epigenomics	0	0.563640592046873	1435	337	454	897	897	563	2293	2344	2111	roadmap_epigenomics H3K9ac	NA	NA	H3K9ac	NA	NA	E002-H3K9ac.narrowPeak	1	18733
1	264	roadmap_epigenomics	0	0.50918646719604	1737	337	575	777	777	563	2755	2042	1649	roadmap_epigenomics H3K36me3	NA	NA	H3K36me3	NA	NA	E020-H3K36me3.narrowPeak	1	225893
1	788	roadmap_epigenomics	0	0.458764773556059	2103	337	774	579	774	563	3225	1676	1179	roadmap_epigenomics H3K27ac	NA	NA	H3K27ac	NA	NA	E095-H3K27ac.narrowPeak	1	153453
1	1010	roadmap_epigenomics	0	0.528983998035691	1613	337	523	829	829	563	2575	2166	1829	roadmap_epigenomics H3K79me2	NA	NA	H3K79me2	NA	NA	E121-H3K79me2.narrowPeak	1	258600
1	236	roadmap_epigenomics	0	0.349305987379663	2458	337	1083	271	1083	564	3708	1321	696	roadmap_epigenomics H3K4me1	NA	NA	H3K4me1	NA	NA	E017-H3K4me1.narrowPeak	1	328152
1	397	roadmap_epigenomics	0	0.429758868026283	2241	337	894	462	894	564	3401	1538	1003	roadmap_epigenomics H3K4me3	NA	NA	H3K4me3	NA	NA	E039-H3K4me3.narrowPeak	1	51115
1	447	roadmap_epigenomics	0	0.353324230223221	2446	337	1073	283	1073	564	3693	1333	711	roadmap_epigenomics H3K4me1	NA	NA	H3K4me1	NA	NA	E047-H3K4me1.narrowPeak	1	124596
1	982	roadmap_epigenomics	0	0.537846661504841	1559	337	504	850	850	564	2494	2220	1910	roadmap_epigenomics H3K36me3	NA	NA	H3K36me3	NA	NA	E119-H3K36me3.narrowPeak	1	199445
1	336	roadmap_epigenomics	0	0.37405028534374	2400	337	1043	316	1043	565	3625	1379	779	roadmap_epigenomics H3K4me1	NA	NA	H3K4me1	NA	NA	E030-H3K4me1.narrowPeak	1	116739
1	623	roadmap_epigenomics	0	0.419217195101149	2283	337	927	431	927	565	3455	1496	949	roadmap_epigenomics H3K9ac	NA	NA	H3K9ac	NA	NA	E074-H3K9ac.narrowPeak	1	124462
1	1073	roadmap_epigenomics	0	0.487105160530385	1888	337	664	693	693	565	2960	1891	1444	roadmap_epigenomics H3K9ac	NA	NA	H3K9ac	NA	NA	E126-H3K9ac.narrowPeak	1	50757
1	383	roadmap_epigenomics	0	0.358309066859202	2428	337	1063	297	1063	566	3672	1351	732	roadmap_epigenomics H3K4me1	NA	NA	H3K4me1	NA	NA	E037-H3K4me1.narrowPeak	1	143294
1	427	roadmap_epigenomics	0	0.423079961685633	2254	337	911	452	911	567	3424	1525	980	roadmap_epigenomics H3K4me3	NA	NA	H3K4me3	NA	NA	E044-H3K4me3.narrowPeak	1	48938
1	552	roadmap_epigenomics	0	0.439229656099896	2188	337	856	508	856	567	3338	1591	1066	roadmap_epigenomics H3K27ac	NA	NA	H3K27ac	NA	NA	E063-H3K27ac.narrowPeak	1	123465
1	581	roadmap_epigenomics	0	0.478907586464983	1933	337	696	669	696	567	3022	1846	1382	roadmap_epigenomics H3K36me3	NA	NA	H3K36me3	NA	NA	E068-H3K36me3.narrowPeak	1	230963
1	854	roadmap_epigenomics	0	0.462569505354091	2070	337	765	602	765	568	3187	1709	1217	roadmap_epigenomics H3K27ac	NA	NA	H3K27ac	NA	NA	E104-H3K27ac.narrowPeak	1	154086
1	1068	roadmap_epigenomics	0	0.599012821786231	1297	337	406	961	961	568	2052	2482	2352	roadmap_epigenomics H3K36me3	NA	NA	H3K36me3	NA	NA	E126-H3K36me3.narrowPeak	1	102513
1	431	roadmap_epigenomics	0	0.522283703335628	1609	337	541	830	830	569	2584	2170	1820	roadmap_epigenomics H3K36me3	NA	NA	H3K36me3	NA	NA	E045-H3K36me3.narrowPeak	1	196705
1	477	roadmap_epigenomics	0	0.487148955196785	1860	337	663	706	706	569	2931	1919	1473	roadmap_epigenomics H3K36me3	NA	NA	H3K36me3	NA	NA	E051-H3K36me3.narrowPeak	1	355912
1	874	roadmap_epigenomics	0	0.306432338462554	2472	337	1107	263	1107	569	3790	1307	614	roadmap_epigenomics H3K4me1	NA	NA	H3K4me1	NA	NA	E107-H3K4me1.narrowPeak	1	238000
1	257	roadmap_epigenomics	0	0.527630014150221	1572	337	529	844	844	570	2530	2207	1874	roadmap_epigenomics H3K36me3	NA	NA	H3K36me3	NA	NA	E019-H3K36me3.narrowPeak	1	162030
1	438	roadmap_epigenomics	0	0.484048849363497	1884	337	676	696	696	570	2962	1895	1442	roadmap_epigenomics H3K27ac	NA	NA	H3K27ac	NA	NA	E046-H3K27ac.narrowPeak	1	68379
1	247	roadmap_epigenomics	0	0.450435529310249	2112	337	806	571	806	571	3249	1667	1155	roadmap_epigenomics H4K8ac	NA	NA	H4K8ac	NA	NA	E017-H4K8ac.narrowPeak	1	220315
1	419	roadmap_epigenomics	0	0.511540994052621	1665	337	567	810	810	571	2670	2114	1734	roadmap_epigenomics H3K36me3	NA	NA	H3K36me3	NA	NA	E043-H3K36me3.narrowPeak	1	194645
1	426	roadmap_epigenomics	0	0.348343029481381	2441	337	1084	291	1084	571	3698	1338	706	roadmap_epigenomics H3K4me1	NA	NA	H3K4me1	NA	NA	E044-H3K4me1.narrowPeak	1	150223
1	643	roadmap_epigenomics	0	0.388513664614596	2352	337	1006	370	1006	571	3564	1427	840	roadmap_epigenomics H3K9ac	NA	NA	H3K9ac	NA	NA	E077-H3K9ac.narrowPeak	1	96957
1	591	roadmap_epigenomics	0	0.366356368210857	2390	337	1052	328	1052	572	3631	1389	773	roadmap_epigenomics H3K9ac	NA	NA	H3K9ac	NA	NA	E069-H3K9ac.narrowPeak	1	133007
1	689	roadmap_epigenomics	0	0.356265188818351	2406	337	1066	313	1066	572	3660	1373	744	roadmap_epigenomics H3K9ac	NA	NA	H3K9ac	NA	NA	E083-H3K9ac.narrowPeak	1	110500
1	883	roadmap_epigenomics	0	0.347940335315713	2440	337	1085	293	1085	572	3698	1339	706	roadmap_epigenomics H3K9ac	NA	NA	H3K9ac	NA	NA	E108-H3K9ac.narrowPeak	1	129620
1	948	roadmap_epigenomics	0	0.378399006746918	2379	337	1037	343	1037	572	3602	1400	802	roadmap_epigenomics H3K4me2	NA	NA	H3K4me2	NA	NA	E116-H3K4me2.narrowPeak	1	124500
1	73	roadmap_epigenomics	0	0.382859672248664	2364	337	1022	359	1022	573	3583	1415	821	roadmap_epigenomics H3K18ac	NA	NA	H3K18ac	NA	NA	E005-H3K18ac.narrowPeak	1	251380
1	180	roadmap_epigenomics	0	0.501637066586114	1733	337	602	779	779	573	2766	2046	1638	roadmap_epigenomics H3K36me3	NA	NA	H3K36me3	NA	NA	E011-H3K36me3.narrowPeak	1	271169
1	421	roadmap_epigenomics	0	0.422630305595206	2234	337	914	469	914	573	3408	1545	996	roadmap_epigenomics H3K4me3	NA	NA	H3K4me3	NA	NA	E043-H3K4me3.narrowPeak	1	41721
1	107	roadmap_epigenomics	0	0.485751718766719	1840	337	673	716	716	575	2913	1939	1491	roadmap_epigenomics H3K79me1	NA	NA	H3K79me1	NA	NA	E006-H3K79me1.narrowPeak	1	327815
1	946	roadmap_epigenomics	0	0.550305135427767	1421	337	484	905	905	575	2302	2358	2102	roadmap_epigenomics H3K36me3	NA	NA	H3K36me3	NA	NA	E116-H3K36me3.narrowPeak	1	165402
1	949	roadmap_epigenomics	0	0.446890014263398	2120	337	823	565	823	575	3263	1659	1141	roadmap_epigenomics H3K4me3	NA	NA	H3K4me3	NA	NA	E116-H3K4me3.narrowPeak	1	76167
1	68	roadmap_epigenomics	0	0.429998111699226	2196	337	891	499	891	576	3362	1583	1042	roadmap_epigenomics H2AK5ac	NA	NA	H2AK5ac	NA	NA	E005-H2AK5ac.narrowPeak	1	229817
1	337	roadmap_epigenomics	0	0.443210813585163	2140	337	840	551	840	576	3288	1639	1116	roadmap_epigenomics H3K4me3	NA	NA	H3K4me3	NA	NA	E030-H3K4me3.narrowPeak	1	53793
1	389	roadmap_epigenomics	0	0.360695876550271	2386	337	1061	331	1061	576	3638	1393	766	roadmap_epigenomics H3K4me1	NA	NA	H3K4me1	NA	NA	E038-H3K4me1.narrowPeak	1	143594
1	620	roadmap_epigenomics	0	0.505488071341259	1669	337	586	806	806	576	2687	2110	1717	roadmap_epigenomics H3K36me3	NA	NA	H3K36me3	NA	NA	E074-H3K36me3.narrowPeak	1	154097
1	231	roadmap_epigenomics	0	0.473355708310455	1919	337	717	676	717	577	3019	1860	1385	roadmap_epigenomics H3K23ac	NA	NA	H3K23ac	NA	NA	E017-H3K23ac.narrowPeak	1	154412
1	291	roadmap_epigenomics	0	0.386657374003983	2336	337	1010	385	1010	577	3555	1443	849	roadmap_epigenomics H3K9ac	NA	NA	H3K9ac	NA	NA	E023-H3K9ac.narrowPeak	1	124570
1	462	roadmap_epigenomics	0	0.379424554380676	2360	337	1032	362	1032	577	3586	1419	818	roadmap_epigenomics H3K9ac	NA	NA	H3K9ac	NA	NA	E049-H3K9ac.narrowPeak	1	107453
1	469	roadmap_epigenomics	0	0.492218174558286	1776	337	640	754	754	577	2832	2003	1572	roadmap_epigenomics H3K36me3	NA	NA	H3K36me3	NA	NA	E050-H3K36me3.narrowPeak	1	262839
1	565	roadmap_epigenomics	0	0.416904563915914	2243	337	933	461	933	577	3426	1536	978	roadmap_epigenomics H3K27ac	NA	NA	H3K27ac	NA	NA	E066-H3K27ac.narrowPeak	1	117377
1	907	roadmap_epigenomics	0	0.443897965137964	2127	337	836	558	836	577	3275	1652	1129	roadmap_epigenomics H3K27ac	NA	NA	H3K27ac	NA	NA	E112-H3K27ac.narrowPeak	1	123630
1	998	roadmap_epigenomics	0	0.552757455978373	1396	337	478	915	915	577	2266	2383	2138	roadmap_epigenomics H3K79me2	NA	NA	H3K79me2	NA	NA	E120-H3K79me2.narrowPeak	1	153900
1	1044	roadmap_epigenomics	0	0.502679966140316	1696	337	600	797	797	578	2723	2083	1681	roadmap_epigenomics H3K36me3	NA	NA	H3K36me3	NA	NA	E124-H3K36me3.narrowPeak	1	195147
1	288	roadmap_epigenomics	0	0.496067629147827	1728	337	620	781	781	579	2772	2051	1632	roadmap_epigenomics H3K36me3	NA	NA	H3K36me3	NA	NA	E023-H3K36me3.narrowPeak	1	228728
1	647	roadmap_epigenomics	0	0.476156314251853	1889	337	708	692	708	579	2983	1890	1421	roadmap_epigenomics H3K36me3	NA	NA	H3K36me3	NA	NA	E078-H3K36me3.narrowPeak	1	225957
1	924	roadmap_epigenomics	0	0.382879069023217	2339	337	1021	380	1021	579	3564	1440	840	roadmap_epigenomics H3K4me1	NA	NA	H3K4me1	NA	NA	E114-H3K4me1.narrowPeak	1	202029
1	1034	roadmap_epigenomics	0	0.434548428808605	2169	337	874	526	874	579	3330	1610	1074	roadmap_epigenomics H3K4me3	NA	NA	H3K4me3	NA	NA	E123-H3K4me3.narrowPeak	1	62691
1	157	roadmap_epigenomics	0	0.506010998607425	1639	337	582	820	820	580	2652	2140	1752	roadmap_epigenomics H3K79me1	NA	NA	H3K79me1	NA	NA	E008-H3K79me1.narrowPeak	1	120353
1	959	roadmap_epigenomics	0	0.401034806812129	2301	337	983	419	983	580	3502	1478	902	roadmap_epigenomics H3K4me1	NA	NA	H3K4me1	NA	NA	E117-H3K4me1.narrowPeak	1	156415
1	1102	roadmap_epigenomics	0	0.441680947754016	2129	337	848	555	848	580	3281	1650	1123	roadmap_epigenomics H3K27ac	NA	NA	H3K27ac	NA	NA	E129-H3K27ac.narrowPeak	1	145020
1	335	roadmap_epigenomics	0	0.511434007937518	1600	337	568	837	837	581	2596	2179	1808	roadmap_epigenomics H3K36me3	NA	NA	H3K36me3	NA	NA	E030-H3K36me3.narrowPeak	1	180397
1	432	roadmap_epigenomics	0	0.36889886567681	2366	337	1049	358	1049	581	3609	1413	795	roadmap_epigenomics H3K4me1	NA	NA	H3K4me1	NA	NA	E045-H3K4me1.narrowPeak	1	132617
1	554	roadmap_epigenomics	0	0.478229203995219	1858	337	697	708	708	581	2947	1921	1457	roadmap_epigenomics H3K36me3	NA	NA	H3K36me3	NA	NA	E063-H3K36me3.narrowPeak	1	257192
1	1069	roadmap_epigenomics	0	0.469379340677621	1920	337	734	675	734	582	3028	1859	1376	roadmap_epigenomics H3K4me1	NA	NA	H3K4me1	NA	NA	E126-H3K4me1.narrowPeak	1	191388
1	328	roadmap_epigenomics	0	0.484734292214264	1800	337	675	737	737	583	2873	1979	1531	roadmap_epigenomics H3K27ac	NA	NA	H3K27ac	NA	NA	E029-H3K27ac.narrowPeak	1	61033
1	876	roadmap_epigenomics	0	0.287271202069673	2436	337	1115	296	1115	583	3802	1343	602	roadmap_epigenomics H3K9ac	NA	NA	H3K9ac	NA	NA	E107-H3K9ac.narrowPeak	1	144247
1	935	roadmap_epigenomics	0	0.430943950030879	2167	337	886	527	886	583	3335	1612	1069	roadmap_epigenomics H3K4me1	NA	NA	H3K4me1	NA	NA	E115-H3K4me1.narrowPeak	1	130919
1	944	roadmap_epigenomics	0	0.466869488236886	1938	337	745	667	745	583	3051	1841	1353	roadmap_epigenomics H3K27ac	NA	NA	H3K27ac	NA	NA	E116-H3K27ac.narrowPeak	1	78915
1	341	roadmap_epigenomics	0	0.365845666273293	2360	337	1053	362	1053	584	3610	1419	794	roadmap_epigenomics H3K4me1	NA	NA	H3K4me1	NA	NA	E031-H3K4me1.narrowPeak	1	93412
1	557	roadmap_epigenomics	0	0.358135060582339	2370	337	1064	352	1064	584	3631	1409	773	roadmap_epigenomics H3K9ac	NA	NA	H3K9ac	NA	NA	E063-H3K9ac.narrowPeak	1	112712
1	616	roadmap_epigenomics	0	0.398496615823384	2284	337	986	430	986	584	3493	1495	911	roadmap_epigenomics H3K9ac	NA	NA	H3K9ac	NA	NA	E073-H3K9ac.narrowPeak	1	108381
1	928	roadmap_epigenomics	0	0.414257131257514	2230	337	942	473	942	584	3420	1549	984	roadmap_epigenomics H3K9ac	NA	NA	H3K9ac	NA	NA	E114-H3K9ac.narrowPeak	1	71993
1	986	roadmap_epigenomics	0	0.504735161731922	1627	337	590	825	825	584	2641	2152	1763	roadmap_epigenomics H3K79me2	NA	NA	H3K79me2	NA	NA	E119-H3K79me2.narrowPeak	1	189409
1	1022	roadmap_epigenomics	0	0.525507068621587	1467	337	537	877	877	584	2409	2312	1995	roadmap_epigenomics H3K79me2	NA	NA	H3K79me2	NA	NA	E122-H3K79me2.narrowPeak	1	181682
1	611	roadmap_epigenomics	0	0.332452989831163	2393	337	1097	322	1097	585	3693	1386	711	roadmap_epigenomics H3K27ac	NA	NA	H3K27ac	NA	NA	E073-H3K27ac.narrowPeak	1	206720
1	1056	roadmap_epigenomics	0	0.504780005621792	1607	337	589	832	832	586	2618	2172	1786	roadmap_epigenomics H3K36me3	NA	NA	H3K36me3	NA	NA	E125-H3K36me3.narrowPeak	1	248840
1	572	roadmap_epigenomics	0	0.401423116051529	2267	337	981	442	981	587	3474	1512	930	roadmap_epigenomics H3K27ac	NA	NA	H3K27ac	NA	NA	E067-H3K27ac.narrowPeak	1	171902
1	486	roadmap_epigenomics	0	0.41361744366664	2225	337	946	480	946	588	3417	1554	987	roadmap_epigenomics H3K9ac	NA	NA	H3K9ac	NA	NA	E052-H3K9ac.narrowPeak	1	98792
1	604	roadmap_epigenomics	0	0.381591607854132	2319	337	1027	402	1027	589	3551	1460	853	roadmap_epigenomics H3K27ac	NA	NA	H3K27ac	NA	NA	E072-H3K27ac.narrowPeak	1	177783
1	440	roadmap_epigenomics	0	0.501273299533216	1618	337	604	828	828	590	2638	2161	1766	roadmap_epigenomics H3K36me3	NA	NA	H3K36me3	NA	NA	E046-H3K36me3.narrowPeak	1	269244
1	958	roadmap_epigenomics	0	0.488811720478893	1738	337	657	775	775	590	2798	2041	1606	roadmap_epigenomics H3K36me3	NA	NA	H3K36me3	NA	NA	E117-H3K36me3.narrowPeak	1	316270
1	618	roadmap_epigenomics	0	0.381551048991299	2315	337	1028	408	1028	591	3548	1464	856	roadmap_epigenomics H3K27ac	NA	NA	H3K27ac	NA	NA	E074-H3K27ac.narrowPeak	1	158702
1	627	roadmap_epigenomics	0	0.438095316347444	2107	337	860	576	860	591	3268	1672	1136	roadmap_epigenomics H3K36me3	NA	NA	H3K36me3	NA	NA	E075-H3K36me3.narrowPeak	1	274849
1	98	roadmap_epigenomics	0	0.437968317761821	2099	337	861	581	861	593	3261	1680	1143	roadmap_epigenomics H3K18ac	NA	NA	H3K18ac	NA	NA	E006-H3K18ac.narrowPeak	1	207264
1	454	roadmap_epigenomics	0	0.373050501099198	2325	337	1044	399	1044	593	3571	1454	833	roadmap_epigenomics H3K4me1	NA	NA	H3K4me1	NA	NA	E048-H3K4me1.narrowPeak	1	144692
1	723	roadmap_epigenomics	0	0.446637408120665	2035	337	824	619	824	593	3185	1744	1219	roadmap_epigenomics H3K9ac	NA	NA	H3K9ac	NA	NA	E087-H3K9ac.narrowPeak	1	62354
1	995	roadmap_epigenomics	0	0.422816342840171	2162	337	912	530	912	593	3346	1617	1058	roadmap_epigenomics H3K4me1	NA	NA	H3K4me1	NA	NA	E120-H3K4me1.narrowPeak	1	205504
1	494	roadmap_epigenomics	0	0.491350974451013	1681	337	642	803	803	594	2730	2098	1674	roadmap_epigenomics H3K36me3	NA	NA	H3K36me3	NA	NA	E054-H3K36me3.narrowPeak	1	221911
1	281	roadmap_epigenomics	0	0.36574665097974	2330	337	1054	393	1054	595	3588	1449	816	roadmap_epigenomics H3K27ac	NA	NA	H3K27ac	NA	NA	E022-H3K27ac.narrowPeak	1	140357
1	366	roadmap_epigenomics	0	0.489000750771525	1700	337	654	795	795	595	2756	2079	1648	roadmap_epigenomics H3K36me3	NA	NA	H3K36me3	NA	NA	E034-H3K36me3.narrowPeak	1	302239
1	330	roadmap_epigenomics	0	0.495067017946575	1624	337	626	826	826	596	2658	2155	1746	roadmap_epigenomics H3K36me3	NA	NA	H3K36me3	NA	NA	E029-H3K36me3.narrowPeak	1	235858
1	586	roadmap_epigenomics	0	0.37984632147451	2298	337	1031	421	1031	596	3538	1481	866	roadmap_epigenomics H3K27ac	NA	NA	H3K27ac	NA	NA	E069-H3K27ac.narrowPeak	1	169793
1	796	roadmap_epigenomics	0	0.447161586861721	2017	337	821	633	821	597	3167	1762	1237	roadmap_epigenomics H3K36me3	NA	NA	H3K36me3	NA	NA	E096-H3K36me3.narrowPeak	1	338349
1	973	roadmap_epigenomics	0	0.382517553807902	2285	337	1024	429	1024	597	3523	1494	881	roadmap_epigenomics H3K4me3	NA	NA	H3K4me3	NA	NA	E118-H3K4me3.narrowPeak	1	58435
1	634	roadmap_epigenomics	0	0.48075692715739	1739	337	685	773	773	598	2816	2040	1588	roadmap_epigenomics H3K36me3	NA	NA	H3K36me3	NA	NA	E076-H3K36me3.narrowPeak	1	180209
1	902	roadmap_epigenomics	0	0.486429978804184	1716	337	669	787	787	598	2779	2063	1625	roadmap_epigenomics H3K36me3	NA	NA	H3K36me3	NA	NA	E111-H3K36me3.narrowPeak	1	219857
1	913	roadmap_epigenomics	0	0.386911516817918	2256	337	1009	449	1009	598	3492	1523	912	roadmap_epigenomics H3K27ac	NA	NA	H3K27ac	NA	NA	E113-H3K27ac.narrowPeak	1	130427
1	606	roadmap_epigenomics	0	0.454638684959222	1921	337	788	673	788	599	3059	1858	1345	roadmap_epigenomics H3K36me3	NA	NA	H3K36me3	NA	NA	E072-H3K36me3.narrowPeak	1	221904
1	910	roadmap_epigenomics	0	0.413376666433952	2183	337	947	514	947	599	3382	1596	1022	roadmap_epigenomics H3K4me1	NA	NA	H3K4me1	NA	NA	E112-H3K4me1.narrowPeak	1	124560
1	1072	roadmap_epigenomics	0	0.51066064627701	1452	337	571	888	888	599	2422	2327	1982	roadmap_epigenomics H3K79me2	NA	NA	H3K79me2	NA	NA	E126-H3K79me2.narrowPeak	1	155850
1	364	roadmap_epigenomics	0	0.459519419815167	1886	337	771	695	771	601	3014	1893	1390	roadmap_epigenomics H3K27ac	NA	NA	H3K27ac	NA	NA	E034-H3K27ac.narrowPeak	1	78882
1	1091	roadmap_epigenomics	0	0.451336978722628	1959	337	803	662	803	601	3103	1820	1301	roadmap_epigenomics H3K27ac	NA	NA	H3K27ac	NA	NA	E128-H3K27ac.narrowPeak	1	84016
1	407	roadmap_epigenomics	0	0.489158184971591	1642	337	652	818	818	602	2691	2137	1713	roadmap_epigenomics H3K36me3	NA	NA	H3K36me3	NA	NA	E041-H3K36me3.narrowPeak	1	202854
1	974	roadmap_epigenomics	0	0.537579357028465	1294	337	505	963	963	602	2167	2485	2237	roadmap_epigenomics H3K79me2	NA	NA	H3K79me2	NA	NA	E118-H3K79me2.narrowPeak	1	97080
1	349	roadmap_epigenomics	0	0.479419222217725	1729	337	692	780	780	603	2808	2050	1596	roadmap_epigenomics H3K36me3	NA	NA	H3K36me3	NA	NA	E032-H3K36me3.narrowPeak	1	342847
1	588	roadmap_epigenomics	0	0.456148366899412	1887	337	779	694	779	603	3022	1892	1382	roadmap_epigenomics H3K36me3	NA	NA	H3K36me3	NA	NA	E069-H3K36me3.narrowPeak	1	210227
1	938	roadmap_epigenomics	0	0.496701937538977	1538	337	617	854	854	603	2555	2241	1849	roadmap_epigenomics H3K79me2	NA	NA	H3K79me2	NA	NA	E115-H3K79me2.narrowPeak	1	200232
1	110	roadmap_epigenomics	0	0.337298746503056	2335	337	1093	388	1093	606	3644	1444	760	roadmap_epigenomics H4K8ac	NA	NA	H4K8ac	NA	NA	E006-H4K8ac.narrowPeak	1	209112
1	206	roadmap_epigenomics	0	0.468215640798811	1791	337	738	744	744	606	2898	1988	1506	roadmap_epigenomics H3K36me3	NA	NA	H3K36me3	NA	NA	E015-H3K36me3.narrowPeak	1	252828
1	467	roadmap_epigenomics	0	0.416093418660258	2146	337	937	544	937	606	3345	1633	1059	roadmap_epigenomics H3K27ac	NA	NA	H3K27ac	NA	NA	E050-H3K27ac.narrowPeak	1	105551
1	1042	roadmap_epigenomics	0	0.412211830013719	2164	337	953	528	953	606	3368	1615	1036	roadmap_epigenomics H3K27ac	NA	NA	H3K27ac	NA	NA	E124-H3K27ac.narrowPeak	1	154618
1	1098	roadmap_epigenomics	0	0.445731457070102	1971	337	828	653	828	606	3126	1808	1278	roadmap_epigenomics H3K9ac	NA	NA	H3K9ac	NA	NA	E128-H3K9ac.narrowPeak	1	50400
1	827	roadmap_epigenomics	0	0.415645068042879	2145	337	938	545	938	607	3345	1634	1059	roadmap_epigenomics H3K27ac	NA	NA	H3K27ac	NA	NA	E100-H3K27ac.narrowPeak	1	163031
1	547	roadmap_epigenomics	0	0.467568981643042	1784	337	740	747	747	608	2892	1995	1512	roadmap_epigenomics H3K36me3	NA	NA	H3K36me3	NA	NA	E062-H3K36me3.narrowPeak	1	253984
1	1006	roadmap_epigenomics	0	0.481019020293999	1681	337	684	803	803	608	2752	2098	1652	roadmap_epigenomics H3K36me3	NA	NA	H3K36me3	NA	NA	E121-H3K36me3.narrowPeak	1	200978
1	1097	roadmap_epigenomics	0	0.496246663000143	1495	337	619	869	869	608	2505	2284	1899	roadmap_epigenomics H3K79me2	NA	NA	H3K79me2	NA	NA	E128-H3K79me2.narrowPeak	1	160134
1	235	roadmap_epigenomics	0	0.442444157443889	1987	337	843	646	843	609	3148	1792	1256	roadmap_epigenomics H3K4ac	NA	NA	H3K4ac	NA	NA	E017-H3K4ac.narrowPeak	1	243193
1	411	roadmap_epigenomics	0	0.447777434624311	1930	337	819	671	819	609	3082	1849	1322	roadmap_epigenomics H3K27ac	NA	NA	H3K27ac	NA	NA	E042-H3K27ac.narrowPeak	1	68927
1	93	roadmap_epigenomics	0	0.493863536143501	1515	337	633	863	863	611	2534	2264	1870	roadmap_epigenomics H2AK5ac	NA	NA	H2AK5ac	NA	NA	E006-H2AK5ac.narrowPeak	1	168829
1	971	roadmap_epigenomics	0	0.395980614447093	2191	337	991	505	991	611	3422	1588	982	roadmap_epigenomics H3K4me1	NA	NA	H3K4me1	NA	NA	E118-H3K4me1.narrowPeak	1	142346
1	729	roadmap_epigenomics	0	0.455383511424641	1840	337	782	716	782	612	2976	1939	1428	roadmap_epigenomics H3K36me3	NA	NA	H3K36me3	NA	NA	E088-H3K36me3.narrowPeak	1	301918
1	246	roadmap_epigenomics	0	0.426311742407661	2076	337	901	600	901	613	3263	1703	1141	roadmap_epigenomics H4K5ac	NA	NA	H4K5ac	NA	NA	E017-H4K5ac.narrowPeak	1	228064
1	921	roadmap_epigenomics	0	0.434662198125817	2018	337	871	630	871	613	3193	1761	1211	roadmap_epigenomics H3K27ac	NA	NA	H3K27ac	NA	NA	E114-H3K27ac.narrowPeak	1	69512
1	961	roadmap_epigenomics	0	0.401739951949117	2172	337	979	522	979	613	3395	1607	1009	roadmap_epigenomics H3K4me3	NA	NA	H3K4me3	NA	NA	E117-H3K4me3.narrowPeak	1	60631
1	905	roadmap_epigenomics	0	0.429344474724573	2065	337	897	608	897	614	3247	1714	1157	roadmap_epigenomics H3K9ac	NA	NA	H3K9ac	NA	NA	E111-H3K9ac.narrowPeak	1	73574
1	950	roadmap_epigenomics	0	0.489133687485565	1553	337	653	851	851	614	2589	2226	1815	roadmap_epigenomics H3K79me2	NA	NA	H3K79me2	NA	NA	E116-H3K79me2.narrowPeak	1	158037
1	632	roadmap_epigenomics	0	0.402106800573994	2161	337	976	532	976	615	3385	1618	1019	roadmap_epigenomics H3K27ac	NA	NA	H3K27ac	NA	NA	E076-H3K27ac.narrowPeak	1	142168
1	878	roadmap_epigenomics	0	0.41077598281799	2141	337	957	550	957	615	3351	1638	1053	roadmap_epigenomics H3K27ac	NA	NA	H3K27ac	NA	NA	E108-H3K27ac.narrowPeak	1	109113
1	199	roadmap_epigenomics	0	0.47084276159818	1713	337	726	788	788	617	2809	2066	1595	roadmap_epigenomics H3K36me3	NA	NA	H3K36me3	NA	NA	E014-H3K36me3.narrowPeak	1	224149
1	962	roadmap_epigenomics	0	0.477914830116196	1648	337	698	815	815	617	2722	2131	1682	roadmap_epigenomics H3K79me2	NA	NA	H3K79me2	NA	NA	E117-H3K79me2.narrowPeak	1	176874
1	103	roadmap_epigenomics	0	0.413773427106397	2111	337	945	573	945	618	3319	1668	1085	roadmap_epigenomics H3K4ac	NA	NA	H3K4ac	NA	NA	E006-H3K4ac.narrowPeak	1	187901
1	250	roadmap_epigenomics	0	0.461452122826721	1783	337	767	749	767	618	2904	1996	1500	roadmap_epigenomics H3K36me3	NA	NA	H3K36me3	NA	NA	E018-H3K36me3.narrowPeak	1	167069
1	600	roadmap_epigenomics	0	0.445623017505595	1894	337	829	689	829	618	3051	1885	1353	roadmap_epigenomics H3K36me3	NA	NA	H3K36me3	NA	NA	E071-H3K36me3.narrowPeak	1	193688
1	489	roadmap_epigenomics	0	0.48041628812618	1605	337	687	834	834	619	2668	2174	1736	roadmap_epigenomics H3K36me3	NA	NA	H3K36me3	NA	NA	E053-H3K36me3.narrowPeak	1	193840
1	970	roadmap_epigenomics	0	0.492808606266016	1458	337	638	882	882	619	2468	2321	1936	roadmap_epigenomics H3K36me3	NA	NA	H3K36me3	NA	NA	E118-H3K36me3.narrowPeak	1	168886
1	1001	roadmap_epigenomics	0	0.56078633510213	960	337	461	1060	1060	619	1664	2819	2740	roadmap_epigenomics H4K20me1	NA	NA	H4K20me1	NA	NA	E120-H4K20me1.narrowPeak	1	47891
1	696	roadmap_epigenomics	0	0.443699206844226	1899	337	837	685	837	620	3060	1880	1344	roadmap_epigenomics H3K36me3	NA	NA	H3K36me3	NA	NA	E084-H3K36me3.narrowPeak	1	327499
1	1039	roadmap_epigenomics	0	0.552716376629431	1022	337	479	1043	1043	620	1768	2757	2636	roadmap_epigenomics H4K20me1	NA	NA	H4K20me1	NA	NA	E123-H4K20me1.narrowPeak	1	56074
1	947	roadmap_epigenomics	0	0.430196323250048	2004	337	889	638	889	621	3189	1775	1215	roadmap_epigenomics H3K4me1	NA	NA	H3K4me1	NA	NA	E116-H3K4me1.narrowPeak	1	129094
1	242	roadmap_epigenomics	0	0.353008442056418	2246	337	1074	459	1074	623	3549	1533	855	roadmap_epigenomics H3K9ac	NA	NA	H3K9ac	NA	NA	E017-H3K9ac.narrowPeak	1	130449
1	299	roadmap_epigenomics	0	0.454552866675804	1786	337	789	746	789	624	2922	1993	1482	roadmap_epigenomics H3K36me3	NA	NA	H3K36me3	NA	NA	E025-H3K36me3.narrowPeak	1	257733
1	537	roadmap_epigenomics	0	0.328278366715962	2274	337	1099	438	1099	625	3618	1505	786	roadmap_epigenomics H3K4me3	NA	NA	H3K4me3	NA	NA	E059-H3K4me3.narrowPeak	1	47573
1	1048	roadmap_epigenomics	0	0.471368258348218	1654	337	724	813	813	625	2743	2125	1661	roadmap_epigenomics H3K79me2	NA	NA	H3K79me2	NA	NA	E124-H3K79me2.narrowPeak	1	259630
1	880	roadmap_epigenomics	0	0.447826041056111	1834	337	818	722	818	626	2986	1945	1418	roadmap_epigenomics H3K36me3	NA	NA	H3K36me3	NA	NA	E108-H3K36me3.narrowPeak	1	243209
1	241	roadmap_epigenomics	0	0.465198806989292	1710	337	752	791	791	627	2818	2069	1586	roadmap_epigenomics H3K79me2	NA	NA	H3K79me2	NA	NA	E017-H3K79me2.narrowPeak	1	283453
1	399	roadmap_epigenomics	0	0.446002843502974	1839	337	827	718	827	627	2995	1940	1409	roadmap_epigenomics H3K27ac	NA	NA	H3K27ac	NA	NA	E040-H3K27ac.narrowPeak	1	50690
1	678	roadmap_epigenomics	0	0.463066959326945	1727	337	763	784	784	628	2841	2052	1563	roadmap_epigenomics H3K36me3	NA	NA	H3K36me3	NA	NA	E082-H3K36me3.narrowPeak	1	205425
1	932	roadmap_epigenomics	0	0.446430292970958	1834	337	825	722	825	628	2989	1945	1415	roadmap_epigenomics H3K27ac	NA	NA	H3K27ac	NA	NA	E115-H3K27ac.narrowPeak	1	105299
1	613	roadmap_epigenomics	0	0.436137797199509	1899	337	866	685	866	629	3076	1880	1328	roadmap_epigenomics H3K36me3	NA	NA	H3K36me3	NA	NA	E073-H3K36me3.narrowPeak	1	202192
1	937	roadmap_epigenomics	0	0.44143299766841	1869	337	849	702	849	629	3035	1910	1369	roadmap_epigenomics H3K4me3	NA	NA	H3K4me3	NA	NA	E115-H3K4me3.narrowPeak	1	45841
1	533	roadmap_epigenomics	0	0.357960028810783	2213	337	1065	487	1065	630	3514	1566	890	roadmap_epigenomics H3K27ac	NA	NA	H3K27ac	NA	NA	E059-H3K27ac.narrowPeak	1	103939
1	936	roadmap_epigenomics	0	0.419224071935277	2024	337	926	626	926	630	3230	1755	1174	roadmap_epigenomics H3K4me2	NA	NA	H3K4me2	NA	NA	E115-H3K4me2.narrowPeak	1	70834
1	951	roadmap_epigenomics	0	0.43168741419537	1918	337	881	677	881	632	3104	1861	1300	roadmap_epigenomics H3K9ac	NA	NA	H3K9ac	NA	NA	E116-H3K9ac.narrowPeak	1	50567
1	594	roadmap_epigenomics	0	0.47688666267603	1529	337	705	858	858	633	2588	2250	1816	roadmap_epigenomics H3K36me3	NA	NA	H3K36me3	NA	NA	E070-H3K36me3.narrowPeak	1	132982
1	968	roadmap_epigenomics	0	0.445130738267991	1800	337	831	737	831	635	2957	1979	1447	roadmap_epigenomics H3K27ac	NA	NA	H3K27ac	NA	NA	E118-H3K27ac.narrowPeak	1	71755
1	705	roadmap_epigenomics	0	0.33399591092906	2229	337	1095	475	1095	636	3574	1550	830	roadmap_epigenomics H3K36me3	NA	NA	H3K36me3	NA	NA	E085-H3K36me3.narrowPeak	1	359487
1	1032	roadmap_epigenomics	0	0.354812754594645	2192	337	1069	501	1069	636	3504	1587	900	roadmap_epigenomics H3K4me1	NA	NA	H3K4me1	NA	NA	E123-H3K4me1.narrowPeak	1	169621
1	1060	roadmap_epigenomics	0	0.470039143898638	1591	337	731	839	839	636	2675	2188	1729	roadmap_epigenomics H3K79me2	NA	NA	H3K79me2	NA	NA	E125-H3K79me2.narrowPeak	1	204517
1	451	roadmap_epigenomics	0	0.41815864918864	1988	337	930	644	930	637	3199	1791	1205	roadmap_epigenomics H3K27ac	NA	NA	H3K27ac	NA	NA	E048-H3K27ac.narrowPeak	1	60881
1	232	roadmap_epigenomics	0	0.401178638887771	2081	337	982	596	982	638	3318	1698	1086	roadmap_epigenomics H3K27ac	NA	NA	H3K27ac	NA	NA	E017-H3K27ac.narrowPeak	1	179168
1	417	roadmap_epigenomics	0	0.447369345391608	1771	337	820	757	820	638	2922	2008	1482	roadmap_epigenomics H3K27ac	NA	NA	H3K27ac	NA	NA	E043-H3K27ac.narrowPeak	1	65032
1	423	roadmap_epigenomics	0	0.429489437788775	1907	337	895	681	895	638	3098	1872	1306	roadmap_epigenomics H3K27ac	NA	NA	H3K27ac	NA	NA	E044-H3K27ac.narrowPeak	1	85187
1	429	roadmap_epigenomics	0	0.42124926079746	1965	337	920	656	920	638	3171	1814	1233	roadmap_epigenomics H3K27ac	NA	NA	H3K27ac	NA	NA	E045-H3K27ac.narrowPeak	1	75442
1	1037	roadmap_epigenomics	0	0.541693911954829	834	337	500	1081	1081	639	1512	2945	2892	roadmap_epigenomics H3K9me1	NA	NA	H3K9me1	NA	NA	E123-H3K9me1.narrowPeak	1	22183
1	425	roadmap_epigenomics	0	0.443582162273355	1788	337	839	745	839	640	2948	1991	1456	roadmap_epigenomics H3K36me3	NA	NA	H3K36me3	NA	NA	E044-H3K36me3.narrowPeak	1	227711
1	1086	roadmap_epigenomics	0	0.50440866684514	1211	337	593	991	991	640	2128	2568	2276	roadmap_epigenomics H3K9me1	NA	NA	H3K9me1	NA	NA	E127-H3K9me1.narrowPeak	1	49792
1	900	roadmap_epigenomics	0	0.40970824766765	2031	337	961	624	961	641	3256	1748	1148	roadmap_epigenomics H3K27ac	NA	NA	H3K27ac	NA	NA	E111-H3K27ac.narrowPeak	1	102045
1	376	roadmap_epigenomics	0	0.448396278489195	1738	337	816	775	816	643	2885	2041	1519	roadmap_epigenomics H3K36me3	NA	NA	H3K36me3	NA	NA	E036-H3K36me3.narrowPeak	1	328921
1	541	roadmap_epigenomics	0	0.432641367774301	1843	337	880	713	880	643	3028	1936	1376	roadmap_epigenomics H3K36me3	NA	NA	H3K36me3	NA	NA	E061-H3K36me3.narrowPeak	1	295294
1	405	roadmap_epigenomics	0	0.395037939310214	2070	337	994	602	994	644	3321	1709	1083	roadmap_epigenomics H3K27ac	NA	NA	H3K27ac	NA	NA	E041-H3K27ac.narrowPeak	1	106442
1	380	roadmap_epigenomics	0	0.390881953395042	2082	337	1003	595	1003	645	3340	1697	1064	roadmap_epigenomics H3K27ac	NA	NA	H3K27ac	NA	NA	E037-H3K27ac.narrowPeak	1	75646
1	512	roadmap_epigenomics	0	0.225500369779063	2227	337	1120	478	1120	645	3806	1552	598	roadmap_epigenomics H3K36me3	NA	NA	H3K36me3	NA	NA	E056-H3K36me3.narrowPeak	1	339193
1	520	roadmap_epigenomics	0	0.446925225743721	1718	337	822	786	822	648	2867	2061	1537	roadmap_epigenomics H3K36me3	NA	NA	H3K36me3	NA	NA	E057-H3K36me3.narrowPeak	1	239831
1	956	roadmap_epigenomics	0	0.403157965138396	2007	337	974	635	974	649	3248	1772	1156	roadmap_epigenomics H3K27ac	NA	NA	H3K27ac	NA	NA	E117-H3K27ac.narrowPeak	1	68992
1	526	roadmap_epigenomics	0	0.425354564137456	1847	337	904	710	904	650	3048	1932	1356	roadmap_epigenomics H3K36me3	NA	NA	H3K36me3	NA	NA	E058-H3K36me3.narrowPeak	1	288215
1	1108	roadmap_epigenomics	0	0.455145153494752	1609	337	784	830	830	650	2729	2170	1675	roadmap_epigenomics H3K79me2	NA	NA	H3K79me2	NA	NA	E129-H3K79me2.narrowPeak	1	217609
1	909	roadmap_epigenomics	0	0.464208862906512	1519	337	759	859	859	652	2605	2260	1799	roadmap_epigenomics H3K36me3	NA	NA	H3K36me3	NA	NA	E112-H3K36me3.narrowPeak	1	202936
1	459	roadmap_epigenomics	0	0.438868724383083	1752	337	858	766	858	654	2921	2027	1483	roadmap_epigenomics H3K36me3	NA	NA	H3K36me3	NA	NA	E049-H3K36me3.narrowPeak	1	236300
1	482	roadmap_epigenomics	0	0.44277201059906	1713	337	841	788	841	655	2871	2066	1533	roadmap_epigenomics H3K36me3	NA	NA	H3K36me3	NA	NA	E052-H3K36me3.narrowPeak	1	253308
1	975	roadmap_epigenomics	0	0.391802869339102	2018	337	999	630	999	655	3282	1761	1122	roadmap_epigenomics H3K9ac	NA	NA	H3K9ac	NA	NA	E118-H3K9ac.narrowPeak	1	55292
1	223	roadmap_epigenomics	0	0.395305180782607	2004	337	993	638	993	656	3262	1775	1142	roadmap_epigenomics H2AK9ac	NA	NA	H2AK9ac	NA	NA	E017-H2AK9ac.narrowPeak	1	85385
1	1080	roadmap_epigenomics	0	0.429366321619796	1812	337	896	734	896	656	3004	1967	1400	roadmap_epigenomics H3K36me3	NA	NA	H3K36me3	NA	NA	E127-H3K36me3.narrowPeak	1	328717
1	174	roadmap_epigenomics	0	0.434210780570305	1765	337	875	760	875	657	2945	2014	1459	roadmap_epigenomics H3K36me3	NA	NA	H3K36me3	NA	NA	E010-H3K36me3.narrowPeak	1	378468
1	95	roadmap_epigenomics	0	0.378760563243134	2070	337	1036	602	1036	658	3355	1709	1049	roadmap_epigenomics H2BK12ac	NA	NA	H2BK12ac	NA	NA	E006-H2BK12ac.narrowPeak	1	286658
1	306	roadmap_epigenomics	0	0.441993016233793	1702	337	846	794	846	659	2861	2077	1543	roadmap_epigenomics H3K36me3	NA	NA	H3K36me3	NA	NA	E026-H3K36me3.narrowPeak	1	262442
1	927	roadmap_epigenomics	0	0.452712046127789	1574	337	798	843	843	659	2695	2205	1709	roadmap_epigenomics H3K79me2	NA	NA	H3K79me2	NA	NA	E114-H3K79me2.narrowPeak	1	178908
1	395	roadmap_epigenomics	0	0.419079166816814	1838	337	928	719	928	661	3053	1941	1351	roadmap_epigenomics H3K36me3	NA	NA	H3K36me3	NA	NA	E039-H3K36me3.narrowPeak	1	205683
1	1036	roadmap_epigenomics	0	0.40819131648154	1912	337	965	680	965	661	3149	1867	1255	roadmap_epigenomics H3K9ac	NA	NA	H3K9ac	NA	NA	E123-H3K9ac.narrowPeak	1	48136
1	873	roadmap_epigenomics	0	0.42345642673206	1794	337	909	741	909	662	2999	1985	1405	roadmap_epigenomics H3K36me3	NA	NA	H3K36me3	NA	NA	E107-H3K36me3.narrowPeak	1	192945
1	1104	roadmap_epigenomics	0	0.442162440054403	1669	337	844	806	844	662	2825	2110	1579	roadmap_epigenomics H3K36me3	NA	NA	H3K36me3	NA	NA	E129-H3K36me3.narrowPeak	1	239707
1	939	roadmap_epigenomics	0	0.41254670528156	1870	337	950	701	950	663	3099	1909	1305	roadmap_epigenomics H3K9ac	NA	NA	H3K9ac	NA	NA	E115-H3K9ac.narrowPeak	1	45532
1	413	roadmap_epigenomics	0	0.413158385020218	1855	337	948	709	948	665	3083	1924	1321	roadmap_epigenomics H3K36me3	NA	NA	H3K36me3	NA	NA	E042-H3K36me3.narrowPeak	1	199452
1	775	roadmap_epigenomics	0	0.430261970760262	1742	337	888	771	888	665	2930	2037	1474	roadmap_epigenomics H3K36me3	NA	NA	H3K36me3	NA	NA	E093-H3K36me3.narrowPeak	1	312106
1	1035	roadmap_epigenomics	0	0.454749572529862	1491	337	787	872	872	665	2594	2288	1810	roadmap_epigenomics H3K79me2	NA	NA	H3K79me2	NA	NA	E123-H3K79me2.narrowPeak	1	112209
1	963	roadmap_epigenomics	0	0.353712695222829	2085	337	1071	591	1071	666	3421	1694	983	roadmap_epigenomics H3K9ac	NA	NA	H3K9ac	NA	NA	E117-H3K9ac.narrowPeak	1	64430
1	1029	roadmap_epigenomics	0	0.405454380354891	1892	337	970	691	970	666	3136	1887	1268	roadmap_epigenomics H3K27ac	NA	NA	H3K27ac	NA	NA	E123-H3K27ac.narrowPeak	1	72757
1	240	roadmap_epigenomics	0	0.425274540591403	1758	337	905	763	905	668	2958	2021	1446	roadmap_epigenomics H3K79me1	NA	NA	H3K79me1	NA	NA	E017-H3K79me1.narrowPeak	1	390673
1	766	roadmap_epigenomics	0	0.364791272899434	2043	337	1055	615	1055	669	3362	1736	1042	roadmap_epigenomics H3K36me3	NA	NA	H3K36me3	NA	NA	E092-H3K36me3.narrowPeak	1	329663
1	1031	roadmap_epigenomics	0	0.453198013421915	1482	337	794	875	875	669	2587	2297	1817	roadmap_epigenomics H3K36me3	NA	NA	H3K36me3	NA	NA	E123-H3K36me3.narrowPeak	1	190856
1	393	roadmap_epigenomics	0	0.384360404797505	1962	337	1015	658	1015	670	3248	1817	1156	roadmap_epigenomics H3K27ac	NA	NA	H3K27ac	NA	NA	E039-H3K27ac.narrowPeak	1	79843
1	757	roadmap_epigenomics	0	0.422362736298424	1770	337	915	759	915	670	2977	2009	1427	roadmap_epigenomics H3K36me3	NA	NA	H3K36me3	NA	NA	E091-H3K36me3.narrowPeak	1	240653
1	1094	roadmap_epigenomics	0	0.387787234325722	1932	337	1007	670	1007	671	3213	1847	1191	roadmap_epigenomics H3K4me1	NA	NA	H3K4me1	NA	NA	E128-H3K4me1.narrowPeak	1	167405
1	941	roadmap_epigenomics	0	0.452683063931315	1465	337	799	879	879	672	2568	2314	1836	roadmap_epigenomics H4K20me1	NA	NA	H4K20me1	NA	NA	E115-H4K20me1.narrowPeak	1	156894
1	662	roadmap_epigenomics	0	0.391290794846235	1906	337	1000	682	1000	673	3181	1873	1223	roadmap_epigenomics H3K36me3	NA	NA	H3K36me3	NA	NA	E080-H3K36me3.narrowPeak	1	296790
1	989	roadmap_epigenomics	0	0.512104509090434	436	337	565	1116	1116	673	894	3343	3510	roadmap_epigenomics H4K20me1	NA	NA	H4K20me1	NA	NA	E119-H4K20me1.narrowPeak	1	17540
1	820	roadmap_epigenomics	0	0.413803966475497	1799	337	944	740	944	674	3026	1980	1378	roadmap_epigenomics H3K36me3	NA	NA	H3K36me3	NA	NA	E099-H3K36me3.narrowPeak	1	192233
1	168	roadmap_epigenomics	0	0.419503797451423	1750	337	925	767	925	676	2963	2029	1441	roadmap_epigenomics H3K36me3	NA	NA	H3K36me3	NA	NA	E009-H3K36me3.narrowPeak	1	389216
1	748	roadmap_epigenomics	0	0.39352571227612	1844	337	997	712	997	682	3117	1935	1287	roadmap_epigenomics H3K36me3	NA	NA	H3K36me3	NA	NA	E090-H3K36me3.narrowPeak	1	278916
1	977	roadmap_epigenomics	0	0.503377213225108	569	337	598	1111	1111	682	1147	3210	3257	roadmap_epigenomics H4K20me1	NA	NA	H4K20me1	NA	NA	E118-H4K20me1.narrowPeak	1	34450
1	503	roadmap_epigenomics	0	0.304511312971777	2042	337	1108	616	1108	687	3498	1737	906	roadmap_epigenomics H3K36me3	NA	NA	H3K36me3	NA	NA	E055-H3K36me3.narrowPeak	1	289239
1	923	roadmap_epigenomics	0	0.424869236171901	1642	337	906	818	906	687	2836	2137	1568	roadmap_epigenomics H3K36me3	NA	NA	H3K36me3	NA	NA	E114-H3K36me3.narrowPeak	1	218138
1	739	roadmap_epigenomics	0	0.408806109146401	1753	337	963	765	963	688	2991	2026	1413	roadmap_epigenomics H3K36me3	NA	NA	H3K36me3	NA	NA	E089-H3K36me3.narrowPeak	1	233424
1	193	roadmap_epigenomics	0	0.392966536038722	1821	337	998	732	998	689	3096	1958	1308	roadmap_epigenomics H3K36me3	NA	NA	H3K36me3	NA	NA	E013-H3K36me3.narrowPeak	1	304339
1	934	roadmap_epigenomics	0	0.415505048969508	1695	337	939	799	939	692	2915	2084	1489	roadmap_epigenomics H3K36me3	NA	NA	H3K36me3	NA	NA	E115-H3K36me3.narrowPeak	1	329592
1	222	roadmap_epigenomics	0	0.370065856005145	1863	337	1047	704	1047	696	3190	1916	1214	roadmap_epigenomics H2AK5ac	NA	NA	H2AK5ac	NA	NA	E017-H2AK5ac.narrowPeak	1	296165
1	535	roadmap_epigenomics	0	0.430877302301989	1467	337	887	877	887	700	2623	2312	1781	roadmap_epigenomics H3K36me3	NA	NA	H3K36me3	NA	NA	E059-H3K36me3.narrowPeak	1	98754
1	234	roadmap_epigenomics	0	0.371777666906514	1809	337	1045	736	1045	706	3135	1970	1269	roadmap_epigenomics H3K36me3	NA	NA	H3K36me3	NA	NA	E017-H3K36me3.narrowPeak	1	352022
1	536	roadmap_epigenomics	0	0.362267495603976	1793	337	1058	742	1058	712	3143	1986	1261	roadmap_epigenomics H3K4me1	NA	NA	H3K4me1	NA	NA	E059-H3K4me1.narrowPeak	1	104649
1	1088	roadmap_epigenomics	0	0.463255551436742	1014	337	762	1045	1045	715	1946	2765	2458	roadmap_epigenomics H4K20me1	NA	NA	H4K20me1	NA	NA	E127-H4K20me1.narrowPeak	1	66330
1	245	roadmap_epigenomics	0	0.433689046027251	1316	337	879	951	951	722	2431	2463	1973	roadmap_epigenomics H4K20me1	NA	NA	H4K20me1	NA	NA	E017-H4K20me1.narrowPeak	1	192735
1	1110	roadmap_epigenomics	0	0.423431994223567	1372	337	910	927	927	725	2527	2407	1877	roadmap_epigenomics H4K20me1	NA	NA	H4K20me1	NA	NA	E129-H4K20me1.narrowPeak	1	157676
1	1093	roadmap_epigenomics	0	0.411526559053465	1431	337	955	899	955	730	2629	2348	1775	roadmap_epigenomics H3K36me3	NA	NA	H3K36me3	NA	NA	E128-H3K36me3.narrowPeak	1	129078
1	953	roadmap_epigenomics	0	0.449152330637821	413	337	814	1117	1117	756	945	3366	3459	roadmap_epigenomics H4K20me1	NA	NA	H4K20me1	NA	NA	E116-H4K20me1.narrowPeak	1	13628
1	1063	roadmap_epigenomics	0	0.382637514930644	1417	337	1023	907	1023	756	2689	2362	1715	roadmap_epigenomics H4K20me1	NA	NA	H4K20me1	NA	NA	E125-H4K20me1.narrowPeak	1	167649
1	1051	roadmap_epigenomics	0	0.367842421968763	1314	337	1050	953	1050	780	2606	2465	1798	roadmap_epigenomics H4K20me1	NA	NA	H4K20me1	NA	NA	E124-H4K20me1.narrowPeak	1	157666
1	930	roadmap_epigenomics	0	0.362842679253635	1090	337	1057	1026	1057	807	2324	2689	2080	roadmap_epigenomics H4K20me1	NA	NA	H4K20me1	NA	NA	E114-H4K20me1.narrowPeak	1	69077
