userSet	dbSet	collection	pValueLog	oddsRatio	support	rnkPV	rnkOR	rnkSup	maxRnk	meanRnk	b	c	d	description	cellType	tissue	antibody	treatment	dataSource	filename	qValue	size
2	504	roadmap_epigenomics	287.671278402685	9.32858504845809	11501	1	2	21	21	8	905	1016	746	roadmap_epigenomics H3K4me1	NA	NA	H3K4me1	NA	NA	E055-H3K4me1.narrowPeak	4.78774872442063e-285	338865
2	575	roadmap_epigenomics	286.82681571827	7.98782993422782	10969	2	8	130	130	46.7	776	1548	875	roadmap_epigenomics H3K4me1	NA	NA	H3K4me1	NA	NA	E067-H3K4me1.narrowPeak	1.67326234563435e-284	240432
2	614	roadmap_epigenomics	285.760551079962	8.09440981039598	11051	3	7	100	100	36.7	796	1466	855	roadmap_epigenomics H3K4me1	NA	NA	H3K4me1	NA	NA	E073-H3K4me1.narrowPeak	1.2993837082219e-283	233560
2	874	roadmap_epigenomics	282.222963996697	8.12899842538852	11121	4	6	83	83	31	817	1396	834	roadmap_epigenomics H3K4me1	NA	NA	H3K4me1	NA	NA	E107-H3K4me1.narrowPeak	3.36035967078026e-280	238000
2	924	roadmap_epigenomics	280.791783462401	7.32336684027697	10505	5	23	282	282	103	687	2012	964	roadmap_epigenomics H3K4me1	NA	NA	H3K4me1	NA	NA	E114-H3K4me1.narrowPeak	7.25531520852716e-279	202029
2	679	roadmap_epigenomics	278.675374309764	7.25800869204933	10485	6	27	289	289	107	686	2032	965	roadmap_epigenomics H3K4me1	NA	NA	H3K4me1	NA	NA	E082-H3K4me1.narrowPeak	7.90467815100434e-277	167812
2	687	roadmap_epigenomics	278.215754519607	7.69858667348976	10925	7	11	142	142	53.3	778	1592	873	roadmap_epigenomics H3K4me1	NA	NA	H3K4me1	NA	NA	E083-H3K4me1.narrowPeak	1.95234782208815e-276	190314
2	881	roadmap_epigenomics	274.644866518529	8.71817959394249	11436	8	4	27	27	13	905	1081	746	roadmap_epigenomics H3K4me1	NA	NA	H3K4me1	NA	NA	E108-H3K4me1.narrowPeak	6.35994333734354e-273	272216
2	513	roadmap_epigenomics	274.052254389123	8.81886227148338	11471	9	3	25	25	12.3	915	1046	736	roadmap_epigenomics H3K4me1	NA	NA	H3K4me1	NA	NA	E056-H3K4me1.narrowPeak	2.21265066893716e-272	303644
2	903	roadmap_epigenomics	269.373395619256	7.662537283467	11049	10	12	101	101	41	818	1468	833	roadmap_epigenomics H3K4me1	NA	NA	H3K4me1	NA	NA	E111-H3K4me1.narrowPeak	9.50635728429837e-268	225429
2	648	roadmap_epigenomics	268.982015199777	7.61944004874769	11029	11	15	104	104	43.3	814	1488	837	roadmap_epigenomics H3K4me1	NA	NA	H3K4me1	NA	NA	E078-H3K4me1.narrowPeak	2.12814819466908e-267	192644
2	1057	roadmap_epigenomics	265.211217530646	7.50702566771184	11019	12	17	106	106	45	817	1498	834	roadmap_epigenomics H3K4me1	NA	NA	H3K4me1	NA	NA	E125-H3K4me1.narrowPeak	1.15082947165564e-263	233552
2	995	roadmap_epigenomics	261.011216325979	6.59667625128155	10018	13	52	415	415	160	624	2499	1027	roadmap_epigenomics H3K4me1	NA	NA	H3K4me1	NA	NA	E120-H3K4me1.narrowPeak	1.68364325044926e-259	205504
2	601	roadmap_epigenomics	260.53505682352	7.92618487160232	11293	14	9	53	53	25.3	888	1224	763	roadmap_epigenomics H3K4me1	NA	NA	H3K4me1	NA	NA	E071-H3K4me1.narrowPeak	4.67977413469273e-259	226083
2	589	roadmap_epigenomics	259.85305241284	7.48348052881144	11087	15	20	95	95	43.3	840	1430	811	roadmap_epigenomics H3K4me1	NA	NA	H3K4me1	NA	NA	E069-H3K4me1.narrowPeak	2.10022623914758e-258	263106
2	194	roadmap_epigenomics	258.471528873954	6.82686626155321	10573	16	39	254	254	103	732	1944	919	roadmap_epigenomics H3K4me1	NA	NA	H3K4me1	NA	NA	E013-H3K4me1.narrowPeak	4.73980958985e-257	275053
2	730	roadmap_epigenomics	258.327135660857	7.50494544168337	11121	17	18	83	83	39.3	850	1396	801	roadmap_epigenomics H3K4me1	NA	NA	H3K4me1	NA	NA	E088-H3K4me1.narrowPeak	6.22049821346341e-257	291610
2	490	roadmap_epigenomics	257.209086348135	7.2621831404121	10991	18	25	119	119	54	822	1526	829	roadmap_epigenomics H3K4me1	NA	NA	H3K4me1	NA	NA	E053-H3K4me1.narrowPeak	7.70993823134725e-256	185030
2	635	roadmap_epigenomics	255.884824554178	6.81247285552079	10629	19	40	233	233	97.3	747	1888	904	roadmap_epigenomics H3K4me1	NA	NA	H3K4me1	NA	NA	E076-H3K4me1.narrowPeak	1.54110275489307e-254	178997
2	582	roadmap_epigenomics	254.018066424574	7.49051345293792	11172	20	19	71	71	36.7	868	1345	783	roadmap_epigenomics H3K4me1	NA	NA	H3K4me1	NA	NA	E068-H3K4me1.narrowPeak	1.0772421343088e-252	279154
2	568	roadmap_epigenomics	249.168080814347	7.82752830423043	11374	21	10	40	40	23.7	924	1143	727	roadmap_epigenomics H3K4me1	NA	NA	H3K4me1	NA	NA	E066-H3K4me1.narrowPeak	7.26289294724861e-248	233359
2	510	roadmap_epigenomics	248.480389097194	8.19531593304898	11502	22	5	20	22	15.7	958	1015	693	roadmap_epigenomics H3K27ac	NA	NA	H3K27ac	NA	NA	E056-H3K27ac.narrowPeak	3.37752034632028e-247	271197
2	483	roadmap_epigenomics	248.442928001	7.00934764153049	10966	23	34	133	133	63.3	829	1551	822	roadmap_epigenomics H3K4me1	NA	NA	H3K4me1	NA	NA	E052-H3K4me1.narrowPeak	3.52171263036415e-247	247579
2	876	roadmap_epigenomics	247.89702581663	7.00985157368907	10976	24	33	124	124	60.3	832	1541	819	roadmap_epigenomics H3K9ac	NA	NA	H3K9ac	NA	NA	E107-H3K9ac.narrowPeak	1.18624035299398e-246	144247
2	542	roadmap_epigenomics	244.537960270294	7.65626905629596	11356	25	13	44	44	27.3	926	1161	725	roadmap_epigenomics H3K4me1	NA	NA	H3K4me1	NA	NA	E061-H3K4me1.narrowPeak	2.60321161277648e-243	294530
2	611	roadmap_epigenomics	244.431894298272	6.74265159357247	10833	26	43	162	162	77	806	1684	845	roadmap_epigenomics H3K27ac	NA	NA	H3K27ac	NA	NA	E073-H3K27ac.narrowPeak	3.19552416198275e-243	206720
2	495	roadmap_epigenomics	242.554006430971	6.62107119059922	10763	27	48	187	187	87.3	794	1754	857	roadmap_epigenomics H3K4me1	NA	NA	H3K4me1	NA	NA	E054-H3K4me1.narrowPeak	2.32294836756747e-241	191253
2	505	roadmap_epigenomics	241.784263234691	7.32672775845388	11246	28	22	62	62	37.3	903	1271	748	roadmap_epigenomics H3K4me3	NA	NA	H3K4me3	NA	NA	E055-H3K4me3.narrowPeak	1.31822178911648e-240	115193
2	607	roadmap_epigenomics	240.974772741988	6.59204775868108	10771	29	54	184	184	89	798	1746	853	roadmap_epigenomics H3K4me1	NA	NA	H3K4me1	NA	NA	E072-H3K4me1.narrowPeak	8.20803145414193e-240	211846
2	1094	roadmap_epigenomics	240.713599337957	6.03141185268288	9379	30	89	575	575	231	547	3138	1104	roadmap_epigenomics H3K4me1	NA	NA	H3K4me1	NA	NA	E128-H3K4me1.narrowPeak	1.44773528451737e-239	167405
2	671	roadmap_epigenomics	239.688319987402	6.61396308169977	10819	31	50	165	165	82	810	1698	841	roadmap_epigenomics H3K4me1	NA	NA	H3K4me1	NA	NA	E081-H3K4me1.narrowPeak	1.4850055292044e-238	160582
2	883	roadmap_epigenomics	239.404937318739	6.65911427391622	10864	32	45	151	151	76	820	1653	831	roadmap_epigenomics H3K9ac	NA	NA	H3K9ac	NA	NA	E108-H3K9ac.narrowPeak	2.76262829053961e-238	129620
2	850	roadmap_epigenomics	238.512394135468	6.05105162332487	9978	33	88	423	423	181	650	2539	1001	roadmap_epigenomics H3K4me1	NA	NA	H3K4me1	NA	NA	E103-H3K4me1.narrowPeak	2.09171098206868e-237	172034
2	749	roadmap_epigenomics	238.277163850568	7.24545824401992	11250	34	28	61	61	41	909	1267	742	roadmap_epigenomics H3K4me1	NA	NA	H3K4me1	NA	NA	E090-H3K4me1.narrowPeak	3.48953038522356e-237	268484
2	1058	roadmap_epigenomics	237.398729779389	6.89904818036384	11073	35	37	97	97	56.3	869	1444	782	roadmap_epigenomics H3K4me2	NA	NA	H3K4me2	NA	NA	E125-H3K4me2.narrowPeak	2.56219351820811e-236	125847
2	830	roadmap_epigenomics	235.950043462986	5.95400609171377	9823	36	93	475	475	201	627	2694	1024	roadmap_epigenomics H3K4me1	NA	NA	H3K4me1	NA	NA	E100-H3K4me1.narrowPeak	6.99944794730674e-235	196301
2	539	roadmap_epigenomics	235.198820711127	7.01449961492317	11172	37	32	71	71	46.7	895	1345	756	roadmap_epigenomics H3K27ac	NA	NA	H3K27ac	NA	NA	E061-H3K27ac.narrowPeak	3.84049599660457e-234	199363
2	501	roadmap_epigenomics	234.875565947246	7.46446135214121	11381	38	21	38	38	32.3	946	1136	705	roadmap_epigenomics H3K27ac	NA	NA	H3K27ac	NA	NA	E055-H3K27ac.narrowPeak	7.87154908712895e-234	274023
2	621	roadmap_epigenomics	234.461770866593	6.59640038600566	10909	39	53	143	143	78.3	837	1608	814	roadmap_epigenomics H3K4me1	NA	NA	H3K4me1	NA	NA	E074-H3K4me1.narrowPeak	1.98872291680953e-233	266870
2	460	roadmap_epigenomics	234.376262548047	7.17551996315525	11264	40	31	57	57	42.7	918	1253	733	roadmap_epigenomics H3K4me1	NA	NA	H3K4me1	NA	NA	E049-H3K4me1.narrowPeak	2.360952298607e-233	260639
2	689	roadmap_epigenomics	232.365646727564	6.4523306244085	10829	41	60	163	163	88	823	1688	828	roadmap_epigenomics H3K9ac	NA	NA	H3K9ac	NA	NA	E083-H3K9ac.narrowPeak	2.3603650078211e-231	110500
2	178	roadmap_epigenomics	231.295270187873	5.81627881762069	9626	42	109	513	513	221	601	2891	1050	roadmap_epigenomics H3K27ac	NA	NA	H3K27ac	NA	NA	E011-H3K27ac.narrowPeak	2.70950697695764e-230	157674
2	245	roadmap_epigenomics	231.027132549621	6.6578379158972	7430	43	46	812	812	300	297	5087	1354	roadmap_epigenomics H4K20me1	NA	NA	H4K20me1	NA	NA	E017-H4K20me1.narrowPeak	4.90691739238002e-230	192735
2	1007	roadmap_epigenomics	230.088540190619	6.13262897201303	10533	44	77	268	268	130	766	1984	885	roadmap_epigenomics H3K4me1	NA	NA	H3K4me1	NA	NA	E121-H3K4me1.narrowPeak	4.16310040079248e-229	248336
2	300	roadmap_epigenomics	230.05072457231	6.77779457789471	11109	45	41	85	85	57	888	1408	763	roadmap_epigenomics H3K4me1	NA	NA	H3K4me1	NA	NA	E025-H3K4me1.narrowPeak	4.44091709695759e-229	312578
2	604	roadmap_epigenomics	229.778122823773	6.15020369837159	10566	46	76	257	257	126	773	1951	878	roadmap_epigenomics H3K27ac	NA	NA	H3K27ac	NA	NA	E072-H3K27ac.narrowPeak	8.13821382625697e-229	177783
2	484	roadmap_epigenomics	229.232106481795	6.50292766875071	10933	47	58	139	139	81.3	850	1584	801	roadmap_epigenomics H3K4me2	NA	NA	H3K4me2	NA	NA	E052-H3K4me2.narrowPeak	2.80030549230796e-228	119840
2	1019	roadmap_epigenomics	229.125372415183	6.13158301235065	10561	48	78	261	261	129	773	1956	878	roadmap_epigenomics H3K4me1	NA	NA	H3K4me1	NA	NA	E122-H3K4me1.narrowPeak	3.50587235105053e-228	142277
2	767	roadmap_epigenomics	229.003519439473	6.96435949555241	11227	49	35	64	64	49.3	917	1290	734	roadmap_epigenomics H3K4me1	NA	NA	H3K4me1	NA	NA	E092-H3K4me1.narrowPeak	4.54667835880115e-228	275943
2	1008	roadmap_epigenomics	228.564408250336	6.48719118977887	10933	50	59	139	139	82.7	851	1584	800	roadmap_epigenomics H3K4me2	NA	NA	H3K4me2	NA	NA	E121-H3K4me2.narrowPeak	1.22470501790513e-227	137508
2	925	roadmap_epigenomics	228.24730932895	6.37621017893642	10847	51	64	158	158	91	833	1670	818	roadmap_epigenomics H3K4me2	NA	NA	H3K4me2	NA	NA	E114-H3K4me2.narrowPeak	2.49189791595499e-227	103473
2	169	roadmap_epigenomics	228.006568281519	6.29344419382772	10774	52	69	183	183	101	818	1743	833	roadmap_epigenomics H3K4me1	NA	NA	H3K4me1	NA	NA	E009-H3K4me1.narrowPeak	4.25439810723445e-227	280630
2	641	roadmap_epigenomics	227.181001609283	6.94643487589231	11241	53	36	63	63	50.7	923	1276	728	roadmap_epigenomics H3K4me1	NA	NA	H3K4me1	NA	NA	E077-H3K4me1.narrowPeak	2.79339449566387e-226	231713
2	584	roadmap_epigenomics	227.054889119222	6.50348862266497	10973	54	57	127	127	79.3	862	1544	789	roadmap_epigenomics H3K9ac	NA	NA	H3K9ac	NA	NA	E068-H3K9ac.narrowPeak	3.66544639748153e-226	183791
2	586	roadmap_epigenomics	226.55344367845	5.99528289653853	10449	55	92	304	304	150	755	2068	896	roadmap_epigenomics H3K27ac	NA	NA	H3K27ac	NA	NA	E069-H3K27ac.narrowPeak	1.14183508658313e-225	169793
2	514	roadmap_epigenomics	226.228355605423	7.19357443268822	11363	56	30	42	56	42.7	954	1154	697	roadmap_epigenomics H3K4me3	NA	NA	H3K4me3	NA	NA	E056-H3K4me3.narrowPeak	2.37064279198447e-225	152592
2	1063	roadmap_epigenomics	225.70741777991	6.10649756426431	7907	57	82	764	764	301	362	4610	1289	roadmap_epigenomics H4K20me1	NA	NA	H4K20me1	NA	NA	E125-H4K20me1.narrowPeak	7.72888982233962e-225	167649
2	572	roadmap_epigenomics	225.171070835399	5.90446347213094	10349	58	99	334	334	164	738	2168	913	roadmap_epigenomics H3K27ac	NA	NA	H3K27ac	NA	NA	E067-H3K27ac.narrowPeak	2.61162563557272e-224	171902
2	595	roadmap_epigenomics	223.513019957255	5.62691687179688	9510	59	126	533	533	239	594	3007	1057	roadmap_epigenomics H3K4me1	NA	NA	H3K4me1	NA	NA	E070-H3K4me1.narrowPeak	1.16825536206422e-222	107068
2	591	roadmap_epigenomics	223.387836911784	6.12685598562406	10711	60	79	204	204	114	812	1806	839	roadmap_epigenomics H3K9ac	NA	NA	H3K9ac	NA	NA	E069-H3K9ac.narrowPeak	1.53257448080015e-222	133007
2	307	roadmap_epigenomics	223.32838456298	6.10736232371599	10691	61	81	211	211	118	808	1826	843	roadmap_epigenomics H3K4me1	NA	NA	H3K4me1	NA	NA	E026-H3K4me1.narrowPeak	1.72860336439116e-222	233572
2	609	roadmap_epigenomics	223.028326707904	6.4448405068387	11000	62	61	115	115	79.3	874	1517	777	roadmap_epigenomics H3K9ac	NA	NA	H3K9ac	NA	NA	E072-H3K9ac.narrowPeak	3.39383992608074e-222	165236
2	577	roadmap_epigenomics	222.601034010309	6.10807635097272	10710	63	80	207	207	117	813	1807	838	roadmap_epigenomics H3K9ac	NA	NA	H3K9ac	NA	NA	E067-H3K9ac.narrowPeak	8.93377873843809e-222	146266
2	289	roadmap_epigenomics	222.406938097211	6.66204599603565	11151	64	44	78	78	62	909	1366	742	roadmap_epigenomics H3K4me1	NA	NA	H3K4me1	NA	NA	E023-H3K4me1.narrowPeak	1.37496511863937e-221	307369
2	821	roadmap_epigenomics	220.871237121535	6.27479168101257	10907	65	71	144	144	93.3	857	1610	794	roadmap_epigenomics H3K4me1	NA	NA	H3K4me1	NA	NA	E099-H3K4me1.narrowPeak	4.64792673575082e-220	176837
2	579	roadmap_epigenomics	219.532387382207	6.05336907093379	10726	66	87	199	199	117	821	1791	830	roadmap_epigenomics H3K27ac	NA	NA	H3K27ac	NA	NA	E068-H3K27ac.narrowPeak	9.98799771162066e-219	214725
2	236	roadmap_epigenomics	219.237456987518	6.09576427278646	10777	67	83	180	180	110	832	1740	819	roadmap_epigenomics H3K4me1	NA	NA	H3K4me1	NA	NA	E017-H3K4me1.narrowPeak	1.94034055838273e-218	328152
2	959	roadmap_epigenomics	218.829969197588	5.68740576377692	10194	68	118	373	373	186	719	2323	932	roadmap_epigenomics H3K4me1	NA	NA	H3K4me1	NA	NA	E117-H3K4me1.narrowPeak	4.88575451044777e-218	156415
2	188	roadmap_epigenomics	218.741811866137	6.3100371895607	10975	69	65	125	125	86.3	875	1542	776	roadmap_epigenomics H3K4me1	NA	NA	H3K4me1	NA	NA	E012-H3K4me1.narrowPeak	5.89859794321077e-218	258735
2	1095	roadmap_epigenomics	218.043542033252	5.90550627580904	10591	70	98	249	249	139	796	1926	855	roadmap_epigenomics H3K4me2	NA	NA	H3K4me2	NA	NA	E128-H3K4me2.narrowPeak	2.90248295941362e-217	118811
2	706	roadmap_epigenomics	217.177638290397	6.56588635605133	11169	71	55	75	75	67	921	1348	730	roadmap_epigenomics H3K4me1	NA	NA	H3K4me1	NA	NA	E085-H3K4me1.narrowPeak	2.10142121705563e-216	285846
2	843	roadmap_epigenomics	217.016582284359	6.30908886064174	11004	72	66	111	111	83	884	1513	767	roadmap_epigenomics H3K4me1	NA	NA	H3K4me1	NA	NA	E102-H3K4me1.narrowPeak	3.00258265258758e-216	236074
2	836	roadmap_epigenomics	217.000837289385	6.26630058322511	10972	73	72	128	128	91	877	1545	774	roadmap_epigenomics H3K4me1	NA	NA	H3K4me1	NA	NA	E101-H3K4me1.narrowPeak	3.07078635685882e-216	208728
2	697	roadmap_epigenomics	216.728890616568	6.38802286965685	11065	74	63	99	99	78.7	898	1452	753	roadmap_epigenomics H3K4me1	NA	NA	H3K4me1	NA	NA	E084-H3K4me1.narrowPeak	5.66614149624851e-216	247694
2	791	roadmap_epigenomics	216.710068518525	5.83438295732057	10535	75	106	267	267	149	787	1982	864	roadmap_epigenomics H3K4me1	NA	NA	H3K4me1	NA	NA	E095-H3K4me1.narrowPeak	5.83821346202944e-216	268306
2	663	roadmap_epigenomics	215.263227384332	7.53525464406273	11581	76	16	12	76	34.7	1026	936	625	roadmap_epigenomics H3K4me1	NA	NA	H3K4me1	NA	NA	E080-H3K4me1.narrowPeak	1.61201387406554e-214	279457
2	996	roadmap_epigenomics	215.054929931346	5.7957032836422	10532	77	111	269	269	152	789	1985	862	roadmap_epigenomics H3K4me2	NA	NA	H3K4me2	NA	NA	E120-H3K4me2.narrowPeak	2.57033124414411e-214	121927
2	267	roadmap_epigenomics	214.977625952465	5.82681764309906	10577	78	108	253	253	146	798	1940	853	roadmap_epigenomics H3K9ac	NA	NA	H3K9ac	NA	NA	E020-H3K9ac.narrowPeak	3.03172075401213e-214	108554
2	175	roadmap_epigenomics	214.841553059773	6.1790301852768	10943	79	75	137	137	97	874	1574	777	roadmap_epigenomics H3K4me1	NA	NA	H3K4me1	NA	NA	E010-H3K4me1.narrowPeak	4.09477083026759e-214	266556
2	197	roadmap_epigenomics	214.677332337729	5.56366615693783	10114	80	130	397	397	202	711	2403	940	roadmap_epigenomics H3K27ac	NA	NA	H3K27ac	NA	NA	E014-H3K27ac.narrowPeak	5.90183994138625e-214	149273
2	598	roadmap_epigenomics	214.566804967727	6.0731406154206	10857	81	85	153	153	106	856	1660	795	roadmap_epigenomics H3K27ac	NA	NA	H3K27ac	NA	NA	E071-H3K27ac.narrowPeak	7.51830197526222e-214	152169
2	928	roadmap_epigenomics	214.326023239054	5.55914378905427	10122	82	132	394	394	203	713	2395	938	roadmap_epigenomics H3K9ac	NA	NA	H3K9ac	NA	NA	E114-H3K9ac.narrowPeak	1.29292299772336e-213	71993
2	243	roadmap_epigenomics	214.313498790696	5.466179709297	8740	83	147	674	674	301	491	3777	1160	roadmap_epigenomics H3K9me1	NA	NA	H3K9me1	NA	NA	E017-H3K9me1.narrowPeak	1.31471878674992e-213	209146
2	616	roadmap_epigenomics	213.887704047933	5.67771879857759	10388	84	121	326	326	177	763	2129	888	roadmap_epigenomics H3K9ac	NA	NA	H3K9ac	NA	NA	E073-H3K9ac.narrowPeak	3.46279209906079e-213	108381
2	1105	roadmap_epigenomics	213.747779713476	6.00780323765582	10813	85	90	169	169	115	848	1704	803	roadmap_epigenomics H3K4me1	NA	NA	H3K4me1	NA	NA	E129-H3K4me1.narrowPeak	4.72292569268875e-213	237110
2	181	roadmap_epigenomics	213.36448603536	5.59132465028741	10245	86	128	361	361	192	737	2272	914	roadmap_epigenomics H3K4me1	NA	NA	H3K4me1	NA	NA	E011-H3K4me1.narrowPeak	1.12830175931911e-212	274844
2	555	roadmap_epigenomics	212.769269628444	7.25974481017409	11518	87	26	17	87	43.3	1013	999	638	roadmap_epigenomics H3K4me1	NA	NA	H3K4me1	NA	NA	E063-H3K4me1.narrowPeak	4.39158073109036e-212	260722
2	1069	roadmap_epigenomics	212.224385028056	5.37191996353414	9051	88	165	632	632	295	540	3466	1111	roadmap_epigenomics H3K4me1	NA	NA	H3K4me1	NA	NA	E126-H3K4me1.narrowPeak	1.52244654068415e-211	191388
2	896	roadmap_epigenomics	211.236446233661	6.29546381706904	11090	89	68	94	94	83.7	912	1427	739	roadmap_epigenomics H3K4me1	NA	NA	H3K4me1	NA	NA	E110-H3K4me1.narrowPeak	1.46410934162262e-210	214877
2	500	roadmap_epigenomics	210.459528533582	7.63249198621704	11644	90	14	7	90	37	1050	873	601	roadmap_epigenomics	NA	NA	NA	NA	NA	E055-DNase.macs2.narrowPeak	8.66240947059836e-210	447741
2	1061	roadmap_epigenomics	210.004473783444	5.50524845342302	10216	91	138	367	367	199	737	2301	914	roadmap_epigenomics H3K9ac	NA	NA	H3K9ac	NA	NA	E125-H3K9ac.narrowPeak	2.44283748835653e-209	92035
2	237	roadmap_epigenomics	209.146863564394	5.92787791876047	10836	92	95	161	161	116	860	1681	791	roadmap_epigenomics H3K4me2	NA	NA	H3K4me2	NA	NA	E017-H3K4me2.narrowPeak	1.7408380081702e-208	177688
2	536	roadmap_epigenomics	208.94555863156	5.29508683242548	9063	93	177	627	627	299	547	3454	1104	roadmap_epigenomics H3K4me1	NA	NA	H3K4me1	NA	NA	E059-H3K4me1.narrowPeak	2.73758852512145e-208	104649
2	1070	roadmap_epigenomics	208.396589389992	5.67332868188744	10565	94	122	258	258	158	806	1952	845	roadmap_epigenomics H3K4me2	NA	NA	H3K4me2	NA	NA	E126-H3K4me2.narrowPeak	9.58721591604708e-208	115042
2	983	roadmap_epigenomics	206.480380086378	5.76436223802131	10729	95	114	198	198	136	842	1788	809	roadmap_epigenomics H3K4me1	NA	NA	H3K4me1	NA	NA	E119-H3K4me1.narrowPeak	7.82178835127461e-206	182438
2	462	roadmap_epigenomics	206.24838534028	5.59280710426896	10517	96	127	276	276	166	800	2000	851	roadmap_epigenomics H3K9ac	NA	NA	H3K9ac	NA	NA	E049-H3K9ac.narrowPeak	1.32054491920038e-205	107453
2	499	roadmap_epigenomics	206.058910370269	6.18725652880629	11099	97	74	91	97	87.3	922	1418	729	roadmap_epigenomics	NA	NA	NA	NA	NA	E055-DNase.hotspot.fdr0.01.peaks.bed	2.02175091060314e-205	232786
2	291	roadmap_epigenomics	205.869410350889	5.51389367877509	10405	98	136	316	316	183	779	2112	872	roadmap_epigenomics H3K9ac	NA	NA	H3K9ac	NA	NA	E023-H3K9ac.narrowPeak	3.09580306118874e-205	124570
2	57	roadmap_epigenomics	205.692381788744	5.31034436350279	9937	99	176	434	434	236	694	2580	957	roadmap_epigenomics H3K4me2	NA	NA	H3K4me2	NA	NA	E004-H3K4me2.narrowPeak	4.60673010122979e-205	59056
2	496	roadmap_epigenomics	205.452501146566	5.65988592432968	10632	100	123	231	231	151	824	1885	827	roadmap_epigenomics H3K4me3	NA	NA	H3K4me3	NA	NA	E054-H3K4me3.narrowPeak	7.92334570928494e-205	59260
2	37	roadmap_epigenomics	205.246918020594	5.50051188562049	10405	101	140	316	316	186	780	2112	871	roadmap_epigenomics H3K9ac	NA	NA	H3K9ac	NA	NA	E003-H3K9ac.narrowPeak	1.2594193382089e-204	90295
2	680	roadmap_epigenomics	204.778493909312	5.47609877352823	10380	102	146	329	329	192	776	2137	875	roadmap_epigenomics H3K4me3	NA	NA	H3K4me3	NA	NA	E082-H3K4me3.narrowPeak	3.66704019917891e-204	40821
2	90	roadmap_epigenomics	204.740121369483	5.56220191758631	10520	103	131	274	274	169	803	1997	848	roadmap_epigenomics	NA	NA	NA	NA	NA	E006-DNase.hotspot.fdr0.01.peaks.bed	3.96689913300428e-204	174991
2	926	roadmap_epigenomics	204.63363841277	5.55583442802346	10514	104	133	277	277	171	802	2003	849	roadmap_epigenomics H3K4me3	NA	NA	H3K4me3	NA	NA	E114-H3K4me3.narrowPeak	5.02039628872114e-204	76182
2	195	roadmap_epigenomics	204.269431597938	5.36746049182318	10182	105	166	377	377	216	740	2335	911	roadmap_epigenomics H3K4me3	NA	NA	H3K4me3	NA	NA	E013-H3K4me3.narrowPeak	1.1502410293504e-203	28003
2	904	roadmap_epigenomics	204.128545195812	5.78201770214674	10803	106	113	172	172	130	861	1714	790	roadmap_epigenomics H3K4me3	NA	NA	H3K4me3	NA	NA	E111-H3K4me3.narrowPeak	1.57600899127084e-203	90969
2	863	roadmap_epigenomics	203.960699322049	6.30550413209024	11203	107	67	68	107	80.7	949	1314	702	roadmap_epigenomics H3K4me1	NA	NA	H3K4me1	NA	NA	E105-H3K4me1.narrowPeak	2.29787633326289e-203	309072
2	683	roadmap_epigenomics	203.821593697153	5.86730731820973	10891	108	103	147	147	119	880	1626	771	roadmap_epigenomics	NA	NA	NA	NA	NA	E083-DNase.hotspot.fdr0.01.peaks.bed	3.13611730779712e-203	218413
2	260	roadmap_epigenomics	203.401431325319	5.38237242500481	10256	109	162	355	355	209	755	2261	896	roadmap_epigenomics H3K9ac	NA	NA	H3K9ac	NA	NA	E019-H3K9ac.narrowPeak	8.1762079515775e-203	72277
2	1106	roadmap_epigenomics	202.959260022953	5.91591899895985	10950	110	97	136	136	114	894	1567	757	roadmap_epigenomics H3K4me2	NA	NA	H3K4me2	NA	NA	E129-H3K4me2.narrowPeak	2.24262698605324e-202	131837
2	216	roadmap_epigenomics	202.854648027677	5.4527340841353	10411	111	153	315	315	193	785	2106	866	roadmap_epigenomics H3K9ac	NA	NA	H3K9ac	NA	NA	E016-H3K9ac.narrowPeak	2.82773524843504e-202	82706
2	1059	roadmap_epigenomics	202.653868401754	5.48887565637686	10477	112	142	292	292	182	798	2040	853	roadmap_epigenomics H3K4me3	NA	NA	H3K4me3	NA	NA	E125-H3K4me3.narrowPeak	4.44962413846356e-202	70898
2	537	roadmap_epigenomics	202.576649494033	5.48023128373787	10466	113	144	298	298	185	796	2051	855	roadmap_epigenomics H3K4me3	NA	NA	H3K4me3	NA	NA	E059-H3K4me3.narrowPeak	5.26843728248751e-202	47573
2	527	roadmap_epigenomics	202.278667589863	6.62864140030543	11385	114	47	37	114	66	995	1132	656	roadmap_epigenomics H3K4me1	NA	NA	H3K4me1	NA	NA	E058-H3K4me1.narrowPeak	1.03713982434399e-201	289473
2	521	roadmap_epigenomics	201.863725037075	5.54456591559685	10583	115	134	251	251	167	820	1934	831	roadmap_epigenomics H3K4me1	NA	NA	H3K4me1	NA	NA	E057-H3K4me1.narrowPeak	2.67292562471539e-201	212997
2	302	roadmap_epigenomics	200.877504008643	5.48168885527663	10524	116	143	270	270	176	810	1993	841	roadmap_epigenomics H3K9ac	NA	NA	H3K9ac	NA	NA	E025-H3K9ac.narrowPeak	2.56712936198677e-200	134727
2	242	roadmap_epigenomics	200.660011321377	5.34665891736322	10302	117	169	347	347	211	768	2215	883	roadmap_epigenomics H3K9ac	NA	NA	H3K9ac	NA	NA	E017-H3K9ac.narrowPeak	4.19964488569712e-200	130449
2	313	roadmap_epigenomics	200.605409673768	6.60933110203942	11395	118	51	35	118	68	1000	1122	651	roadmap_epigenomics H3K4me1	NA	NA	H3K4me1	NA	NA	E027-H3K4me1.narrowPeak	4.72191397631673e-200	374655
2	209	roadmap_epigenomics	200.180709574217	5.68384825733027	10792	119	119	175	175	138	865	1725	786	roadmap_epigenomics H3K9ac	NA	NA	H3K9ac	NA	NA	E015-H3K9ac.narrowPeak	1.24495374602411e-199	116131
2	39	roadmap_epigenomics	199.930280759674	5.4526443597832	10511	120	154	281	281	185	809	2006	842	roadmap_epigenomics H4K20me1	NA	NA	H4K20me1	NA	NA	E003-H4K20me1.narrowPeak	2.19759544480616e-199	266490
2	1009	roadmap_epigenomics	199.626119910868	5.35350352908619	10357	121	167	332	332	207	780	2160	871	roadmap_epigenomics H3K4me3	NA	NA	H3K4me3	NA	NA	E121-H3K4me3.narrowPeak	4.39040385213957e-199	69233
2	960	roadmap_epigenomics	198.932523384033	5.21550911435398	10084	122	188	403	403	238	731	2433	920	roadmap_epigenomics H3K4me2	NA	NA	H3K4me2	NA	NA	E117-H3K4me2.narrowPeak	2.15043607600481e-198	85197
2	110	roadmap_epigenomics	198.849677107215	5.45118693667298	10543	123	155	264	264	181	817	1974	834	roadmap_epigenomics H4K8ac	NA	NA	H4K8ac	NA	NA	E006-H4K8ac.narrowPeak	2.58123492881559e-198	209112
2	253	roadmap_epigenomics	198.787349807094	5.88059478488754	10998	124	101	117	124	114	911	1519	740	roadmap_epigenomics H3K9ac	NA	NA	H3K9ac	NA	NA	E018-H3K9ac.narrowPeak	2.95554965170598e-198	148075
2	891	roadmap_epigenomics	198.641546810728	5.37892006249721	10438	125	163	309	309	199	797	2079	854	roadmap_epigenomics H3K4me1	NA	NA	H3K4me1	NA	NA	E109-H3K4me1.narrowPeak	4.10159644665381e-198	214385
2	95	roadmap_epigenomics	198.550507438361	5.09798254096134	9675	126	216	503	503	282	661	2842	990	roadmap_epigenomics H2BK12ac	NA	NA	H2BK12ac	NA	NA	E006-H2BK12ac.narrowPeak	5.01801284233616e-198	286658
2	963	roadmap_epigenomics	198.283834681293	5.10424950040869	9738	127	214	491	491	277	672	2779	979	roadmap_epigenomics H3K9ac	NA	NA	H3K9ac	NA	NA	E117-H3K9ac.narrowPeak	9.19965094724851e-198	64430
2	875	roadmap_epigenomics	197.657260291541	5.45467668498379	10584	128	152	250	250	177	827	1933	824	roadmap_epigenomics H3K4me3	NA	NA	H3K4me3	NA	NA	E107-H3K4me3.narrowPeak	3.86313149171285e-197	80526
2	557	roadmap_epigenomics	196.223942901462	5.40823905060449	10562	129	157	260	260	182	825	1955	826	roadmap_epigenomics H3K9ac	NA	NA	H3K9ac	NA	NA	E063-H3K9ac.narrowPeak	1.03962601898695e-195	112712
2	485	roadmap_epigenomics	195.843754680767	5.29340702307975	10393	130	178	324	324	211	793	2124	858	roadmap_epigenomics H3K4me3	NA	NA	H3K4me3	NA	NA	E052-H3K4me3.narrowPeak	2.47577811067985e-195	77026
2	61	roadmap_epigenomics	195.728573641307	5.26156182248866	10339	131	181	337	337	216	783	2178	868	roadmap_epigenomics H3K9ac	NA	NA	H3K9ac	NA	NA	E004-H3K9ac.narrowPeak	3.20305808965038e-195	93600
2	1020	roadmap_epigenomics	195.353571227815	5.34009722215497	10488	132	170	287	287	196	812	2029	839	roadmap_epigenomics H3K4me2	NA	NA	H3K4me2	NA	NA	E122-H3K4me2.narrowPeak	7.53814683706093e-195	99492
2	682	roadmap_epigenomics	195.102282658384	5.04316431369499	9766	133	230	485	485	283	682	2751	969	roadmap_epigenomics	NA	NA	NA	NA	NA	E083-DNase.hotspot.all.peaks.bed	1.33436749040039e-194	98445
2	732	roadmap_epigenomics	194.822784083827	5.2301286223803	10315	134	186	341	341	220	780	2202	871	roadmap_epigenomics H3K9ac	NA	NA	H3K9ac	NA	NA	E088-H3K9ac.narrowPeak	2.52069830721885e-194	113769
2	461	roadmap_epigenomics	194.794887967982	5.46381692938008	10676	135	150	219	219	168	850	1841	801	roadmap_epigenomics H3K4me3	NA	NA	H3K4me3	NA	NA	E049-H3K4me3.narrowPeak	2.66683961902631e-194	76569
2	984	roadmap_epigenomics	194.791873945101	5.64825810483682	10875	136	124	150	150	137	891	1642	760	roadmap_epigenomics H3K4me2	NA	NA	H3K4me2	NA	NA	E119-H3K4me2.narrowPeak	2.66683961902631e-194	119229
2	408	roadmap_epigenomics	194.646505048548	5.74348666747105	10963	137	116	134	137	129	910	1554	741	roadmap_epigenomics H3K4me1	NA	NA	H3K4me1	NA	NA	E041-H3K4me1.narrowPeak	3.69985016224129e-194	159193
2	826	roadmap_epigenomics	194.108000937627	7.2632837481798	11670	138	24	6	138	56	1081	847	570	roadmap_epigenomics	NA	NA	NA	NA	NA	E100-DNase.macs2.narrowPeak	1.26919901942909e-193	441628
2	281	roadmap_epigenomics	194.018002346443	5.31115982292243	10487	139	175	288	288	201	814	2030	837	roadmap_epigenomics H3K27ac	NA	NA	H3K27ac	NA	NA	E022-H3K27ac.narrowPeak	1.55021739295448e-193	140357
2	543	roadmap_epigenomics	193.992714610025	5.23678984600066	10361	140	184	331	331	218	790	2156	861	roadmap_epigenomics H3K4me3	NA	NA	H3K4me3	NA	NA	E061-H3K4me3.narrowPeak	1.63142497393105e-193	39368
2	1088	roadmap_epigenomics	193.857022684962	6.84880475791407	6007	141	38	875	875	351	196	6510	1455	roadmap_epigenomics H4K20me1	NA	NA	H4K20me1	NA	NA	E127-H4K20me1.narrowPeak	2.21395074321432e-193	66330
2	80	roadmap_epigenomics	193.848413153411	5.15003040467195	10187	142	203	375	375	240	758	2330	893	roadmap_epigenomics H3K4me2	NA	NA	H3K4me2	NA	NA	E005-H3K4me2.narrowPeak	2.24237505811377e-193	62053
2	869	roadmap_epigenomics	193.798928230941	5.04403987582924	9882	143	229	455	455	276	704	2635	947	roadmap_epigenomics H3K4me1	NA	NA	H3K4me1	NA	NA	E106-H3K4me1.narrowPeak	2.49543052667938e-193	133631
2	308	roadmap_epigenomics	193.336443740685	5.27383202948324	10450	144	180	303	303	209	808	2067	843	roadmap_epigenomics H3K4me3	NA	NA	H3K4me3	NA	NA	E026-H3K4me3.narrowPeak	7.18792470514836e-193	81465
2	176	roadmap_epigenomics	192.875535862384	5.03028841806797	9902	145	234	447	447	275	709	2615	942	roadmap_epigenomics H3K4me3	NA	NA	H3K4me3	NA	NA	E010-H3K4me3.narrowPeak	2.06303163362966e-192	37746
2	628	roadmap_epigenomics	192.810110839314	5.87998356131773	11100	146	102	90	146	113	943	1417	708	roadmap_epigenomics H3K4me1	NA	NA	H3K4me1	NA	NA	E075-H3K4me1.narrowPeak	2.38202358282025e-192	196719
2	508	roadmap_epigenomics	192.781645034003	5.74632639044166	11000	147	115	115	147	126	921	1517	730	roadmap_epigenomics	NA	NA	NA	NA	NA	E056-DNase.hotspot.fdr0.01.peaks.bed	2.52608164488022e-192	223698
2	596	roadmap_epigenomics	192.589874925679	5.16558663025697	10279	148	199	353	353	233	777	2238	874	roadmap_epigenomics H3K4me3	NA	NA	H3K4me3	NA	NA	E070-H3K4me3.narrowPeak	3.90187283095583e-192	41846
2	509	roadmap_epigenomics	192.199175769709	6.74576936095248	11531	149	42	14	149	68.3	1047	986	604	roadmap_epigenomics	NA	NA	NA	NA	NA	E056-DNase.macs2.narrowPeak	9.5290084881371e-192	397102
2	997	roadmap_epigenomics	191.958030513462	5.16816440345764	10311	150	196	343	343	230	784	2206	867	roadmap_epigenomics H3K4me3	NA	NA	H3K4me3	NA	NA	E120-H3K4me3.narrowPeak	1.64925564564075e-191	47100
2	183	roadmap_epigenomics	191.638048398307	4.95099070874479	9666	151	257	504	504	304	671	2851	980	roadmap_epigenomics H3K9ac	NA	NA	H3K9ac	NA	NA	E011-H3K9ac.narrowPeak	3.42282272189267e-191	58328
2	491	roadmap_epigenomics	191.282919699586	5.12511743211229	10251	152	210	359	359	240	774	2266	877	roadmap_epigenomics H3K4me3	NA	NA	H3K4me3	NA	NA	E053-H3K4me3.narrowPeak	7.70276173680976e-191	36677
2	705	roadmap_epigenomics	190.721781899688	5.123806382309	10273	153	211	354	354	239	779	2244	872	roadmap_epigenomics H3K36me3	NA	NA	H3K36me3	NA	NA	E085-H3K36me3.narrowPeak	2.7857133240236e-190	359487
2	882	roadmap_epigenomics	190.662471990137	5.47810176326955	10795	154	145	174	174	158	881	1722	770	roadmap_epigenomics H3K4me3	NA	NA	H3K4me3	NA	NA	E108-H3K4me3.narrowPeak	3.1726125726487e-190	92210
2	766	roadmap_epigenomics	190.464603527675	4.97083649800556	9867	155	248	459	459	287	707	2650	944	roadmap_epigenomics H3K36me3	NA	NA	H3K36me3	NA	NA	E092-H3K36me3.narrowPeak	4.97135212972101e-190	329663
2	961	roadmap_epigenomics	190.40666122718	4.98709064977806	9930	156	242	439	439	279	718	2587	933	roadmap_epigenomics H3K4me3	NA	NA	H3K4me3	NA	NA	E117-H3K4me3.narrowPeak	5.6444798419774e-190	60631
2	170	roadmap_epigenomics	190.384122738811	4.99164657792902	9947	157	241	430	430	276	721	2570	930	roadmap_epigenomics H3K4me3	NA	NA	H3K4me3	NA	NA	E009-H3K4me3.narrowPeak	5.90727733636766e-190	38823
2	1089	roadmap_epigenomics	190.373267909148	5.83070305662733	11105	158	107	87	158	117	948	1412	703	roadmap_epigenomics	NA	NA	NA	NA	NA	E128-DNase.macs2.narrowPeak	6.01845137153526e-190	363287
2	1086	roadmap_epigenomics	190.113435556359	5.84063337373971	6687	159	105	855	855	373	271	5830	1380	roadmap_epigenomics H3K9me1	NA	NA	H3K9me1	NA	NA	E127-H3K9me1.narrowPeak	1.08787017731861e-189	49792
2	776	roadmap_epigenomics	190.104650746559	5.89419171072576	11152	160	100	77	160	112	959	1365	692	roadmap_epigenomics H3K4me1	NA	NA	H3K4me1	NA	NA	E093-H3K4me1.narrowPeak	1.1031613120899e-189	250705
2	457	roadmap_epigenomics	190.058152938368	4.92405166027736	9698	161	263	500	500	308	679	2819	972	roadmap_epigenomics H3K27ac	NA	NA	H3K27ac	NA	NA	E049-H3K27ac.narrowPeak	1.22019976643474e-189	126902
2	857	roadmap_epigenomics	188.864682171974	5.09539387593711	10294	162	218	350	350	243	786	2223	865	roadmap_epigenomics H3K4me1	NA	NA	H3K4me1	NA	NA	E104-H3K4me1.narrowPeak	1.89327005282105e-188	271842
2	211	roadmap_epigenomics	188.843955573214	4.85191598142996	9316	163	279	587	587	343	619	3201	1032	roadmap_epigenomics H3K27ac	NA	NA	H3K27ac	NA	NA	E016-H3K27ac.narrowPeak	1.97363380060987e-188	111185
2	432	roadmap_epigenomics	188.735880547478	5.16599504894677	10431	164	198	312	312	225	812	2086	839	roadmap_epigenomics H3K4me1	NA	NA	H3K4me1	NA	NA	E045-H3K4me1.narrowPeak	2.51585354736878e-188	132617
2	930	roadmap_epigenomics	188.63551957275	5.84704023403927	6621	165	104	856	856	375	266	5896	1385	roadmap_epigenomics H4K20me1	NA	NA	H4K20me1	NA	NA	E114-H4K20me1.narrowPeak	3.15069406568177e-188	69077
2	420	roadmap_epigenomics	188.529768343389	5.53415918190207	10898	166	135	145	166	149	906	1619	745	roadmap_epigenomics H3K4me1	NA	NA	H3K4me1	NA	NA	E043-H3K4me1.narrowPeak	3.99515212249077e-188	154217
2	154	roadmap_epigenomics	188.313328058067	5.38388158540358	10747	167	161	191	191	173	875	1770	776	roadmap_epigenomics H3K4me2	NA	NA	H3K4me2	NA	NA	E008-H3K4me2.narrowPeak	6.53680037960738e-188	111374
2	636	roadmap_epigenomics	188.163333949147	5.17917645364743	10473	168	192	295	295	218	821	2044	830	roadmap_epigenomics H3K4me3	NA	NA	H3K4me3	NA	NA	E076-H3K4me3.narrowPeak	9.17839028840067e-188	72243
2	265	roadmap_epigenomics	186.894012414492	5.10936679670599	10399	169	212	322	322	234	809	2118	842	roadmap_epigenomics H3K4me1	NA	NA	H3K4me1	NA	NA	E020-H3K4me1.narrowPeak	1.6963311329794e-186	289288
2	33	roadmap_epigenomics	186.566851949646	5.07246557680878	10343	170	223	336	336	243	799	2174	852	roadmap_epigenomics H3K4me3	NA	NA	H3K4me3	NA	NA	E003-H3K4me3.narrowPeak	3.58186225834626e-186	42133
2	722	roadmap_epigenomics	186.557352459935	4.88490025200826	9846	171	272	470	470	304	710	2671	941	roadmap_epigenomics H3K4me3	NA	NA	H3K4me3	NA	NA	E087-H3K4me3.narrowPeak	3.6396630657316e-186	35931
2	301	roadmap_epigenomics	186.475479495946	5.40592954503527	10815	172	159	168	172	166	892	1702	759	roadmap_epigenomics H3K4me3	NA	NA	H3K4me3	NA	NA	E025-H3K4me3.narrowPeak	4.36919883389657e-186	104434
2	1081	roadmap_epigenomics	186.468484498981	5.37430476288549	10781	173	164	177	177	171	885	1736	766	roadmap_epigenomics H3K4me1	NA	NA	H3K4me1	NA	NA	E127-H3K4me1.narrowPeak	4.41447589596188e-186	199886
2	522	roadmap_epigenomics	186.231598403018	5.14125400425744	10477	174	206	292	292	224	825	2040	826	roadmap_epigenomics H3K4me3	NA	NA	H3K4me3	NA	NA	E057-H3K4me3.narrowPeak	7.57289788334508e-186	48504
2	764	roadmap_epigenomics	186.138079556345	5.0870406233371	10387	175	219	327	327	240	808	2130	843	roadmap_epigenomics H3K27ac	NA	NA	H3K27ac	NA	NA	E092-H3K27ac.narrowPeak	9.33882305714828e-186	135058
2	825	roadmap_epigenomics	186.114497685533	5.32969374681923	10739	176	172	193	193	180	877	1778	774	roadmap_epigenomics	NA	NA	NA	NA	NA	E100-DNase.hotspot.fdr0.01.peaks.bed	9.80391186932665e-186	170766
2	402	roadmap_epigenomics	185.817487778524	5.34683593101033	10766	177	168	185	185	177	883	1751	768	roadmap_epigenomics H3K4me1	NA	NA	H3K4me1	NA	NA	E040-H3K4me1.narrowPeak	1.93174015265613e-185	147396
2	972	roadmap_epigenomics	185.456979671757	5.22416396751743	10624	178	187	235	235	200	855	1893	796	roadmap_epigenomics H3K4me2	NA	NA	H3K4me2	NA	NA	E118-H3K4me2.narrowPeak	4.40565086757171e-185	96755
2	91	roadmap_epigenomics	185.184037459884	5.78712821075417	11157	179	112	76	179	122	968	1360	683	roadmap_epigenomics	NA	NA	NA	NA	NA	E006-DNase.macs2.narrowPeak	8.21332978336361e-185	343835
2	1107	roadmap_epigenomics	185.008642670335	5.1383140954818	10513	180	207	279	279	222	834	2004	817	roadmap_epigenomics H3K4me3	NA	NA	H3K4me3	NA	NA	E129-H3K4me3.narrowPeak	1.22319184361339e-184	73663
2	898	roadmap_epigenomics	184.972173136872	5.14400266159695	10523	181	205	271	271	219	836	1994	815	roadmap_epigenomics H3K9ac	NA	NA	H3K9ac	NA	NA	E110-H3K9ac.narrowPeak	1.32299450444138e-184	89018
2	684	roadmap_epigenomics	184.720984895443	6.39390226916174	11474	182	62	23	182	89	1044	1043	607	roadmap_epigenomics	NA	NA	NA	NA	NA	E083-DNase.macs2.narrowPeak	2.34613753938339e-184	517786
2	322	roadmap_epigenomics	184.469681169277	5.58502752360739	11021	183	129	105	183	139	939	1496	712	roadmap_epigenomics H3K4me1	NA	NA	H3K4me1	NA	NA	E028-H3K4me1.narrowPeak	4.14546455671763e-184	354089
2	372	roadmap_epigenomics	184.469018722591	5.10146626705277	10472	184	215	296	296	232	827	2045	824	roadmap_epigenomics H3K4me1	NA	NA	H3K4me1	NA	NA	E035-H3K4me1.narrowPeak	4.14546455671763e-184	126220
2	258	roadmap_epigenomics	184.27398047019	4.95899150879238	10203	185	251	370	370	269	777	2314	874	roadmap_epigenomics H3K4me1	NA	NA	H3K4me1	NA	NA	E019-H3K4me1.narrowPeak	6.46037240385799e-184	213365
2	486	roadmap_epigenomics	183.74580057118	4.89800517765482	10076	186	270	405	405	287	755	2441	896	roadmap_epigenomics H3K9ac	NA	NA	H3K9ac	NA	NA	E052-H3K9ac.narrowPeak	2.16818450565058e-183	98792
2	1004	roadmap_epigenomics	183.614584077155	4.77503069268818	9608	187	298	517	517	334	675	2909	976	roadmap_epigenomics H3K27ac	NA	NA	H3K27ac	NA	NA	E121-H3K27ac.narrowPeak	2.91731999234984e-183	117985
2	1110	roadmap_epigenomics	183.590602128681	5.1340637667342	7402	188	209	814	814	404	363	5115	1288	roadmap_epigenomics H4K20me1	NA	NA	H4K20me1	NA	NA	E129-H4K20me1.narrowPeak	3.0665480493423e-183	157676
2	741	roadmap_epigenomics	183.082570584588	4.83952420334111	9939	189	282	433	433	301	732	2578	919	roadmap_epigenomics H3K4me3	NA	NA	H3K4me3	NA	NA	E089-H3K4me3.narrowPeak	9.82601365127957e-183	32241
2	426	roadmap_epigenomics	182.942315654401	5.17405258610271	10628	190	194	234	234	206	860	1889	791	roadmap_epigenomics H3K4me1	NA	NA	H3K4me1	NA	NA	E044-H3K4me1.narrowPeak	1.35002091432101e-182	150223
2	528	roadmap_epigenomics	182.921984317112	5.19613499077579	10658	191	189	225	225	202	866	1859	785	roadmap_epigenomics H3K4me3	NA	NA	H3K4me3	NA	NA	E058-H3K4me3.narrowPeak	1.40731743328379e-182	45445
2	985	roadmap_epigenomics	182.899360552966	4.87187378913585	10051	192	276	408	408	292	752	2466	899	roadmap_epigenomics H3K4me3	NA	NA	H3K4me3	NA	NA	E119-H3K4me3.narrowPeak	1.47485039979963e-182	41290
2	667	roadmap_epigenomics	182.619148225392	5.04406700429329	10440	193	228	308	308	243	824	2077	827	roadmap_epigenomics	NA	NA	NA	NA	NA	E081-DNase.hotspot.fdr0.01.peaks.bed	2.7970756823399e-182	206920
2	1013	roadmap_epigenomics	182.602837005837	5.44106133800684	6849	194	156	847	847	399	300	5668	1351	roadmap_epigenomics H4K20me1	NA	NA	H4K20me1	NA	NA	E121-H4K20me1.narrowPeak	2.88915615930686e-182	116908
2	707	roadmap_epigenomics	182.562857579069	5.03655674283972	10429	195	231	313	313	246	822	2088	829	roadmap_epigenomics H3K4me3	NA	NA	H3K4me3	NA	NA	E085-H3K4me3.narrowPeak	3.15150181438622e-182	43543
2	552	roadmap_epigenomics	182.472373479653	4.79273270549115	9811	196	288	477	477	320	711	2706	940	roadmap_epigenomics H3K27ac	NA	NA	H3K27ac	NA	NA	E063-H3K27ac.narrowPeak	3.86171483846755e-182	123465
2	93	roadmap_epigenomics	182.310322399448	4.98262290766144	7661	197	243	793	793	411	397	4856	1254	roadmap_epigenomics H2AK5ac	NA	NA	H2AK5ac	NA	NA	E006-H2AK5ac.narrowPeak	5.57983203992616e-182	168829
2	905	roadmap_epigenomics	182.295504685156	4.74289881963576	9576	198	307	524	524	343	672	2941	979	roadmap_epigenomics H3K9ac	NA	NA	H3K9ac	NA	NA	E111-H3K9ac.narrowPeak	5.74433655029127e-182	73574
2	1083	roadmap_epigenomics	182.211513949609	5.17279200752299	10647	199	195	227	227	207	865	1870	786	roadmap_epigenomics H3K4me3	NA	NA	H3K4me3	NA	NA	E127-H3K4me3.narrowPeak	6.93494028628839e-182	83151
2	1082	roadmap_epigenomics	182.188741632609	5.46431071242746	10962	200	149	135	200	161	930	1555	721	roadmap_epigenomics H3K4me2	NA	NA	H3K4me2	NA	NA	E127-H3K4me2.narrowPeak	7.27173633807223e-182	129570
2	219	roadmap_epigenomics	182.155157548789	5.07946387337735	10514	201	221	277	277	233	839	2003	812	roadmap_epigenomics	NA	NA	NA	NA	NA	E017-DNase.hotspot.fdr0.01.peaks.bed	7.81728860188234e-182	185164
2	214	roadmap_epigenomics	181.718165367376	4.91062371662643	10212	202	265	368	368	278	783	2305	868	roadmap_epigenomics H3K4me1	NA	NA	H3K4me1	NA	NA	E016-H3K4me1.narrowPeak	2.12761486088358e-181	292493
2	222	roadmap_epigenomics	181.661411065649	4.69254278180622	9043	203	325	634	634	387	589	3474	1062	roadmap_epigenomics H2AK5ac	NA	NA	H2AK5ac	NA	NA	E017-H2AK5ac.narrowPeak	2.41269624536775e-181	296165
2	618	roadmap_epigenomics	181.600337311332	4.95549965242704	10314	204	255	342	342	267	802	2203	849	roadmap_epigenomics H3K27ac	NA	NA	H3K27ac	NA	NA	E074-H3K27ac.narrowPeak	2.7633905822747e-181	158702
2	878	roadmap_epigenomics	181.466794851738	4.77847028784643	9836	205	296	472	472	324	717	2681	934	roadmap_epigenomics H3K27ac	NA	NA	H3K27ac	NA	NA	E108-H3K27ac.narrowPeak	3.73990903545968e-181	109113
2	750	roadmap_epigenomics	180.889400742943	4.84831218698499	10099	206	280	401	401	296	764	2418	887	roadmap_epigenomics H3K4me3	NA	NA	H3K4me3	NA	NA	E090-H3K4me3.narrowPeak	1.40650664595611e-180	35057
2	623	roadmap_epigenomics	180.836956920706	4.90590159803701	10242	207	267	362	362	279	790	2275	861	roadmap_epigenomics H3K9ac	NA	NA	H3K9ac	NA	NA	E074-H3K9ac.narrowPeak	1.5793649137904e-180	124462
2	94	roadmap_epigenomics	180.777891802265	4.7255789410509	9657	208	315	509	509	344	688	2860	963	roadmap_epigenomics H2BK120ac	NA	NA	H2BK120ac	NA	NA	E006-H2BK120ac.narrowPeak	1.80075493937877e-180	168326
2	725	roadmap_epigenomics	180.747217051358	4.80431054316655	9979	209	286	422	422	306	743	2538	908	roadmap_epigenomics	NA	NA	NA	NA	NA	E088-DNase.hotspot.all.peaks.bed	1.92329726692889e-180	112194
2	238	roadmap_epigenomics	180.320079823438	4.84737313373842	10127	210	281	391	391	294	770	2390	881	roadmap_epigenomics H3K4me3	NA	NA	H3K4me3	NA	NA	E017-H3K4me3.narrowPeak	5.11812199833301e-180	42408
2	973	roadmap_epigenomics	180.253577411069	4.9244932991812	10307	211	262	345	345	273	803	2210	848	roadmap_epigenomics H3K4me3	NA	NA	H3K4me3	NA	NA	E118-H3K4me3.narrowPeak	5.93676537372294e-180	58435
2	276	roadmap_epigenomics	180.187880313853	4.81164362210872	10036	212	285	412	412	303	754	2481	897	roadmap_epigenomics H3K4me3	NA	NA	H3K4me3	NA	NA	E021-H3K4me3.narrowPeak	6.87374753810665e-180	38867
2	290	roadmap_epigenomics	180.181430620368	5.15134575089966	10675	213	202	221	221	212	874	1842	777	roadmap_epigenomics H3K4me3	NA	NA	H3K4me3	NA	NA	E023-H3K4me3.narrowPeak	6.94383716760474e-180	116720
2	202	roadmap_epigenomics	180.130347855845	4.72767623118688	9734	214	313	496	496	341	702	2783	949	roadmap_epigenomics H3K9ac	NA	NA	H3K9ac	NA	NA	E014-H3K9ac.narrowPeak	7.77406419852934e-180	74747
2	965	roadmap_epigenomics	179.958182412011	4.67265817189097	8720	215	331	676	676	407	544	3797	1107	roadmap_epigenomics H4K20me1	NA	NA	H4K20me1	NA	NA	E117-H4K20me1.narrowPeak	1.15024109577728e-179	124987
2	383	roadmap_epigenomics	179.89005279835	5.03623857073759	10520	216	232	274	274	241	844	1997	807	roadmap_epigenomics H3K4me1	NA	NA	H3K4me1	NA	NA	E037-H3K4me1.narrowPeak	1.33937812732476e-179	143294
2	675	roadmap_epigenomics	179.774865809043	4.96505590417216	10404	217	250	320	320	262	822	2113	829	roadmap_epigenomics	NA	NA	NA	NA	NA	E082-DNase.hotspot.fdr0.01.peaks.bed	1.73813781833246e-179	195020
2	921	roadmap_epigenomics	179.762601017142	4.66374978592351	9338	218	335	582	582	378	638	3179	1013	roadmap_epigenomics H3K27ac	NA	NA	H3K27ac	NA	NA	E114-H3K27ac.narrowPeak	1.77972229579608e-179	69512
2	698	roadmap_epigenomics	178.613003301061	4.89149572731234	10308	219	271	344	344	278	806	2209	845	roadmap_epigenomics H3K4me3	NA	NA	H3K4me3	NA	NA	E084-H3K4me3.narrowPeak	2.50012852987626e-178	40136
2	58	roadmap_epigenomics	178.512319489235	4.65972175881253	9536	220	337	528	528	362	672	2981	979	roadmap_epigenomics H3K4me3	NA	NA	H3K4me3	NA	NA	E004-H3K4me3.narrowPeak	3.13810580218804e-178	41020
2	948	roadmap_epigenomics	178.090630440592	4.95764519330315	10452	221	254	302	302	259	834	2065	817	roadmap_epigenomics H3K4me2	NA	NA	H3K4me2	NA	NA	E116-H3K4me2.narrowPeak	8.24872903654557e-178	124500
2	189	roadmap_epigenomics	178.075722964284	4.90775148542328	10362	222	266	330	330	273	817	2155	834	roadmap_epigenomics H3K4me3	NA	NA	H3K4me3	NA	NA	E012-H3K4me3.narrowPeak	8.49833434317621e-178	42211
2	1054	roadmap_epigenomics	177.952285128929	4.63785144805474	9456	223	344	553	553	373	660	3061	991	roadmap_epigenomics H3K27ac	NA	NA	H3K27ac	NA	NA	E125-H3K27ac.narrowPeak	1.12413833943352e-177	117634
2	1011	roadmap_epigenomics	177.860813941551	4.70080752411314	9817	224	323	476	476	341	720	2700	931	roadmap_epigenomics H3K9ac	NA	NA	H3K9ac	NA	NA	E121-H3K9ac.narrowPeak	1.38149014773597e-177	104079
2	726	roadmap_epigenomics	177.695591790078	5.39457156996269	10988	225	160	120	225	168	943	1529	708	roadmap_epigenomics	NA	NA	NA	NA	NA	E088-DNase.hotspot.fdr0.01.peaks.bed	2.01203459505781e-177	243016
2	971	roadmap_epigenomics	177.62690886569	4.73878895415958	9971	226	310	427	427	321	747	2546	904	roadmap_epigenomics H3K4me1	NA	NA	H3K4me1	NA	NA	E118-H3K4me1.narrowPeak	2.34634811824905e-177	142346
2	231	roadmap_epigenomics	177.376389711158	4.6022911277202	9014	227	350	640	640	406	592	3503	1059	roadmap_epigenomics H3K23ac	NA	NA	H3K23ac	NA	NA	E017-H3K23ac.narrowPeak	4.15905040317514e-177	154412
2	73	roadmap_epigenomics	177.265490978499	4.97066405948136	10502	228	249	284	284	254	845	2015	806	roadmap_epigenomics H3K18ac	NA	NA	H3K18ac	NA	NA	E005-H3K18ac.narrowPeak	5.34544575123288e-177	251380
2	1051	roadmap_epigenomics	177.182784627129	5.14763860422537	7030	229	204	835	835	423	329	5487	1322	roadmap_epigenomics H4K20me1	NA	NA	H4K20me1	NA	NA	E124-H4K20me1.narrowPeak	6.4385732728499e-177	157666
2	956	roadmap_epigenomics	177.126084593519	4.60878536194155	9328	230	348	583	583	387	641	3189	1010	roadmap_epigenomics H3K27ac	NA	NA	H3K27ac	NA	NA	E117-H3K27ac.narrowPeak	7.30461485898388e-177	68992
2	831	roadmap_epigenomics	176.756859903568	4.81330581310974	10220	231	283	365	365	293	793	2297	858	roadmap_epigenomics H3K4me3	NA	NA	H3K4me3	NA	NA	E100-H3K4me3.narrowPeak	1.70191500966153e-176	39238
2	1021	roadmap_epigenomics	176.524012744154	4.69964369167621	9914	232	324	444	444	333	739	2603	912	roadmap_epigenomics H3K4me3	NA	NA	H3K4me3	NA	NA	E122-H3K4me3.narrowPeak	2.89673670831666e-176	43730
2	1102	roadmap_epigenomics	176.481115980469	4.63258587708092	9624	233	345	514	514	364	690	2893	961	roadmap_epigenomics H3K27ac	NA	NA	H3K27ac	NA	NA	E129-H3K27ac.narrowPeak	3.18374188078783e-176	145020
2	851	roadmap_epigenomics	176.165667112843	5.15258665051028	10780	234	201	178	234	204	902	1737	749	roadmap_epigenomics H3K4me3	NA	NA	H3K4me3	NA	NA	E103-H3K4me3.narrowPeak	6.5543070308415e-176	93750
2	4	roadmap_epigenomics	175.929945257177	5.07660001397409	10694	235	222	209	235	222	885	1823	766	roadmap_epigenomics H3K4me3	NA	NA	H3K4me3	NA	NA	E001-H3K4me3.narrowPeak	1.12304363941716e-175	92429
2	615	roadmap_epigenomics	175.693848151365	5.06619700640987	10687	236	226	212	236	225	884	1830	767	roadmap_epigenomics H3K4me3	NA	NA	H3K4me3	NA	NA	E073-H3K4me3.narrowPeak	1.92597035285393e-175	75872
2	801	roadmap_epigenomics	175.63219539675	4.92188028322784	10477	237	264	292	292	264	843	2040	808	roadmap_epigenomics	NA	NA	NA	NA	NA	E097-DNase.hotspot.fdr0.01.peaks.bed	2.21037525055586e-175	154095
2	87	roadmap_epigenomics	175.577749889339	5.07076141652194	10696	238	225	208	238	224	886	1821	765	roadmap_epigenomics H4K8ac	NA	NA	H4K8ac	NA	NA	E005-H4K8ac.narrowPeak	2.49507098314283e-175	197762
2	746	roadmap_epigenomics	175.478595564415	4.67895187443232	9915	239	328	443	443	337	741	2602	910	roadmap_epigenomics H3K27ac	NA	NA	H3K27ac	NA	NA	E090-H3K27ac.narrowPeak	3.12188058290567e-175	148419
2	503	roadmap_epigenomics	175.405285546793	4.64261047312874	9780	240	342	482	482	355	718	2737	933	roadmap_epigenomics H3K36me3	NA	NA	H3K36me3	NA	NA	E055-H3K36me3.narrowPeak	3.68055204627409e-175	289239
2	807	roadmap_epigenomics	175.175913079627	4.71508187838179	10049	241	318	409	409	323	765	2468	886	roadmap_epigenomics H3K4me3	NA	NA	H3K4me3	NA	NA	E097-H3K4me3.narrowPeak	6.21555093464857e-175	41526
2	223	roadmap_epigenomics	174.822367442461	4.59111667729579	9576	242	354	524	524	373	685	2941	966	roadmap_epigenomics H2AK9ac	NA	NA	H2AK9ac	NA	NA	E017-H2AK9ac.narrowPeak	1.39709823335711e-174	85385
2	1064	roadmap_epigenomics	174.60687175488	5.79581931677635	11313	243	110	50	243	134	1021	1204	630	roadmap_epigenomics	NA	NA	NA	NA	NA	E126-DNase.macs2.narrowPeak	2.28523950675045e-174	406203
2	900	roadmap_epigenomics	174.580843708872	4.57098392720488	9469	244	361	546	546	384	668	3048	983	roadmap_epigenomics H3K27ac	NA	NA	H3K27ac	NA	NA	E111-H3K27ac.narrowPeak	2.41644111615505e-174	102045
2	838	roadmap_epigenomics	174.257199496363	4.77159215754668	10240	245	299	363	363	302	801	2277	850	roadmap_epigenomics H3K9ac	NA	NA	H3K9ac	NA	NA	E101-H3K9ac.narrowPeak	5.07042275879005e-174	104171
2	396	roadmap_epigenomics	174.052662346722	5.0287109266126	10683	246	235	215	246	232	886	1834	765	roadmap_epigenomics H3K4me1	NA	NA	H3K4me1	NA	NA	E039-H3K4me1.narrowPeak	8.0874628381357e-174	159065
2	112	roadmap_epigenomics	173.869512367622	4.70636030815212	10098	247	321	402	402	323	776	2419	875	roadmap_epigenomics	NA	NA	NA	NA	NA	E007-DNase.hotspot.all.peaks.bed	1.22800583680335e-173	89801
2	608	roadmap_epigenomics	173.584531491799	5.02737895725868	10694	248	236	209	248	231	889	1823	762	roadmap_epigenomics H3K4me3	NA	NA	H3K4me3	NA	NA	E072-H3K4me3.narrowPeak	2.35736363248324e-173	82143
2	259	roadmap_epigenomics	173.523469475021	4.97345347663427	10623	249	247	237	249	244	875	1894	776	roadmap_epigenomics H3K4me3	NA	NA	H3K4me3	NA	NA	E019-H3K4me3.narrowPeak	2.70234584969075e-173	61693
2	723	roadmap_epigenomics	173.228749896942	4.54497843819372	9479	250	372	544	544	389	672	3038	979	roadmap_epigenomics H3K9ac	NA	NA	H3K9ac	NA	NA	E087-H3K9ac.narrowPeak	5.30542092944111e-173	62354
2	86	roadmap_epigenomics	173.205424925927	5.31958014237074	11009	251	173	109	251	178	955	1508	696	roadmap_epigenomics H4K12ac	NA	NA	H4K12ac	NA	NA	E005-H4K12ac.narrowPeak	5.57585028942047e-173	157052
2	1001	roadmap_epigenomics	173.145008595114	6.6181249732039	5484	252	49	898	898	400	174	7033	1477	roadmap_epigenomics H4K20me1	NA	NA	H4K20me1	NA	NA	E120-H4K20me1.narrowPeak	6.3826439154266e-173	47891
2	498	roadmap_epigenomics	173.091178248017	4.66822261042745	10034	253	332	413	413	333	766	2483	885	roadmap_epigenomics	NA	NA	NA	NA	NA	E055-DNase.hotspot.all.peaks.bed	7.19632854658309e-173	120443
2	745	roadmap_epigenomics	172.938593651086	6.08701577928218	11472	254	84	24	254	121	1062	1045	589	roadmap_epigenomics	NA	NA	NA	NA	NA	E090-DNase.macs2.narrowPeak	1.01855007295785e-172	506090
2	630	roadmap_epigenomics	172.89220747754	5.03171178125666	10718	255	233	202	255	230	895	1799	756	roadmap_epigenomics H3K9ac	NA	NA	H3K9ac	NA	NA	E075-H3K9ac.narrowPeak	1.12891721045305e-172	109949
2	103	roadmap_epigenomics	172.783357406062	4.57750792114916	9723	256	360	499	499	372	713	2794	938	roadmap_epigenomics H3K4ac	NA	NA	H3K4ac	NA	NA	E006-H3K4ac.narrowPeak	1.44481546154341e-172	187901
2	761	roadmap_epigenomics	172.692273530635	4.69099541630233	10120	257	326	395	395	326	782	2397	869	roadmap_epigenomics	NA	NA	NA	NA	NA	E092-DNase.hotspot.all.peaks.bed	1.77501937522791e-172	92888
2	763	roadmap_epigenomics	172.336068200595	5.94322139343055	11415	258	94	32	258	128	1049	1102	602	roadmap_epigenomics	NA	NA	NA	NA	NA	E092-DNase.macs2.narrowPeak	4.01533556386591e-172	354211
2	414	roadmap_epigenomics	172.315671161092	4.97365926085967	10658	259	246	225	259	243	884	1859	767	roadmap_epigenomics H3K4me1	NA	NA	H3K4me1	NA	NA	E042-H3K4me1.narrowPeak	4.19216943048937e-172	160756
2	768	roadmap_epigenomics	172.289280236745	4.75567243310876	10292	260	304	351	351	305	814	2225	837	roadmap_epigenomics H3K4me3	NA	NA	H3K4me3	NA	NA	E092-H3K4me3.narrowPeak	4.43768189088444e-172	39260
2	827	roadmap_epigenomics	172.187719532652	4.59013758354161	9829	261	356	473	473	363	732	2688	919	roadmap_epigenomics H3K27ac	NA	NA	H3K27ac	NA	NA	E100-H3K27ac.narrowPeak	5.58534124222922e-172	163031
2	1014	roadmap_epigenomics	171.486326383453	4.97735675863252	10686	262	245	214	262	240	891	1831	760	roadmap_epigenomics	NA	NA	NA	NA	NA	E122-DNase.macs2.narrowPeak	2.79757718259416e-171	241268
2	674	roadmap_epigenomics	171.482977655292	4.52930919170835	9607	263	377	518	518	386	696	2910	955	roadmap_epigenomics	NA	NA	NA	NA	NA	E082-DNase.hotspot.all.peaks.bed	2.80851241586074e-171	115791
2	627	roadmap_epigenomics	171.330480294105	4.55960006820937	9773	264	369	483	483	372	724	2744	927	roadmap_epigenomics H3K36me3	NA	NA	H3K36me3	NA	NA	E075-H3K36me3.narrowPeak	3.97489381052754e-171	274849
2	507	roadmap_epigenomics	171.327307339205	4.58125436427359	9861	265	358	466	466	363	739	2656	912	roadmap_epigenomics	NA	NA	NA	NA	NA	E056-DNase.hotspot.all.peaks.bed	3.97541675197785e-171	117994
2	100	roadmap_epigenomics	171.327145451837	4.47643308492398	8957	266	402	646	646	438	594	3560	1057	roadmap_epigenomics H3K27ac	NA	NA	H3K27ac	NA	NA	E006-H3K27ac.narrowPeak	3.97541675197785e-171	144157
2	613	roadmap_epigenomics	171.121079860479	4.48164324416786	9280	267	399	592	592	419	644	3237	1007	roadmap_epigenomics H3K36me3	NA	NA	H3K36me3	NA	NA	E073-H3K36me3.narrowPeak	6.36529638095895e-171	202192
2	666	roadmap_epigenomics	171.106889405445	4.5050439837904	9499	268	386	538	538	397	679	3018	972	roadmap_epigenomics	NA	NA	NA	NA	NA	E081-DNase.hotspot.all.peaks.bed	6.55217596719681e-171	115426
2	590	roadmap_epigenomics	171.056374272471	4.93582970490262	10642	269	259	229	269	252	883	1875	768	roadmap_epigenomics H3K4me3	NA	NA	H3K4me3	NA	NA	E069-H3K4me3.narrowPeak	7.33302557143218e-171	79806
2	377	roadmap_epigenomics	171.03039421321	5.33994638611914	11066	270	171	98	270	180	971	1451	680	roadmap_epigenomics H3K4me1	NA	NA	H3K4me1	NA	NA	E036-H3K4me1.narrowPeak	7.7562495662532e-171	232778
2	803	roadmap_epigenomics	170.949218961901	4.55110067118584	9769	271	371	484	484	375	724	2748	927	roadmap_epigenomics H3K27ac	NA	NA	H3K27ac	NA	NA	E097-H3K27ac.narrowPeak	9.31582880823607e-171	194850
2	709	roadmap_epigenomics	170.747204333621	4.74091726950314	10326	272	309	340	340	307	823	2191	828	roadmap_epigenomics	NA	NA	NA	NA	NA	E086-DNase.hotspot.all.peaks.bed	1.47787095622158e-170	106536
2	743	roadmap_epigenomics	170.723498428117	4.51590179845069	9617	273	381	516	516	390	699	2900	952	roadmap_epigenomics	NA	NA	NA	NA	NA	E090-DNase.hotspot.all.peaks.bed	1.5550654654698e-170	99312
2	583	roadmap_epigenomics	170.610375561591	5.02042604847784	10763	274	237	187	274	233	908	1754	743	roadmap_epigenomics H3K4me3	NA	NA	H3K4me3	NA	NA	E068-H3K4me3.narrowPeak	2.01040533242574e-170	89967
2	643	roadmap_epigenomics	170.477633953456	4.70138751663792	10253	275	322	357	357	318	810	2264	841	roadmap_epigenomics H3K9ac	NA	NA	H3K9ac	NA	NA	E077-H3K9ac.narrowPeak	2.71921222853094e-170	96957
2	632	roadmap_epigenomics	170.410396309612	4.56516388282035	9869	276	362	457	457	365	742	2648	909	roadmap_epigenomics H3K27ac	NA	NA	H3K27ac	NA	NA	E076-H3K27ac.narrowPeak	3.16303764158661e-170	142168
2	155	roadmap_epigenomics	170.054395342028	4.78778843121034	10442	277	289	307	307	291	846	2075	805	roadmap_epigenomics H3K4me3	NA	NA	H3K4me3	NA	NA	E008-H3K4me3.narrowPeak	7.15376452705645e-170	59360
2	888	roadmap_epigenomics	170.027370979295	4.71535907935606	10303	278	317	346	346	314	820	2214	831	roadmap_epigenomics H3K27ac	NA	NA	H3K27ac	NA	NA	E109-H3K27ac.narrowPeak	7.58567054289107e-170	194782
2	714	roadmap_epigenomics	169.885265378161	4.54357136427311	8094	279	373	747	747	466	474	4423	1177	roadmap_epigenomics H3K4me1	NA	NA	H3K4me1	NA	NA	E086-H3K4me1.narrowPeak	1.04843176481222e-169	91722
2	858	roadmap_epigenomics	169.712055077119	4.70760662194598	10300	280	320	349	349	316	820	2217	831	roadmap_epigenomics H3K4me3	NA	NA	H3K4me3	NA	NA	E104-H3K4me3.narrowPeak	1.55667031417834e-169	42254
2	218	roadmap_epigenomics	169.670002187444	4.50398735637377	9666	281	388	504	504	391	709	2851	942	roadmap_epigenomics	NA	NA	NA	NA	NA	E017-DNase.hotspot.all.peaks.bed	1.70883938333661e-169	116011
2	32	roadmap_epigenomics	169.654757768018	5.46564573687049	11182	282	148	70	282	167	999	1335	652	roadmap_epigenomics H3K4me2	NA	NA	H3K4me2	NA	NA	E003-H3K4me2.narrowPeak	1.76361131123534e-169	217090
2	710	roadmap_epigenomics	169.59048435076	5.10490934524212	10881	283	213	149	283	215	934	1636	717	roadmap_epigenomics	NA	NA	NA	NA	NA	E086-DNase.hotspot.fdr0.01.peaks.bed	2.03769399516036e-169	178680
2	314	roadmap_epigenomics	169.488711398094	4.88294932280623	10613	284	273	240	284	266	880	1904	771	roadmap_epigenomics H3K4me3	NA	NA	H3K4me3	NA	NA	E027-H3K4me3.narrowPeak	2.56672897817985e-169	61082
2	548	roadmap_epigenomics	169.378629256623	4.66756059474663	10226	285	333	364	364	327	807	2291	844	roadmap_epigenomics H3K4me1	NA	NA	H3K4me1	NA	NA	E062-H3K4me1.narrowPeak	3.29560865919319e-169	122182
2	701	roadmap_epigenomics	169.170049006171	4.92532444267499	10681	286	261	216	286	254	894	1836	757	roadmap_epigenomics	NA	NA	NA	NA	NA	E085-DNase.hotspot.fdr0.01.peaks.bed	5.30877980948304e-169	161983
2	309	roadmap_epigenomics	169.164698181074	4.47989514490749	9588	287	400	523	523	403	697	2929	954	roadmap_epigenomics H3K9ac	NA	NA	H3K9ac	NA	NA	E026-H3K9ac.narrowPeak	5.35586564709537e-169	80106
2	762	roadmap_epigenomics	169.087669858473	5.23448954852365	11014	288	185	107	288	193	963	1503	688	roadmap_epigenomics	NA	NA	NA	NA	NA	E092-DNase.hotspot.fdr0.01.peaks.bed	6.37305117288823e-169	194389
2	822	roadmap_epigenomics	168.804704977697	4.53201904450319	9864	289	376	463	463	376	744	2653	907	roadmap_epigenomics H3K4me3	NA	NA	H3K4me3	NA	NA	E099-H3K4me3.narrowPeak	1.21844780934988e-168	38242
2	1071	roadmap_epigenomics	168.788051022295	4.4577541517327	9492	290	406	540	540	412	682	3025	969	roadmap_epigenomics H3K4me3	NA	NA	H3K4me3	NA	NA	E126-H3K4me3.narrowPeak	1.26171344715739e-168	53066
2	824	roadmap_epigenomics	168.737676120959	4.48471985003663	9662	291	396	508	508	398	710	2855	941	roadmap_epigenomics	NA	NA	NA	NA	NA	E100-DNase.hotspot.all.peaks.bed	1.41201932967465e-168	100209
2	82	roadmap_epigenomics	168.562818110585	4.55971102040257	9977	292	368	424	424	361	764	2540	887	roadmap_epigenomics H3K79me1	NA	NA	H3K79me1	NA	NA	E005-H3K79me1.narrowPeak	2.10479008807157e-168	225880
2	207	roadmap_epigenomics	168.366405734142	4.90340837754109	10674	293	269	222	293	261	894	1843	757	roadmap_epigenomics H3K4me1	NA	NA	H3K4me1	NA	NA	E015-H3K4me1.narrowPeak	3.29713247865974e-168	327376
2	204	roadmap_epigenomics	168.324324440246	4.41419664008559	8988	294	420	644	644	453	604	3529	1047	roadmap_epigenomics H3K27ac	NA	NA	H3K27ac	NA	NA	E015-H3K27ac.narrowPeak	3.62024515730173e-168	106159
2	5	roadmap_epigenomics	168.248515043423	4.90393504909934	10678	295	268	217	295	260	895	1839	756	roadmap_epigenomics H3K9ac	NA	NA	H3K9ac	NA	NA	E001-H3K9ac.narrowPeak	4.29608328900042e-168	67397
2	602	roadmap_epigenomics	168.075848810413	4.97794419708988	10776	296	244	182	296	241	915	1741	736	roadmap_epigenomics H3K4me3	NA	NA	H3K4me3	NA	NA	E071-H3K4me3.narrowPeak	6.37190409414662e-168	77102
2	89	roadmap_epigenomics	168.007177574739	4.43945424613485	9471	297	411	545	545	418	680	3046	971	roadmap_epigenomics	NA	NA	NA	NA	NA	E006-DNase.hotspot.all.peaks.bed	7.43833489899367e-168	102198
2	83	roadmap_epigenomics	167.948521285347	4.52211155423262	9890	298	379	452	452	376	750	2627	901	roadmap_epigenomics H3K79me2	NA	NA	H3K79me2	NA	NA	E005-H3K79me2.narrowPeak	8.48539771038552e-168	154809
2	1096	roadmap_epigenomics	167.899518002556	4.46869991197348	9665	299	403	506	506	403	712	2852	939	roadmap_epigenomics H3K4me3	NA	NA	H3K4me3	NA	NA	E128-H3K4me3.narrowPeak	9.46717839963214e-168	38014
2	668	roadmap_epigenomics	167.850439722441	5.31316704843959	11101	300	174	89	300	188	984	1416	667	roadmap_epigenomics	NA	NA	NA	NA	NA	E081-DNase.macs2.narrowPeak	1.05644957993559e-167	402299
2	252	roadmap_epigenomics	167.784127908538	4.92950355193975	10724	301	260	200	301	254	905	1793	746	roadmap_epigenomics H3K4me3	NA	NA	H3K4me3	NA	NA	E018-H3K4me3.narrowPeak	1.22663498698215e-167	76986
2	958	roadmap_epigenomics	167.702399175083	4.45197425347613	8323	302	408	727	727	479	509	4194	1142	roadmap_epigenomics H3K36me3	NA	NA	H3K36me3	NA	NA	E117-H3K36me3.narrowPeak	1.47571888105051e-167	316270
2	735	roadmap_epigenomics	167.640591818816	5.07082617844634	10889	303	224	148	303	225	939	1628	712	roadmap_epigenomics	NA	NA	NA	NA	NA	E089-DNase.hotspot.fdr0.01.peaks.bed	1.69580263052835e-167	210689
2	992	roadmap_epigenomics	167.568643468953	4.40055695811989	8852	304	424	661	661	463	585	3665	1066	roadmap_epigenomics H3K27ac	NA	NA	H3K27ac	NA	NA	E120-H3K27ac.narrowPeak	1.994769408706e-167	89677
2	159	roadmap_epigenomics	167.472567853313	4.95277938495095	10761	305	256	189	305	250	913	1756	738	roadmap_epigenomics H3K9ac	NA	NA	H3K9ac	NA	NA	E008-H3K9ac.narrowPeak	2.48051615173964e-167	146401
2	266	roadmap_epigenomics	167.247521855956	4.99668372127024	10818	306	240	166	306	237	925	1699	726	roadmap_epigenomics H3K4me3	NA	NA	H3K4me3	NA	NA	E020-H3K4me3.narrowPeak	4.15113129222908e-167	88728
2	193	roadmap_epigenomics	167.237293873548	4.39220683737683	9028	307	426	636	636	456	612	3489	1039	roadmap_epigenomics H3K36me3	NA	NA	H3K36me3	NA	NA	E013-H3K36me3.narrowPeak	4.23621021282745e-167	304339
2	664	roadmap_epigenomics	167.189232341932	4.59914831512525	10166	308	352	381	381	347	800	2351	851	roadmap_epigenomics H3K4me3	NA	NA	H3K4me3	NA	NA	E080-H3K4me3.narrowPeak	4.71657444380336e-167	34321
2	748	roadmap_epigenomics	167.06784125365	4.388720927643	9026	309	427	637	637	458	612	3491	1039	roadmap_epigenomics H3K36me3	NA	NA	H3K36me3	NA	NA	E090-H3K36me3.narrowPeak	6.21741732247134e-167	278916
2	512	roadmap_epigenomics	166.953450678457	4.76627187876593	10513	310	301	279	310	297	865	2004	786	roadmap_epigenomics H3K36me3	NA	NA	H3K36me3	NA	NA	E056-H3K36me3.narrowPeak	8.06487015547255e-167	339193
2	576	roadmap_epigenomics	166.800715496269	4.76865179377473	10522	311	300	272	311	294	867	1995	784	roadmap_epigenomics H3K4me3	NA	NA	H3K4me3	NA	NA	E067-H3K4me3.narrowPeak	1.14270431314153e-166	70953
2	447	roadmap_epigenomics	166.701619811268	4.78218395003363	10547	312	294	262	312	289	872	1970	779	roadmap_epigenomics H3K4me1	NA	NA	H3K4me1	NA	NA	E047-H3K4me1.narrowPeak	1.43098587401108e-166	124596
2	323	roadmap_epigenomics	166.665731748374	4.49005513226935	9865	313	392	462	462	389	748	2652	903	roadmap_epigenomics H3K4me3	NA	NA	H3K4me3	NA	NA	E028-H3K4me3.narrowPeak	1.54929338295264e-166	54966
2	262	roadmap_epigenomics	166.654706139354	4.38076135248668	9054	314	431	630	630	458	617	3463	1034	roadmap_epigenomics H3K27ac	NA	NA	H3K27ac	NA	NA	E020-H3K27ac.narrowPeak	1.58406852410141e-166	100851
2	780	roadmap_epigenomics	166.539186580694	4.75243074131002	10504	315	305	283	315	301	864	2013	787	roadmap_epigenomics	NA	NA	NA	NA	NA	E094-DNase.hotspot.fdr0.01.peaks.bed	2.06021534433652e-166	165153
2	232	roadmap_epigenomics	166.246317613193	4.42927348549804	9629	316	416	512	512	415	709	2888	942	roadmap_epigenomics H3K27ac	NA	NA	H3K27ac	NA	NA	E017-H3K27ac.narrowPeak	4.03092814120266e-166	179168
2	315	roadmap_epigenomics	166.15213199309	5.50738683031089	11262	317	137	58	317	171	1023	1255	628	roadmap_epigenomics H3K9ac	NA	NA	H3K9ac	NA	NA	E027-H3K9ac.narrowPeak	4.99135542913544e-166	217726
2	581	roadmap_epigenomics	166.026372715001	4.37630263712721	9241	318	434	601	601	451	647	3276	1004	roadmap_epigenomics H3K36me3	NA	NA	H3K36me3	NA	NA	E068-H3K36me3.narrowPeak	6.64675876503896e-166	230963
2	606	roadmap_epigenomics	165.714282966598	4.36937847776819	9231	319	436	602	602	452	646	3286	1005	roadmap_epigenomics H3K36me3	NA	NA	H3K36me3	NA	NA	E072-H3K36me3.narrowPeak	1.35936505777102e-165	221904
2	715	roadmap_epigenomics	165.693904890344	4.43871318252012	9731	320	412	497	497	410	727	2786	924	roadmap_epigenomics H3K4me3	NA	NA	H3K4me3	NA	NA	E086-H3K4me3.narrowPeak	1.42021757689791e-165	45257
2	532	roadmap_epigenomics	165.50077274911	5.49860092082735	11266	321	141	56	321	173	1025	1251	626	roadmap_epigenomics	NA	NA	NA	NA	NA	E059-DNase.macs2.narrowPeak	2.20867578821293e-165	281326
2	1075	roadmap_epigenomics	165.417924273498	4.56168247787401	7621	322	366	796	796	495	420	4896	1231	roadmap_epigenomics H4K20me1	NA	NA	H4K20me1	NA	NA	E126-H4K20me1.narrowPeak	2.66458517168609e-165	91092
2	862	roadmap_epigenomics	165.352021142827	4.50581937322212	10007	323	385	417	417	375	775	2510	876	roadmap_epigenomics H3K36me3	NA	NA	H3K36me3	NA	NA	E105-H3K36me3.narrowPeak	3.09161984792887e-165	267060
2	588	roadmap_epigenomics	165.345574701989	4.35606377197465	9117	324	439	618	618	460	629	3400	1022	roadmap_epigenomics H3K36me3	NA	NA	H3K36me3	NA	NA	E069-H3K36me3.narrowPeak	3.12816778887622e-165	210227
2	999	roadmap_epigenomics	164.962932175647	4.34710348720297	8834	325	444	662	662	477	587	3683	1064	roadmap_epigenomics H3K9ac	NA	NA	H3K9ac	NA	NA	E120-H3K9ac.narrowPeak	7.52651991841419e-165	64681
2	734	roadmap_epigenomics	164.903721358929	4.455133009551	9864	326	407	463	463	399	751	2653	900	roadmap_epigenomics	NA	NA	NA	NA	NA	E089-DNase.hotspot.all.peaks.bed	8.5994523210718e-165	103433
2	927	roadmap_epigenomics	164.805124558745	4.49473796465831	7800	327	390	777	777	498	444	4717	1207	roadmap_epigenomics H3K79me2	NA	NA	H3K79me2	NA	NA	E114-H3K79me2.narrowPeak	1.07581461653609e-164	178908
2	845	roadmap_epigenomics	164.735382680939	4.58636582713289	10252	328	357	358	358	348	820	2265	831	roadmap_epigenomics H3K9ac	NA	NA	H3K9ac	NA	NA	E102-H3K9ac.narrowPeak	1.25936966276206e-164	85154
2	847	roadmap_epigenomics	164.714482625396	4.36592955654938	9403	329	437	568	568	445	675	3114	976	roadmap_epigenomics H3K27ac	NA	NA	H3K27ac	NA	NA	E103-H3K27ac.narrowPeak	1.3174411626326e-164	119896
2	102	roadmap_epigenomics	164.688711510326	4.87916266443901	10742	330	275	192	330	266	914	1775	737	roadmap_epigenomics H3K36me3	NA	NA	H3K36me3	NA	NA	E006-H3K36me3.narrowPeak	1.39374814291522e-164	368481
2	208	roadmap_epigenomics	164.455044428265	4.86875033149887	10735	331	277	195	331	268	913	1782	738	roadmap_epigenomics H3K4me3	NA	NA	H3K4me3	NA	NA	E015-H3K4me3.narrowPeak	2.37978284696287e-164	70722
2	852	roadmap_epigenomics	164.387824922216	4.65329053297683	10405	332	340	316	340	329	849	2112	802	roadmap_epigenomics H3K9ac	NA	NA	H3K9ac	NA	NA	E103-H3K9ac.narrowPeak	2.76978938162734e-164	111468
2	657	roadmap_epigenomics	164.174566699541	4.61016620112171	10328	333	346	339	346	339	835	2189	816	roadmap_epigenomics	NA	NA	NA	NA	NA	E080-DNase.hotspot.all.peaks.bed	4.51230886160036e-164	118437
2	77	roadmap_epigenomics	164.039281195747	4.40751958195226	9737	334	421	493	493	416	731	2780	920	roadmap_epigenomics H3K36me3	NA	NA	H3K36me3	NA	NA	E005-H3K36me3.narrowPeak	6.14302226459717e-164	277210
2	250	roadmap_epigenomics	163.840103460499	4.32498072365217	8800	335	449	664	664	483	584	3717	1067	roadmap_epigenomics H3K36me3	NA	NA	H3K36me3	NA	NA	E018-H3K36me3.narrowPeak	9.68861022272726e-164	167069
2	703	roadmap_epigenomics	163.633935916057	4.51302384281263	10125	336	382	393	393	370	799	2392	852	roadmap_epigenomics H3K27ac	NA	NA	H3K27ac	NA	NA	E085-H3K27ac.narrowPeak	1.55286806418892e-163	130166
2	524	roadmap_epigenomics	163.32719423581	4.48956825964349	10077	337	393	404	404	378	791	2440	860	roadmap_epigenomics H3K27ac	NA	NA	H3K27ac	NA	NA	E058-H3K27ac.narrowPeak	3.13751358728328e-163	155109
2	739	roadmap_epigenomics	163.250779218609	4.31703141839267	8704	338	452	681	681	490	571	3813	1080	roadmap_epigenomics H3K36me3	NA	NA	H3K36me3	NA	NA	E089-H3K36me3.narrowPeak	3.73004295402222e-163	233424
2	660	roadmap_epigenomics	163.217559269911	4.49707521577281	10104	339	389	399	399	376	796	2413	855	roadmap_epigenomics H3K27ac	NA	NA	H3K27ac	NA	NA	E080-H3K27ac.narrowPeak	4.01467860720986e-163	158539
2	104	roadmap_epigenomics	162.692568124148	5.68190994819356	11404	340	120	33	340	164	1062	1113	589	roadmap_epigenomics H3K4me1	NA	NA	H3K4me1	NA	NA	E006-H3K4me1.narrowPeak	1.34079601568047e-162	392101
2	367	roadmap_epigenomics	162.603426707448	5.19058839595605	11097	341	190	92	341	208	992	1420	659	roadmap_epigenomics H3K4me1	NA	NA	H3K4me1	NA	NA	E034-H3K4me1.narrowPeak	1.64145380682298e-162	198110
2	649	roadmap_epigenomics	162.259615814383	4.88022560094099	10805	342	274	171	342	262	931	1712	720	roadmap_epigenomics H3K4me3	NA	NA	H3K4me3	NA	NA	E078-H3K4me3.narrowPeak	3.61216708984868e-162	74526
2	947	roadmap_epigenomics	162.061240172716	4.29334655360021	9182	343	460	613	613	472	645	3335	1006	roadmap_epigenomics H3K4me1	NA	NA	H3K4me1	NA	NA	E116-H3K4me1.narrowPeak	5.68689826627858e-162	129094
2	43	roadmap_epigenomics	162.051927537617	4.44851479533031	10030	344	409	414	414	389	785	2487	866	roadmap_epigenomics	NA	NA	NA	NA	NA	E004-DNase.hotspot.all.peaks.bed	5.78522635016611e-162	114500
2	98	roadmap_epigenomics	162.051270301221	4.34078103669059	9595	345	446	522	522	438	711	2922	940	roadmap_epigenomics H3K18ac	NA	NA	H3K18ac	NA	NA	E006-H3K18ac.narrowPeak	5.78522635016611e-162	207264
2	78	roadmap_epigenomics	162.018041074665	4.34657701082337	9631	346	445	511	511	434	717	2886	934	roadmap_epigenomics H3K4ac	NA	NA	H3K4ac	NA	NA	E005-H3K4ac.narrowPeak	6.22719661917119e-162	228267
2	113	roadmap_epigenomics	161.737107379778	4.67879365067164	10543	347	329	264	347	313	880	1974	771	roadmap_epigenomics	NA	NA	NA	NA	NA	E007-DNase.hotspot.fdr0.01.peaks.bed	1.18569475122225e-161	135081
2	718	roadmap_epigenomics	161.635054435226	4.29202206936686	8573	348	461	699	699	503	555	3944	1096	roadmap_epigenomics H3K27ac	NA	NA	H3K27ac	NA	NA	E087-H3K27ac.narrowPeak	1.49546437857803e-161	71309
2	658	roadmap_epigenomics	161.632591452957	5.16518550142343	11094	349	200	93	349	214	993	1423	658	roadmap_epigenomics	NA	NA	NA	NA	NA	E080-DNase.hotspot.fdr0.01.peaks.bed	1.49966022166816e-161	215699
2	600	roadmap_epigenomics	161.043025017047	4.27238760631152	9170	350	467	614	614	477	645	3347	1006	roadmap_epigenomics H3K36me3	NA	NA	H3K36me3	NA	NA	E071-H3K36me3.narrowPeak	5.81188069381154e-161	193688
2	52	roadmap_epigenomics	160.961522881496	4.28170144267414	9316	351	463	587	587	467	668	3201	983	roadmap_epigenomics H3K27ac	NA	NA	H3K27ac	NA	NA	E004-H3K27ac.narrowPeak	6.99165119856818e-161	144857
2	65	roadmap_epigenomics	160.940119777351	4.48848306865895	10198	352	394	372	394	373	817	2319	834	roadmap_epigenomics	NA	NA	NA	NA	NA	E005-DNase.hotspot.fdr0.01.peaks.bed	7.32398272214498e-161	152235
2	802	roadmap_epigenomics	160.88534765679	5.92076581952329	11531	353	96	14	353	154	1096	986	555	roadmap_epigenomics	NA	NA	NA	NA	NA	E097-DNase.macs2.narrowPeak	8.28490226938447e-161	492363
2	31	roadmap_epigenomics	160.778262536494	4.46709720150301	10152	354	404	386	404	381	809	2365	842	roadmap_epigenomics H3K4me1	NA	NA	H3K4me1	NA	NA	E003-H3K4me1.narrowPeak	1.0571678652561e-160	223118
2	625	roadmap_epigenomics	160.697730066388	4.40482520830673	9976	355	422	425	425	401	778	2541	873	roadmap_epigenomics H3K27ac	NA	NA	H3K27ac	NA	NA	E075-H3K27ac.narrowPeak	1.26896993430973e-160	146119
2	550	roadmap_epigenomics	160.605534813389	4.74459622786643	10676	356	306	219	356	294	908	1841	743	roadmap_epigenomics H3K9ac	NA	NA	H3K9ac	NA	NA	E062-H3K9ac.narrowPeak	1.56467787142259e-160	142197
2	350	roadmap_epigenomics	160.535018177562	5.01320556981619	10983	357	239	122	357	239	971	1534	680	roadmap_epigenomics H3K4me1	NA	NA	H3K4me1	NA	NA	E032-H3K4me1.narrowPeak	1.83536885716036e-160	167617
2	574	roadmap_epigenomics	160.530549794586	4.25526501757425	8901	358	473	654	654	495	605	3616	1046	roadmap_epigenomics H3K36me3	NA	NA	H3K36me3	NA	NA	E067-H3K36me3.narrowPeak	1.8491703902189e-160	195810
2	533	roadmap_epigenomics	160.498135562422	4.42991478880772	10065	359	414	406	414	393	794	2452	857	roadmap_epigenomics H3K27ac	NA	NA	H3K27ac	NA	NA	E059-H3K27ac.narrowPeak	1.98691707014956e-160	103939
2	531	roadmap_epigenomics	160.466010361134	4.7820094556392	10730	360	295	197	360	284	919	1787	732	roadmap_epigenomics	NA	NA	NA	NA	NA	E059-DNase.hotspot.fdr0.01.peaks.bed	2.13352084327433e-160	188414
2	954	roadmap_epigenomics	160.28358222335	4.72867948281737	10663	361	311	224	361	299	906	1854	745	roadmap_epigenomics	NA	NA	NA	NA	NA	E117-DNase.macs2.narrowPeak	3.23832420992533e-160	206823
2	389	roadmap_epigenomics	160.281803063989	4.5201281704263	10301	362	380	348	380	363	837	2216	814	roadmap_epigenomics H3K4me1	NA	NA	H3K4me1	NA	NA	E038-H3K4me1.narrowPeak	3.24263538356504e-160	143594
2	1052	roadmap_epigenomics	160.214618987428	5.28238825678382	11205	363	179	67	363	203	1020	1312	631	roadmap_epigenomics	NA	NA	NA	NA	NA	E125-DNase.macs2.narrowPeak	3.77471476123045e-160	363159
2	570	roadmap_epigenomics	159.934477830143	4.38061491120163	9945	364	432	431	432	409	774	2572	877	roadmap_epigenomics H3K9ac	NA	NA	H3K9ac	NA	NA	E066-H3K9ac.narrowPeak	7.17514262311261e-160	109594
2	200	roadmap_epigenomics	159.745178977795	4.5651576027296	10414	365	363	314	365	347	859	2103	792	roadmap_epigenomics H3K4me1	NA	NA	H3K4me1	NA	NA	E014-H3K4me1.narrowPeak	1.10646558321127e-159	314776
2	1085	roadmap_epigenomics	159.703223799603	4.35589777489867	9873	366	440	456	456	421	762	2644	889	roadmap_epigenomics H3K9ac	NA	NA	H3K9ac	NA	NA	E127-H3K9ac.narrowPeak	1.21535979908888e-159	78312
2	740	roadmap_epigenomics	159.676086388083	5.0972891159667	11074	367	217	96	367	227	992	1443	659	roadmap_epigenomics H3K4me1	NA	NA	H3K4me1	NA	NA	E089-H3K4me1.narrowPeak	1.29020077844378e-159	234241
2	1002	roadmap_epigenomics	159.611096363282	6.06535441468862	11598	368	86	11	368	155	1115	919	536	roadmap_epigenomics	NA	NA	NA	NA	NA	E121-DNase.macs2.narrowPeak	1.49439556486884e-159	476154
2	678	roadmap_epigenomics	159.586524169157	4.24890764808237	8575	369	476	698	698	514	559	3942	1092	roadmap_epigenomics H3K36me3	NA	NA	H3K36me3	NA	NA	E082-H3K36me3.narrowPeak	1.57709994506232e-159	205425
2	647	roadmap_epigenomics	159.484001044543	4.23530196857557	9021	370	479	638	638	496	625	3496	1026	roadmap_epigenomics H3K36me3	NA	NA	H3K36me3	NA	NA	E078-H3K36me3.narrowPeak	1.99162231344559e-159	225957
2	27	roadmap_epigenomics	159.345451687658	4.3273001982679	9787	371	447	481	481	433	748	2730	903	roadmap_epigenomics H3K27ac	NA	NA	H3K27ac	NA	NA	E003-H3K27ac.narrowPeak	2.73265090722183e-159	166837
2	987	roadmap_epigenomics	159.265145422994	4.27434414471495	9521	372	466	532	532	457	704	2996	947	roadmap_epigenomics H3K9ac	NA	NA	H3K9ac	NA	NA	E119-H3K9ac.narrowPeak	3.27884879142007e-159	82070
2	833	roadmap_epigenomics	158.995776833328	4.44464390395851	10184	373	410	376	410	386	818	2333	833	roadmap_epigenomics H3K27ac	NA	NA	H3K27ac	NA	NA	E101-H3K27ac.narrowPeak	6.08028710620359e-159	137582
2	471	roadmap_epigenomics	158.823361659771	4.63856454229531	10573	374	343	254	374	324	891	1944	760	roadmap_epigenomics H3K4me3	NA	NA	H3K4me3	NA	NA	E050-H3K4me3.narrowPeak	9.01937595368754e-159	62120
2	696	roadmap_epigenomics	158.734342292438	4.22184392158727	9071	375	485	625	625	495	634	3446	1017	roadmap_epigenomics H3K36me3	NA	NA	H3K36me3	NA	NA	E084-H3K36me3.narrowPeak	1.10417063169196e-158	327499
2	105	roadmap_epigenomics	158.706126838782	4.95789383909454	10968	376	253	131	376	253	971	1549	680	roadmap_epigenomics H3K4me2	NA	NA	H3K4me2	NA	NA	E006-H3K4me2.narrowPeak	1.1751547712862e-158	170555
2	563	roadmap_epigenomics	158.69358588596	4.23095576416068	9245	377	481	600	600	486	661	3272	990	roadmap_epigenomics H3K4me3	NA	NA	H3K4me3	NA	NA	E065-H3K4me3.narrowPeak	1.20637551980661e-158	39916
2	702	roadmap_epigenomics	158.548981761144	4.75627387912082	10748	378	303	190	378	290	926	1769	725	roadmap_epigenomics	NA	NA	NA	NA	NA	E085-DNase.macs2.narrowPeak	1.67855737665168e-158	231841
2	304	roadmap_epigenomics	158.54005836212	4.2263481938197	9224	379	482	604	604	488	658	3293	993	roadmap_epigenomics H3K27ac	NA	NA	H3K27ac	NA	NA	E026-H3K27ac.narrowPeak	1.70888241137448e-158	107716
2	744	roadmap_epigenomics	158.250188703664	4.78375697048794	10790	380	293	176	380	283	935	1727	716	roadmap_epigenomics	NA	NA	NA	NA	NA	E090-DNase.hotspot.fdr0.01.peaks.bed	3.32228933187095e-158	219306
2	866	roadmap_epigenomics	158.215769914566	4.42189214996131	10165	381	419	382	419	394	816	2352	835	roadmap_epigenomics H3K27ac	NA	NA	H3K27ac	NA	NA	E106-H3K27ac.narrowPeak	3.58686359912092e-158	184602
2	251	roadmap_epigenomics	158.207964709191	4.72771344621965	10720	382	312	201	382	298	921	1797	730	roadmap_epigenomics H3K4me1	NA	NA	H3K4me1	NA	NA	E018-H3K4me1.narrowPeak	3.64235003535909e-158	334991
2	794	roadmap_epigenomics	158.115805329948	4.65679431718774	10623	383	338	237	383	319	902	1894	749	roadmap_epigenomics H3K27ac	NA	NA	H3K27ac	NA	NA	E096-H3K27ac.narrowPeak	4.49164731465153e-158	220045
2	897	roadmap_epigenomics	158.009207137745	4.32595723487838	9884	384	448	453	453	428	767	2633	884	roadmap_epigenomics H3K4me3	NA	NA	H3K4me3	NA	NA	E110-H3K4me3.narrowPeak	5.72626430631318e-158	51758
2	1053	roadmap_epigenomics	157.985027717328	4.37779524723427	10056	385	433	407	433	408	797	2461	854	roadmap_epigenomics H2A.Z	NA	NA	H2A.Z	NA	NA	E125-H2A.Z.narrowPeak	6.03839202754987e-158	96604
2	693	roadmap_epigenomics	157.948724748111	5.0161385502099	11037	386	238	102	386	242	987	1480	664	roadmap_epigenomics	NA	NA	NA	NA	NA	E084-DNase.macs2.narrowPeak	6.54783457972664e-158	291379
2	736	roadmap_epigenomics	157.721634698577	5.74149920867724	11490	387	117	22	387	175	1091	1027	560	roadmap_epigenomics	NA	NA	NA	NA	NA	E089-DNase.macs2.narrowPeak	1.10170187440515e-157	465721
2	886	roadmap_epigenomics	157.647356552099	4.7124016505538	10715	388	319	203	388	303	921	1802	730	roadmap_epigenomics	NA	NA	NA	NA	NA	E109-DNase.hotspot.fdr0.01.peaks.bed	1.30383151512077e-157	173129
2	721	roadmap_epigenomics	157.255049040589	4.26698977548924	8040	389	468	754	754	537	489	4477	1162	roadmap_epigenomics H3K4me1	NA	NA	H3K4me1	NA	NA	E087-H3K4me1.narrowPeak	3.20930586664073e-157	167584
2	864	roadmap_epigenomics	157.239474950193	4.55110597783627	10480	390	370	290	390	350	876	2037	775	roadmap_epigenomics H3K4me3	NA	NA	H3K4me3	NA	NA	E105-H3K4me3.narrowPeak	3.31795273192779e-157	41900
2	629	roadmap_epigenomics	157.173516333635	4.78635564394001	10820	391	291	164	391	282	943	1697	708	roadmap_epigenomics H3K4me3	NA	NA	H3K4me3	NA	NA	E075-H3K4me3.narrowPeak	3.85226948825344e-157	84678
2	873	roadmap_epigenomics	157.063428125929	4.18666702571861	8784	392	501	668	668	520	594	3733	1057	roadmap_epigenomics H3K36me3	NA	NA	H3K36me3	NA	NA	E107-H3K36me3.narrowPeak	4.95103001249425e-157	192945
2	97	roadmap_epigenomics	157.015853512935	4.26199850438548	9696	393	469	501	501	454	737	2821	914	roadmap_epigenomics H3K14ac	NA	NA	H3K14ac	NA	NA	E006-H3K14ac.narrowPeak	5.51015338790794e-157	124581
2	990	roadmap_epigenomics	156.933872817357	5.18462680413339	11189	394	191	69	394	218	1022	1328	629	roadmap_epigenomics	NA	NA	NA	NA	NA	E120-DNase.macs2.narrowPeak	6.63805295617811e-157	386665
2	731	roadmap_epigenomics	156.876400245521	4.38207965231924	10129	395	429	390	429	405	812	2388	839	roadmap_epigenomics H3K4me3	NA	NA	H3K4me3	NA	NA	E088-H3K4me3.narrowPeak	7.55809612046729e-157	96360
2	51	roadmap_epigenomics	156.869234502096	4.19009513938335	8610	396	499	694	694	530	569	3907	1082	roadmap_epigenomics H3K23ac	NA	NA	H3K23ac	NA	NA	E004-H3K23ac.narrowPeak	7.66443356111685e-157	111604
2	729	roadmap_epigenomics	156.829419331783	4.18071436446692	8929	397	503	649	649	516	616	3588	1035	roadmap_epigenomics H3K36me3	NA	NA	H3K36me3	NA	NA	E088-H3K36me3.narrowPeak	8.37914900315157e-157	301918
2	135	roadmap_epigenomics	156.773139962438	4.39446876068823	10167	398	425	380	425	401	819	2350	832	roadmap_epigenomics	NA	NA	NA	NA	NA	E008-DNase.hotspot.all.peaks.bed	9.51451636439209e-157	106443
2	99	roadmap_epigenomics	156.648363336846	4.95029326605691	11003	399	258	112	399	256	982	1514	669	roadmap_epigenomics H3K23ac	NA	NA	H3K23ac	NA	NA	E006-H3K23ac.narrowPeak	1.26495046605319e-156	220387
2	792	roadmap_epigenomics	156.365901308736	4.30869717619662	9936	400	456	435	456	430	779	2581	872	roadmap_epigenomics H3K4me3	NA	NA	H3K4me3	NA	NA	E095-H3K4me3.narrowPeak	2.41795632405003e-156	41750
2	737	roadmap_epigenomics	156.132703895992	4.19927865747599	9417	401	493	558	558	484	693	3100	958	roadmap_epigenomics H3K27ac	NA	NA	H3K27ac	NA	NA	E089-H3K27ac.narrowPeak	4.12630649334482e-156	114750
2	880	roadmap_epigenomics	155.878568247183	4.16160767501139	8857	402	508	660	660	523	607	3660	1044	roadmap_epigenomics H3K36me3	NA	NA	H3K36me3	NA	NA	E108-H3K36me3.narrowPeak	7.38950677513125e-156	243209
2	225	roadmap_epigenomics	155.674768659751	4.50644904237587	7079	403	384	834	834	540	370	5438	1281	roadmap_epigenomics H2BK12ac	NA	NA	H2BK12ac	NA	NA	E017-H2BK12ac.narrowPeak	1.17851752771939e-155	250249
2	470	roadmap_epigenomics	155.634817453485	5.46255594330315	11380	404	151	39	404	198	1068	1137	583	roadmap_epigenomics H3K4me1	NA	NA	H3K4me1	NA	NA	E050-H3K4me1.narrowPeak	1.28887539609075e-155	180375
2	206	roadmap_epigenomics	155.574045888954	4.15916089738776	8697	405	509	682	682	532	584	3820	1067	roadmap_epigenomics H3K36me3	NA	NA	H3K36me3	NA	NA	E015-H3K36me3.narrowPeak	1.47879794966112e-155	252828
2	151	roadmap_epigenomics	155.545012221414	4.29195366695188	9933	406	462	437	462	435	780	2584	871	roadmap_epigenomics H3K36me3	NA	NA	H3K36me3	NA	NA	E008-H3K36me3.narrowPeak	1.5771445405467e-155	287294
2	35	roadmap_epigenomics	155.449835680946	4.21838856985933	8090	407	488	749	749	548	499	4427	1152	roadmap_epigenomics H3K79me1	NA	NA	H3K79me1	NA	NA	E003-H3K79me1.narrowPeak	1.95875294189738e-155	133190
2	224	roadmap_epigenomics	155.087603206099	4.27730941244374	7753	408	464	786	786	553	455	4764	1196	roadmap_epigenomics H2BK120ac	NA	NA	H2BK120ac	NA	NA	E017-H2BK120ac.narrowPeak	4.49931482661734e-155	223563
2	637	roadmap_epigenomics	155.007208464065	4.15877822602524	9246	409	510	598	598	506	668	3271	983	roadmap_epigenomics H3K9ac	NA	NA	H3K9ac	NA	NA	E076-H3K9ac.narrowPeak	5.40104728998313e-155	60918
2	556	roadmap_epigenomics	154.963631097888	4.65425770050769	10711	410	339	204	410	318	925	1806	726	roadmap_epigenomics H3K4me3	NA	NA	H3K4me3	NA	NA	E063-H3K4me3.narrowPeak	5.95655007766945e-155	87655
2	215	roadmap_epigenomics	154.88487726111	4.59183937549478	10624	411	353	235	411	333	908	1893	743	roadmap_epigenomics H3K4me3	NA	NA	H3K4me3	NA	NA	E016-H3K4me3.narrowPeak	7.12345473429369e-155	59426
2	645	roadmap_epigenomics	154.823297303199	4.17277295079385	9408	412	505	564	564	494	694	3109	957	roadmap_epigenomics H3K27ac	NA	NA	H3K27ac	NA	NA	E078-H3K27ac.narrowPeak	8.18870512930504e-155	97341
2	264	roadmap_epigenomics	154.786099694094	4.1655658258139	8379	413	506	721	721	547	540	4138	1111	roadmap_epigenomics H3K36me3	NA	NA	H3K36me3	NA	NA	E020-H3K36me3.narrowPeak	8.89938522139208e-155	225893
2	966	roadmap_epigenomics	154.761118844979	5.40657924180952	11361	414	158	43	414	205	1065	1156	586	roadmap_epigenomics	NA	NA	NA	NA	NA	E118-DNase.macs2.narrowPeak	9.40352245202153e-155	277975
2	111	roadmap_epigenomics	154.619103008283	4.66737538105321	10738	415	334	194	415	314	931	1779	720	roadmap_epigenomics H4K91ac	NA	NA	H4K91ac	NA	NA	E006-H4K91ac.narrowPeak	1.30094413318567e-154	234539
2	676	roadmap_epigenomics	154.563222696293	5.17446399051504	11220	416	193	65	416	225	1033	1297	618	roadmap_epigenomics	NA	NA	NA	NA	NA	E082-DNase.macs2.narrowPeak	1.47602503957723e-154	496530
2	1006	roadmap_epigenomics	154.428772146173	4.16475850549305	8317	417	507	729	729	551	532	4200	1119	roadmap_epigenomics H3K36me3	NA	NA	H3K36me3	NA	NA	E121-H3K36me3.narrowPeak	2.00678825584468e-154	200978
2	962	roadmap_epigenomics	154.253781757136	4.2199850962582	7932	418	487	763	763	556	480	4585	1171	roadmap_epigenomics H3K79me2	NA	NA	H3K79me2	NA	NA	E117-H3K79me2.narrowPeak	2.99537853307328e-154	176874
2	788	roadmap_epigenomics	154.113682104601	4.18701090423704	9597	419	500	521	521	480	726	2920	925	roadmap_epigenomics H3K27ac	NA	NA	H3K27ac	NA	NA	E095-H3K27ac.narrowPeak	4.12585180224269e-154	153453
2	781	roadmap_epigenomics	154.062983275892	4.54062417737955	10570	420	374	256	420	350	899	1947	752	roadmap_epigenomics	NA	NA	NA	NA	NA	E094-DNase.macs2.narrowPeak	4.62569704409435e-154	205035
2	777	roadmap_epigenomics	153.993016853582	4.21441911925227	9746	421	490	487	490	466	751	2771	900	roadmap_epigenomics H3K4me3	NA	NA	H3K4me3	NA	NA	E093-H3K4me3.narrowPeak	5.42139189924393e-154	37401
2	779	roadmap_epigenomics	153.922872466344	4.23244469739676	9828	422	480	474	480	459	765	2689	886	roadmap_epigenomics	NA	NA	NA	NA	NA	E094-DNase.hotspot.all.peaks.bed	6.35659928364788e-154	111695
2	785	roadmap_epigenomics	153.865060267578	4.74284035319634	10850	423	308	155	423	295	955	1667	696	roadmap_epigenomics H3K4me1	NA	NA	H3K4me1	NA	NA	E094-H3K4me1.narrowPeak	7.24451168031676e-154	238260
2	148	roadmap_epigenomics	153.840233359242	4.64605886610753	10731	424	341	196	424	320	931	1786	720	roadmap_epigenomics H3K23me2	NA	NA	H3K23me2	NA	NA	E008-H3K23me2.narrowPeak	7.65262683049467e-154	123622
2	1098	roadmap_epigenomics	153.836892461336	4.13921178213141	9283	425	516	591	591	511	676	3234	975	roadmap_epigenomics H3K9ac	NA	NA	H3K9ac	NA	NA	E128-H3K9ac.narrowPeak	7.69357798896163e-154	50400
2	642	roadmap_epigenomics	153.808051641678	4.81203617104091	10927	426	284	141	426	284	971	1590	680	roadmap_epigenomics H3K4me3	NA	NA	H3K4me3	NA	NA	E077-H3K4me3.narrowPeak	8.20254291290245e-154	105842
2	373	roadmap_epigenomics	153.727481650523	4.31108384892997	10102	427	454	400	454	427	813	2415	838	roadmap_epigenomics H3K4me3	NA	NA	H3K4me3	NA	NA	E035-H3K4me3.narrowPeak	9.85145156313809e-154	47602
2	285	roadmap_epigenomics	153.431256321056	4.60552733938151	10687	428	349	212	428	330	923	1830	728	roadmap_epigenomics H3K4me3	NA	NA	H3K4me3	NA	NA	E022-H3K4me3.narrowPeak	1.94405998801127e-153	75387
2	800	roadmap_epigenomics	153.390909664908	4.17488577496729	9607	429	504	518	518	484	729	2910	922	roadmap_epigenomics	NA	NA	NA	NA	NA	E097-DNase.hotspot.all.peaks.bed	2.12834876046223e-153	99584
2	837	roadmap_epigenomics	153.287281654397	4.66149013333872	10766	430	336	185	430	317	939	1751	712	roadmap_epigenomics H3K4me3	NA	NA	H3K4me3	NA	NA	E101-H3K4me3.narrowPeak	2.69562603319501e-153	96726
2	782	roadmap_epigenomics	153.116581624806	4.15308343153269	9506	431	512	535	535	493	713	3011	938	roadmap_epigenomics H3K27ac	NA	NA	H3K27ac	NA	NA	E094-H3K27ac.narrowPeak	3.98428922530444e-153	98193
2	479	roadmap_epigenomics	153.074712641222	4.72453697890922	10848	432	316	156	432	301	956	1669	695	roadmap_epigenomics H3K4me3	NA	NA	H3K4me3	NA	NA	E051-H3K4me3.narrowPeak	4.37737107550665e-153	94048
2	246	roadmap_epigenomics	153.035368594536	4.14606209414561	9468	433	514	547	547	498	707	3049	944	roadmap_epigenomics H4K5ac	NA	NA	H4K5ac	NA	NA	E017-H4K5ac.narrowPeak	4.78138000473585e-153	228064
2	1023	roadmap_epigenomics	152.83991655917	4.13236098901783	9391	434	520	570	570	508	695	3126	956	roadmap_epigenomics H3K9ac	NA	NA	H3K9ac	NA	NA	E122-H3K9ac.narrowPeak	7.48175466746952e-153	64234
2	70	roadmap_epigenomics	152.828393102233	4.12406895002339	9328	435	521	583	583	513	685	3189	966	roadmap_epigenomics H2BK12ac	NA	NA	H2BK12ac	NA	NA	E005-H2BK12ac.narrowPeak	7.66526886638189e-153	257315
2	844	roadmap_epigenomics	152.732818362096	4.56224364607704	10645	436	365	228	436	343	916	1872	735	roadmap_epigenomics H3K4me3	NA	NA	H3K4me3	NA	NA	E102-H3K4me3.narrowPeak	9.53026332556709e-153	83775
2	296	roadmap_epigenomics	152.659824000343	4.52679104220146	10593	437	378	248	437	354	906	1924	745	roadmap_epigenomics H3K4me3	NA	NA	H3K4me3	NA	NA	E024-H3K4me3.narrowPeak	1.12487512895715e-152	73602
2	157	roadmap_epigenomics	152.648062416394	4.1448066151118	8170	438	515	744	744	566	515	4347	1136	roadmap_epigenomics H3K79me1	NA	NA	H3K79me1	NA	NA	E008-H3K79me1.narrowPeak	1.15311660223308e-152	120353
2	653	roadmap_epigenomics	152.577566152254	4.21633050539371	9866	439	489	461	489	463	774	2651	877	roadmap_epigenomics H3K36me3	NA	NA	H3K36me3	NA	NA	E079-H3K36me3.narrowPeak	1.35325325203862e-152	264229
2	1091	roadmap_epigenomics	152.575207538493	4.1041436397124	9146	440	531	615	615	529	657	3371	994	roadmap_epigenomics H3K27ac	NA	NA	H3K27ac	NA	NA	E128-H3K27ac.narrowPeak	1.35753031609428e-152	84016
2	1016	roadmap_epigenomics	152.538719902138	4.095328096936	8788	441	536	666	666	548	603	3729	1048	roadmap_epigenomics H3K27ac	NA	NA	H3K27ac	NA	NA	E122-H3K27ac.narrowPeak	1.47316455273183e-152	71491
2	71	roadmap_epigenomics	152.354954943566	4.2935148806776	10127	442	459	391	459	431	820	2390	831	roadmap_epigenomics H2BK5ac	NA	NA	H2BK5ac	NA	NA	E005-H2BK5ac.narrowPeak	2.24405005032949e-152	228979
2	694	roadmap_epigenomics	152.192234047071	4.22364152406406	9920	443	484	442	484	456	784	2597	867	roadmap_epigenomics H3K27ac	NA	NA	H3K27ac	NA	NA	E084-H3K27ac.narrowPeak	3.25665669058257e-152	121559
2	69	roadmap_epigenomics	152.164836987534	4.29947896942089	10153	444	457	385	457	429	825	2364	826	roadmap_epigenomics H2BK120ac	NA	NA	H2BK120ac	NA	NA	E005-H2BK120ac.narrowPeak	3.46090592418158e-152	261051
2	634	roadmap_epigenomics	152.100681897615	4.1046484240029	8429	445	530	715	715	563	552	4088	1099	roadmap_epigenomics H3K36me3	NA	NA	H3K36me3	NA	NA	E076-H3K36me3.narrowPeak	4.00283642690482e-152	180209
2	295	roadmap_epigenomics	152.037771988319	5.1663516395941	11254	446	197	60	446	234	1045	1263	606	roadmap_epigenomics H3K4me1	NA	NA	H3K4me1	NA	NA	E024-H3K4me1.narrowPeak	4.61639439328765e-152	357319
2	662	roadmap_epigenomics	151.859397089121	4.0955014555198	9221	447	535	606	606	529	670	3296	981	roadmap_epigenomics H3K36me3	NA	NA	H3K36me3	NA	NA	E080-H3K36me3.narrowPeak	6.94552597239819e-152	296790
2	716	roadmap_epigenomics	151.811551597454	4.09663312445624	9246	448	533	598	598	526	674	3271	977	roadmap_epigenomics H3K9ac	NA	NA	H3K9ac	NA	NA	E086-H3K9ac.narrowPeak	7.73713439144958e-152	45031
2	235	roadmap_epigenomics	151.716544681931	4.08715373796087	9142	449	538	617	617	535	658	3375	993	roadmap_epigenomics H3K4ac	NA	NA	H3K4ac	NA	NA	E017-H3K4ac.narrowPeak	9.60768440826544e-152	243193
2	559	roadmap_epigenomics	151.38549384588	4.07542394050389	8664	450	542	687	687	560	587	3853	1064	roadmap_epigenomics H3K27ac	NA	NA	H3K27ac	NA	NA	E065-H3K27ac.narrowPeak	2.05448697498178e-151	141729
2	887	roadmap_epigenomics	151.001974958878	5.25461365420463	11325	451	182	48	451	227	1063	1192	588	roadmap_epigenomics	NA	NA	NA	NA	NA	E109-DNase.macs2.narrowPeak	4.95744895542897e-151	334231
2	860	roadmap_epigenomics	150.912228628287	5.24403373150144	11320	452	183	49	452	228	1062	1197	589	roadmap_epigenomics H3K27ac	NA	NA	H3K27ac	NA	NA	E105-H3K27ac.narrowPeak	6.08194780637284e-151	294261
2	911	roadmap_epigenomics	150.620535404942	4.14930141496033	9744	453	513	489	513	485	757	2773	894	roadmap_epigenomics H3K4me3	NA	NA	H3K4me3	NA	NA	E112-H3K4me3.narrowPeak	1.18788977746041e-150	28758
2	651	roadmap_epigenomics	150.434612688666	4.20625445517179	9976	454	492	425	492	457	797	2541	854	roadmap_epigenomics H3K27ac	NA	NA	H3K27ac	NA	NA	E079-H3K27ac.narrowPeak	1.81861684903945e-150	156932
2	692	roadmap_epigenomics	150.280912245871	4.49421679606832	10617	455	391	239	455	362	915	1900	736	roadmap_epigenomics	NA	NA	NA	NA	NA	E084-DNase.hotspot.fdr0.01.peaks.bed	2.58515215397279e-150	168261
2	391	roadmap_epigenomics	150.238802036162	4.09564515807986	9491	456	534	541	541	510	716	3026	935	roadmap_epigenomics H3K9ac	NA	NA	H3K9ac	NA	NA	E038-H3K9ac.narrowPeak	2.8421230256381e-150	68708
2	659	roadmap_epigenomics	150.209764263943	5.63101194053838	11525	457	125	16	457	199	1112	992	539	roadmap_epigenomics	NA	NA	NA	NA	NA	E080-DNase.macs2.narrowPeak	3.03200063497817e-150	420510
2	228	roadmap_epigenomics	149.937528669954	4.04785674730618	9055	458	549	629	629	545	648	3462	1003	roadmap_epigenomics H2BK5ac	NA	NA	H2BK5ac	NA	NA	E017-H2BK5ac.narrowPeak	5.66259634077744e-150	166186
2	482	roadmap_epigenomics	149.935554295947	4.06409555348041	8379	459	548	721	721	576	549	4138	1102	roadmap_epigenomics H3K36me3	NA	NA	H3K36me3	NA	NA	E052-H3K36me3.narrowPeak	5.67600501417731e-150	253308
2	3	roadmap_epigenomics	149.814332364855	4.25739848640241	10162	460	471	383	471	438	831	2355	820	roadmap_epigenomics H3K4me1	NA	NA	H3K4me1	NA	NA	E001-H3K4me1.narrowPeak	7.48720208810606e-150	308728
2	454	roadmap_epigenomics	149.58354314792	4.24992992437795	10154	461	475	384	475	440	830	2363	821	roadmap_epigenomics H3K4me1	NA	NA	H3K4me1	NA	NA	E048-H3K4me1.narrowPeak	1.27105890786148e-149	144692
2	50	roadmap_epigenomics	149.56722161454	4.10699002997096	9636	462	528	510	528	500	741	2881	910	roadmap_epigenomics H3K18ac	NA	NA	H3K18ac	NA	NA	E004-H3K18ac.narrowPeak	1.31687987847392e-149	141200
2	854	roadmap_epigenomics	149.498548719563	4.08386558244108	9507	463	540	534	540	512	720	3010	931	roadmap_epigenomics H3K27ac	NA	NA	H3K27ac	NA	NA	E104-H3K27ac.narrowPeak	1.53914679152381e-149	154086
2	890	roadmap_epigenomics	149.474259712516	4.04135359969552	8563	464	551	702	702	572	576	3954	1075	roadmap_epigenomics H3K36me3	NA	NA	H3K36me3	NA	NA	E109-H3K36me3.narrowPeak	1.62417214839146e-149	171676
2	318	roadmap_epigenomics	149.039209562286	4.47828100764279	10631	465	401	232	465	366	920	1886	731	roadmap_epigenomics	NA	NA	NA	NA	NA	E028-DNase.hotspot.fdr0.01.peaks.bed	4.41313524199541e-149	186595
2	248	roadmap_epigenomics	148.830853295283	4.02859051573469	9100	466	555	621	621	547	657	3417	994	roadmap_epigenomics H4K91ac	NA	NA	H4K91ac	NA	NA	E017-H4K91ac.narrowPeak	7.11492849775288e-149	263787
2	107	roadmap_epigenomics	148.734912904206	4.02070266324117	8712	467	560	679	679	569	599	3805	1052	roadmap_epigenomics H3K79me1	NA	NA	H3K79me1	NA	NA	E006-H3K79me1.narrowPeak	8.85482468614909e-149	327815
2	72	roadmap_epigenomics	148.678972050114	4.24157245071299	10178	468	478	378	478	441	836	2339	815	roadmap_epigenomics H3K14ac	NA	NA	H3K14ac	NA	NA	E005-H3K14ac.narrowPeak	1.00505967537372e-148	204548
2	809	roadmap_epigenomics	148.385454039292	4.11861697003519	9796	469	523	479	523	490	770	2721	881	roadmap_epigenomics	NA	NA	NA	NA	NA	E098-DNase.hotspot.all.peaks.bed	1.9714368491515e-148	99617
2	849	roadmap_epigenomics	148.364646750615	4.01332607924689	8943	470	565	648	648	561	634	3574	1017	roadmap_epigenomics H3K36me3	NA	NA	H3K36me3	NA	NA	E103-H3K36me3.narrowPeak	2.06378828739209e-148	225315
2	980	roadmap_epigenomics	148.228000841528	4.01613506819697	9086	471	564	623	623	553	656	3431	995	roadmap_epigenomics H3K27ac	NA	NA	H3K27ac	NA	NA	E119-H3K27ac.narrowPeak	2.82090202941088e-148	94592
2	565	roadmap_epigenomics	148.157250168323	4.15699485367825	9957	472	511	429	511	471	798	2560	853	roadmap_epigenomics H3K27ac	NA	NA	H3K27ac	NA	NA	E066-H3K27ac.narrowPeak	3.31297062357196e-148	117377
2	67	roadmap_epigenomics	147.91037764298	4.75938427932793	11001	473	302	114	473	296	997	1516	654	roadmap_epigenomics H2A.Z	NA	NA	H2A.Z	NA	NA	E005-H2A.Z.narrowPeak	5.8367483365074e-148	202104
2	478	roadmap_epigenomics	147.842167914836	5.13473583411526	11297	474	208	52	474	245	1062	1220	589	roadmap_epigenomics H3K4me1	NA	NA	H3K4me1	NA	NA	E051-H3K4me1.narrowPeak	6.81496289207965e-148	222976
2	319	roadmap_epigenomics	147.648548431522	4.72748757112833	10975	475	314	125	475	305	992	1542	659	roadmap_epigenomics	NA	NA	NA	NA	NA	E028-DNase.macs2.narrowPeak	1.06210562958107e-147	247966
2	840	roadmap_epigenomics	147.37257594958	4.11706701114576	9867	476	525	459	525	487	784	2650	867	roadmap_epigenomics H3K27ac	NA	NA	H3K27ac	NA	NA	E102-H3K27ac.narrowPeak	2.00090675147933e-147	127503
2	294	roadmap_epigenomics	147.361129377332	4.02744411473197	9401	477	557	569	569	534	707	3116	944	roadmap_epigenomics H3K36me3	NA	NA	H3K36me3	NA	NA	E024-H3K36me3.narrowPeak	2.05003839762205e-147	291581
2	64	roadmap_epigenomics	147.342784598091	4.02475324045635	9382	478	559	574	574	537	704	3135	947	roadmap_epigenomics	NA	NA	NA	NA	NA	E005-DNase.hotspot.all.peaks.bed	2.13401396548414e-147	102999
2	810	roadmap_epigenomics	147.318509158563	4.35333010991863	10479	479	442	291	479	404	894	2038	757	roadmap_epigenomics	NA	NA	NA	NA	NA	E098-DNase.hotspot.fdr0.01.peaks.bed	2.25198285585902e-147	150516
2	234	roadmap_epigenomics	147.217398948729	3.9912103442034	8955	480	574	647	647	567	638	3562	1013	roadmap_epigenomics H3K36me3	NA	NA	H3K36me3	NA	NA	E017-H3K36me3.narrowPeak	2.83641364417433e-147	352022
2	123	roadmap_epigenomics	147.108935665833	3.98895297123209	8684	481	575	683	683	580	598	3833	1053	roadmap_epigenomics H3K27ac	NA	NA	H3K27ac	NA	NA	E007-H3K27ac.narrowPeak	3.63353217069735e-147	78132
2	229	roadmap_epigenomics	147.095697258346	3.98705129535739	8786	482	578	667	667	576	613	3731	1038	roadmap_epigenomics H3K14ac	NA	NA	H3K14ac	NA	NA	E017-H3K14ac.narrowPeak	3.73822515290287e-147	195264
2	22	roadmap_epigenomics	147.079551860794	4.01712429686221	9360	483	562	578	578	541	701	3157	950	roadmap_epigenomics H2BK5ac	NA	NA	H2BK5ac	NA	NA	E003-H2BK5ac.narrowPeak	3.87178078691645e-147	151346
2	815	roadmap_epigenomics	147.037686452573	5.05967211258258	11260	484	227	59	484	257	1055	1257	596	roadmap_epigenomics H3K4me1	NA	NA	H3K4me1	NA	NA	E098-H3K4me1.narrowPeak	4.25478811757261e-147	293089
2	910	roadmap_epigenomics	146.933214451509	4.07771019965076	9738	485	541	491	541	506	763	2779	888	roadmap_epigenomics H3K4me1	NA	NA	H3K4me1	NA	NA	E112-H3K4me1.narrowPeak	5.40074362673964e-147	124560
2	796	roadmap_epigenomics	146.735469195433	4.01615127534736	9406	486	563	566	566	538	709	3111	942	roadmap_epigenomics H3K36me3	NA	NA	H3K36me3	NA	NA	E096-H3K36me3.narrowPeak	8.4977565947458e-147	338349
2	421	roadmap_epigenomics	146.699230253051	4.1163576596257	9912	487	526	445	526	486	793	2605	858	roadmap_epigenomics H3K4me3	NA	NA	H3K4me3	NA	NA	E043-H3K4me3.narrowPeak	9.21829363177591e-147	41721
2	727	roadmap_epigenomics	146.501447512356	5.50515836867044	11512	488	139	19	488	215	1115	1005	536	roadmap_epigenomics	NA	NA	NA	NA	NA	E088-DNase.macs2.narrowPeak	1.4505824458562e-146	530673
2	530	roadmap_epigenomics	146.298319978737	4.00795680019958	9407	489	567	565	567	540	710	3110	941	roadmap_epigenomics	NA	NA	NA	NA	NA	E059-DNase.hotspot.all.peaks.bed	2.31089873084789e-146	97681
2	923	roadmap_epigenomics	146.289592059305	4.00686140334752	8193	490	568	741	741	600	530	4324	1121	roadmap_epigenomics H3K36me3	NA	NA	H3K36me3	NA	NA	E114-H3K36me3.narrowPeak	2.35299829559075e-146	218138
2	892	roadmap_epigenomics	146.234809957316	4.13478814063614	10005	491	519	418	519	476	810	2512	841	roadmap_epigenomics H3K4me3	NA	NA	H3K4me3	NA	NA	E109-H3K4me3.narrowPeak	2.66390235932312e-146	65084
2	427	roadmap_epigenomics	146.186800624441	4.12324054883024	9970	492	522	428	522	481	804	2547	847	roadmap_epigenomics H3K4me3	NA	NA	H3K4me3	NA	NA	E044-H3K4me3.narrowPeak	2.96923126389544e-146	48938
2	378	roadmap_epigenomics	146.177551986372	4.19184102071544	10174	493	497	379	497	456	840	2343	811	roadmap_epigenomics H3K4me3	NA	NA	H3K4me3	NA	NA	E036-H3K4me3.narrowPeak	3.02698902461258e-146	56252
2	489	roadmap_epigenomics	145.98180295551	4.02560055519203	8005	494	558	758	758	603	505	4512	1146	roadmap_epigenomics H3K36me3	NA	NA	H3K36me3	NA	NA	E053-H3K36me3.narrowPeak	4.74110798968626e-146	193840
2	771	roadmap_epigenomics	145.932025915674	4.31580441083754	10460	495	453	299	495	416	893	2057	758	roadmap_epigenomics	NA	NA	NA	NA	NA	E093-DNase.hotspot.fdr0.01.peaks.bed	5.30613917976321e-146	133624
2	13	roadmap_epigenomics	145.894806457526	4.30929562497449	10449	496	455	304	496	418	891	2068	760	roadmap_epigenomics	NA	NA	NA	NA	NA	E003-DNase.hotspot.all.peaks.bed	5.76928001142689e-146	111055
2	199	roadmap_epigenomics	145.878771089775	3.98280633090331	8353	497	580	725	725	601	553	4164	1098	roadmap_epigenomics H3K36me3	NA	NA	H3K36me3	NA	NA	E014-H3K36me3.narrowPeak	5.97423460915422e-146	224149
2	1066	roadmap_epigenomics	145.775101434273	3.97117574502128	8479	498	584	712	712	598	571	4038	1080	roadmap_epigenomics H3K27ac	NA	NA	H3K27ac	NA	NA	E126-H3K27ac.narrowPeak	7.56970534881187e-146	91265
2	433	roadmap_epigenomics	145.758774328614	4.06726751568152	9790	499	546	480	546	508	774	2727	877	roadmap_epigenomics H3K4me3	NA	NA	H3K4me3	NA	NA	E045-H3K4me3.narrowPeak	7.84395110217299e-146	50440
2	239	roadmap_epigenomics	145.721099972789	3.96031585178891	8741	500	589	673	673	587	609	3776	1042	roadmap_epigenomics H3K56ac	NA	NA	H3K56ac	NA	NA	E017-H3K56ac.narrowPeak	8.5376780691045e-146	109751
2	1003	roadmap_epigenomics	145.617530724586	4.351561758007	10536	501	443	266	501	403	908	1981	743	roadmap_epigenomics H2A.Z	NA	NA	H2A.Z	NA	NA	E121-H2A.Z.narrowPeak	1.08153680072496e-145	153394
2	75	roadmap_epigenomics	145.593260611634	3.96346087717839	9053	502	587	631	631	573	656	3464	995	roadmap_epigenomics H3K27ac	NA	NA	H3K27ac	NA	NA	E005-H3K27ac.narrowPeak	1.14141985582743e-145	123614
2	700	roadmap_epigenomics	145.509130921385	4.06466886302831	9799	503	547	478	547	509	776	2718	875	roadmap_epigenomics	NA	NA	NA	NA	NA	E085-DNase.hotspot.all.peaks.bed	1.38264550309043e-145	101917
2	868	roadmap_epigenomics	145.356631031619	3.95361890199779	8898	504	592	655	655	584	633	3619	1018	roadmap_epigenomics H3K36me3	NA	NA	H3K36me3	NA	NA	E106-H3K36me3.narrowPeak	1.96041575397133e-145	291154
2	185	roadmap_epigenomics	145.348861506951	3.97387589901946	9263	505	583	596	596	561	689	3254	962	roadmap_epigenomics H3K27ac	NA	NA	H3K27ac	NA	NA	E012-H3K27ac.narrowPeak	1.99185108650737e-145	157402
2	991	roadmap_epigenomics	145.210930004869	4.11713258811433	10011	506	524	416	524	482	813	2506	838	roadmap_epigenomics H2A.Z	NA	NA	H2A.Z	NA	NA	E120-H2A.Z.narrowPeak	2.73104735224438e-145	101641
2	975	roadmap_epigenomics	145.175976172521	3.97414279015433	9299	507	581	589	589	559	695	3218	956	roadmap_epigenomics H3K9ac	NA	NA	H3K9ac	NA	NA	E118-H3K9ac.narrowPeak	2.95410290742462e-145	55292
2	907	roadmap_epigenomics	145.067476441638	3.9991182649501	9504	508	571	536	571	538	728	3013	923	roadmap_epigenomics H3K27ac	NA	NA	H3K27ac	NA	NA	E112-H3K27ac.narrowPeak	3.78503237016711e-145	123630
2	278	roadmap_epigenomics	145.060388346696	4.31966830440613	10499	509	451	285	509	415	902	2018	749	roadmap_epigenomics	NA	NA	NA	NA	NA	E022-DNase.hotspot.all.peaks.bed	3.83975595753596e-145	119252
2	942	roadmap_epigenomics	144.805066316283	4.6756083460296	10984	510	330	121	510	320	999	1533	652	roadmap_epigenomics	NA	NA	NA	NA	NA	E116-DNase.macs2.narrowPeak	6.89879531153978e-145	271082
2	269	roadmap_epigenomics	144.70186870791	4.29636378862045	10469	511	458	297	511	422	897	2048	754	roadmap_epigenomics	NA	NA	NA	NA	NA	E021-DNase.hotspot.all.peaks.bed	8.73212901912746e-145	111181
2	784	roadmap_epigenomics	144.121058758626	4.07070538272101	9924	512	544	440	544	499	800	2593	851	roadmap_epigenomics H3K36me3	NA	NA	H3K36me3	NA	NA	E094-H3K36me3.narrowPeak	3.3195638946594e-144	243020
2	247	roadmap_epigenomics	143.890824683905	3.97024340425514	9459	513	586	550	586	550	723	3058	928	roadmap_epigenomics H4K8ac	NA	NA	H4K8ac	NA	NA	E017-H4K8ac.narrowPeak	5.6294725125178e-144	220315
2	29	roadmap_epigenomics	143.828445901578	3.94432344025399	9257	514	595	597	597	569	691	3260	960	roadmap_epigenomics H3K36me3	NA	NA	H3K36me3	NA	NA	E003-H3K36me3.narrowPeak	6.48635525849272e-144	323310
2	174	roadmap_epigenomics	143.263898918608	3.91576248949271	8578	515	607	697	697	606	590	3939	1061	roadmap_epigenomics H3K36me3	NA	NA	H3K36me3	NA	NA	E010-H3K36me3.narrowPeak	2.37521870268943e-143	378468
2	1045	roadmap_epigenomics	143.114999690886	4.50865706042348	10838	516	383	160	516	353	972	1679	679	roadmap_epigenomics H3K4me1	NA	NA	H3K4me1	NA	NA	E124-H3K4me1.narrowPeak	3.34010684461719e-143	127405
2	168	roadmap_epigenomics	143.08923996737	3.91550435503759	8506	517	608	706	706	610	580	4011	1071	roadmap_epigenomics H3K36me3	NA	NA	H3K36me3	NA	NA	E009-H3K36me3.narrowPeak	3.53735984439131e-143	389216
2	220	roadmap_epigenomics	143.054811752579	5.08279923879086	11335	518	220	46	518	261	1079	1182	572	roadmap_epigenomics	NA	NA	NA	NA	NA	E017-DNase.macs2.narrowPeak	3.82180249488556e-143	398131
2	213	roadmap_epigenomics	142.98559314066	3.92012414814387	8399	519	604	719	719	614	565	4118	1086	roadmap_epigenomics H3K36me3	NA	NA	H3K36me3	NA	NA	E016-H3K36me3.narrowPeak	4.47351866205084e-143	237501
2	806	roadmap_epigenomics	142.967636885522	4.1056587859101	10106	520	529	398	529	482	834	2411	817	roadmap_epigenomics H3K4me1	NA	NA	H3K4me1	NA	NA	E097-H3K4me1.narrowPeak	4.65339075589691e-143	316356
2	79	roadmap_epigenomics	142.872894167684	4.48594602805619	10816	521	395	167	521	361	968	1701	683	roadmap_epigenomics H3K4me1	NA	NA	H3K4me1	NA	NA	E005-H3K4me1.narrowPeak	5.776674021575e-143	297165
2	2	roadmap_epigenomics	142.795562824312	3.9113303218192	8474	522	611	713	713	615	576	4043	1075	roadmap_epigenomics H3K36me3	NA	NA	H3K36me3	NA	NA	E001-H3K36me3.narrowPeak	6.88932106242562e-143	187250
2	686	roadmap_epigenomics	142.759412906751	3.91175245513715	9102	523	610	620	620	584	669	3415	982	roadmap_epigenomics H3K36me3	NA	NA	H3K36me3	NA	NA	E083-H3K36me3.narrowPeak	7.47300299493599e-143	221146
2	902	roadmap_epigenomics	142.753636193412	3.91463934421244	8410	524	609	717	717	617	567	4107	1084	roadmap_epigenomics H3K36me3	NA	NA	H3K36me3	NA	NA	E111-H3K36me3.narrowPeak	7.55861580976104e-143	219857
2	955	roadmap_epigenomics	142.64653883709	3.93396457907386	9369	525	599	577	599	567	711	3148	940	roadmap_epigenomics H2A.Z	NA	NA	H2A.Z	NA	NA	E117-H2A.Z.narrowPeak	9.65409596257046e-143	87564
2	336	roadmap_epigenomics	142.431128998166	4.19042598516235	10344	526	498	335	526	453	878	2173	773	roadmap_epigenomics H3K4me1	NA	NA	H3K4me1	NA	NA	E030-H3K4me1.narrowPeak	1.58232252179931e-142	116739
2	494	roadmap_epigenomics	142.406905769236	3.92393634704611	8212	527	601	738	738	622	540	4305	1111	roadmap_epigenomics H3K36me3	NA	NA	H3K36me3	NA	NA	E054-H3K36me3.narrowPeak	1.66991116142235e-142	221911
2	885	roadmap_epigenomics	142.240932140555	4.01847513392717	9862	528	561	465	561	518	793	2655	858	roadmap_epigenomics	NA	NA	NA	NA	NA	E109-DNase.hotspot.all.peaks.bed	2.44255127201419e-142	108993
2	180	roadmap_epigenomics	142.206059174394	3.91048184842412	8310	529	612	731	731	624	554	4207	1097	roadmap_epigenomics H3K36me3	NA	NA	H3K36me3	NA	NA	E011-H3K36me3.narrowPeak	2.64176940073231e-142	271169
2	274	roadmap_epigenomics	142.203972433137	3.92345642867555	9351	530	602	579	602	570	709	3166	942	roadmap_epigenomics H3K36me3	NA	NA	H3K36me3	NA	NA	E021-H3K36me3.narrowPeak	2.64948490287281e-142	189937
2	915	roadmap_epigenomics	142.095798799159	4.21027784977595	10400	531	491	321	531	448	889	2117	762	roadmap_epigenomics H3K36me3	NA	NA	H3K36me3	NA	NA	E113-H3K36me3.narrowPeak	3.39247324840507e-142	279691
2	1056	roadmap_epigenomics	142.052407708811	3.9441448271262	7987	532	596	760	760	629	510	4530	1141	roadmap_epigenomics H3K36me3	NA	NA	H3K36me3	NA	NA	E125-H3K36me3.narrowPeak	3.74188478199814e-142	248840
2	201	roadmap_epigenomics	141.81982478176	4.35526212146295	10665	533	441	223	533	399	940	1852	711	roadmap_epigenomics H3K4me3	NA	NA	H3K4me3	NA	NA	E014-H3K4me3.narrowPeak	6.38054478225165e-142	79278
2	341	roadmap_epigenomics	141.768136115734	4.1390702333891	10255	534	517	356	534	469	863	2262	788	roadmap_epigenomics H3K4me1	NA	NA	H3K4me1	NA	NA	E031-H3K4me1.narrowPeak	7.17352108507909e-142	93412
2	226	roadmap_epigenomics	141.754326042202	4.25696538654985	6772	535	472	851	851	619	358	5745	1293	roadmap_epigenomics H2BK15ac	NA	NA	H2BK15ac	NA	NA	E017-H2BK15ac.narrowPeak	7.39145483811884e-142	218402
2	1093	roadmap_epigenomics	141.752056603446	4.03732924541185	7462	536	552	809	809	632	442	5055	1209	roadmap_epigenomics H3K36me3	NA	NA	H3K36me3	NA	NA	E128-H3K36me3.narrowPeak	7.4163182628064e-142	129078
2	288	roadmap_epigenomics	141.603072105771	3.89768692991071	8316	537	616	730	730	628	556	4201	1095	roadmap_epigenomics H3K36me3	NA	NA	H3K36me3	NA	NA	E023-H3K36me3.narrowPeak	1.04318986833477e-141	228728
2	415	roadmap_epigenomics	141.489146708664	3.9741262662703	9735	538	582	494	582	538	773	2782	878	roadmap_epigenomics H3K4me3	NA	NA	H3K4me3	NA	NA	E042-H3K4me3.narrowPeak	1.35357014750568e-141	58292
2	125	roadmap_epigenomics	141.387549913805	3.88834836120741	9143	539	622	616	622	592	678	3374	973	roadmap_epigenomics H3K36me3	NA	NA	H3K36me3	NA	NA	E007-H3K36me3.narrowPeak	1.7071476042855e-141	177693
2	970	roadmap_epigenomics	141.240241621271	4.07257336991927	7279	540	543	819	819	634	420	5238	1231	roadmap_epigenomics H3K36me3	NA	NA	H3K36me3	NA	NA	E118-H3K36me3.narrowPeak	2.39207267914374e-141	168886
2	40	roadmap_epigenomics	141.177679271643	3.89092872455373	9224	541	621	604	621	589	691	3293	960	roadmap_epigenomics H4K5ac	NA	NA	H4K5ac	NA	NA	E003-H4K5ac.narrowPeak	2.7576123485955e-141	130639
2	1104	roadmap_epigenomics	140.940930499183	3.89146150977867	8235	542	620	735	735	632	546	4282	1105	roadmap_epigenomics H3K36me3	NA	NA	H3K36me3	NA	NA	E129-H3K36me3.narrowPeak	4.74766389691186e-141	239707
2	409	roadmap_epigenomics	140.935545728651	3.99155048081062	9853	543	573	467	573	528	794	2664	857	roadmap_epigenomics H3K4me3	NA	NA	H3K4me3	NA	NA	E041-H3K4me3.narrowPeak	4.7980436396177e-141	57727
2	870	roadmap_epigenomics	140.734566719723	4.02753033741352	9996	544	556	420	556	507	819	2521	832	roadmap_epigenomics H3K4me3	NA	NA	H3K4me3	NA	NA	E106-H3K4me3.narrowPeak	7.60753803761853e-141	68861
2	66	roadmap_epigenomics	140.700908073281	4.4295096517404	10801	545	415	173	545	378	969	1716	682	roadmap_epigenomics	NA	NA	NA	NA	NA	E005-DNase.macs2.narrowPeak	8.20550239105039e-141	271969
2	1060	roadmap_epigenomics	140.533510340306	3.9343262800937	7838	546	598	771	771	638	493	4679	1158	roadmap_epigenomics H3K79me2	NA	NA	H3K79me2	NA	NA	E125-H3K79me2.narrowPeak	1.20422258734002e-140	204517
2	941	roadmap_epigenomics	140.509092913809	4.00185197122342	7491	547	570	804	804	640	448	5026	1203	roadmap_epigenomics H4K20me1	NA	NA	H4K20me1	NA	NA	E115-H4K20me1.narrowPeak	1.27153849233428e-140	156894
2	255	roadmap_epigenomics	140.499715723402	4.00347968144062	7483	548	569	807	807	641	447	5034	1204	roadmap_epigenomics H3K27ac	NA	NA	H3K27ac	NA	NA	E019-H3K27ac.narrowPeak	1.29692084336054e-140	53191
2	299	roadmap_epigenomics	140.457745784919	3.86041949290109	8568	549	630	700	700	626	594	3949	1057	roadmap_epigenomics H3K36me3	NA	NA	H3K36me3	NA	NA	E025-H3K36me3.narrowPeak	1.42590838395656e-140	257733
2	757	roadmap_epigenomics	140.453393691971	3.86058284904189	8561	550	629	704	704	628	593	3956	1058	roadmap_epigenomics H3K36me3	NA	NA	H3K36me3	NA	NA	E091-H3K36me3.narrowPeak	1.43765066794603e-140	240653
2	240	roadmap_epigenomics	140.433332346701	3.863153324601	8491	551	628	708	708	629	583	4026	1068	roadmap_epigenomics H3K79me1	NA	NA	H3K79me1	NA	NA	E017-H3K79me1.narrowPeak	1.50288519554756e-140	390673
2	949	roadmap_epigenomics	140.368224987828	3.89616621190594	9410	552	619	561	619	577	722	3107	929	roadmap_epigenomics H3K4me3	NA	NA	H3K4me3	NA	NA	E116-H3K4me3.narrowPeak	1.74279251629194e-140	76167
2	397	roadmap_epigenomics	139.666349495083	3.98872265838984	9932	553	577	438	577	523	810	2585	841	roadmap_epigenomics H3K4me3	NA	NA	H3K4me3	NA	NA	E039-H3K4me3.narrowPeak	8.75659221464117e-140	51115
2	986	roadmap_epigenomics	139.582219016835	3.9275110415219	7756	554	600	782	782	645	484	4761	1167	roadmap_epigenomics H3K79me2	NA	NA	H3K79me2	NA	NA	E119-H3K79me2.narrowPeak	1.06091592958087e-139	189409
2	812	roadmap_epigenomics	139.451935509954	3.89721474639524	9529	555	617	530	617	567	743	2988	908	roadmap_epigenomics H3K27ac	NA	NA	H3K27ac	NA	NA	E098-H3K27ac.narrowPeak	1.42949045176756e-139	102275
2	549	roadmap_epigenomics	139.441761768286	3.93565901765233	9735	556	597	494	597	549	777	2782	874	roadmap_epigenomics H3K4me3	NA	NA	H3K4me3	NA	NA	E062-H3K4me3.narrowPeak	1.46074090873875e-139	34361
2	554	roadmap_epigenomics	139.409659800027	3.83667852813789	8780	557	638	669	669	621	627	3737	1024	roadmap_epigenomics H3K36me3	NA	NA	H3K36me3	NA	NA	E063-H3K36me3.narrowPeak	1.5699823019117e-139	257192
2	88	roadmap_epigenomics	139.140611990414	4.01326846895807	10047	558	566	410	566	511	831	2470	820	roadmap_epigenomics H4K91ac	NA	NA	H4K91ac	NA	NA	E005-H4K91ac.narrowPeak	2.91181354932263e-139	249666
2	359	roadmap_epigenomics	139.120655507464	3.87918612091262	9457	559	625	551	625	578	732	3060	919	roadmap_epigenomics H3K4me3	NA	NA	H3K4me3	NA	NA	E033-H3K4me3.narrowPeak	3.0432836766711e-139	42864
2	758	roadmap_epigenomics	139.116123260907	4.58070768985155	11011	560	359	108	560	342	1015	1506	636	roadmap_epigenomics H3K4me1	NA	NA	H3K4me1	NA	NA	E091-H3K4me1.narrowPeak	3.06971788136484e-139	214541
2	640	roadmap_epigenomics	139.016224370694	3.82944048658368	8822	561	643	663	663	622	634	3695	1017	roadmap_epigenomics H3K36me3	NA	NA	H3K36me3	NA	NA	E077-H3K36me3.narrowPeak	3.85675916273344e-139	271474
2	1078	roadmap_epigenomics	138.948014238326	3.85610548146832	9298	562	631	590	631	594	707	3219	944	roadmap_epigenomics H3K27ac	NA	NA	H3K27ac	NA	NA	E127-H3K27ac.narrowPeak	4.50463075930845e-139	94902
2	1046	roadmap_epigenomics	138.741974893336	4.25219603339792	10599	563	474	247	563	428	933	1918	718	roadmap_epigenomics H3K4me2	NA	NA	H3K4me2	NA	NA	E124-H3K4me2.narrowPeak	7.22647432048948e-139	77302
2	688	roadmap_epigenomics	138.710799185717	3.95982947222224	9892	564	590	451	590	535	805	2625	846	roadmap_epigenomics H3K4me3	NA	NA	H3K4me3	NA	NA	E083-H3K4me3.narrowPeak	7.75053108140083e-139	112073
2	1024	roadmap_epigenomics	138.643890564267	6.55640515305299	4423	565	56	946	946	522	127	8094	1524	roadmap_epigenomics H3K9me1	NA	NA	H3K9me1	NA	NA	E122-H3K9me1.narrowPeak	9.02548897083646e-139	25444
2	1072	roadmap_epigenomics	138.542479419854	4.03493878390528	7182	566	553	823	823	647	413	5335	1238	roadmap_epigenomics H3K79me2	NA	NA	H3K79me2	NA	NA	E126-H3K79me2.narrowPeak	1.13792568645162e-138	155850
2	805	roadmap_epigenomics	138.53397894933	3.82559300490928	9002	567	645	642	645	618	662	3515	989	roadmap_epigenomics H3K36me3	NA	NA	H3K36me3	NA	NA	E097-H3K36me3.narrowPeak	1.15837117962354e-138	343116
2	1080	roadmap_epigenomics	138.424269570866	3.81987562811293	8582	568	648	696	696	637	600	3935	1051	roadmap_epigenomics H3K36me3	NA	NA	H3K36me3	NA	NA	E127-H3K36me3.narrowPeak	1.48864740722496e-138	328717
2	820	roadmap_epigenomics	138.073653482205	3.81096011241237	8796	569	651	665	665	628	632	3721	1019	roadmap_epigenomics H3K36me3	NA	NA	H3K36me3	NA	NA	E099-H3K36me3.narrowPeak	3.33153210908291e-138	192233
2	835	roadmap_epigenomics	137.751675625912	3.80735621763604	8919	570	652	651	652	624	651	3598	1000	roadmap_epigenomics H3K36me3	NA	NA	H3K36me3	NA	NA	E101-H3K36me3.narrowPeak	6.98006184097105e-138	322521
2	137	roadmap_epigenomics	137.42379642728	4.6861740547356	11142	571	327	80	571	326	1046	1375	605	roadmap_epigenomics	NA	NA	NA	NA	NA	E008-DNase.macs2.narrowPeak	1.48244031254004e-137	244359
2	363	roadmap_epigenomics	137.25529884685	4.95848590386367	11343	572	252	45	572	290	1091	1174	560	roadmap_epigenomics	NA	NA	NA	NA	NA	E034-DNase.macs2.narrowPeak	2.181297372759e-137	416560
2	128	roadmap_epigenomics	137.25221352495	4.5388251420479	11009	573	375	109	573	352	1018	1508	633	roadmap_epigenomics H3K4me2	NA	NA	H3K4me2	NA	NA	E007-H3K4me2.narrowPeak	2.19301501408722e-137	143005
2	187	roadmap_epigenomics	137.076457062317	3.79180757510641	8667	574	658	686	686	639	615	3850	1036	roadmap_epigenomics H3K36me3	NA	NA	H3K36me3	NA	NA	E012-H3K36me3.narrowPeak	3.28126115520269e-137	226301
2	818	roadmap_epigenomics	136.754144576758	3.7994544023416	8320	575	653	728	728	652	566	4197	1085	roadmap_epigenomics H3K27ac	NA	NA	H3K27ac	NA	NA	E099-H3K27ac.narrowPeak	6.88014087043712e-137	75578
2	441	roadmap_epigenomics	136.628175361099	4.42303929288908	10897	576	418	146	576	380	996	1620	655	roadmap_epigenomics H3K4me1	NA	NA	H3K4me1	NA	NA	E046-H3K4me1.narrowPeak	9.17934953477854e-137	167778
2	1039	roadmap_epigenomics	136.362670431335	4.78569525933661	5587	577	292	892	892	587	238	6930	1413	roadmap_epigenomics H4K20me1	NA	NA	H4K20me1	NA	NA	E123-H4K20me1.narrowPeak	1.68874278843687e-136	56074
2	241	roadmap_epigenomics	136.218129206121	3.79421814538913	8248	578	657	734	734	656	557	4269	1094	roadmap_epigenomics H3K79me2	NA	NA	H3K79me2	NA	NA	E017-H3K79me2.narrowPeak	2.35154182382694e-136	283453
2	136	roadmap_epigenomics	136.019346853516	4.37322192736963	10852	579	435	154	579	389	988	1665	663	roadmap_epigenomics	NA	NA	NA	NA	NA	E008-DNase.hotspot.fdr0.01.peaks.bed	3.71008905814539e-136	189915
2	331	roadmap_epigenomics	135.893541475535	4.19746202316203	10602	580	494	246	580	440	939	1915	712	roadmap_epigenomics H3K4me1	NA	NA	H3K4me1	NA	NA	E029-H3K4me1.narrowPeak	4.94812067667232e-136	142027
2	1022	roadmap_epigenomics	135.890156065991	3.99400221700684	7101	581	572	832	832	662	408	5416	1243	roadmap_epigenomics H3K79me2	NA	NA	H3K79me2	NA	NA	E122-H3K79me2.narrowPeak	4.97825975635684e-136	181682
2	68	roadmap_epigenomics	135.73729264984	3.8725620603828	9763	582	626	486	626	565	789	2754	862	roadmap_epigenomics H2AK5ac	NA	NA	H2AK5ac	NA	NA	E005-H2AK5ac.narrowPeak	7.06633328937916e-136	229817
2	1010	roadmap_epigenomics	135.701270133042	3.84502880904776	7745	583	636	787	787	669	490	4772	1161	roadmap_epigenomics H3K79me2	NA	NA	H3K79me2	NA	NA	E121-H3K79me2.narrowPeak	7.66427473455556e-136	258600
2	968	roadmap_epigenomics	135.489630814646	3.76543505935631	8493	584	670	707	707	654	593	4024	1058	roadmap_epigenomics H3K27ac	NA	NA	H3K27ac	NA	NA	E118-H3K27ac.narrowPeak	1.2455641223267e-135	71755
2	1049	roadmap_epigenomics	135.254054357414	3.97101735848068	10140	585	585	388	585	519	855	2377	796	roadmap_epigenomics H3K9ac	NA	NA	H3K9ac	NA	NA	E124-H3K9ac.narrowPeak	2.13894456163515e-135	72690
2	312	roadmap_epigenomics	135.165508424456	3.78984978919354	9339	586	659	581	659	609	721	3178	930	roadmap_epigenomics H3K36me3	NA	NA	H3K36me3	NA	NA	E027-H3K36me3.narrowPeak	2.6182053831291e-135	455177
2	620	roadmap_epigenomics	135.080246110354	3.7854118545666	8094	587	661	747	747	665	538	4423	1113	roadmap_epigenomics H3K36me3	NA	NA	H3K36me3	NA	NA	E074-H3K36me3.narrowPeak	3.18072073709682e-135	154097
2	920	roadmap_epigenomics	134.900183099716	3.83598458322248	9663	588	640	507	640	578	774	2854	877	roadmap_epigenomics H2A.Z	NA	NA	H2A.Z	NA	NA	E114-H2A.Z.narrowPeak	4.8067255527e-135	88217
2	459	roadmap_epigenomics	134.851160716117	3.75166940983576	8526	589	675	705	705	656	599	3991	1052	roadmap_epigenomics H3K36me3	NA	NA	H3K36me3	NA	NA	E049-H3K36me3.narrowPeak	5.37197200823222e-135	236300
2	974	roadmap_epigenomics	134.80251421807	4.22380380649985	6403	590	483	862	862	645	328	6114	1323	roadmap_epigenomics H3K79me2	NA	NA	H3K79me2	NA	NA	E118-H3K79me2.narrowPeak	5.99851186490068e-135	97080
2	306	roadmap_epigenomics	134.758413426698	3.75723611363586	8356	591	673	723	723	662	575	4161	1076	roadmap_epigenomics H3K36me3	NA	NA	H3K36me3	NA	NA	E026-H3K36me3.narrowPeak	6.6284020711805e-135	262442
2	55	roadmap_epigenomics	134.75486331799	3.89703779058209	9934	592	618	436	618	549	820	2583	831	roadmap_epigenomics H3K4ac	NA	NA	H3K4ac	NA	NA	E004-H3K4ac.narrowPeak	6.67151900017445e-135	176127
2	1100	roadmap_epigenomics	134.673835953758	6.27886356657414	4419	593	70	947	947	537	132	8098	1519	roadmap_epigenomics H4K20me1	NA	NA	H4K20me1	NA	NA	E128-H4K20me1.narrowPeak	8.02636868440738e-135	29799
2	317	roadmap_epigenomics	134.639526458302	3.78952540131956	9414	594	660	559	660	604	734	3103	917	roadmap_epigenomics	NA	NA	NA	NA	NA	E028-DNase.hotspot.all.peaks.bed	8.67155231756719e-135	103263
2	1042	roadmap_epigenomics	134.590635595839	3.79461442004857	9457	595	656	551	656	601	741	3060	910	roadmap_epigenomics H3K27ac	NA	NA	H3K27ac	NA	NA	E124-H3K27ac.narrowPeak	9.68851442828872e-135	154618
2	790	roadmap_epigenomics	134.258869956806	3.73732494929053	8656	596	679	688	688	654	619	3861	1032	roadmap_epigenomics H3K36me3	NA	NA	H3K36me3	NA	NA	E095-H3K36me3.narrowPeak	2.07631640519011e-134	283237
2	358	roadmap_epigenomics	134.169480557743	3.74633735561373	9063	597	677	627	677	634	680	3454	971	roadmap_epigenomics H3K4me1	NA	NA	H3K4me1	NA	NA	E033-H3K4me1.narrowPeak	2.5465655700428e-134	131462
2	63	roadmap_epigenomics	133.884075447687	3.83057382358265	9729	598	642	498	642	579	787	2788	864	roadmap_epigenomics H4K8ac	NA	NA	H4K8ac	NA	NA	E004-H4K8ac.narrowPeak	4.9049334611697e-134	131576
2	1073	roadmap_epigenomics	133.704311650901	3.72677556426	8771	599	682	670	682	650	637	3746	1014	roadmap_epigenomics H3K9ac	NA	NA	H3K9ac	NA	NA	E126-H3K9ac.narrowPeak	7.4074934926918e-134	50757
2	541	roadmap_epigenomics	133.651469197587	3.7254057754167	8716	600	683	677	683	653	629	3801	1022	roadmap_epigenomics H3K36me3	NA	NA	H3K36me3	NA	NA	E061-H3K36me3.narrowPeak	8.35197727446286e-134	295294
2	1108	roadmap_epigenomics	133.28600896672	3.77322181235236	7883	601	666	769	769	679	513	4634	1138	roadmap_epigenomics H3K79me2	NA	NA	H3K79me2	NA	NA	E129-H3K79me2.narrowPeak	1.93431105185843e-133	217609
2	811	roadmap_epigenomics	133.144132985197	4.78637755585797	11293	602	290	53	602	315	1087	1224	564	roadmap_epigenomics	NA	NA	NA	NA	NA	E098-DNase.macs2.narrowPeak	2.67719666587588e-133	349441
2	691	roadmap_epigenomics	133.114283504189	3.76633271951349	9451	603	669	555	669	609	743	3066	908	roadmap_epigenomics	NA	NA	NA	NA	NA	E084-DNase.hotspot.all.peaks.bed	2.86291817472533e-133	97138
2	842	roadmap_epigenomics	133.015281700506	3.71321191405696	8680	604	685	685	685	658	625	3837	1026	roadmap_epigenomics H3K36me3	NA	NA	H3K36me3	NA	NA	E102-H3K36me3.narrowPeak	3.5899724256137e-133	305308
2	982	roadmap_epigenomics	132.997764118732	3.82675574881257	7520	605	644	801	801	683	466	4997	1185	roadmap_epigenomics H3K36me3	NA	NA	H3K36me3	NA	NA	E119-H3K36me3.narrowPeak	3.73155853484038e-133	199445
2	413	roadmap_epigenomics	132.868813174999	3.71076105387731	8630	606	686	690	690	661	618	3887	1033	roadmap_epigenomics H3K36me3	NA	NA	H3K36me3	NA	NA	E042-H3K36me3.narrowPeak	5.01330298782223e-133	199452
2	230	roadmap_epigenomics	132.841799306938	3.71733614156822	8993	607	684	643	684	645	672	3524	979	roadmap_epigenomics H3K18ac	NA	NA	H3K18ac	NA	NA	E017-H3K18ac.narrowPeak	5.32625253504171e-133	266971
2	44	roadmap_epigenomics	132.797186160951	4.43792561836156	11003	608	413	112	608	378	1025	1514	626	roadmap_epigenomics	NA	NA	NA	NA	NA	E004-DNase.hotspot.fdr0.01.peaks.bed	5.89277707157971e-133	238986
2	759	roadmap_epigenomics	132.775779949512	3.76491346958766	9484	609	671	543	671	608	749	3033	902	roadmap_epigenomics H3K4me3	NA	NA	H3K4me3	NA	NA	E091-H3K4me3.narrowPeak	6.18034202254365e-133	33481
2	127	roadmap_epigenomics	132.546484409202	3.9456674218353	10211	610	594	369	610	524	873	2306	778	roadmap_epigenomics H3K4me1	NA	NA	H3K4me1	NA	NA	E007-H3K4me1.narrowPeak	1.04615372968379e-132	262404
2	672	roadmap_epigenomics	132.417880748879	3.70718867226188	8429	611	688	715	715	671	590	4088	1061	roadmap_epigenomics H3K4me3	NA	NA	H3K4me3	NA	NA	E081-H3K4me3.narrowPeak	1.40439020827264e-132	47518
2	752	roadmap_epigenomics	132.054036130029	3.82161257962267	9838	612	647	471	647	577	809	2679	842	roadmap_epigenomics	NA	NA	NA	NA	NA	E091-DNase.hotspot.all.peaks.bed	3.24057591417642e-132	111776
2	518	roadmap_epigenomics	131.949156905002	4.56510681293388	11142	613	364	80	613	352	1056	1375	595	roadmap_epigenomics	NA	NA	NA	NA	NA	E057-DNase.macs2.narrowPeak	4.11900550518338e-132	290255
2	149	roadmap_epigenomics	131.931644263977	3.84650634513648	9942	614	635	432	635	560	827	2575	824	roadmap_epigenomics H3K27ac	NA	NA	H3K27ac	NA	NA	E008-H3K27ac.narrowPeak	4.28151151919285e-132	220688
2	517	roadmap_epigenomics	131.790703985045	4.18422983553134	10711	615	502	204	615	440	968	1806	683	roadmap_epigenomics	NA	NA	NA	NA	NA	E057-DNase.hotspot.fdr0.01.peaks.bed	5.91331005457895e-132	209886
2	1097	roadmap_epigenomics	131.552257866723	3.83663947933004	7317	616	639	817	817	691	443	5200	1208	roadmap_epigenomics H3K79me2	NA	NA	H3K79me2	NA	NA	E128-H3K79me2.narrowPeak	1.02228308064554e-131	160134
2	1027	roadmap_epigenomics	131.54892410285	4.59015343901752	11171	617	355	73	617	348	1063	1346	588	roadmap_epigenomics	NA	NA	NA	NA	NA	E123-DNase.macs2.narrowPeak	1.02849097482239e-131	341769
2	47	roadmap_epigenomics	131.136776397757	3.68774544195609	9036	618	694	635	694	649	682	3481	969	roadmap_epigenomics H2BK120ac	NA	NA	H2BK120ac	NA	NA	E004-H2BK120ac.narrowPeak	2.65243578848842e-131	149531
2	770	roadmap_epigenomics	131.118214831504	3.75835290381215	9623	619	672	515	672	602	775	2894	876	roadmap_epigenomics	NA	NA	NA	NA	NA	E093-DNase.hotspot.all.peaks.bed	2.76378510159665e-131	86221
2	1101	roadmap_epigenomics	131.114804572153	3.84849446476408	10002	620	634	419	634	558	839	2515	812	roadmap_epigenomics H2A.Z	NA	NA	H2A.Z	NA	NA	E129-H2A.Z.narrowPeak	2.78108005379798e-131	144805
2	562	roadmap_epigenomics	131.055620051898	3.73484361575406	7820	621	681	774	774	692	509	4697	1142	roadmap_epigenomics H3K4me1	NA	NA	H3K4me1	NA	NA	E065-H3K4me1.narrowPeak	3.1819847935025e-131	190844
2	594	roadmap_epigenomics	131.037684922668	3.7474895142564	7729	622	676	790	790	696	497	4788	1154	roadmap_epigenomics H3K36me3	NA	NA	H3K36me3	NA	NA	E070-H3K36me3.narrowPeak	3.31081142017243e-131	132982
2	56	roadmap_epigenomics	131.033907804344	3.82483017784456	7317	623	646	817	817	695	444	5200	1207	roadmap_epigenomics H3K4me1	NA	NA	H3K4me1	NA	NA	E004-H3K4me1.narrowPeak	3.33437085265251e-131	125993
2	182	roadmap_epigenomics	130.806057687913	4.0974109108088	10603	624	532	245	624	467	949	1914	702	roadmap_epigenomics H3K4me3	NA	NA	H3K4me3	NA	NA	E011-H3K4me3.narrowPeak	5.6255821925988e-131	131844
2	655	roadmap_epigenomics	130.610251036132	3.96062858484475	10339	625	588	337	625	517	900	2178	751	roadmap_epigenomics H3K4me3	NA	NA	H3K4me3	NA	NA	E079-H3K4me3.narrowPeak	8.81614447219059e-131	56303
2	978	roadmap_epigenomics	130.141236783121	4.48208631599702	11103	626	398	88	626	371	1051	1414	600	roadmap_epigenomics	NA	NA	NA	NA	NA	E119-DNase.macs2.narrowPeak	2.59178299209765e-130	292840
2	448	roadmap_epigenomics	129.96903193036	3.70174341276597	9405	627	691	567	691	628	742	3112	909	roadmap_epigenomics H3K4me3	NA	NA	H3K4me3	NA	NA	E047-H3K4me3.narrowPeak	3.84689454135401e-130	39614
2	467	roadmap_epigenomics	129.721085102243	3.70921259473842	9489	628	687	542	687	619	756	3028	895	roadmap_epigenomics H3K27ac	NA	NA	H3K27ac	NA	NA	E050-H3K27ac.narrowPeak	6.79774714184557e-130	105551
2	26	roadmap_epigenomics	129.674233045616	3.78064480677911	9851	629	664	469	664	587	816	2666	835	roadmap_epigenomics H3K23me2	NA	NA	H3K23me2	NA	NA	E003-H3K23me2.narrowPeak	7.56007424985509e-130	95590
2	191	roadmap_epigenomics	129.610151657236	3.66219755609025	9081	630	700	624	700	651	692	3436	959	roadmap_epigenomics H3K27ac	NA	NA	H3K27ac	NA	NA	E013-H3K27ac.narrowPeak	8.74817667354911e-130	139221
2	147	roadmap_epigenomics	129.606403234317	3.67814147307254	8051	631	695	752	752	693	543	4466	1108	roadmap_epigenomics H3K23ac	NA	NA	H3K23ac	NA	NA	E008-H3K23ac.narrowPeak	8.81002535628955e-130	83775
2	814	roadmap_epigenomics	129.336169088353	3.78530650347695	9894	632	662	450	662	581	824	2623	827	roadmap_epigenomics H3K36me3	NA	NA	H3K36me3	NA	NA	E098-H3K36me3.narrowPeak	1.63879105691788e-129	278364
2	130	roadmap_epigenomics	129.316489560973	3.95620603376268	10385	633	591	328	633	517	911	2132	740	roadmap_epigenomics H3K79me1	NA	NA	H3K79me1	NA	NA	E007-H3K79me1.narrowPeak	1.71205014564097e-129	189229
2	129	roadmap_epigenomics	129.24457480699	4.06950706567271	10608	634	545	242	634	474	953	1909	698	roadmap_epigenomics H3K4me3	NA	NA	H3K4me3	NA	NA	E007-H3K4me3.narrowPeak	2.01718480034344e-129	87807
2	403	roadmap_epigenomics	128.797397972902	3.67813820895445	9390	635	696	572	696	634	742	3127	909	roadmap_epigenomics H3K4me3	NA	NA	H3K4me3	NA	NA	E040-H3K4me3.narrowPeak	5.63946692281233e-129	63472
2	816	roadmap_epigenomics	128.281035995201	3.92173646845568	10352	636	603	333	636	524	907	2165	744	roadmap_epigenomics H3K4me3	NA	NA	H3K4me3	NA	NA	E098-H3K4me3.narrowPeak	1.84891370254253e-128	57291
2	405	roadmap_epigenomics	128.201086813531	3.64685148131356	9211	637	703	609	703	650	715	3306	936	roadmap_epigenomics H3K27ac	NA	NA	H3K27ac	NA	NA	E041-H3K27ac.narrowPeak	2.2191338908226e-128	106442
2	1018	roadmap_epigenomics	128.063030887921	3.84407962446954	6963	638	637	838	838	704	406	5554	1245	roadmap_epigenomics H3K36me3	NA	NA	H3K36me3	NA	NA	E122-H3K36me3.narrowPeak	3.04479589399513e-128	156941
2	327	roadmap_epigenomics	127.929766548459	4.04184679458682	10605	639	550	244	639	478	955	1912	696	roadmap_epigenomics	NA	NA	NA	NA	NA	E029-DNase.macs2.narrowPeak	4.13182905530669e-128	209063
2	227	roadmap_epigenomics	127.870289220603	4.32304977025647	5816	640	450	882	882	657	276	6701	1375	roadmap_epigenomics H2BK20ac	NA	NA	H2BK20ac	NA	NA	E017-H2BK20ac.narrowPeak	4.73086502335061e-128	200922
2	913	roadmap_epigenomics	127.738565118727	3.77916042750374	9980	641	665	421	665	576	842	2537	809	roadmap_epigenomics H3K27ac	NA	NA	H3K27ac	NA	NA	E113-H3K27ac.narrowPeak	6.39715102418861e-128	130427
2	384	roadmap_epigenomics	127.414271741947	3.6528076355912	9391	642	702	570	702	638	745	3126	906	roadmap_epigenomics H3K4me3	NA	NA	H3K4me3	NA	NA	E037-H3K4me3.narrowPeak	1.34773026747102e-127	49554
2	473	roadmap_epigenomics	127.337581263993	3.85054790176343	10220	643	633	365	643	547	885	2297	766	roadmap_epigenomics	NA	NA	NA	NA	NA	E051-DNase.hotspot.all.peaks.bed	1.60552663605865e-127	105226
2	979	roadmap_epigenomics	127.039514918646	3.91615376826571	10393	644	606	324	644	525	917	2124	734	roadmap_epigenomics H2A.Z	NA	NA	H2A.Z	NA	NA	E119-H2A.Z.narrowPeak	3.1842632595037e-127	137376
2	257	roadmap_epigenomics	126.760394481651	3.66929095721498	7649	645	699	794	794	713	495	4868	1156	roadmap_epigenomics H3K36me3	NA	NA	H3K36me3	NA	NA	E019-H3K36me3.narrowPeak	6.04582477068431e-127	162030
2	362	roadmap_epigenomics	126.565135120928	3.73605899325829	9902	646	680	447	680	591	831	2615	820	roadmap_epigenomics	NA	NA	NA	NA	NA	E034-DNase.hotspot.fdr0.01.peaks.bed	9.46328921270035e-127	107036
2	786	roadmap_epigenomics	126.470298384531	4.03175267028592	10637	647	554	230	647	477	964	1880	687	roadmap_epigenomics H3K4me3	NA	NA	H3K4me3	NA	NA	E094-H3K4me3.narrowPeak	1.17545792058073e-126	87979
2	429	roadmap_epigenomics	126.41027666009	3.59271257998222	8906	648	715	653	715	672	672	3611	979	roadmap_epigenomics H3K27ac	NA	NA	H3K27ac	NA	NA	E045-H3K27ac.narrowPeak	1.34759095071992e-126	75442
2	1112	ucsc_features	126.314829412437	3.62373031955495	9320	649	707	585	707	647	736	3197	915	UCSC CpG islands	NA	NA	NA	NA	NA	cpgIslandExt.bed	1.67623784902129e-126	28633
2	895	roadmap_epigenomics	126.201194696061	3.64171390128769	7762	650	705	780	780	712	511	4755	1140	roadmap_epigenomics H3K36me3	NA	NA	H3K36me3	NA	NA	E110-H3K36me3.narrowPeak	2.17421105296893e-126	86270
2	9	roadmap_epigenomics	126.08606453809	3.64354791958396	7730	651	704	789	789	715	507	4787	1144	roadmap_epigenomics H3K4me1	NA	NA	H3K4me1	NA	NA	E002-H3K4me1.narrowPeak	2.82985527465382e-126	155088
2	449	roadmap_epigenomics	126.061960741437	3.81913282308393	10200	652	649	371	652	557	884	2317	767	roadmap_epigenomics H3K9ac	NA	NA	H3K9ac	NA	NA	E047-H3K9ac.narrowPeak	2.98676748470011e-126	147914
2	355	roadmap_epigenomics	125.878605741848	4.42462122431017	11136	653	417	82	653	384	1066	1381	585	roadmap_epigenomics	NA	NA	NA	NA	NA	E033-DNase.macs2.narrowPeak	4.54873701458559e-126	279354
2	36	roadmap_epigenomics	125.877253902406	3.61860443427297	7892	654	709	766	766	710	529	4625	1122	roadmap_epigenomics H3K79me2	NA	NA	H3K79me2	NA	NA	E003-H3K79me2.narrowPeak	4.5559411040544e-126	125042
2	270	roadmap_epigenomics	125.791449762475	4.2575580518281	10968	655	470	131	655	419	1031	1549	620	roadmap_epigenomics	NA	NA	NA	NA	NA	E021-DNase.hotspot.fdr0.01.peaks.bed	5.54266575215671e-126	182710
2	1015	roadmap_epigenomics	125.287984984126	3.70403304893587	9869	656	690	457	690	601	828	2648	823	roadmap_epigenomics H2A.Z	NA	NA	H2A.Z	NA	NA	E122-H2A.Z.narrowPeak	1.76409077303902e-125	124665
2	526	roadmap_epigenomics	125.266492639235	3.56571211568337	8647	657	724	689	724	690	636	3870	1015	roadmap_epigenomics H3K36me3	NA	NA	H3K36me3	NA	NA	E058-H3K36me3.narrowPeak	1.85076698251681e-125	288215
2	14	roadmap_epigenomics	125.103228131671	4.2206928021539	10942	658	486	138	658	427	1027	1575	624	roadmap_epigenomics	NA	NA	NA	NA	NA	E003-DNase.hotspot.fdr0.01.peaks.bed	2.69126043430364e-125	181790
2	390	roadmap_epigenomics	125.03670241694	3.61793783535773	9454	659	710	554	710	641	760	3063	891	roadmap_epigenomics H3K4me3	NA	NA	H3K4me3	NA	NA	E038-H3K4me3.narrowPeak	3.13200120439631e-125	51910
2	1090	roadmap_epigenomics	125.032618264474	3.59397939957064	9265	660	714	595	714	656	730	3252	921	roadmap_epigenomics H2A.Z	NA	NA	H2A.Z	NA	NA	E128-H2A.Z.narrowPeak	3.15680351811342e-125	88185
2	24	roadmap_epigenomics	124.904202249009	3.7692743892602	10119	661	668	396	668	575	872	2398	779	roadmap_epigenomics H3K18ac	NA	NA	H3K18ac	NA	NA	E003-H3K18ac.narrowPeak	4.23648861300456e-125	249755
2	11	roadmap_epigenomics	124.859207264325	3.7723167262115	6945	662	667	842	842	724	410	5572	1241	roadmap_epigenomics H3K9ac	NA	NA	H3K9ac	NA	NA	E002-H3K9ac.narrowPeak	4.69185409485154e-125	18733
2	516	roadmap_epigenomics	124.681424391493	3.56671232737723	9021	663	723	638	723	675	693	3496	958	roadmap_epigenomics	NA	NA	NA	NA	NA	E057-DNase.hotspot.all.peaks.bed	7.05459087087284e-125	102170
2	797	roadmap_epigenomics	124.423773451053	4.36376123136554	11109	664	438	85	664	396	1063	1408	588	roadmap_epigenomics H3K4me1	NA	NA	H3K4me1	NA	NA	E096-H3K4me1.narrowPeak	1.27487681036527e-124	317595
2	1033	roadmap_epigenomics	124.374398884068	3.78453134383618	10192	665	663	374	665	567	886	2325	765	roadmap_epigenomics H3K4me2	NA	NA	H3K4me2	NA	NA	E123-H3K4me2.narrowPeak	1.42622886763943e-124	93300
2	221	roadmap_epigenomics	124.216613530966	3.88789164784237	10449	666	623	304	666	531	933	2068	718	roadmap_epigenomics H2A.Z	NA	NA	H2A.Z	NA	NA	E017-H2A.Z.narrowPeak	2.04796246098973e-124	121643
2	1026	roadmap_epigenomics	123.990857840011	5.99902154590758	4196	667	91	967	967	575	128	8321	1523	roadmap_epigenomics H4K20me1	NA	NA	H4K20me1	NA	NA	E122-H4K20me1.narrowPeak	3.43895171416908e-124	49461
2	368	roadmap_epigenomics	123.851138751394	3.58550860151602	9376	668	718	576	718	654	750	3141	901	roadmap_epigenomics H3K4me3	NA	NA	H3K4me3	NA	NA	E034-H3K4me3.narrowPeak	4.73690350727305e-124	37067
2	773	roadmap_epigenomics	123.669970002786	3.56910222101753	9266	669	722	594	722	662	733	3251	918	roadmap_epigenomics H3K27ac	NA	NA	H3K27ac	NA	NA	E093-H3K27ac.narrowPeak	7.17816821317071e-124	114812
2	943	roadmap_epigenomics	123.43853174246	3.5848550636092	9427	670	720	556	720	649	759	3090	892	roadmap_epigenomics H2A.Z	NA	NA	H2A.Z	NA	NA	E116-H2A.Z.narrowPeak	1.22124614762837e-123	84270
2	144	roadmap_epigenomics	123.273675383611	3.57295840622299	7830	671	721	773	773	722	526	4687	1125	roadmap_epigenomics H2BK5ac	NA	NA	H2BK5ac	NA	NA	E008-H2BK5ac.narrowPeak	1.78242739383413e-123	66830
2	1034	roadmap_epigenomics	123.193547359417	3.60836797791161	9603	672	712	520	712	635	788	2914	863	roadmap_epigenomics H3K4me3	NA	NA	H3K4me3	NA	NA	E123-H3K4me3.narrowPeak	2.14039101620189e-123	62691
2	345	roadmap_epigenomics	122.87232687032	3.70586703066852	10038	673	689	411	689	591	862	2479	789	roadmap_epigenomics	NA	NA	NA	NA	NA	E032-DNase.hotspot.fdr0.01.peaks.bed	4.47783222436935e-123	114529
2	1084	roadmap_epigenomics	122.555872618012	3.59004591683545	7584	674	716	799	799	730	495	4933	1156	roadmap_epigenomics H3K79me2	NA	NA	H3K79me2	NA	NA	E127-H3K79me2.narrowPeak	9.265678721371e-123	203560
2	654	roadmap_epigenomics	122.547170965984	4.09321461019128	10848	675	537	156	675	456	1013	1669	638	roadmap_epigenomics H3K4me1	NA	NA	H3K4me1	NA	NA	E079-H3K4me1.narrowPeak	9.43919619622203e-123	257474
2	140	roadmap_epigenomics	122.406774014792	3.51704705996377	8877	676	729	659	729	688	676	3640	975	roadmap_epigenomics H2BK120ac	NA	NA	H2BK120ac	NA	NA	E008-H2BK120ac.narrowPeak	1.302234033126e-122	97781
2	279	roadmap_epigenomics	122.286892722717	4.19341851903809	10979	677	495	123	677	432	1040	1538	611	roadmap_epigenomics	NA	NA	NA	NA	NA	E022-DNase.hotspot.fdr0.01.peaks.bed	1.71367460329869e-122	191448
2	798	roadmap_epigenomics	122.251705186568	3.85530942702316	10460	678	632	299	678	536	939	2057	712	roadmap_epigenomics H3K4me3	NA	NA	H3K4me3	NA	NA	E096-H3K4me3.narrowPeak	1.85555944267217e-122	96300
2	474	roadmap_epigenomics	122.192369926576	3.91633928961866	10582	679	605	252	679	512	962	1935	689	roadmap_epigenomics	NA	NA	NA	NA	NA	E051-DNase.hotspot.fdr0.01.peaks.bed	2.1240759961372e-122	133410
2	354	roadmap_epigenomics	121.995927863859	3.65724964768825	9923	680	701	441	701	607	844	2594	807	roadmap_epigenomics	NA	NA	NA	NA	NA	E033-DNase.hotspot.fdr0.01.peaks.bed	3.3340566543949e-122	108321
2	569	roadmap_epigenomics	121.614543641027	3.75401271984849	10250	681	674	360	681	572	902	2267	749	roadmap_epigenomics H3K4me3	NA	NA	H3K4me3	NA	NA	E066-H3K4me3.narrowPeak	8.01159522408305e-122	92061
2	944	roadmap_epigenomics	121.528987630866	3.50083703164463	8878	682	733	658	733	691	678	3639	973	roadmap_epigenomics H3K27ac	NA	NA	H3K27ac	NA	NA	E116-H3K27ac.narrowPeak	9.74176718705493e-122	78915
2	1077	roadmap_epigenomics	121.246385561605	3.63953985255069	9908	683	706	446	706	612	843	2609	808	roadmap_epigenomics H2A.Z	NA	NA	H2A.Z	NA	NA	E127-H2A.Z.narrowPeak	1.86467645308915e-121	137462
2	346	roadmap_epigenomics	121.015028948514	4.50441647595598	11292	684	387	55	684	375	1109	1225	542	roadmap_epigenomics	NA	NA	NA	NA	NA	E032-DNase.macs2.narrowPeak	3.17193808662358e-121	359211
2	775	roadmap_epigenomics	120.825852825854	3.48796930514438	8289	685	737	733	737	718	594	4228	1057	roadmap_epigenomics H3K36me3	NA	NA	H3K36me3	NA	NA	E093-H3K36me3.narrowPeak	4.8962812294315e-121	312106
2	393	roadmap_epigenomics	120.751350322067	3.48778907332347	8907	686	738	652	738	692	684	3610	967	roadmap_epigenomics H3K27ac	NA	NA	H3K27ac	NA	NA	E039-H3K27ac.narrowPeak	5.80410571697821e-121	79843
2	622	roadmap_epigenomics	120.667108167858	3.90079450867351	10608	687	614	242	687	514	970	1909	681	roadmap_epigenomics H3K4me3	NA	NA	H3K4me3	NA	NA	E074-H3K4me3.narrowPeak	7.03630808834309e-121	90281
2	829	roadmap_epigenomics	120.614882586668	3.51306776440077	7886	688	730	768	768	729	539	4631	1112	roadmap_epigenomics H3K36me3	NA	NA	H3K36me3	NA	NA	E100-H3K36me3.narrowPeak	7.92389527329425e-121	160205
2	436	roadmap_epigenomics	120.606192210254	3.61400925428752	9853	689	711	467	711	622	835	2664	816	roadmap_epigenomics	NA	NA	NA	NA	NA	E046-DNase.hotspot.fdr0.01.peaks.bed	8.07231907153016e-121	109868
2	146	roadmap_epigenomics	120.293424153101	3.68992879799311	10139	690	693	389	693	591	885	2378	766	roadmap_epigenomics H3K18ac	NA	NA	H3K18ac	NA	NA	E008-H3K18ac.narrowPeak	1.65629048934707e-120	148881
2	1065	roadmap_epigenomics	120.28439809232	3.50181833518483	9214	691	732	607	732	677	732	3303	919	roadmap_epigenomics H2A.Z	NA	NA	H2A.Z	NA	NA	E126-H2A.Z.narrowPeak	1.6886265457185e-120	69033
2	361	roadmap_epigenomics	119.598980758564	3.4957915986039	9275	692	735	593	735	673	743	3242	908	roadmap_epigenomics	NA	NA	NA	NA	NA	E034-DNase.hotspot.all.peaks.bed	8.17189727910177e-120	81127
2	520	roadmap_epigenomics	119.26467378599	3.46269009107269	8194	693	742	740	742	725	584	4323	1067	roadmap_epigenomics H3K36me3	NA	NA	H3K36me3	NA	NA	E057-H3K36me3.narrowPeak	1.76198712769735e-119	239831
2	45	roadmap_epigenomics	119.165745957882	4.483171706534	11308	694	397	51	694	381	1116	1209	535	roadmap_epigenomics	NA	NA	NA	NA	NA	E004-DNase.macs2.narrowPeak	2.20955249250972e-119	365365
2	464	roadmap_epigenomics	119.046135666558	3.66937377547301	10147	695	698	387	698	593	889	2370	762	roadmap_epigenomics	NA	NA	NA	NA	NA	E050-DNase.hotspot.all.peaks.bed	2.90595764975443e-119	104134
2	935	roadmap_epigenomics	119.022728676938	3.52216641523526	9543	696	728	527	728	650	787	2974	864	roadmap_epigenomics H3K4me1	NA	NA	H3K4me1	NA	NA	E115-H3K4me1.narrowPeak	3.06246994597172e-119	130919
2	455	roadmap_epigenomics	118.974718292014	3.49321697899145	9349	697	736	580	736	671	756	3168	895	roadmap_epigenomics H3K4me3	NA	NA	H3K4me3	NA	NA	E048-H3K4me3.narrowPeak	3.41553454209287e-119	54009
2	60	roadmap_epigenomics	118.785395840422	3.6714878320428	6780	698	697	850	850	748	402	5737	1249	roadmap_epigenomics H3K79me2	NA	NA	H3K79me2	NA	NA	E004-H3K79me2.narrowPeak	5.27422300707015e-119	172076
2	936	roadmap_epigenomics	118.426577523638	3.45853311758915	9111	699	743	619	743	687	720	3406	931	roadmap_epigenomics H3K4me2	NA	NA	H3K4me2	NA	NA	E115-H3K4me2.narrowPeak	1.20324773419553e-118	70834
2	275	roadmap_epigenomics	118.419660818801	3.46919951000051	9227	700	740	603	740	681	738	3290	913	roadmap_epigenomics H3K4me1	NA	NA	H3K4me1	NA	NA	E021-H3K4me1.narrowPeak	1.2208179132013e-118	187283
2	994	roadmap_epigenomics	118.252634556187	3.59894681509759	7026	701	713	836	836	750	433	5491	1218	roadmap_epigenomics H3K36me3	NA	NA	H3K36me3	NA	NA	E120-H3K36me3.narrowPeak	1.79084161478645e-118	156848
2	535	roadmap_epigenomics	117.82365791286	3.49716972516877	7540	702	734	800	800	745	499	4977	1152	roadmap_epigenomics H3K36me3	NA	NA	H3K36me3	NA	NA	E059-H3K36me3.narrowPeak	4.80191786051745e-118	98754
2	10	roadmap_epigenomics	117.604518886306	3.79586328259055	10522	703	655	272	703	543	960	1995	691	roadmap_epigenomics H3K4me3	NA	NA	H3K4me3	NA	NA	E002-H3K4me3.narrowPeak	7.94210346690843e-118	147544
2	753	roadmap_epigenomics	117.452039774912	4.08575130812443	10972	704	539	128	704	457	1048	1545	603	roadmap_epigenomics	NA	NA	NA	NA	NA	E091-DNase.hotspot.fdr0.01.peaks.bed	1.12667152391802e-117	214514
2	114	roadmap_epigenomics	117.118808210293	4.59977178497985	11420	705	351	30	705	362	1145	1097	506	roadmap_epigenomics	NA	NA	NA	NA	NA	E007-DNase.macs2.narrowPeak	2.42332925162465e-117	408460
2	998	roadmap_epigenomics	116.964366656468	3.62091875575383	6808	706	708	848	848	754	409	5709	1242	roadmap_epigenomics H3K79me2	NA	NA	H3K79me2	NA	NA	E120-H3K79me2.narrowPeak	3.45333248820645e-117	153900
2	411	roadmap_epigenomics	116.940882718355	3.40983380863356	8684	707	748	683	748	713	659	3833	992	roadmap_epigenomics H3K27ac	NA	NA	H3K27ac	NA	NA	E042-H3K27ac.narrowPeak	3.64005226788734e-117	68927
2	395	roadmap_epigenomics	116.916264354934	3.40896513242974	8470	708	749	714	749	724	628	4047	1023	roadmap_epigenomics H3K36me3	NA	NA	H3K36me3	NA	NA	E039-H3K36me3.narrowPeak	3.84691100420939e-117	205683
2	34	roadmap_epigenomics	116.856607205738	3.40762714081256	8490	709	750	710	750	723	631	4027	1020	roadmap_epigenomics H3K56ac	NA	NA	H3K56ac	NA	NA	E003-H3K56ac.narrowPeak	4.40713456282513e-117	86476
2	916	roadmap_epigenomics	116.057815904248	4.6097040539314	11442	710	347	26	710	361	1152	1075	499	roadmap_epigenomics H3K4me1	NA	NA	H3K4me1	NA	NA	E113-H3K4me1.narrowPeak	2.76907997489908e-116	347200
2	96	roadmap_epigenomics	115.678282553586	3.44350396955883	9424	711	744	557	744	671	775	3093	876	roadmap_epigenomics H2BK5ac	NA	NA	H2BK5ac	NA	NA	E006-H2BK5ac.narrowPeak	6.62609407586225e-116	169022
2	84	roadmap_epigenomics	115.643403960147	3.4410664628322	9411	712	745	560	745	672	773	3106	878	roadmap_epigenomics H3K9ac	NA	NA	H3K9ac	NA	NA	E005-H3K9ac.narrowPeak	7.17010966499986e-116	76244
2	475	roadmap_epigenomics	115.50288694596	4.56056161654363	11420	713	367	30	713	370	1148	1097	503	roadmap_epigenomics	NA	NA	NA	NA	NA	E051-DNase.macs2.narrowPeak	9.89539821837498e-116	314537
2	380	roadmap_epigenomics	115.295896550267	3.42279133146482	9318	714	746	586	746	682	759	3199	892	roadmap_epigenomics H3K27ac	NA	NA	H3K27ac	NA	NA	E037-H3K27ac.narrowPeak	1.59153058813759e-115	75646
2	81	roadmap_epigenomics	115.226383858555	3.79695730510965	10613	715	654	240	715	536	982	1904	669	roadmap_epigenomics H3K4me3	NA	NA	H3K4me3	NA	NA	E005-H3K4me3.narrowPeak	1.86517614172497e-115	88854
2	425	roadmap_epigenomics	114.924557087242	3.37757854808553	8228	716	756	736	756	736	598	4289	1053	roadmap_epigenomics H3K36me3	NA	NA	H3K36me3	NA	NA	E044-H3K36me3.narrowPeak	3.73198287628585e-115	227711
2	1032	roadmap_epigenomics	114.045445382885	3.46931309599797	9740	717	739	490	739	649	830	2777	821	roadmap_epigenomics H3K4me1	NA	NA	H3K4me1	NA	NA	E123-H3K4me1.narrowPeak	2.82127365450803e-114	169621
2	59	roadmap_epigenomics	113.934655305753	3.55018881048824	6807	718	726	849	849	764	415	5710	1236	roadmap_epigenomics H3K79me1	NA	NA	H3K79me1	NA	NA	E004-H3K79me1.narrowPeak	3.63605130000756e-114	133659
2	321	roadmap_epigenomics	113.69956515105	3.37945689966025	7837	719	755	772	772	749	547	4680	1104	roadmap_epigenomics H3K36me3	NA	NA	H3K36me3	NA	NA	E028-H3K36me3.narrowPeak	6.23901041325924e-114	214696
2	755	roadmap_epigenomics	113.165408613787	3.37124281499255	9199	720	758	612	758	697	745	3318	906	roadmap_epigenomics H3K27ac	NA	NA	H3K27ac	NA	NA	E091-H3K27ac.narrowPeak	2.13141806182665e-113	113281
2	15	roadmap_epigenomics	112.498250176589	4.4631079844686	11404	721	405	33	721	386	1150	1113	501	roadmap_epigenomics	NA	NA	NA	NA	NA	E003-DNase.macs2.narrowPeak	9.89063808557353e-113	339188
2	353	roadmap_epigenomics	112.329130743811	3.38920715790047	9466	722	754	548	754	675	789	3051	862	roadmap_epigenomics	NA	NA	NA	NA	NA	E033-DNase.hotspot.all.peaks.bed	1.45794724829059e-112	89092
2	465	roadmap_epigenomics	112.056239601734	3.83121136977563	10777	723	641	180	723	515	1020	1740	631	roadmap_epigenomics	NA	NA	NA	NA	NA	E050-DNase.hotspot.fdr0.01.peaks.bed	2.72917794430812e-112	156377
2	417	roadmap_epigenomics	111.951400315234	3.32302228182838	8189	724	765	742	765	744	599	4328	1052	roadmap_epigenomics H3K27ac	NA	NA	H3K27ac	NA	NA	E043-H3K27ac.narrowPeak	3.46953178500225e-112	65032
2	351	roadmap_epigenomics	111.88104656485	3.33501457122282	9051	725	763	632	763	707	725	3466	926	roadmap_epigenomics H3K4me3	NA	NA	H3K4me3	NA	NA	E032-H3K4me3.narrowPeak	4.07403898501314e-112	31423
2	41	roadmap_epigenomics	111.60321053789	4.86389712478797	11632	726	278	9	726	338	1205	885	446	roadmap_epigenomics H4K8ac	NA	NA	H4K8ac	NA	NA	E003-H4K8ac.narrowPeak	7.71369731783015e-112	371476
2	437	roadmap_epigenomics	111.555785874421	3.98351832804953	10998	727	579	117	727	474	1065	1519	586	roadmap_epigenomics	NA	NA	NA	NA	NA	E046-DNase.macs2.narrowPeak	8.59190500440867e-112	287236
2	951	roadmap_epigenomics	111.379874312048	3.30861074220399	8724	728	768	675	768	724	677	3793	974	roadmap_epigenomics H3K9ac	NA	NA	H3K9ac	NA	NA	E116-H3K9ac.narrowPeak	1.28648302632584e-111	50567
2	106	roadmap_epigenomics	111.175362214078	3.81413597581272	10778	729	650	179	729	519	1022	1739	629	roadmap_epigenomics H3K4me3	NA	NA	H3K4me3	NA	NA	E006-H3K4me3.narrowPeak	2.05740603552301e-111	112009
2	337	roadmap_epigenomics	111.172812861443	3.3735745461911	9500	730	757	537	757	675	797	3017	854	roadmap_epigenomics H3K4me3	NA	NA	H3K4me3	NA	NA	E030-H3K4me3.narrowPeak	2.06668377695392e-111	53793
2	423	roadmap_epigenomics	110.940449047876	3.29768110995664	8567	731	769	701	769	734	655	3950	996	roadmap_epigenomics H3K27ac	NA	NA	H3K27ac	NA	NA	E044-H3K27ac.narrowPeak	3.52406026834855e-111	85187
2	172	roadmap_epigenomics	110.934385664607	3.40062336467264	9681	732	752	502	752	662	827	2836	824	roadmap_epigenomics H2A.Z	NA	NA	H2A.Z	NA	NA	E010-H2A.Z.narrowPeak	3.56872436746144e-111	113363
2	158	roadmap_epigenomics	110.526953358753	3.90175482561343	5578	733	613	893	893	746	282	6939	1369	roadmap_epigenomics H3K79me2	NA	NA	H3K79me2	NA	NA	E008-H3K79me2.narrowPeak	9.10651942948528e-111	81576
2	435	roadmap_epigenomics	110.457533504225	3.34745006375427	9409	734	761	563	761	686	784	3108	867	roadmap_epigenomics	NA	NA	NA	NA	NA	E046-DNase.hotspot.all.peaks.bed	1.06703874132985e-110	88265
2	153	roadmap_epigenomics	110.18252129653	3.34654171338354	7485	735	762	805	805	767	508	5032	1143	roadmap_epigenomics H3K4me1	NA	NA	H3K4me1	NA	NA	E008-H3K4me1.narrowPeak	2.00724838107008e-110	135771
2	326	roadmap_epigenomics	109.90641167281	3.39504325436734	9746	736	753	487	753	659	840	2771	811	roadmap_epigenomics	NA	NA	NA	NA	NA	E029-DNase.hotspot.fdr0.01.peaks.bed	3.78547397506224e-110	127216
2	145	roadmap_epigenomics	109.653326069168	3.58546066425671	10394	737	719	323	737	593	953	2123	698	roadmap_epigenomics H3K14ac	NA	NA	H3K14ac	NA	NA	E008-H3K14ac.narrowPeak	6.77042910600569e-110	181023
2	1031	roadmap_epigenomics	109.468033149972	3.36019891507019	7279	738	760	819	819	772	483	5238	1168	roadmap_epigenomics H3K36me3	NA	NA	H3K36me3	NA	NA	E123-H3K36me3.narrowPeak	1.03590574145331e-109	190856
2	42	roadmap_epigenomics	108.804721365555	3.32412995949332	7439	739	764	811	811	771	505	5078	1146	roadmap_epigenomics H4K91ac	NA	NA	H4K91ac	NA	NA	E003-H4K91ac.narrowPeak	4.76479201180395e-109	106820
2	1047	roadmap_epigenomics	108.748816646251	3.527271051985	10289	740	727	352	740	606	936	2228	715	roadmap_epigenomics H3K4me3	NA	NA	H3K4me3	NA	NA	E124-H3K4me3.narrowPeak	5.41204483721369e-109	81682
2	939	roadmap_epigenomics	108.597467711992	3.25506742625183	8600	741	775	695	775	737	665	3917	986	roadmap_epigenomics H3K9ac	NA	NA	H3K9ac	NA	NA	E115-H3K9ac.narrowPeak	7.65814935362509e-109	45532
2	567	roadmap_epigenomics	108.177974098796	3.24775844160751	8621	742	778	692	778	737	669	3896	982	roadmap_epigenomics H3K36me3	NA	NA	H3K36me3	NA	NA	E066-H3K36me3.narrowPeak	2.00923968693563e-108	303329
2	754	roadmap_epigenomics	108.118194503044	4.79449666669395	11643	743	287	8	743	346	1214	874	437	roadmap_epigenomics	NA	NA	NA	NA	NA	E091-DNase.macs2.narrowPeak	2.30264207013246e-108	494002
2	386	roadmap_epigenomics	108.047572178196	3.24534004711243	8619	744	779	693	779	739	669	3898	982	roadmap_epigenomics H3K27ac	NA	NA	H3K27ac	NA	NA	E038-H3K27ac.narrowPeak	2.70560652848022e-108	50328
2	165	roadmap_epigenomics	107.895677553805	3.27318872204236	7743	745	772	788	788	768	547	4774	1104	roadmap_epigenomics H4K91ac	NA	NA	H4K91ac	NA	NA	E008-H4K91ac.narrowPeak	3.8333275054868e-108	81358
2	772	roadmap_epigenomics	107.734342521207	4.38110475169333	11426	746	430	29	746	402	1164	1091	487	roadmap_epigenomics	NA	NA	NA	NA	NA	E093-DNase.macs2.narrowPeak	5.55045266451599e-108	407437
2	466	roadmap_epigenomics	107.683464850012	4.38596399943135	11430	747	428	28	747	401	1165	1087	486	roadmap_epigenomics	NA	NA	NA	NA	NA	E050-DNase.macs2.narrowPeak	6.23195487654524e-108	329554
2	1029	roadmap_epigenomics	107.558587979201	3.23857736098955	8707	748	782	680	782	737	683	3810	968	roadmap_epigenomics H3K27ac	NA	NA	H3K27ac	NA	NA	E123-H3K27ac.narrowPeak	8.29698251493618e-108	72757
2	342	roadmap_epigenomics	107.455726366455	3.24418468688842	8887	749	781	657	781	729	710	3630	941	roadmap_epigenomics H3K4me3	NA	NA	H3K4me3	NA	NA	E031-H3K4me3.narrowPeak	1.05002966263337e-107	39890
2	713	roadmap_epigenomics	107.367710176723	3.36368701437832	6989	750	759	837	837	782	451	5528	1200	roadmap_epigenomics H3K36me3	NA	NA	H3K36me3	NA	NA	E086-H3K36me3.narrowPeak	1.28421669589854e-107	98059
2	451	roadmap_epigenomics	107.329914771092	3.24467732419542	8925	751	780	650	780	727	716	3592	935	roadmap_epigenomics H3K27ac	NA	NA	H3K27ac	NA	NA	E048-H3K27ac.narrowPeak	1.39912025478099e-107	60881
2	919	roadmap_epigenomics	106.826310180343	4.2768321987218	11369	752	465	41	752	419	1153	1148	498	roadmap_epigenomics	NA	NA	NA	NA	NA	E114-DNase.macs2.narrowPeak	4.45534901825147e-107	371330
2	344	roadmap_epigenomics	106.794637460929	3.25811007195061	9211	753	774	609	774	712	761	3306	890	roadmap_epigenomics	NA	NA	NA	NA	NA	E032-DNase.hotspot.all.peaks.bed	4.78605091917682e-107	81799
2	977	roadmap_epigenomics	106.766018024078	6.2631097434929	3518	754	73	1040	1040	622	97	8999	1554	roadmap_epigenomics H4K20me1	NA	NA	H4K20me1	NA	NA	E118-H4K20me1.narrowPeak	5.10528959169148e-107	34450
2	325	roadmap_epigenomics	106.557817232387	3.25419027295552	9214	755	776	607	776	713	762	3303	889	roadmap_epigenomics	NA	NA	NA	NA	NA	E029-DNase.hotspot.all.peaks.bed	8.23465801993406e-107	102960
2	1068	roadmap_epigenomics	106.026490285553	3.46580203258761	6402	756	741	863	863	787	383	6115	1268	roadmap_epigenomics H3K36me3	NA	NA	H3K36me3	NA	NA	E126-H3K36me3.narrowPeak	2.79510206377083e-106	102513
2	934	roadmap_epigenomics	105.925685695305	3.21668480739945	8006	757	785	757	785	766	587	4511	1064	roadmap_epigenomics H3K36me3	NA	NA	H3K36me3	NA	NA	E115-H3K36me3.narrowPeak	3.52069316482158e-106	329592
2	166	roadmap_epigenomics	105.460056322794	3.5105764636099	10405	758	731	316	758	602	964	2112	687	roadmap_epigenomics H2A.Z	NA	NA	H2A.Z	NA	NA	E009-H2A.Z.narrowPeak	1.02726909682779e-105	158512
2	561	roadmap_epigenomics	105.124029374173	3.27098627724413	7268	759	773	821	821	784	491	5249	1160	roadmap_epigenomics H3K36me3	NA	NA	H3K36me3	NA	NA	E065-H3K36me3.narrowPeak	2.22401955671897e-105	104024
2	1040	roadmap_epigenomics	104.991357620635	3.8721369195332	11031	760	627	103	760	497	1085	1486	566	roadmap_epigenomics	NA	NA	NA	NA	NA	E124-DNase.macs2.narrowPeak	3.0146613915016e-105	295595
2	108	roadmap_epigenomics	104.908232153877	3.74126405399087	10860	761	678	152	761	530	1051	1657	600	roadmap_epigenomics H3K9ac	NA	NA	H3K9ac	NA	NA	E006-H3K9ac.narrowPeak	3.64580084516714e-105	193085
2	1036	roadmap_epigenomics	104.325777346033	3.18195118395529	8759	762	786	671	786	740	698	3758	953	roadmap_epigenomics H3K9ac	NA	NA	H3K9ac	NA	NA	E123-H3K9ac.narrowPeak	1.39212244165274e-104	48136
2	25	roadmap_epigenomics	104.203410112931	3.98889152178465	5060	763	576	915	915	751	240	7457	1411	roadmap_epigenomics H3K23ac	NA	NA	H3K23ac	NA	NA	E003-H3K23ac.narrowPeak	1.84278683533156e-104	29392
2	1076	roadmap_epigenomics	103.236592274957	4.1382295802228	11328	764	518	47	764	443	1151	1189	500	roadmap_epigenomics	NA	NA	NA	NA	NA	E127-DNase.macs2.narrowPeak	1.70499895988702e-103	449247
2	932	roadmap_epigenomics	103.235681252568	3.155924390009	8356	765	790	723	790	759	642	4161	1009	roadmap_epigenomics H3K27ac	NA	NA	H3K27ac	NA	NA	E115-H3K27ac.narrowPeak	1.70634586435501e-103	105299
2	950	roadmap_epigenomics	103.006531101949	3.22892002477918	7255	766	783	822	822	790	494	5262	1157	roadmap_epigenomics H3K79me2	NA	NA	H3K79me2	NA	NA	E116-H3K79me2.narrowPeak	2.88835041229784e-103	158037
2	917	roadmap_epigenomics	102.867793049422	3.95305207635978	11170	767	593	74	767	478	1118	1347	533	roadmap_epigenomics H3K4me3	NA	NA	H3K4me3	NA	NA	E113-H3K4me3.narrowPeak	3.97028185151556e-103	195000
2	937	roadmap_epigenomics	102.68999772678	3.14669973082947	8563	768	792	702	792	754	673	3954	978	roadmap_epigenomics H3K4me3	NA	NA	H3K4me3	NA	NA	E115-H3K4me3.narrowPeak	5.97105133706544e-103	45841
2	442	roadmap_epigenomics	102.439465149399	3.16739412128054	9069	769	788	626	788	728	749	3448	902	roadmap_epigenomics H3K4me3	NA	NA	H3K4me3	NA	NA	E046-H3K4me3.narrowPeak	1.06174020400566e-102	33250
2	1037	roadmap_epigenomics	102.390750611285	4.11236888598073	4786	770	527	924	924	740	216	7731	1435	roadmap_epigenomics H3K9me1	NA	NA	H3K9me1	NA	NA	E123-H3K9me1.narrowPeak	1.18622866772195e-102	22183
2	399	roadmap_epigenomics	102.325368139692	3.13971535517001	8299	771	793	732	793	765	636	4218	1015	roadmap_epigenomics H3K27ac	NA	NA	H3K27ac	NA	NA	E040-H3K27ac.narrowPeak	1.3771689872689e-102	50690
2	547	roadmap_epigenomics	100.709902420727	3.11228595810853	8173	772	799	743	799	771	622	4344	1029	roadmap_epigenomics H3K36me3	NA	NA	H3K36me3	NA	NA	E062-H3K36me3.narrowPeak	5.6740091376074e-101	253984
2	1041	roadmap_epigenomics	100.011713618097	3.41876225075401	10433	773	747	310	773	610	981	2084	670	roadmap_epigenomics H2A.Z	NA	NA	H2A.Z	NA	NA	E124-H2A.Z.narrowPeak	2.82824247254235e-100	136897
2	163	roadmap_epigenomics	99.8962308375445	3.16626058103592	9460	774	789	549	789	704	816	3057	835	roadmap_epigenomics H4K5ac	NA	NA	H4K5ac	NA	NA	E008-H4K5ac.narrowPeak	3.68500391586683e-100	136718
2	332	roadmap_epigenomics	99.7497715778277	3.10689657952538	8896	775	800	656	800	744	729	3621	922	roadmap_epigenomics H3K4me3	NA	NA	H3K4me3	NA	NA	E029-H3K4me3.narrowPeak	5.15627974949034e-100	29579
2	909	roadmap_epigenomics	99.0115250665915	3.13430360628117	7364	776	794	816	816	795	517	5153	1134	roadmap_epigenomics H3K36me3	NA	NA	H3K36me3	NA	NA	E112-H3K36me3.narrowPeak	2.81853196210149e-99	202936
2	946	roadmap_epigenomics	99.0044416334479	3.22838577136986	6728	777	784	853	853	805	437	5789	1214	roadmap_epigenomics H3K36me3	NA	NA	H3K36me3	NA	NA	E116-H3K36me3.narrowPeak	2.86119264304309e-99	165402
2	152	roadmap_epigenomics	98.6368997847296	3.07643277102382	8081	778	805	750	805	778	614	4436	1037	roadmap_epigenomics H3K4ac	NA	NA	H3K4ac	NA	NA	E008-H3K4ac.narrowPeak	6.66086099060068e-99	70510
2	122	roadmap_epigenomics	97.8636724817918	3.88364754503336	11212	779	624	66	779	490	1137	1305	514	roadmap_epigenomics H3K23ac	NA	NA	H3K23ac	NA	NA	E007-H3K23ac.narrowPeak	3.94638827795201e-98	240360
2	931	roadmap_epigenomics	97.789733472155	3.06009685055474	8622	780	807	691	807	759	693	3895	958	roadmap_epigenomics H2A.Z	NA	NA	H2A.Z	NA	NA	E115-H2A.Z.narrowPeak	4.67284824430249e-98	84931
2	161	roadmap_epigenomics	96.5957539261119	3.0401106659029	8032	781	810	755	810	782	612	4485	1039	roadmap_epigenomics H3T11ph	NA	NA	H3T11ph	NA	NA	E008-H3T11ph.narrowPeak	7.29465559017053e-97	108647
2	1035	roadmap_epigenomics	96.5626594846211	3.11634320226784	7102	782	798	831	831	804	489	5415	1162	roadmap_epigenomics H3K79me2	NA	NA	H3K79me2	NA	NA	E123-H3K79me2.narrowPeak	7.86218962607954e-97	112209
2	164	roadmap_epigenomics	95.9129319739432	3.10659677927316	9533	783	801	529	801	704	837	2984	814	roadmap_epigenomics H4K8ac	NA	NA	H4K8ac	NA	NA	E008-H4K8ac.narrowPeak	3.50522593150554e-96	139450
2	407	roadmap_epigenomics	95.8372595528578	3.04654094299579	7643	784	809	795	809	796	561	4874	1090	roadmap_epigenomics H3K36me3	NA	NA	H3K36me3	NA	NA	E041-H3K36me3.narrowPeak	4.16710205159828e-96	202854
2	1048	roadmap_epigenomics	94.6772506972859	3.02736456833991	7600	785	811	798	811	798	558	4917	1093	roadmap_epigenomics H3K79me2	NA	NA	H3K79me2	NA	NA	E124-H3K79me2.narrowPeak	6.01574471087509e-95	259630
2	444	roadmap_epigenomics	94.5753002081533	2.99860994458412	8220	786	814	737	814	779	643	4297	1008	roadmap_epigenomics H3K27ac	NA	NA	H3K27ac	NA	NA	E047-H3K27ac.narrowPeak	7.59778496298626e-95	44461
2	670	roadmap_epigenomics	94.2449286720956	3.16799663202481	6492	787	787	860	860	811	419	6025	1232	roadmap_epigenomics H3K36me3	NA	NA	H3K36me3	NA	NA	E081-H3K36me3.narrowPeak	1.62370208167562e-94	55931
2	469	roadmap_epigenomics	94.059310576762	2.99207867877614	8068	788	816	751	816	785	623	4449	1028	roadmap_epigenomics H3K36me3	NA	NA	H3K36me3	NA	NA	E050-H3K36me3.narrowPeak	2.48641122448109e-94	262839
2	23	roadmap_epigenomics	93.8537203802128	3.56367506569696	5207	789	725	906	906	807	275	7310	1376	roadmap_epigenomics H3K14ac	NA	NA	H3K14ac	NA	NA	E003-H3K14ac.narrowPeak	3.98668909782483e-94	30274
2	376	roadmap_epigenomics	93.7944056938498	2.98771349752822	8049	790	818	753	818	787	621	4468	1030	roadmap_epigenomics H3K36me3	NA	NA	H3K36me3	NA	NA	E036-H3K36me3.narrowPeak	4.56432926971495e-94	328921
2	431	roadmap_epigenomics	93.452077337975	3.01191360960216	7495	791	812	803	812	802	547	5022	1104	roadmap_epigenomics H3K36me3	NA	NA	H3K36me3	NA	NA	E045-H3K36me3.narrowPeak	1.00266517350627e-93	196705
2	131	roadmap_epigenomics	93.4198745986051	4.19227700505057	11533	792	496	13	792	434	1216	984	435	roadmap_epigenomics H3K9ac	NA	NA	H3K9ac	NA	NA	E007-H3K9ac.narrowPeak	1.07847472560753e-93	313345
2	156	roadmap_epigenomics	93.0562375009774	3.12547312327635	9900	793	796	449	796	679	904	2617	747	roadmap_epigenomics H3K56ac	NA	NA	H3K56ac	NA	NA	E008-H3K56ac.narrowPeak	2.48827893876874e-93	164562
2	989	roadmap_epigenomics	92.6322388075649	7.22072016982245	2823	794	29	1082	1082	635	64	9694	1587	roadmap_epigenomics H4K20me1	NA	NA	H4K20me1	NA	NA	E119-H4K20me1.narrowPeak	6.59706012067022e-93	17540
2	440	roadmap_epigenomics	92.5106748160251	2.99822462076749	7440	795	815	810	815	807	542	5077	1109	roadmap_epigenomics H3K36me3	NA	NA	H3K36me3	NA	NA	E046-H3K36me3.narrowPeak	8.71701527971017e-93	269244
2	330	roadmap_epigenomics	92.4544731141445	2.99095531710921	7515	796	817	802	817	805	552	5002	1099	roadmap_epigenomics H3K36me3	NA	NA	H3K36me3	NA	NA	E029-H3K36me3.narrowPeak	9.90885720813277e-93	235858
2	364	roadmap_epigenomics	91.6027906931917	2.94465785351677	8402	797	823	718	823	779	676	4115	975	roadmap_epigenomics H3K27ac	NA	NA	H3K27ac	NA	NA	E034-H3K27ac.narrowPeak	7.03332583122855e-92	78882
2	366	roadmap_epigenomics	91.5758639701703	2.95844115384066	7754	798	821	783	821	801	586	4763	1065	roadmap_epigenomics H3K36me3	NA	NA	H3K36me3	NA	NA	E034-H3K36me3.narrowPeak	7.47382441143995e-92	302239
2	545	roadmap_epigenomics	90.4104908828241	2.92863983507784	7939	799	826	762	826	796	614	4578	1037	roadmap_epigenomics H3K27ac	NA	NA	H3K27ac	NA	NA	E062-H3K27ac.narrowPeak	1.09237584873843e-90	51862
2	283	roadmap_epigenomics	90.2099454320522	4.2421947512462	11610	800	477	10	800	429	1240	907	411	roadmap_epigenomics H3K36me3	NA	NA	H3K36me3	NA	NA	E022-H3K36me3.narrowPeak	1.73130798830923e-90	407402
2	141	roadmap_epigenomics	89.7062283820902	3.1246119169737	6204	801	797	870	870	823	395	6313	1256	roadmap_epigenomics H2BK12ac	NA	NA	H2BK12ac	NA	NA	E008-H2BK12ac.narrowPeak	5.51504237559427e-90	46023
2	328	roadmap_epigenomics	89.2262935793499	2.90272664327553	8106	802	827	746	827	792	640	4411	1011	roadmap_epigenomics H3K27ac	NA	NA	H3K27ac	NA	NA	E029-H3K27ac.narrowPeak	1.66318976705844e-89	61033
2	711	roadmap_epigenomics	89.1340743245827	4.40124806301351	11703	803	423	5	803	410	1264	814	387	roadmap_epigenomics	NA	NA	NA	NA	NA	E086-DNase.macs2.narrowPeak	2.05409195698439e-89	654772
2	17	roadmap_epigenomics	88.8519196311785	2.97600532979219	6960	804	819	839	839	821	489	5557	1162	roadmap_epigenomics H2AK5ac	NA	NA	H2AK5ac	NA	NA	E003-H2AK5ac.narrowPeak	3.92856616552885e-89	102280
2	1113	ucsc_features	88.3662739031909	3.25049284239267	10563	805	777	259	805	614	1031	1954	620	UCSC Evo CpG islands	NA	NA	NA	NA	NA	evoCpg.bed	1.20043864612634e-88	129241
2	720	roadmap_epigenomics	88.238329064543	2.8875882722218	7973	806	830	761	830	799	624	4544	1027	roadmap_epigenomics H3K36me3	NA	NA	H3K36me3	NA	NA	E087-H3K36me3.narrowPeak	1.6097026001792e-88	101681
2	446	roadmap_epigenomics	87.8632811977913	2.93458408749276	7146	807	824	824	824	818	515	5371	1136	roadmap_epigenomics H3K36me3	NA	NA	H3K36me3	NA	NA	E047-H3K36me3.narrowPeak	3.81289652440404e-88	150951
2	49	roadmap_epigenomics	87.8156859912173	3.27501650896779	5490	808	771	897	897	825	318	7027	1333	roadmap_epigenomics H2BK5ac	NA	NA	H2BK5ac	NA	NA	E004-H2BK5ac.narrowPeak	4.2492511432824e-88	64664
2	453	roadmap_epigenomics	87.7976606512878	2.95587842191947	6948	809	822	841	841	824	490	5569	1161	roadmap_epigenomics H3K36me3	NA	NA	H3K36me3	NA	NA	E048-H3K36me3.narrowPeak	4.42385189620867e-88	130411
2	401	roadmap_epigenomics	86.7083420426126	2.93226198152511	6959	810	825	840	840	825	494	5558	1157	roadmap_epigenomics H3K36me3	NA	NA	H3K36me3	NA	NA	E040-H3K36me3.narrowPeak	5.42728577968967e-87	157464
2	477	roadmap_epigenomics	85.6023887536856	2.83710543059685	8382	811	834	720	834	788	688	4135	963	roadmap_epigenomics H3K36me3	NA	NA	H3K36me3	NA	NA	E051-H3K36me3.narrowPeak	6.91831200356593e-86	355912
2	116	roadmap_epigenomics	85.3712070869923	2.84487920144479	8756	812	833	672	833	772	743	3761	908	roadmap_epigenomics H2BK120ac	NA	NA	H2BK120ac	NA	NA	E007-H2BK120ac.narrowPeak	1.17664820248443e-85	114993
2	349	roadmap_epigenomics	84.6245727976819	2.82494653633211	7849	813	835	770	835	806	616	4668	1035	roadmap_epigenomics H3K36me3	NA	NA	H3K36me3	NA	NA	E032-H3K36me3.narrowPeak	6.55762244641534e-85	342847
2	115	roadmap_epigenomics	84.2405071293927	2.82110692995458	7761	814	836	781	836	810	605	4756	1046	roadmap_epigenomics H2AK5ac	NA	NA	H2AK5ac	NA	NA	E007-H2AK5ac.narrowPeak	1.58590883170348e-84	115306
2	162	roadmap_epigenomics	84.2362615656937	3.30872904372877	10844	815	767	159	815	580	1093	1673	558	roadmap_epigenomics H4K20me1	NA	NA	H4K20me1	NA	NA	E008-H4K20me1.narrowPeak	1.59952332477699e-84	284568
2	388	roadmap_epigenomics	84.2238737147338	2.8660118257882	7108	816	831	830	831	826	519	5409	1132	roadmap_epigenomics H3K36me3	NA	NA	H3K36me3	NA	NA	E038-H3K36me3.narrowPeak	1.64378827537971e-84	143872
2	335	roadmap_epigenomics	82.9145520893681	2.81505539396659	7414	817	837	813	837	822	562	5103	1089	roadmap_epigenomics H3K36me3	NA	NA	H3K36me3	NA	NA	E030-H3K36me3.narrowPeak	3.34684504906002e-83	180397
2	419	roadmap_epigenomics	82.7614129799666	2.80063127228865	7607	818	840	797	840	818	588	4910	1063	roadmap_epigenomics H3K36me3	NA	NA	H3K36me3	NA	NA	E043-H3K36me3.narrowPeak	4.75601776644206e-83	194645
2	117	roadmap_epigenomics	82.3117237304938	2.78383093653772	7806	819	841	776	841	812	616	4711	1035	roadmap_epigenomics H2BK12ac	NA	NA	H2BK12ac	NA	NA	E007-H2BK12ac.narrowPeak	1.33783366318468e-82	126786
2	438	roadmap_epigenomics	82.0708651602162	2.77371102299969	8340	820	843	726	843	796	691	4177	960	roadmap_epigenomics H3K27ac	NA	NA	H3K27ac	NA	NA	E046-H3K27ac.narrowPeak	2.32664829865399e-82	68379
2	357	roadmap_epigenomics	81.8518539822804	2.85797067249503	6753	821	832	852	852	835	480	5764	1171	roadmap_epigenomics H3K36me3	NA	NA	H3K36me3	NA	NA	E033-H3K36me3.narrowPeak	3.84780108289712e-82	134198
2	19	roadmap_epigenomics	81.7226229928942	2.76821962942997	7999	822	844	759	844	808	644	4518	1007	roadmap_epigenomics H2BK12ac	NA	NA	H2BK12ac	NA	NA	E003-H2BK12ac.narrowPeak	5.17505466273665e-82	175406
2	118	roadmap_epigenomics	81.637047612583	2.81303024757357	7128	823	838	825	838	829	528	5389	1123	roadmap_epigenomics H2BK15ac	NA	NA	H2BK15ac	NA	NA	E007-H2BK15ac.narrowPeak	6.29451545383534e-82	91360
2	1044	roadmap_epigenomics	81.6321892194848	2.77634405977344	7675	824	842	792	842	819	600	4842	1051	roadmap_epigenomics H3K36me3	NA	NA	H3K36me3	NA	NA	E124-H3K36me3.narrowPeak	6.35760176742573e-82	195147
2	371	roadmap_epigenomics	81.0744485063156	2.80296870297839	7117	825	839	827	839	830	528	5400	1123	roadmap_epigenomics H3K36me3	NA	NA	H3K36me3	NA	NA	E035-H3K36me3.narrowPeak	2.29354516650199e-81	184716
2	126	roadmap_epigenomics	80.648928984294	2.89740287159502	6312	826	828	867	867	840	429	6205	1222	roadmap_epigenomics H3K4ac	NA	NA	H3K4ac	NA	NA	E007-H3K4ac.narrowPeak	6.10240068774241e-81	45590
2	382	roadmap_epigenomics	79.2442413561635	2.89623920602582	6141	827	829	871	871	842	412	6376	1239	roadmap_epigenomics H3K36me3	NA	NA	H3K36me3	NA	NA	E037-H3K36me3.narrowPeak	1.54761484253893e-79	97050
2	272	roadmap_epigenomics	79.1026684806961	2.71981119861459	8208	828	847	739	847	805	680	4309	971	roadmap_epigenomics H3K27ac	NA	NA	H3K27ac	NA	NA	E021-H3K27ac.narrowPeak	2.14146477190516e-79	103584
2	121	roadmap_epigenomics	78.9502044677552	3.06041997090163	10545	829	806	263	829	633	1050	1972	601	roadmap_epigenomics H3K18ac	NA	NA	H3K18ac	NA	NA	E007-H3K18ac.narrowPeak	3.0384406216496e-79	252687
2	139	roadmap_epigenomics	78.8734117778522	3.69084483245134	4076	830	692	980	980	834	191	8441	1460	roadmap_epigenomics H2AK5ac	NA	NA	H2AK5ac	NA	NA	E008-H2AK5ac.narrowPeak	3.62176178278265e-79	27211
2	142	roadmap_epigenomics	78.8167320285869	2.76123521716179	7088	831	845	833	845	836	530	5429	1121	roadmap_epigenomics H2BK15ac	NA	NA	H2BK15ac	NA	NA	E008-H2BK15ac.narrowPeak	4.1217030493425e-79	52204
2	48	roadmap_epigenomics	78.1348465178238	3.09611015983961	5222	832	802	904	904	846	310	7295	1341	roadmap_epigenomics H2BK15ac	NA	NA	H2BK15ac	NA	NA	E004-H2BK15ac.narrowPeak	1.97897317696146e-78	83199
2	119	roadmap_epigenomics	77.3630085264231	3.589974619887	11386	833	717	36	833	529	1217	1131	434	roadmap_epigenomics H2BK5ac	NA	NA	H2BK5ac	NA	NA	E007-H2BK5ac.narrowPeak	1.16884311795081e-77	389247
2	1028	roadmap_epigenomics	76.6083410944257	2.76045911515468	9496	834	846	539	846	740	879	3021	772	roadmap_epigenomics H2A.Z	NA	NA	H2A.Z	NA	NA	E123-H2A.Z.narrowPeak	6.63594238732823e-77	128633
2	284	roadmap_epigenomics	76.5401724952056	3.13099246515936	10807	835	795	170	835	600	1104	1710	547	roadmap_epigenomics H3K4me1	NA	NA	H3K4me1	NA	NA	E022-H3K4me1.narrowPeak	7.75444609337233e-77	324422
1	515	roadmap_epigenomics	76.4806031426297	2.82607307350243	678	1	1	776	776	259	2075	1183	10232	roadmap_epigenomics H3K9me3	NA	NA	H3K9me3	NA	NA	E056-H3K9me3.narrowPeak	8.88383189241439e-77	314736
2	938	roadmap_epigenomics	75.6203335922665	2.69653491337261	7117	836	848	827	848	837	542	5400	1109	roadmap_epigenomics H3K79me2	NA	NA	H3K79me2	NA	NA	E115-H3K79me2.narrowPeak	6.43206910378551e-76	200232
2	30	roadmap_epigenomics	74.1738892371507	3.14801292847866	4756	837	791	927	927	852	269	7761	1382	roadmap_epigenomics H3K4ac	NA	NA	H3K4ac	NA	NA	E003-H3K4ac.narrowPeak	1.79587661839323e-74	34100
2	18	roadmap_epigenomics	73.9303976404925	3.28530397746818	4431	838	770	945	945	851	236	8086	1415	roadmap_epigenomics H2BK120ac	NA	NA	H2BK120ac	NA	NA	E003-H2BK120ac.narrowPeak	3.14231812612471e-74	62846
2	143	roadmap_epigenomics	73.1039886274446	2.61286473801914	8022	839	851	756	851	815	670	4495	981	roadmap_epigenomics H2BK20ac	NA	NA	H2BK20ac	NA	NA	E008-H2BK20ac.narrowPeak	2.10446563555851e-73	115394
2	347	roadmap_epigenomics	72.8608759570505	2.60987015375901	7887	840	852	767	852	820	652	4630	999	roadmap_epigenomics H3K27ac	NA	NA	H3K27ac	NA	NA	E032-H3K27ac.narrowPeak	3.67906786557678e-73	65724
2	46	roadmap_epigenomics	72.6726926276847	3.4021724984864	4134	841	751	974	974	855	209	8383	1442	roadmap_epigenomics H2AK5ac	NA	NA	H2AK5ac	NA	NA	E004-H2AK5ac.narrowPeak	5.66767622785262e-73	52932
2	92	roadmap_epigenomics	71.2881451453997	2.96400875892746	10678	842	820	217	842	626	1093	1839	558	roadmap_epigenomics H2A.Z	NA	NA	H2A.Z	NA	NA	E006-H2A.Z.narrowPeak	1.37226198313298e-71	201531
2	953	roadmap_epigenomics	69.6162257933777	4.77634928157612	2777	843	297	1087	1087	742	93	9740	1558	roadmap_epigenomics H4K20me1	NA	NA	H4K20me1	NA	NA	E116-H4K20me1.narrowPeak	6.43934230241349e-70	13628
2	967	roadmap_epigenomics	69.5754046296635	2.67221531819652	6205	844	850	869	869	854	444	6312	1207	roadmap_epigenomics H2A.Z	NA	NA	H2A.Z	NA	NA	E118-H2A.Z.narrowPeak	7.06558968431533e-70	24224
2	120	roadmap_epigenomics	68.9099236004373	2.68727603101693	9883	845	849	454	849	716	962	2634	689	roadmap_epigenomics H3K14ac	NA	NA	H3K14ac	NA	NA	E007-H3K14ac.narrowPeak	3.26674916262958e-69	184207
2	271	roadmap_epigenomics	66.4576324422225	3.89858791004938	11782	846	615	3	846	488	1328	735	323	roadmap_epigenomics	NA	NA	NA	NA	NA	E021-DNase.macs2.narrowPeak	9.24472292474725e-67	691347
2	8	roadmap_epigenomics	66.128233780294	2.49664553966927	8491	847	858	708	858	804	756	4026	895	roadmap_epigenomics H3K36me3	NA	NA	H3K36me3	NA	NA	E002-H3K36me3.narrowPeak	1.97142436337024e-66	284615
2	856	roadmap_epigenomics	64.8179701609595	3.08067019761767	11145	848	803	79	848	577	1197	1372	454	roadmap_epigenomics H3K36me3	NA	NA	H3K36me3	NA	NA	E104-H3K36me3.narrowPeak	4.02283204275016e-65	300362
2	134	roadmap_epigenomics	63.6515573801922	2.52088102996741	9410	849	856	561	856	755	901	3107	750	roadmap_epigenomics H4K91ac	NA	NA	H4K91ac	NA	NA	E007-H4K91ac.narrowPeak	5.89431641981835e-64	168000
2	519	roadmap_epigenomics	63.6493717637833	2.45186800873726	7482	850	859	808	859	839	623	5035	1028	roadmap_epigenomics H3K27me3	NA	NA	H3K27me3	NA	NA	E057-H3K27me3.narrowPeak	5.91709344748071e-64	98301
2	74	roadmap_epigenomics	62.6300868992621	3.08017182748587	4037	851	804	983	983	879	221	8480	1430	roadmap_epigenomics H3K23ac	NA	NA	H3K23ac	NA	NA	E005-H3K23ac.narrowPeak	6.17850294324804e-63	26230
1	1114	ucsc_features	61.8069369949869	2.77412568394307	527	2	2	983	983	329	1534	1334	10773	UCSC Genomic superdups	NA	NA	NA	NA	NA	genomicSuperDups.bed	4.10699076001671e-62	49852
2	340	roadmap_epigenomics	61.1407166294519	2.51116724630282	6049	852	857	873	873	861	448	6468	1203	roadmap_epigenomics H3K36me3	NA	NA	H3K36me3	NA	NA	E031-H3K36me3.narrowPeak	1.90210834875511e-61	119677
2	54	roadmap_epigenomics	59.3598730674069	3.0068486454797	3943	853	813	996	996	887	219	8574	1432	roadmap_epigenomics H3K36me3	NA	NA	H3K36me3	NA	NA	E004-H3K36me3.narrowPeak	1.14701888876012e-59	16189
2	138	roadmap_epigenomics	56.3867578420384	2.3528717123161	8987	854	863	645	863	787	858	3530	793	roadmap_epigenomics H2A.Z	NA	NA	H2A.Z	NA	NA	E008-H2A.Z.narrowPeak	1.07690686432007e-56	122323
2	20	roadmap_epigenomics	56.0502277995615	2.57280968572513	4965	855	854	920	920	876	336	7552	1315	roadmap_epigenomics H2BK15ac	NA	NA	H2BK15ac	NA	NA	E003-H2BK15ac.narrowPeak	2.33453898355154e-56	56902
2	1117	ucsc_features	51.9442716221412	2.5979712997485	4400	856	853	950	950	886	285	8117	1366	UCSC Microsatellites	NA	NA	NA	NA	NA	microsat.bed	2.97612276537138e-52	41258
2	280	roadmap_epigenomics	49.4490903945269	3.31462326164388	11758	857	766	4	857	542	1360	759	291	roadmap_epigenomics	NA	NA	NA	NA	NA	E022-DNase.macs2.narrowPeak	9.29664384795597e-50	671885
2	133	roadmap_epigenomics	49.2338005967384	2.43836355004946	10432	858	860	311	860	676	1110	2085	541	roadmap_epigenomics H4K8ac	NA	NA	H4K8ac	NA	NA	E007-H4K8ac.narrowPeak	1.52444129236372e-49	223512
2	16	roadmap_epigenomics	47.3824785911479	2.41698677533487	10493	859	862	286	862	669	1126	2024	525	roadmap_epigenomics H2A.Z	NA	NA	H2A.Z	NA	NA	E003-H2A.Z.narrowPeak	1.08125470262618e-47	280604
2	969	roadmap_epigenomics	45.322793191769	2.13102057996967	6862	860	864	846	864	857	599	5655	1052	roadmap_epigenomics H3K27me3	NA	NA	H3K27me3	NA	NA	E118-H3K27me3.narrowPeak	1.23910838068994e-45	110851
2	21	roadmap_epigenomics	44.3302036870739	2.55192570240675	3763	861	855	1019	1019	912	238	8754	1413	roadmap_epigenomics H2BK20ac	NA	NA	H2BK20ac	NA	NA	E003-H2BK20ac.narrowPeak	1.21673294977189e-44	71225
1	1025	roadmap_epigenomics	43.6752960736104	2.39767643844826	475	3	4	1021	1021	343	1539	1386	10768	roadmap_epigenomics H3K9me3	NA	NA	H3K9me3	NA	NA	E122-H3K9me3.narrowPeak	5.49034879909228e-44	224772
2	1111	ucsc_features	42.6027040762685	2.10818010920967	9011	862	865	641	865	789	907	3506	744	UCSC coriellDelDup table	NA	NA	NA	NA	NA	coriellDelDup.bed	6.48170958139515e-43	864
2	273	roadmap_epigenomics	40.0617630466826	2.05025602747553	6359	863	868	866	868	866	553	6158	1098	roadmap_epigenomics H3K27me3	NA	NA	H3K27me3	NA	NA	E021-H3K27me3.narrowPeak	2.24972178204575e-40	95847
2	282	roadmap_epigenomics	38.2578988236918	2.00667640147245	6527	864	869	859	869	864	581	5990	1070	roadmap_epigenomics H3K27me3	NA	NA	H3K27me3	NA	NA	E022-H3K27me3.narrowPeak	1.43051307207814e-38	68203
2	256	roadmap_epigenomics	36.6585605742769	2.00243892808698	5965	865	870	877	877	871	516	6552	1135	roadmap_epigenomics H3K27me3	NA	NA	H3K27me3	NA	NA	E019-H3K27me3.narrowPeak	5.67975303746664e-37	67306
1	506	roadmap_epigenomics	36.3841686075822	1.90390397511653	882	4	6	443	443	151	3953	979	8354	roadmap_epigenomics H3K9me3	NA	NA	H3K9me3	NA	NA	E055-H3K9me3.narrowPeak	1.06713992349482e-36	439063
1	1116	ucsc_features	36.3694429005503	2.1312030165321	522	5	5	986	986	332	1903	1339	10404	UCSC LaminB1 Lads	NA	NA	NA	NA	NA	laminB1Lads.bed	1.10267517888576e-36	1296
1	1099	roadmap_epigenomics	35.5735754084675	2.52606452387047	328	6	3	1082	1082	364	961	1533	11346	roadmap_epigenomics H3K9me3	NA	NA	H3K9me3	NA	NA	E128-H3K9me3.narrowPeak	6.88360891623731e-36	16125
2	778	roadmap_epigenomics	32.6805648829282	1.96588841639063	9556	866	871	526	871	754	1026	2961	625	roadmap_epigenomics H3K9me3	NA	NA	H3K9me3	NA	NA	E093-H3K9me3.narrowPeak	5.37438016990732e-33	234001
2	186	roadmap_epigenomics	32.4605658001039	1.92684110618065	5739	867	873	884	884	875	504	6778	1147	roadmap_epigenomics H3K27me3	NA	NA	H3K27me3	NA	NA	E012-H3K27me3.narrowPeak	8.90901536850257e-33	75931
2	690	roadmap_epigenomics	31.4962293413898	1.87059360415865	6570	868	875	857	875	867	613	5947	1038	roadmap_epigenomics H3K9me3	NA	NA	H3K9me3	NA	NA	E083-H3K9me3.narrowPeak	8.19726505244165e-32	79957
2	198	roadmap_epigenomics	31.37689965657	1.93460999790713	5279	869	872	902	902	881	452	7238	1199	roadmap_epigenomics H3K27me3	NA	NA	H3K27me3	NA	NA	E014-H3K27me3.narrowPeak	1.07771032177243e-31	90298
2	150	roadmap_epigenomics	30.2834055129434	2.09805305461473	3766	870	866	1017	1017	918	281	8751	1370	roadmap_epigenomics H3K27me3	NA	NA	H3K27me3	NA	NA	E008-H3K27me3.narrowPeak	1.33505799784366e-30	38910
2	908	roadmap_epigenomics	30.204781069127	2.07097062064556	3899	871	867	1002	1002	913	296	8618	1355	roadmap_epigenomics H3K27me3	NA	NA	H3K27me3	NA	NA	E112-H3K27me3.narrowPeak	1.5981925042498e-30	44640
2	212	roadmap_epigenomics	28.9705656582363	1.86204358221116	5544	872	876	894	894	881	494	6973	1157	roadmap_epigenomics H3K27me3	NA	NA	H3K27me3	NA	NA	E016-H3K27me3.narrowPeak	2.7374713196032e-29	84150
2	593	roadmap_epigenomics	27.2524872430194	1.80282502811876	8714	873	877	678	877	809	924	3803	727	roadmap_epigenomics H3K27me3	NA	NA	H3K27me3	NA	NA	E070-H3K27me3.narrowPeak	1.42867562055191e-27	132980
2	945	roadmap_epigenomics	27.0807432650816	2.41743075188383	2378	874	861	1103	1103	946	146	10139	1505	roadmap_epigenomics H3K27me3	NA	NA	H3K27me3	NA	NA	E116-H3K27me3.narrowPeak	2.1192579191927e-27	17339
2	339	roadmap_epigenomics	26.5748125662347	3.05894371588538	1610	875	808	1115	1115	933	76	10907	1575	roadmap_epigenomics H3K27me3	NA	NA	H3K27me3	NA	NA	E031-H3K27me3.narrowPeak	6.78611597180685e-27	10222
2	525	roadmap_epigenomics	24.8877980926604	1.73822873012335	8165	876	881	745	881	834	857	4352	794	roadmap_epigenomics H3K27me3	NA	NA	H3K27me3	NA	NA	E058-H3K27me3.narrowPeak	3.29718316810154e-25	199828
2	774	roadmap_epigenomics	24.3797954063634	1.7851720310344	5081	877	878	911	911	889	457	7436	1194	roadmap_epigenomics H3K27me3	NA	NA	H3K27me3	NA	NA	E093-H3K27me3.narrowPeak	1.06084917257705e-24	90546
2	286	roadmap_epigenomics	23.2828000513781	1.75953344797949	9384	878	880	573	880	777	1040	3133	611	roadmap_epigenomics H3K9me3	NA	NA	H3K9me3	NA	NA	E022-H3K9me3.narrowPeak	1.32482170756991e-23	207447
2	124	roadmap_epigenomics	22.8625364988469	1.71571438210138	5760	879	883	883	883	882	548	6757	1103	roadmap_epigenomics H3K27me3	NA	NA	H3K27me3	NA	NA	E007-H3K27me3.narrowPeak	3.48281160089198e-23	54468
2	914	roadmap_epigenomics	22.3328612892307	1.76975040482993	4590	880	879	938	938	899	407	7927	1244	roadmap_epigenomics H3K27me3	NA	NA	H3K27me3	NA	NA	E113-H3K27me3.narrowPeak	1.17791713867972e-22	57437
2	263	roadmap_epigenomics	22.0518289436412	1.68875784772779	6029	881	885	874	885	880	586	6488	1065	roadmap_epigenomics H3K27me3	NA	NA	H3K27me3	NA	NA	E020-H3K27me3.narrowPeak	2.24728000886119e-22	96382
2	53	roadmap_epigenomics	20.8607441337033	1.68894323634283	5306	882	884	901	901	889	501	7211	1150	roadmap_epigenomics H3K27me3	NA	NA	H3K27me3	NA	NA	E004-H3K27me3.narrowPeak	3.48540020532013e-21	77713
1	793	roadmap_epigenomics	18.0790869521698	1.5844562265074	724	7	9	712	712	243	3528	1137	8779	roadmap_epigenomics H3K9me3	NA	NA	H3K9me3	NA	NA	E095-H3K9me3.narrowPeak	2.10581899488042e-18	192228
2	28	roadmap_epigenomics	17.6656183435344	1.58010291751837	6715	883	889	854	889	875	698	5802	953	roadmap_epigenomics H3K27me3	NA	NA	H3K27me3	NA	NA	E003-H3K27me3.narrowPeak	5.45006148422406e-18	123423
2	171	roadmap_epigenomics	16.9234873475631	1.56695677485941	6400	884	891	864	891	880	661	6117	990	roadmap_epigenomics H3K9me3	NA	NA	H3K9me3	NA	NA	E009-H3K9me3.narrowPeak	3.00638572287224e-17	190181
1	789	roadmap_epigenomics	16.7859918909171	1.57199847169618	664	8	10	806	806	275	3210	1197	9097	roadmap_epigenomics H3K27me3	NA	NA	H3K27me3	NA	NA	E095-H3K27me3.narrowPeak	4.1214781960916e-17	152210
2	813	roadmap_epigenomics	16.0598838632142	1.72000753677743	3254	885	882	1057	1057	941	280	9263	1371	roadmap_epigenomics H3K27me3	NA	NA	H3K27me3	NA	NA	E098-H3K27me3.narrowPeak	2.19116170847319e-16	34318
1	564	roadmap_epigenomics	15.4483547404486	1.53808936881367	672	9	12	786	786	269	3307	1189	9000	roadmap_epigenomics H3K9me3	NA	NA	H3K9me3	NA	NA	E065-H3K9me3.narrowPeak	8.94782522723149e-16	124507
2	673	roadmap_epigenomics	15.4005305219013	1.60422320183697	4290	886	888	958	958	911	405	8227	1246	roadmap_epigenomics H3K9me3	NA	NA	H3K9me3	NA	NA	E081-H3K9me3.narrowPeak	9.97829167676482e-16	24119
2	177	roadmap_epigenomics	14.8187053994768	1.51554959884189	7399	887	895	815	895	866	806	5118	845	roadmap_epigenomics H3K9me3	NA	NA	H3K9me3	NA	NA	E010-H3K9me3.narrowPeak	3.80536520473976e-15	226115
2	1123	ucsc_features	13.6891963473929	Inf	252	888	1	1122	1122	670	0	12265	1651	UCSC Vista enhancers	NA	NA	NA	NA	NA	vistaEnhancers.bed	5.12178049014306e-14	1339
1	311	roadmap_epigenomics	13.4402101377309	1.48786174262866	679	10	14	775	775	266	3428	1182	8879	roadmap_epigenomics H3K27me3	NA	NA	H3K27me3	NA	NA	E027-H3K27me3.narrowPeak	9.07660168748518e-14	319446
1	1074	roadmap_epigenomics	13.391245484514	1.74057958547893	290	11	8	1096	1096	372	1180	1571	11127	roadmap_epigenomics H3K9me3	NA	NA	H3K9me3	NA	NA	E126-H3K9me3.narrowPeak	1.01485635517507e-13	12150
2	712	roadmap_epigenomics	13.3062756854673	1.67764766118277	2821	889	886	1083	1083	953	244	9696	1407	roadmap_epigenomics H3K27me3	NA	NA	H3K27me3	NA	NA	E086-H3K27me3.narrowPeak	1.23279696638706e-13	61387
1	1005	roadmap_epigenomics	13.2382014094106	1.4833717746341	677	12	16	778	778	269	3424	1184	8883	roadmap_epigenomics H3K27me3	NA	NA	H3K27me3	NA	NA	E121-H3K27me3.narrowPeak	1.44040145546494e-13	349372
2	699	roadmap_epigenomics	12.5160777020376	1.47796906310156	8486	890	897	711	897	833	970	4031	681	roadmap_epigenomics H3K9me3	NA	NA	H3K9me3	NA	NA	E084-H3K9me3.narrowPeak	7.58796837797594e-13	236782
1	865	roadmap_epigenomics	12.2845654493375	1.52596577404115	484	13	13	1011	1011	346	2304	1377	10003	roadmap_epigenomics H3K9me3	NA	NA	H3K9me3	NA	NA	E105-H3K9me3.narrowPeak	1.29168480969725e-12	72720
2	1	roadmap_epigenomics	12.0880025697297	1.46303874918379	5656	891	899	887	899	892	595	6861	1056	roadmap_epigenomics H3K27me3	NA	NA	H3K27me3	NA	NA	E001-H3K27me3.narrowPeak	2.02879773675457e-12	93339
2	179	roadmap_epigenomics	11.9738994409479	1.48393367398566	4786	892	896	924	924	904	486	7731	1165	roadmap_epigenomics H3K27me3	NA	NA	H3K27me3	NA	NA	E011-H3K27me3.narrowPeak	2.63549217910615e-12	107312
1	889	roadmap_epigenomics	11.8265489690273	1.42566383177669	822	14	22	551	551	196	4392	1039	7915	roadmap_epigenomics H3K27me3	NA	NA	H3K27me3	NA	NA	E109-H3K27me3.narrowPeak	3.69600529917425e-12	201231
1	877	roadmap_epigenomics	11.8035668968831	1.44499104186532	689	15	19	760	760	265	3559	1172	8748	roadmap_epigenomics H3K9me3	NA	NA	H3K9me3	NA	NA	E107-H3K9me3.narrowPeak	3.89256226284425e-12	110622
2	356	roadmap_epigenomics	11.557906562524	1.61367971132301	2778	893	887	1086	1086	955	248	9739	1403	roadmap_epigenomics H3K27me3	NA	NA	H3K27me3	NA	NA	E033-H3K27me3.narrowPeak	6.84569176874577e-12	39591
1	173	roadmap_epigenomics	11.5043308534866	1.43399940491762	707	16	21	735	735	257	3684	1154	8623	roadmap_epigenomics H3K27me3	NA	NA	H3K27me3	NA	NA	E010-H3K27me3.narrowPeak	7.7359742452653e-12	251817
1	538	roadmap_epigenomics	11.489029309989	1.45590942497755	609	17	18	888	888	308	3082	1252	9225	roadmap_epigenomics H3K9me3	NA	NA	H3K9me3	NA	NA	E059-H3K9me3.narrowPeak	8.00458921887635e-12	85196
1	861	roadmap_epigenomics	11.3429949045548	1.44323650707138	643	18	20	837	837	292	3296	1218	9011	roadmap_epigenomics H3K27me3	NA	NA	H3K27me3	NA	NA	E105-H3K27me3.narrowPeak	1.11917105726748e-11	139718
2	452	roadmap_epigenomics	10.9274264352091	1.56227067551508	3008	894	892	1072	1072	953	278	9509	1373	roadmap_epigenomics H3K27me3	NA	NA	H3K27me3	NA	NA	E048-H3K27me3.narrowPeak	2.91063989924349e-11	34760
1	324	roadmap_epigenomics	10.8790471448557	1.48511169130351	480	19	15	1014	1014	349	2334	1381	9973	roadmap_epigenomics H3K9me3	NA	NA	H3K9me3	NA	NA	E028-H3K9me3.narrowPeak	3.25006337422694e-11	192863
1	957	roadmap_epigenomics	10.7242541069116	1.46666272792141	512	20	17	998	998	345	2530	1349	9777	roadmap_epigenomics H3K27me3	NA	NA	H3K27me3	NA	NA	E117-H3K27me3.narrowPeak	4.63670482407103e-11	219064
2	381	roadmap_epigenomics	10.6741026041004	1.55466992392333	2987	895	894	1077	1077	955	277	9530	1374	roadmap_epigenomics H3K27me3	NA	NA	H3K27me3	NA	NA	E037-H3K27me3.narrowPeak	5.19859582603471e-11	36137
2	502	roadmap_epigenomics	10.514247927119	1.41488940388992	7716	896	900	791	900	862	878	4801	773	roadmap_epigenomics H3K27me3	NA	NA	H3K27me3	NA	NA	E055-H3K27me3.narrowPeak	7.50354257630876e-11	302342
2	370	roadmap_epigenomics	10.211081497898	1.5601414611832	2766	897	893	1089	1089	960	254	9751	1397	roadmap_epigenomics H3K27me3	NA	NA	H3K27me3	NA	NA	E035-H3K27me3.narrowPeak	1.50646455697164e-10	55503
2	1067	roadmap_epigenomics	10.2054690589988	1.57025812448588	2679	898	890	1092	1092	960	244	9838	1407	roadmap_epigenomics H3K27me3	NA	NA	H3K27me3	NA	NA	E126-H3K27me3.narrowPeak	1.52439674135194e-10	70203
2	192	roadmap_epigenomics	10.199139379163	1.40783930120545	7809	899	901	775	901	858	893	4708	758	roadmap_epigenomics H3K27me3	NA	NA	H3K27me3	NA	NA	E013-H3K27me3.narrowPeak	1.54509384105767e-10	207227
2	783	roadmap_epigenomics	10.0897453831774	1.467784913616	3872	900	898	1009	1009	936	386	8645	1265	roadmap_epigenomics H3K27me3	NA	NA	H3K27me3	NA	NA	E094-H3K27me3.narrowPeak	1.98553040259964e-10	42768
1	571	roadmap_epigenomics	9.99976567218012	1.39240862610842	726	21	28	707	707	252	3874	1135	8433	roadmap_epigenomics H3K9me3	NA	NA	H3K9me3	NA	NA	E066-H3K9me3.narrowPeak	2.43996979172527e-10	280982
1	901	roadmap_epigenomics	9.79682377099295	1.40168204169373	643	22	25	837	837	295	3367	1218	8940	roadmap_epigenomics H3K27me3	NA	NA	H3K27me3	NA	NA	E111-H3K27me3.narrowPeak	3.88915327912974e-10	155817
2	540	roadmap_epigenomics	9.61118956163793	1.39193133338291	7754	901	903	783	903	862	890	4763	761	roadmap_epigenomics H3K27me3	NA	NA	H3K27me3	NA	NA	E061-H3K27me3.narrowPeak	5.95687503251722e-10	303846
1	884	roadmap_epigenomics	9.51130365469523	1.39851899991739	621	23	26	868	868	306	3245	1240	9062	roadmap_epigenomics H3K9me3	NA	NA	H3K9me3	NA	NA	E108-H3K9me3.narrowPeak	7.48917753700414e-10	125491
1	976	roadmap_epigenomics	9.09383226979445	1.54282713323894	301	24	11	1092	1092	376	1368	1560	10939	roadmap_epigenomics H3K9me3	NA	NA	H3K9me3	NA	NA	E118-H3K9me3.narrowPeak	1.95630132643119e-09	97122
1	287	roadmap_epigenomics	8.9574773559179	1.3728312823235	673	25	30	784	784	280	3595	1188	8712	roadmap_epigenomics H3K27me3	NA	NA	H3K27me3	NA	NA	E023-H3K27me3.narrowPeak	2.67498535891539e-09	307913
1	529	roadmap_epigenomics	8.88135036326467	1.35894619743434	756	26	33	668	668	242	4121	1105	8186	roadmap_epigenomics H3K9me3	NA	NA	H3K9me3	NA	NA	E058-H3K9me3.narrowPeak	3.18404835445801e-09	301065
1	906	roadmap_epigenomics	8.41732862289266	1.40303095644351	489	27	24	1009	1009	353	2493	1372	9814	roadmap_epigenomics H3K9me3	NA	NA	H3K9me3	NA	NA	E111-H3K9me3.narrowPeak	9.25834057979925e-09	69918
1	458	roadmap_epigenomics	8.38162205254739	1.35952391092553	656	28	32	822	822	294	3519	1205	8788	roadmap_epigenomics H3K27me3	NA	NA	H3K27me3	NA	NA	E049-H3K27me3.narrowPeak	1.00408848226379e-08	322175
1	823	roadmap_epigenomics	8.36493549529083	1.41899144362507	444	29	23	1040	1040	364	2226	1417	10081	roadmap_epigenomics H3K9me3	NA	NA	H3K9me3	NA	NA	E099-H3K9me3.narrowPeak	1.04229656878207e-08	52477
1	599	roadmap_epigenomics	8.34288984503513	1.35340488801927	687	30	35	763	763	276	3715	1174	8592	roadmap_epigenomics H3K27me3	NA	NA	H3K27me3	NA	NA	E071-H3K27me3.narrowPeak	1.09539366744178e-08	129447
2	329	roadmap_epigenomics	8.27915629552742	1.37879582836582	4672	902	904	934	934	913	498	7845	1153	roadmap_epigenomics H3K27me3	NA	NA	H3K27me3	NA	NA	E029-H3K27me3.narrowPeak	1.26717776569843e-08	103373
2	738	roadmap_epigenomics	8.19520423339758	1.34924130667372	6879	903	906	845	906	885	784	5638	867	roadmap_epigenomics H3K27me3	NA	NA	H3K27me3	NA	NA	E089-H3K27me3.narrowPeak	1.53576184909187e-08	221319
2	249	roadmap_epigenomics	8.08467548365782	1.35002049818395	5989	904	905	876	905	895	668	6528	983	roadmap_epigenomics H3K27me3	NA	NA	H3K27me3	NA	NA	E018-H3K27me3.narrowPeak	1.97873388996145e-08	130489
2	387	roadmap_epigenomics	7.9665636536974	1.40555417879214	3668	905	902	1026	1026	944	376	8849	1275	roadmap_epigenomics H3K27me3	NA	NA	H3K27me3	NA	NA	E038-H3K27me3.narrowPeak	2.59438537426505e-08	62829
1	859	roadmap_epigenomics	7.84213625692765	1.38734803034996	479	31	29	1016	1016	359	2460	1382	9847	roadmap_epigenomics H3K9me3	NA	NA	H3K9me3	NA	NA	E104-H3K9me3.narrowPeak	3.45141868769763e-08	53841
1	487	roadmap_epigenomics	7.62492844342628	1.35558270503926	564	32	34	941	941	336	2989	1297	9318	roadmap_epigenomics H3K9me3	NA	NA	H3K9me3	NA	NA	E052-H3K9me3.narrowPeak	5.68514724812656e-08	148296
1	365	roadmap_epigenomics	7.57491035165703	1.31589377919524	1101	33	39	106	106	59.3	6449	760	5858	roadmap_epigenomics H3K27me3	NA	NA	H3K27me3	NA	NA	E034-H3K27me3.narrowPeak	6.37230510952861e-08	387733
1	203	roadmap_epigenomics	7.47032325843544	1.32037564521194	754	34	38	673	673	248	4188	1107	8119	roadmap_epigenomics H3K9me3	NA	NA	H3K9me3	NA	NA	E014-H3K9me3.narrowPeak	8.09880423378746e-08	279334
2	160	roadmap_epigenomics	7.2114797281432	1.32701430611251	7894	906	907	765	907	859	929	4623	722	roadmap_epigenomics H3K9me3	NA	NA	H3K9me3	NA	NA	E008-H3K9me3.narrowPeak	1.46825730473941e-07	210217
1	523	roadmap_epigenomics	6.9810562919483	1.30422681731723	778	35	42	628	628	235	4371	1083	7936	roadmap_epigenomics H3K9me3	NA	NA	H3K9me3	NA	NA	E057-H3K9me3.narrowPeak	2.49323856892135e-07	247543
1	828	roadmap_epigenomics	6.97563084810241	1.30772505370776	738	36	40	694	694	257	4116	1123	8191	roadmap_epigenomics H3K27me3	NA	NA	H3K27me3	NA	NA	E100-H3K27me3.narrowPeak	2.52190080933911e-07	119670
1	719	roadmap_epigenomics	6.96751117479508	1.36840851893738	446	37	31	1039	1039	369	2304	1415	10003	roadmap_epigenomics H3K27me3	NA	NA	H3K27me3	NA	NA	E087-H3K27me3.narrowPeak	2.56676958456646e-07	66475
1	1000	roadmap_epigenomics	6.74395064184558	1.39468621239396	367	38	27	1076	1076	380	1843	1494	10464	roadmap_epigenomics H3K9me3	NA	NA	H3K9me3	NA	NA	E120-H3K9me3.narrowPeak	4.29029461029298e-07	18061
1	832	roadmap_epigenomics	6.52061481416593	1.32194944832235	554	39	37	953	953	343	2988	1307	9319	roadmap_epigenomics H3K9me3	NA	NA	H3K9me3	NA	NA	E100-H3K9me3.narrowPeak	7.16742453904335e-07	148038
1	922	roadmap_epigenomics	6.37552189794082	1.32561941190173	517	40	36	993	993	356	2768	1344	9539	roadmap_epigenomics H3K27me3	NA	NA	H3K27me3	NA	NA	E114-H3K27me3.narrowPeak	9.99992441983708e-07	215893
1	605	roadmap_epigenomics	6.36256531547688	1.30720688595807	603	41	41	893	893	325	3302	1258	9005	roadmap_epigenomics H3K27me3	NA	NA	H3K27me3	NA	NA	E072-H3K27me3.narrowPeak	1.02918739241129e-06	109748
2	511	roadmap_epigenomics	5.65464665639213	1.27374784432158	6926	907	911	844	911	887	814	5591	837	roadmap_epigenomics H3K27me3	NA	NA	H3K27me3	NA	NA	E056-H3K27me3.narrowPeak	5.24752792274518e-06	290583
2	848	roadmap_epigenomics	5.63640159248025	1.27354804509277	6380	908	912	865	912	895	742	6137	909	roadmap_epigenomics H3K27me3	NA	NA	H3K27me3	NA	NA	E103-H3K27me3.narrowPeak	5.46691028599204e-06	164869
2	756	roadmap_epigenomics	5.45351157503378	1.28305751639095	4767	909	909	926	926	915	535	7750	1116	roadmap_epigenomics H3K27me3	NA	NA	H3K27me3	NA	NA	E091-H3K27me3.narrowPeak	8.32098179039777e-06	114417
1	553	roadmap_epigenomics	5.44062648329868	1.26445900558259	697	42	48	746	746	279	3955	1164	8352	roadmap_epigenomics H3K27me3	NA	NA	H3K27me3	NA	NA	E063-H3K27me3.narrowPeak	8.56254272815265e-06	207798
1	277	roadmap_epigenomics	5.40974312163013	1.29362647644459	505	43	43	1004	1004	363	2751	1356	9556	roadmap_epigenomics H3K9me3	NA	NA	H3K9me3	NA	NA	E021-H3K9me3.narrowPeak	9.18395362184912e-06	61601
1	62	roadmap_epigenomics	5.35982159421448	1.2837712699991	543	44	45	967	967	352	2990	1318	9317	roadmap_epigenomics H3K9me3	NA	NA	H3K9me3	NA	NA	E004-H3K9me3.narrowPeak	1.02918928736316e-05	65901
1	661	roadmap_epigenomics	5.34098141393392	1.24904117193784	917	45	51	368	368	155	5384	944	6923	roadmap_epigenomics H3K27me3	NA	NA	H3K27me3	NA	NA	E080-H3K27me3.narrowPeak	1.07369260833093e-05	290737
1	612	roadmap_epigenomics	5.31819355827181	1.26417724176302	662	46	49	809	809	301	3741	1199	8566	roadmap_epigenomics H3K27me3	NA	NA	H3K27me3	NA	NA	E073-H3K27me3.narrowPeak	1.13034969658535e-05	123448
1	872	roadmap_epigenomics	5.16419603136622	1.25150636301177	741	47	50	689	689	262	4256	1120	8051	roadmap_epigenomics H3K27me3	NA	NA	H3K27me3	NA	NA	E107-H3K27me3.narrowPeak	1.60974034258848e-05	192092
1	573	roadmap_epigenomics	5.15301661368854	1.26915404670508	584	48	46	910	910	335	3260	1277	9047	roadmap_epigenomics H3K27me3	NA	NA	H3K27me3	NA	NA	E067-H3K27me3.narrowPeak	1.64998957578385e-05	102020
2	76	roadmap_epigenomics	5.13110561757062	1.26210994550956	5496	910	913	896	913	906	632	7021	1019	roadmap_epigenomics H3K27me3	NA	NA	H3K27me3	NA	NA	E005-H3K27me3.narrowPeak	1.73355899297728e-05	76270
2	1055	roadmap_epigenomics	5.07701856263615	1.27882697029409	4280	911	910	960	960	927	477	8237	1174	roadmap_epigenomics H3K27me3	NA	NA	H3K27me3	NA	NA	E125-H3K27me3.narrowPeak	1.96142895484977e-05	199061
1	1109	roadmap_epigenomics	5.01456363867098	1.26496564674198	579	49	47	917	917	338	3238	1282	9069	roadmap_epigenomics H3K9me3	NA	NA	H3K9me3	NA	NA	E129-H3K9me3.narrowPeak	2.26242858970601e-05	180247
2	765	roadmap_epigenomics	4.88227341322054	1.25031268535069	7485	912	914	805	914	877	897	5032	754	roadmap_epigenomics H3K27me3	NA	NA	H3K27me3	NA	NA	E092-H3K27me3.narrowPeak	3.06487630126432e-05	273954
1	298	roadmap_epigenomics	4.76963525296193	1.24401301814278	675	50	53	781	781	295	3863	1186	8444	roadmap_epigenomics H3K27me3	NA	NA	H3K27me3	NA	NA	E025-H3K27me3.narrowPeak	3.9682536731872e-05	300249
1	1087	roadmap_epigenomics	4.51954924711692	1.24569289127874	586	51	52	905	905	336	3317	1275	8990	roadmap_epigenomics H3K9me3	NA	NA	H3K9me3	NA	NA	E127-H3K9me3.narrowPeak	7.0507321677027e-05	155989
2	1115	ucsc_features	4.39308064322572	1.90942666813328	12291	913	874	1	913	596	1595	226	56	UCSC LaminBq	NA	NA	NA	NA	NA	laminB1.bed	9.424364502269e-05	2859551
1	360	roadmap_epigenomics	4.36398657548489	1.28883560471541	370	52	44	1075	1075	390	1987	1491	10320	roadmap_epigenomics H3K9me3	NA	NA	H3K9me3	NA	NA	E033-H3K9me3.narrowPeak	0.000100669025161208	37434
1	988	roadmap_epigenomics	4.18376554974733	1.22332869796589	672	53	54	786	786	298	3889	1189	8418	roadmap_epigenomics H3K9me3	NA	NA	H3K9me3	NA	NA	E119-H3K9me3.narrowPeak	0.00015228848833985	271804
2	205	roadmap_epigenomics	4.0673410990748	1.22623172765349	5186	914	916	907	916	912	604	7331	1047	roadmap_epigenomics H3K27me3	NA	NA	H3K27me3	NA	NA	E015-H3K27me3.narrowPeak	0.000198903387116392	125743
1	619	roadmap_epigenomics	4.00387641720861	1.22232552050393	615	54	55	878	878	329	3540	1246	8767	roadmap_epigenomics H3K27me3	NA	NA	H3K27me3	NA	NA	E074-H3K27me3.narrowPeak	0.000229963006235227	137148
2	819	roadmap_epigenomics	3.88670276286129	1.28748486983441	2535	915	908	1096	1096	973	272	9982	1379	roadmap_epigenomics H3K27me3	NA	NA	H3K27me3	NA	NA	E099-H3K27me3.narrowPeak	0.000300872996963092	40652
1	244	roadmap_epigenomics	3.84162059125453	1.20023210491376	870	55	60	466	466	194	5199	991	7108	roadmap_epigenomics H3K9me3	NA	NA	H3K9me3	NA	NA	E017-H3K9me3.narrowPeak	0.000333439792026416	418568
1	617	roadmap_epigenomics	3.80665179638327	1.20960049782437	667	56	57	797	797	303	3888	1194	8419	roadmap_epigenomics H3K9me3	NA	NA	H3K9me3	NA	NA	E073-H3K9me3.narrowPeak	0.000361026204521333	139270
2	1043	roadmap_epigenomics	3.74534151880581	1.21407310961581	5132	916	917	910	917	914	601	7385	1050	roadmap_epigenomics H3K27me3	NA	NA	H3K27me3	NA	NA	E124-H3K27me3.narrowPeak	0.000415338287769972	160742
1	338	roadmap_epigenomics	3.63423874946896	1.20171997932948	682	57	59	771	771	296	3999	1179	8308	roadmap_epigenomics H3K9me3	NA	NA	H3K9me3	NA	NA	E030-H3K9me3.narrowPeak	0.000535868418021744	242870
1	879	roadmap_epigenomics	3.63264373199047	1.19878675027928	723	58	61	714	714	278	4263	1138	8044	roadmap_epigenomics H3K27me3	NA	NA	H3K27me3	NA	NA	E108-H3K27me3.narrowPeak	0.000537287903603515	189539
1	587	roadmap_epigenomics	3.50457357892852	1.21576565225902	511	59	56	999	999	371	2922	1350	9385	roadmap_epigenomics H3K27me3	NA	NA	H3K27me3	NA	NA	E069-H3K27me3.narrowPeak	0.000720827849243589	78271
1	558	roadmap_epigenomics	3.5022295442364	1.1941364609758	717	60	62	721	721	281	4236	1144	8071	roadmap_epigenomics H3K9me3	NA	NA	H3K9me3	NA	NA	E063-H3K9me3.narrowPeak	0.000723986369859444	232267
1	867	roadmap_epigenomics	3.49267538271274	1.18826553471149	838	61	64	524	524	216	5022	1023	7285	roadmap_epigenomics H3K27me3	NA	NA	H3K27me3	NA	NA	E106-H3K27me3.narrowPeak	0.000739332513469342	171804
1	566	roadmap_epigenomics	3.02979070346162	1.20697254750819	434	62	58	1051	1051	390	2477	1427	9830	roadmap_epigenomics H3K27me3	NA	NA	H3K27me3	NA	NA	E066-H3K27me3.narrowPeak	0.0021442735754607	107945
1	650	roadmap_epigenomics	3.00014883444062	1.18075859458205	620	63	65	869	869	332	3659	1241	8648	roadmap_epigenomics H3K9me3	NA	NA	H3K9me3	NA	NA	E078-H3K9me3.narrowPeak	0.0022933916432819	134778
2	1121	ucsc_features	2.98464609761286	1.23391479717047	10456	917	915	301	917	711	1328	2061	323	UCSC Simple repeats	NA	NA	NA	NA	NA	simpleRepeat.bed	0.00237431085814661	958537
2	7	roadmap_epigenomics	2.9758754376057	1.19102219404173	4260	918	919	963	963	933	499	8257	1152	roadmap_epigenomics H3K27me3	NA	NA	H3K27me3	NA	NA	E002-H3K27me3.narrowPeak	0.00242027829980771	95078
2	1092	roadmap_epigenomics	2.97139468194687	1.20249271892287	3592	919	918	1032	1032	956	414	8925	1237	roadmap_epigenomics H3K27me3	NA	NA	H3K27me3	NA	NA	E128-H3K27me3.narrowPeak	0.00244288814638015	130551
1	210	roadmap_epigenomics	2.90656693283278	1.16576733546457	821	64	67	554	554	228	4969	1040	7338	roadmap_epigenomics H3K9me3	NA	NA	H3K9me3	NA	NA	E015-H3K9me3.narrowPeak	0.00283327872978868	342240
1	1079	roadmap_epigenomics	2.79162736965551	1.16474341005997	724	65	69	712	712	282	4350	1137	7957	roadmap_epigenomics H3K27me3	NA	NA	H3K27me3	NA	NA	E127-H3K27me3.narrowPeak	0.00368796918678163	230204
1	217	roadmap_epigenomics	2.74561437915734	1.16093592705054	765	66	74	648	648	263	4621	1096	7686	roadmap_epigenomics H3K9me3	NA	NA	H3K9me3	NA	NA	E016-H3K9me3.narrowPeak	0.00409599240116289	236873
1	292	roadmap_epigenomics	2.73253833548116	1.16296332748044	709	67	73	730	730	290	4259	1152	8048	roadmap_epigenomics H3K9me3	NA	NA	H3K9me3	NA	NA	E023-H3K9me3.narrowPeak	0.00421691164465388	224057
2	85	roadmap_epigenomics	2.67753649184013	1.18222508300329	9203	920	920	611	920	817	1158	3314	493	roadmap_epigenomics H3K9me3	NA	NA	H3K9me3	NA	NA	E005-H3K9me3.narrowPeak	0.00478141134215771	286964
1	871	roadmap_epigenomics	2.64625233896437	1.16451894336628	625	68	71	863	863	334	3726	1236	8581	roadmap_epigenomics H3K9me3	NA	NA	H3K9me3	NA	NA	E106-H3K9me3.narrowPeak	0.00513334517995721	167309
1	839	roadmap_epigenomics	2.51269153934094	1.1639854092988	558	69	72	947	947	363	3310	1303	8997	roadmap_epigenomics H3K9me3	NA	NA	H3K9me3	NA	NA	E101-H3K9me3.narrowPeak	0.00697464200455993	120707
1	846	roadmap_epigenomics	2.49639653711758	1.16489275021063	541	70	68	970	970	369	3203	1320	9104	roadmap_epigenomics H3K9me3	NA	NA	H3K9me3	NA	NA	E102-H3K9me3.narrowPeak	0.00723399193447859	148364
2	132	roadmap_epigenomics	2.48389433415991	1.1552757453214	7126	921	925	826	925	891	881	5391	770	roadmap_epigenomics H3K9me3	NA	NA	H3K9me3	NA	NA	E007-H3K9me3.narrowPeak	0.00743775319666649	151755
2	439	roadmap_epigenomics	2.44922670235024	1.16629228438271	4177	922	923	968	968	938	496	8340	1155	roadmap_epigenomics H3K27me3	NA	NA	H3K27me3	NA	NA	E046-H3K27me3.narrowPeak	0.00804769256779446	116582
2	101	roadmap_epigenomics	2.41082430076141	1.18084205738846	3200	923	921	1064	1064	969	372	9317	1279	roadmap_epigenomics H3K27me3	NA	NA	H3K27me3	NA	NA	E006-H3K27me3.narrowPeak	0.0087828649056701	117340
2	12	roadmap_epigenomics	2.39889678782727	1.15078638283364	6269	924	926	868	926	906	769	6248	882	roadmap_epigenomics H3K9me3	NA	NA	H3K9me3	NA	NA	E002-H3K9me3.narrowPeak	0.00901833948307208	304858
1	1038	roadmap_epigenomics	2.37244916052326	1.19186401978101	337	71	63	1079	1079	404	1926	1524	10381	roadmap_epigenomics H3K9me3	NA	NA	H3K9me3	NA	NA	E123-H3K9me3.narrowPeak	0.0095749719562844	22127
2	400	roadmap_epigenomics	2.31247292868971	1.16741923985238	3598	925	922	1030	1030	959	424	8919	1227	roadmap_epigenomics H3K27me3	NA	NA	H3K27me3	NA	NA	E040-H3K27me3.narrowPeak	0.0109819000015046	76554
1	343	roadmap_epigenomics	2.27183772048894	1.17619357858238	379	72	66	1072	1072	403	2198	1482	10109	roadmap_epigenomics H3K9me3	NA	NA	H3K9me3	NA	NA	E031-H3K9me3.narrowPeak	0.0120469434892767	25266
1	416	roadmap_epigenomics	2.26201935876018	1.16462776558653	443	73	70	1041	1041	395	2603	1418	9704	roadmap_epigenomics H3K9me3	NA	NA	H3K9me3	NA	NA	E042-H3K9me3.narrowPeak	0.0123100509909269	78727
1	305	roadmap_epigenomics	2.17113541669868	1.1446579725067	583	74	79	914	914	356	3507	1278	8800	roadmap_epigenomics H3K27me3	NA	NA	H3K27me3	NA	NA	E026-H3K27me3.narrowPeak	0.0151603367081873	281141
1	109	roadmap_epigenomics	2.16790360098415	1.13347097486773	818	75	81	562	562	239	5033	1043	7274	roadmap_epigenomics H3K9me3	NA	NA	H3K9me3	NA	NA	E006-H3K9me3.narrowPeak	0.015258300050851	248522
2	488	roadmap_epigenomics	2.16428456420627	1.16365356646637	3329	926	924	1050	1050	967	392	9188	1259	roadmap_epigenomics H3K27me3	NA	NA	H3K27me3	NA	NA	E053-H3K27me3.narrowPeak	0.0153706102453233	115999
1	804	roadmap_epigenomics	2.11964273356748	1.15512771631202	453	76	77	1033	1033	395	2681	1408	9626	roadmap_epigenomics H3K27me3	NA	NA	H3K27me3	NA	NA	E097-H3K27me3.narrowPeak	0.0170054581971984	112268
1	261	roadmap_epigenomics	2.11952048079364	1.1379758348383	643	77	80	837	837	331	3900	1218	8407	roadmap_epigenomics H3K9me3	NA	NA	H3K9me3	NA	NA	E019-H3K9me3.narrowPeak	0.0170054581971984	217812
1	392	roadmap_epigenomics	2.04642990922702	1.15823216918472	402	78	75	1065	1065	406	2365	1459	9942	roadmap_epigenomics H3K9me3	NA	NA	H3K9me3	NA	NA	E038-H3K9me3.narrowPeak	0.0201023175856245	43418
1	385	roadmap_epigenomics	2.02384419894668	1.15511878965667	413	79	78	1058	1058	405	2437	1448	9870	roadmap_epigenomics H3K9me3	NA	NA	H3K9me3	NA	NA	E037-H3K9me3.narrowPeak	0.021145884016018	66247
1	580	roadmap_epigenomics	2.0235859254089	1.1569816485207	401	80	76	1067	1067	408	2361	1460	9946	roadmap_epigenomics H3K27me3	NA	NA	H3K27me3	NA	NA	E068-H3K27me3.narrowPeak	0.021145884016018	52286
1	610	roadmap_epigenomics	1.93009361187033	1.12808585827602	645	81	82	835	835	333	3936	1216	8371	roadmap_epigenomics H3K9me3	NA	NA	H3K9me3	NA	NA	E072-H3K9me3.narrowPeak	0.0261991179137533	143837
1	644	roadmap_epigenomics	1.76706908898433	1.12081868667802	616	82	83	874	874	346	3769	1245	8538	roadmap_epigenomics H3K9me3	NA	NA	H3K9me3	NA	NA	E077-H3K9me3.narrowPeak	0.038096066032571	223454
1	1062	roadmap_epigenomics	1.6937800191107	1.10976550085225	818	83	88	562	562	244	5096	1043	7211	roadmap_epigenomics H3K9me3	NA	NA	H3K9me3	NA	NA	E125-H3K9me3.narrowPeak	0.04505454068574	149930
1	481	roadmap_epigenomics	1.69012808850127	1.11594510160008	626	84	84	859	859	342	3844	1235	8463	roadmap_epigenomics H3K27me3	NA	NA	H3K27me3	NA	NA	E052-H3K27me3.narrowPeak	0.045390011172446	291852
1	167	roadmap_epigenomics	1.6627026087986	1.1128246113898	659	85	86	814	814	328	4062	1202	8245	roadmap_epigenomics H3K27me3	NA	NA	H3K27me3	NA	NA	E009-H3K27me3.narrowPeak	0.0483009850160726	215158
1	254	roadmap_epigenomics	1.64867383243653	1.11293867458666	639	86	85	845	845	339	3934	1222	8373	roadmap_epigenomics H3K9me3	NA	NA	H3K9me3	NA	NA	E018-H3K9me3.narrowPeak	0.0498374034124232	188469
1	760	roadmap_epigenomics	1.61198242094204	1.11258729240696	604	87	87	891	891	355	3712	1257	8595	roadmap_epigenomics H3K9me3	NA	NA	H3K9me3	NA	NA	E091-H3K9me3.narrowPeak	0.0541773658728153	158209
2	964	roadmap_epigenomics	1.57578165512032	1.11182804618406	4930	927	931	921	931	926	609	7587	1042	roadmap_epigenomics H3K9me3	NA	NA	H3K9me3	NA	NA	E117-H3K9me3.narrowPeak	0.0588288206091314	92881
2	685	roadmap_epigenomics	1.57150839391903	1.12870351724958	3134	928	928	1067	1067	974	377	9383	1274	roadmap_epigenomics H3K27me3	NA	NA	H3K27me3	NA	NA	E083-H3K27me3.narrowPeak	0.059351994217005	94590
1	333	roadmap_epigenomics	1.55446298792946	1.10389041263478	739	88	92	691	691	290	4599	1122	7708	roadmap_epigenomics H3K9me3	NA	NA	H3K9me3	NA	NA	E029-H3K9me3.narrowPeak	0.0616670333448199	223443
1	853	roadmap_epigenomics	1.51475308635782	1.10632401696496	613	89	90	881	881	353	3784	1248	8523	roadmap_epigenomics H3K9me3	NA	NA	H3K9me3	NA	NA	E103-H3K9me3.narrowPeak	0.0675049644119486	100968
2	728	roadmap_epigenomics	1.50964215357051	1.11326489348985	4088	929	929	979	979	946	501	8429	1150	roadmap_epigenomics H3K27me3	NA	NA	H3K27me3	NA	NA	E088-H3K27me3.narrowPeak	0.0682369835461146	203560
2	626	roadmap_epigenomics	1.49214948705327	1.10412390172341	5658	930	933	886	933	916	706	6859	945	roadmap_epigenomics H3K27me3	NA	NA	H3K27me3	NA	NA	E075-H3K27me3.narrowPeak	0.0709718426260742	185405
1	268	roadmap_epigenomics	1.46853015897109	1.09861820637016	752	90	93	674	674	286	4697	1109	7610	roadmap_epigenomics H3K9me3	NA	NA	H3K9me3	NA	NA	E020-H3K9me3.narrowPeak	0.0748651020974774	201977
1	450	roadmap_epigenomics	1.3652945075335	1.10683847300307	458	91	89	1031	1031	404	2803	1403	9504	roadmap_epigenomics H3K9me3	NA	NA	H3K9me3	NA	NA	E047-H3K9me3.narrowPeak	0.0948613939848807	66663
2	1030	roadmap_epigenomics	1.36186796938048	1.11190522860534	3243	931	930	1061	1061	974	395	9274	1256	roadmap_epigenomics H3K27me3	NA	NA	H3K27me3	NA	NA	E123-H3K27me3.narrowPeak	0.0955192462499748	123368
2	597	roadmap_epigenomics	1.31135666998993	1.09300660037258	5596	932	935	890	935	919	702	6921	949	roadmap_epigenomics H3K9me3	NA	NA	H3K9me3	NA	NA	E070-H3K9me3.narrowPeak	0.107195720637304	240503
2	717	roadmap_epigenomics	1.30788179799884	1.11110582103682	3001	933	932	1073	1073	979	365	9516	1286	roadmap_epigenomics H3K9me3	NA	NA	H3K9me3	NA	NA	E086-H3K9me3.narrowPeak	0.107951329979167	29160
1	544	roadmap_epigenomics	1.28237060416593	1.08637058331959	811	92	100	578	578	257	5114	1050	7193	roadmap_epigenomics H3K9me3	NA	NA	H3K9me3	NA	NA	E061-H3K9me3.narrowPeak	0.114370832510111	269877
1	456	roadmap_epigenomics	1.28138358571322	1.10466585647164	415	93	91	1057	1057	414	2538	1446	9769	roadmap_epigenomics H3K9me3	NA	NA	H3K9me3	NA	NA	E048-H3K9me3.narrowPeak	0.114519331829213	50821
2	894	roadmap_epigenomics	1.2806055697032	1.09425491860832	4673	934	934	932	934	933	582	7844	1069	roadmap_epigenomics H3K27me3	NA	NA	H3K27me3	NA	NA	E110-H3K27me3.narrowPeak	0.11461296259672	119289
1	551	roadmap_epigenomics	1.27486797153942	1.09612989332163	517	94	94	993	993	394	3197	1344	9110	roadmap_epigenomics H3K9me3	NA	NA	H3K9me3	NA	NA	E062-H3K9me3.narrowPeak	0.116024222209986	97775
1	303	roadmap_epigenomics	1.2733122195395	1.09087945046112	618	95	96	873	873	355	3853	1243	8454	roadmap_epigenomics H3K9me3	NA	NA	H3K9me3	NA	NA	E025-H3K9me3.narrowPeak	0.116327436484856	216512
1	310	roadmap_epigenomics	1.22505542443082	1.08951639472637	575	96	98	922	922	372	3581	1286	8726	roadmap_epigenomics H3K9me3	NA	NA	H3K9me3	NA	NA	E026-H3K9me3.narrowPeak	0.129872470741675	170622
1	428	roadmap_epigenomics	1.22311220339161	1.09271736743574	513	97	95	996	996	396	3179	1348	9128	roadmap_epigenomics H3K9me3	NA	NA	H3K9me3	NA	NA	E044-H3K9me3.narrowPeak	0.130328345879382	145102
1	422	roadmap_epigenomics	1.18280514425589	1.08867354790325	533	98	99	978	978	392	3315	1328	8992	roadmap_epigenomics H3K9me3	NA	NA	H3K9me3	NA	NA	E043-H3K9me3.narrowPeak	0.142864692375463	129594
1	406	roadmap_epigenomics	1.17250624232986	1.08275352813756	657	99	102	820	820	340	4124	1204	8183	roadmap_epigenomics H3K27me3	NA	NA	H3K27me3	NA	NA	E041-H3K27me3.narrowPeak	0.146151470067753	184455
1	398	roadmap_epigenomics	1.11852767582134	1.08435161627476	526	100	101	984	984	395	3280	1335	9027	roadmap_epigenomics H3K9me3	NA	NA	H3K9me3	NA	NA	E039-H3K9me3.narrowPeak	0.165333758026908	85095
2	841	roadmap_epigenomics	1.09303106372528	1.0845690809345	3993	935	936	989	989	953	498	8524	1153	roadmap_epigenomics H3K27me3	NA	NA	H3K27me3	NA	NA	E102-H3K27me3.narrowPeak	0.175161372057229	129148
1	418	roadmap_epigenomics	1.08715082264143	1.07779611277256	627	101	104	854	854	353	3943	1234	8364	roadmap_epigenomics H3K27me3	NA	NA	H3K27me3	NA	NA	E043-H3K27me3.narrowPeak	0.177377763156948	166658
1	646	roadmap_epigenomics	1.08226417603365	1.07640540643967	661	102	106	810	810	339	4166	1200	8141	roadmap_epigenomics H3K27me3	NA	NA	H3K27me3	NA	NA	E078-H3K27me3.narrowPeak	0.179211889793596	107890
1	443	roadmap_epigenomics	1.07869366482032	1.07668307085114	643	103	105	837	837	348	4049	1218	8258	roadmap_epigenomics H3K9me3	NA	NA	H3K9me3	NA	NA	E046-H3K9me3.narrowPeak	0.180517260282022	220089
1	724	roadmap_epigenomics	1.06876384074983	1.09015066640953	388	104	97	1069	1069	423	2395	1473	9912	roadmap_epigenomics H3K9me3	NA	NA	H3K9me3	NA	NA	E087-H3K9me3.narrowPeak	0.18451444176009	39484
2	468	roadmap_epigenomics	1.06269499036733	1.08191354920544	4041	936	937	982	982	952	505	8476	1146	roadmap_epigenomics H3K27me3	NA	NA	H3K27me3	NA	NA	E050-H3K27me3.narrowPeak	0.186931040025632	188829
1	578	roadmap_epigenomics	1.04759000795951	1.07822610160387	542	105	103	969	969	392	3396	1319	8911	roadmap_epigenomics H3K9me3	NA	NA	H3K9me3	NA	NA	E067-H3K9me3.narrowPeak	0.193361058334346	97767
2	769	roadmap_epigenomics	1.04050854287071	1.07568818680682	7768	937	938	779	938	885	996	4749	655	roadmap_epigenomics H3K9me3	NA	NA	H3K9me3	NA	NA	E092-H3K9me3.narrowPeak	0.19635116848157	273587
2	1122	ucsc_features	1.01288956293675	1.13279693016188	11516	938	927	18	938	628	1503	1001	148	UCSC Switch DB TSSs	NA	NA	NA	NA	NA	switchDbTss.bed	0.209043120906876	131751
1	1103	roadmap_epigenomics	1.00993466854538	1.07142671309295	653	106	108	829	829	348	4127	1208	8180	roadmap_epigenomics H3K27me3	NA	NA	H3K27me3	NA	NA	E129-H3K27me3.narrowPeak	0.21026867824002	309622
1	560	roadmap_epigenomics	1.00879640271655	1.07087336284705	671	107	110	789	789	335	4245	1190	8062	roadmap_epigenomics H3K27me3	NA	NA	H3K27me3	NA	NA	E065-H3K27me3.narrowPeak	0.210618763488998	134896
1	603	roadmap_epigenomics	1.00453409841945	1.07289494842562	593	108	107	898	898	371	3736	1268	8571	roadmap_epigenomics H3K9me3	NA	NA	H3K9me3	NA	NA	E071-H3K9me3.narrowPeak	0.21249267756026	136353
1	463	roadmap_epigenomics	0.980520195468146	1.07000784898218	626	109	111	859	859	360	3956	1235	8351	roadmap_epigenomics H3K9me3	NA	NA	H3K9me3	NA	NA	E049-H3K9me3.narrowPeak	0.224358679265062	233346
2	1017	roadmap_epigenomics	0.930186290926446	1.0730187099135	3730	939	939	1024	1024	967	468	8787	1183	roadmap_epigenomics H3K27me3	NA	NA	H3K27me3	NA	NA	E122-H3K27me3.narrowPeak	0.251687807963304	176690
2	190	roadmap_epigenomics	0.888851379033244	1.06586181914486	4465	940	941	941	941	941	565	8052	1086	roadmap_epigenomics H3K9me3	NA	NA	H3K9me3	NA	NA	E012-H3K9me3.narrowPeak	0.276555872378807	164404
2	633	roadmap_epigenomics	0.851369315188923	1.06783315183661	3452	941	940	1043	1043	975	434	9065	1217	roadmap_epigenomics H3K27me3	NA	NA	H3K27me3	NA	NA	E076-H3K27me3.narrowPeak	0.301197343854408	65497
1	592	roadmap_epigenomics	0.843078994237749	1.06072744194443	572	110	112	926	926	383	3630	1289	8677	roadmap_epigenomics H3K9me3	NA	NA	H3K9me3	NA	NA	E069-H3K9me3.narrowPeak	0.306710074627164	114493
2	476	roadmap_epigenomics	0.790792094573896	1.05905143234616	4037	942	942	983	983	956	512	8480	1139	roadmap_epigenomics H3K27me3	NA	NA	H3K27me3	NA	NA	E051-H3K27me3.narrowPeak	0.345622428588211	236036
2	492	roadmap_epigenomics	0.775225984276224	1.05501609360825	4828	943	943	923	943	936	616	7689	1035	roadmap_epigenomics H3K9me3	NA	NA	H3K9me3	NA	NA	E053-H3K9me3.narrowPeak	0.357894806650455	206695
1	434	roadmap_epigenomics	0.743235818065536	1.05633369979425	450	111	113	1037	1037	420	2854	1411	9453	roadmap_epigenomics H3K9me3	NA	NA	H3K9me3	NA	NA	E045-H3K9me3.narrowPeak	0.384887071284721	83794
2	348	roadmap_epigenomics	0.70509246485441	1.04902673692114	4673	944	944	932	944	940	598	7844	1053	roadmap_epigenomics H3K27me3	NA	NA	H3K27me3	NA	NA	E032-H3K27me3.narrowPeak	0.419821646381224	178963
2	6	roadmap_epigenomics	0.682276678223686	1.04674419255164	4728	945	945	928	945	939	606	7789	1045	roadmap_epigenomics H3K9me3	NA	NA	H3K9me3	NA	NA	E001-H3K9me3.narrowPeak	0.442047720613577	176553
2	747	roadmap_epigenomics	0.679941130059952	1.04495721941711	5838	946	946	881	946	924	752	6679	899	roadmap_epigenomics H3K27me3	NA	NA	H3K27me3	NA	NA	E090-H3K27me3.narrowPeak	0.444010902903955	283720
2	394	roadmap_epigenomics	0.618580586052401	1.04295017146523	3818	947	947	1012	1012	969	489	8699	1162	roadmap_epigenomics H3K27me3	NA	NA	H3K27me3	NA	NA	E039-H3K27me3.narrowPeak	0.510808427819299	115142
1	795	roadmap_epigenomics	0.618255737750419	1.04390324824709	437	112	114	1049	1049	425	2796	1424	9511	roadmap_epigenomics H3K27me3	NA	NA	H3K27me3	NA	NA	E096-H3K27me3.narrowPeak	0.510808427819299	85642
1	38	roadmap_epigenomics	0.606132560817843	1.03588298412292	864	113	115	475	475	234	5606	997	6701	roadmap_epigenomics H3K9me3	NA	NA	H3K9me3	NA	NA	E003-H3K9me3.narrowPeak	0.524772811145407	307462
2	952	roadmap_epigenomics	0.59813044811376	1.04133499915089	3652	948	948	1027	1027	974	468	8865	1183	roadmap_epigenomics H3K9me3	NA	NA	H3K9me3	NA	NA	E116-H3K9me3.narrowPeak	0.534027866563223	59492
2	981	roadmap_epigenomics	0.578663205646723	1.03838115734544	3891	949	949	1006	1006	968	500	8626	1151	roadmap_epigenomics H3K27me3	NA	NA	H3K27me3	NA	NA	E119-H3K27me3.narrowPeak	0.557984364451422	181513
1	1119	ucsc_features	0.558873937505454	1.80477805161872	3	114	7	1122	1122	414	11	1858	12296	UCSC Numts assembled	NA	NA	NA	NA	NA	numtSAssembled.bed	0.583448529896609	78
2	379	roadmap_epigenomics	0.550276970509096	1.03219060433497	6058	950	951	872	951	924	786	6459	865	roadmap_epigenomics H3K9me3	NA	NA	H3K9me3	NA	NA	E036-H3K9me3.narrowPeak	0.594553792160903	237679
2	430	roadmap_epigenomics	0.53494819280469	1.032775594684	4168	951	950	970	970	957	538	8349	1113	roadmap_epigenomics H3K27me3	NA	NA	H3K27me3	NA	NA	E045-H3K27me3.narrowPeak	0.615335471907207	113136
2	497	roadmap_epigenomics	0.523563679046176	1.03103015442953	4393	952	952	952	952	952	568	8124	1083	roadmap_epigenomics H3K9me3	NA	NA	H3K9me3	NA	NA	E054-H3K9me3.narrowPeak	0.631086468325877	152197
2	708	roadmap_epigenomics	0.522825611952081	1.02925123452744	6451	953	953	861	953	922	839	6066	812	roadmap_epigenomics H3K9me3	NA	NA	H3K9me3	NA	NA	E085-H3K9me3.narrowPeak	0.631567423089598	264076
1	742	roadmap_epigenomics	0.518640926761047	1.03005421939283	543	115	118	967	967	400	3516	1318	8791	roadmap_epigenomics H3K9me3	NA	NA	H3K9me3	NA	NA	E089-H3K9me3.narrowPeak	0.637085282561973	123393
1	375	roadmap_epigenomics	0.518016446466476	1.02805411883448	706	116	119	736	736	324	4589	1155	7718	roadmap_epigenomics H3K27me3	NA	NA	H3K27me3	NA	NA	E036-H3K27me3.narrowPeak	0.637405197197719	292043
1	410	roadmap_epigenomics	0.514097482064169	1.03092160871229	474	117	116	1022	1022	418	3064	1387	9243	roadmap_epigenomics H3K9me3	NA	NA	H3K9me3	NA	NA	E041-H3K9me3.narrowPeak	0.6425819056644	98944
1	404	roadmap_epigenomics	0.511486269732724	1.03067837152671	471	118	117	1025	1025	420	3045	1390	9262	roadmap_epigenomics H3K9me3	NA	NA	H3K9me3	NA	NA	E040-H3K9me3.narrowPeak	0.645853490955949	108267
1	1012	roadmap_epigenomics	0.501062120998975	1.0265237516711	672	119	120	786	786	342	4370	1189	7937	roadmap_epigenomics H3K9me3	NA	NA	H3K9me3	NA	NA	E121-H3K9me3.narrowPeak	0.660926013335784	138498
1	933	roadmap_epigenomics	0.4799841976238	1.02497752679968	593	120	121	898	898	380	3856	1268	8451	roadmap_epigenomics H3K27me3	NA	NA	H3K27me3	NA	NA	E115-H3K27me3.narrowPeak	0.693147773151191	239959
1	1120	ucsc_features	0.464634810907445	1.07117709840271	1802	121	109	1	121	77	11890	59	417	UCSC Repeat Masker	NA	NA	NA	NA	NA	rmsk.bed	0.717415341642475	5291824
1	534	roadmap_epigenomics	0.462142374744824	1.02376794441816	522	122	122	986	986	410	3394	1339	8913	roadmap_epigenomics H3K27me3	NA	NA	H3K27me3	NA	NA	E059-H3K27me3.narrowPeak	0.720873254659128	100360
2	993	roadmap_epigenomics	0.460713797609111	1.02643600546565	3139	954	954	1066	1066	991	406	9378	1245	roadmap_epigenomics H3K27me3	NA	NA	H3K27me3	NA	NA	E120-H3K27me3.narrowPeak	0.722576250214737	126488
2	184	roadmap_epigenomics	0.455765355892111	1.02195559165192	5594	955	955	891	955	934	729	6923	922	roadmap_epigenomics H3K9me3	NA	NA	H3K9me3	NA	NA	E011-H3K9me3.narrowPeak	0.730177914355992	213267
1	320	roadmap_epigenomics	0.454809529020745	1.02082160711921	762	123	124	658	658	302	4978	1099	7329	roadmap_epigenomics H3K27me3	NA	NA	H3K27me3	NA	NA	E028-H3K27me3.narrowPeak	0.731107875332813	124081
1	639	roadmap_epigenomics	0.452894551826405	1.02122078458419	657	124	123	820	820	356	4286	1204	8021	roadmap_epigenomics H3K27me3	NA	NA	H3K27me3	NA	NA	E077-H3K27me3.narrowPeak	0.733658165302315	151995
1	665	roadmap_epigenomics	0.437293945688892	1.01853157870273	901	125	125	407	407	219	5902	960	6405	roadmap_epigenomics H3K9me3	NA	NA	H3K9me3	NA	NA	E080-H3K9me3.narrowPeak	0.759787336373769	218395
1	893	roadmap_epigenomics	0.419335292154507	1.01776486982964	583	126	126	914	914	389	3809	1278	8498	roadmap_epigenomics H3K9me3	NA	NA	H3K9me3	NA	NA	E109-H3K9me3.narrowPeak	0.791131661984539	103033
2	1118	ucsc_features	0.408221765315125	1.01879619455907	9527	956	956	531	956	814	1251	2990	400	UCSC Nested repeats	NA	NA	NA	NA	NA	nestedRepeats.bed	0.810887724261591	574736
2	493	roadmap_epigenomics	0.391058016755385	1.01741603668813	2774	957	957	1088	1088	1000	361	9743	1290	roadmap_epigenomics H3K27me3	NA	NA	H3K27me3	NA	NA	E054-H3K27me3.narrowPeak	0.842797577351905	89616
2	695	roadmap_epigenomics	0.38849940564553	1.014357258366	4438	958	958	944	958	953	580	8079	1071	roadmap_epigenomics H3K27me3	NA	NA	H3K27me3	NA	NA	E084-H3K27me3.narrowPeak	0.846995424139274	193037
2	677	roadmap_epigenomics	0.37418214034806	1.01222552753074	4683	959	959	931	959	950	613	7834	1038	roadmap_epigenomics H3K27me3	NA	NA	H3K27me3	NA	NA	E082-H3K27me3.narrowPeak	0.874576640530557	117993
1	855	roadmap_epigenomics	0.340280946317734	1.01229260508552	174	127	127	1113	1113	456	1138	1687	11169	roadmap_epigenomics H3K27me3	NA	NA	H3K27me3	NA	NA	E104-H3K27me3.narrowPeak	0.94471101771343	18466
1	445	roadmap_epigenomics	0.303895239470843	1.00171792482673	616	128	128	874	874	377	4069	1245	8238	roadmap_epigenomics H3K27me3	NA	NA	H3K27me3	NA	NA	E047-H3K27me3.narrowPeak	1	175300
2	912	roadmap_epigenomics	0.302884962460928	1.00239761640072	3114	960	960	1068	1068	996	410	9403	1241	roadmap_epigenomics H3K9me3	NA	NA	H3K9me3	NA	NA	E112-H3K9me3.narrowPeak	1	29697
2	733	roadmap_epigenomics	0.297465398605051	1.00102021958371	4567	961	961	939	961	954	602	7950	1049	roadmap_epigenomics H3K9me3	NA	NA	H3K9me3	NA	NA	E088-H3K9me3.narrowPeak	1	161817
1	585	roadmap_epigenomics	0.289603406353649	0.999493268597089	616	129	129	874	874	377	4075	1245	8232	roadmap_epigenomics H3K9me3	NA	NA	H3K9me3	NA	NA	E068-H3K9me3.narrowPeak	1	193456
2	233	roadmap_epigenomics	0.286267763186905	0.999302107110545	3895	962	962	1004	1004	976	514	8622	1137	roadmap_epigenomics H3K27me3	NA	NA	H3K27me3	NA	NA	E017-H3K27me3.narrowPeak	1	299272
1	1050	roadmap_epigenomics	0.284010606656981	0.998675658803776	726	130	130	707	707	322	4805	1135	7502	roadmap_epigenomics H3K9me3	NA	NA	H3K9me3	NA	NA	E124-H3K9me3.narrowPeak	1	220527
1	334	roadmap_epigenomics	0.279655674825389	0.998073116934208	876	131	131	455	455	239	5799	985	6508	roadmap_epigenomics H3K27me3	NA	NA	H3K27me3	NA	NA	E030-H3K27me3.narrowPeak	1	255104
1	412	roadmap_epigenomics	0.274104613862167	0.997009092449678	584	132	132	910	910	391	3870	1277	8437	roadmap_epigenomics H3K27me3	NA	NA	H3K27me3	NA	NA	E042-H3K27me3.narrowPeak	1	132585
1	899	roadmap_epigenomics	0.268348753758152	0.995732237718285	430	133	133	1052	1052	439	2853	1431	9454	roadmap_epigenomics H3K9me3	NA	NA	H3K9me3	NA	NA	E110-H3K9me3.narrowPeak	1	32117
2	799	roadmap_epigenomics	0.231733704934239	0.988730073599707	9100	963	964	621	964	849	1204	3417	447	roadmap_epigenomics H3K9me3	NA	NA	H3K9me3	NA	NA	E096-H3K9me3.narrowPeak	1	438415
2	669	roadmap_epigenomics	0.230216104541066	0.988937143046579	3535	964	963	1038	1038	988	470	8982	1181	roadmap_epigenomics H3K27me3	NA	NA	H3K27me3	NA	NA	E081-H3K27me3.narrowPeak	1	82305
1	929	roadmap_epigenomics	0.222231690218915	0.987801905790517	569	134	135	931	931	400	3795	1292	8512	roadmap_epigenomics H3K9me3	NA	NA	H3K9me3	NA	NA	E114-H3K9me3.narrowPeak	1	103230
1	546	roadmap_epigenomics	0.222090858772011	0.9882188950633	663	135	134	807	807	359	4418	1198	7889	roadmap_epigenomics H3K27me3	NA	NA	H3K27me3	NA	NA	E062-H3K27me3.narrowPeak	1	117101
1	196	roadmap_epigenomics	0.21247711608015	0.986875171236526	801	136	136	595	595	289	5337	1060	6970	roadmap_epigenomics H3K9me3	NA	NA	H3K9me3	NA	NA	E013-H3K9me3.narrowPeak	1	223866
2	834	roadmap_epigenomics	0.208234536849597	0.985198081701653	4536	965	965	940	965	957	604	7981	1047	roadmap_epigenomics H3K27me3	NA	NA	H3K27me3	NA	NA	E101-H3K27me3.narrowPeak	1	178729
2	940	roadmap_epigenomics	0.201991414808474	0.983733921836766	4245	966	967	964	967	966	566	8272	1085	roadmap_epigenomics H3K9me3	NA	NA	H3K9me3	NA	NA	E115-H3K9me3.narrowPeak	1	191833
2	704	roadmap_epigenomics	0.199747154237024	0.98374611938893	5068	967	966	914	967	949	675	7449	976	roadmap_epigenomics H3K27me3	NA	NA	H3K27me3	NA	NA	E085-H3K27me3.narrowPeak	1	218555
2	293	roadmap_epigenomics	0.189960678543341	0.981812801452193	6941	968	968	843	968	926	923	5576	728	roadmap_epigenomics H3K27me3	NA	NA	H3K27me3	NA	NA	E024-H3K27me3.narrowPeak	1	222597
2	374	roadmap_epigenomics	0.177658831413486	0.978296058474164	4094	969	969	977	977	972	548	8423	1103	roadmap_epigenomics H3K9me3	NA	NA	H3K9me3	NA	NA	E035-H3K9me3.narrowPeak	1	112817
1	638	roadmap_epigenomics	0.156170884151034	0.972386492078382	479	137	139	1016	1016	431	3234	1382	9073	roadmap_epigenomics H3K9me3	NA	NA	H3K9me3	NA	NA	E076-H3K9me3.narrowPeak	1	64003
1	297	roadmap_epigenomics	0.149837693070628	0.973798116729365	749	138	137	679	679	318	5032	1112	7275	roadmap_epigenomics H3K9me3	NA	NA	H3K9me3	NA	NA	E024-H3K9me3.narrowPeak	1	260267
1	787	roadmap_epigenomics	0.144233434827521	0.972836201645351	832	139	138	536	536	271	5586	1029	6721	roadmap_epigenomics H3K9me3	NA	NA	H3K9me3	NA	NA	E094-H3K9me3.narrowPeak	1	157542
1	624	roadmap_epigenomics	0.135706753061498	0.968749454817833	583	140	140	914	914	398	3940	1278	8367	roadmap_epigenomics H3K9me3	NA	NA	H3K9me3	NA	NA	E074-H3K9me3.narrowPeak	1	150390
1	704	roadmap_epigenomics	0.129390828282019	0.968714585048959	742	141	141	688	688	323	5001	1119	7306	roadmap_epigenomics H3K27me3	NA	NA	H3K27me3	NA	NA	E085-H3K27me3.narrowPeak	1	218555
1	233	roadmap_epigenomics	0.124428720632886	0.965425188510957	567	142	143	935	935	407	3842	1294	8465	roadmap_epigenomics H3K27me3	NA	NA	H3K27me3	NA	NA	E017-H3K27me3.narrowPeak	1	299272
1	817	roadmap_epigenomics	0.123322735598464	0.967520912469502	1051	143	142	151	151	145	7050	810	5257	roadmap_epigenomics H3K9me3	NA	NA	H3K9me3	NA	NA	E098-H3K9me3.narrowPeak	1	251390
2	472	roadmap_epigenomics	0.0956741118684246	0.95724987472838	5076	970	970	912	970	951	687	7441	964	roadmap_epigenomics H3K9me3	NA	NA	H3K9me3	NA	NA	E050-H3K9me3.narrowPeak	1	253527
1	695	roadmap_epigenomics	0.0935321755634408	0.957122834116762	643	144	145	837	837	375	4375	1218	7932	roadmap_epigenomics H3K27me3	NA	NA	H3K27me3	NA	NA	E084-H3K27me3.narrowPeak	1	193037
1	424	roadmap_epigenomics	0.0929525501928393	0.957496947122358	685	145	144	768	768	352	4655	1176	7652	roadmap_epigenomics H3K27me3	NA	NA	H3K27me3	NA	NA	E044-H3K27me3.narrowPeak	1	189790
1	652	roadmap_epigenomics	0.0917160045111324	0.955103682871699	565	146	146	938	938	410	3857	1296	8450	roadmap_epigenomics H3K27me3	NA	NA	H3K27me3	NA	NA	E079-H3K27me3.narrowPeak	1	85895
2	751	roadmap_epigenomics	0.0879209963613783	0.953302572866236	4344	971	971	953	971	965	591	8173	1060	roadmap_epigenomics H3K9me3	NA	NA	H3K9me3	NA	NA	E090-H3K9me3.narrowPeak	1	163795
1	918	roadmap_epigenomics	0.0797805695548929	0.953272769437671	1140	147	147	84	147	126	7678	721	4629	roadmap_epigenomics H3K9me3	NA	NA	H3K9me3	NA	NA	E113-H3K9me3.narrowPeak	1	275470
2	656	roadmap_epigenomics	0.0782939557214865	0.949827186903183	7795	972	972	778	972	907	1048	4722	603	roadmap_epigenomics H3K9me3	NA	NA	H3K9me3	NA	NA	E079-H3K9me3.narrowPeak	1	258176
2	424	roadmap_epigenomics	0.0769234101907755	0.949804874663105	4700	973	973	930	973	959	640	7817	1011	roadmap_epigenomics H3K27me3	NA	NA	H3K27me3	NA	NA	E044-H3K27me3.narrowPeak	1	189790
1	834	roadmap_epigenomics	0.0668382382592891	0.947213247141765	655	148	148	824	824	373	4485	1206	7822	roadmap_epigenomics H3K27me3	NA	NA	H3K27me3	NA	NA	E101-H3K27me3.narrowPeak	1	178729
1	631	roadmap_epigenomics	0.0630707340554502	0.946986340854954	759	149	149	664	664	321	5182	1102	7125	roadmap_epigenomics H3K9me3	NA	NA	H3K9me3	NA	NA	E075-H3K9me3.narrowPeak	1	149780
1	369	roadmap_epigenomics	0.060332135079461	0.943769841985738	627	150	150	854	854	385	4307	1234	8000	roadmap_epigenomics H3K9me3	NA	NA	H3K9me3	NA	NA	E034-H3K9me3.narrowPeak	1	176448
1	669	roadmap_epigenomics	0.0593864698242244	0.940036514907125	506	151	153	1001	1001	435	3499	1355	8808	roadmap_epigenomics H3K27me3	NA	NA	H3K27me3	NA	NA	E081-H3K27me3.narrowPeak	1	82305
2	652	roadmap_epigenomics	0.0589655680655861	0.939542776195001	3887	974	975	1008	1008	986	535	8630	1116	roadmap_epigenomics H3K27me3	NA	NA	H3K27me3	NA	NA	E079-H3K27me3.narrowPeak	1	85895
1	352	roadmap_epigenomics	0.0558704102185479	0.940456250038669	578	152	152	920	920	408	3986	1283	8321	roadmap_epigenomics H3K9me3	NA	NA	H3K9me3	NA	NA	E032-H3K9me3.narrowPeak	1	126853
2	316	roadmap_epigenomics	0.0545303085476567	0.941109106131611	5868	975	974	880	975	943	799	6649	852	roadmap_epigenomics H3K9me3	NA	NA	H3K9me3	NA	NA	E027-H3K9me3.narrowPeak	1	366285
1	480	roadmap_epigenomics	0.051226603089064	0.941800045143344	803	153	151	591	591	298	5492	1058	6815	roadmap_epigenomics H3K9me3	NA	NA	H3K9me3	NA	NA	E051-H3K9me3.narrowPeak	1	399600
1	681	roadmap_epigenomics	0.0463795510369554	0.935202783711687	574	154	154	923	923	410	3974	1287	8333	roadmap_epigenomics H3K9me3	NA	NA	H3K9me3	NA	NA	E082-H3K9me3.narrowPeak	1	165724
2	534	roadmap_epigenomics	0.0445739540732273	0.929268666875604	3438	976	979	1044	1044	1000	478	9079	1173	roadmap_epigenomics H3K27me3	NA	NA	H3K27me3	NA	NA	E059-H3K27me3.narrowPeak	1	100360
2	681	roadmap_epigenomics	0.0428084116676251	0.930797740593393	3995	977	978	988	988	981	553	8522	1098	roadmap_epigenomics H3K9me3	NA	NA	H3K9me3	NA	NA	E082-H3K9me3.narrowPeak	1	165724
2	546	roadmap_epigenomics	0.0417047086710784	0.931708244106904	4465	978	977	941	978	965	616	8052	1035	roadmap_epigenomics H3K27me3	NA	NA	H3K27me3	NA	NA	E062-H3K27me3.narrowPeak	1	117101
2	334	roadmap_epigenomics	0.0405717418441626	0.933213057932978	5872	979	976	879	979	945	803	6645	848	roadmap_epigenomics H3K27me3	NA	NA	H3K27me3	NA	NA	E030-H3K27me3.narrowPeak	1	255104
1	993	roadmap_epigenomics	0.0372980062049996	0.923921916162602	442	155	157	1044	1044	452	3103	1419	9204	roadmap_epigenomics H3K27me3	NA	NA	H3K27me3	NA	NA	E120-H3K27me3.narrowPeak	1	126488
1	808	roadmap_epigenomics	0.0363872511335277	0.933427309911633	830	156	155	540	540	284	5699	1031	6608	roadmap_epigenomics H3K9me3	NA	NA	H3K9me3	NA	NA	E097-H3K9me3.narrowPeak	1	165885
2	1119	ucsc_features	0.0318641499499927	0.483209715138466	11	980	1117	1123	1123	1070	3	12506	1648	UCSC Numts assembled	NA	NA	NA	NA	NA	numtSAssembled.bed	1	78
2	320	roadmap_epigenomics	0.0317853123824879	0.926140572484155	5044	981	980	918	981	960	696	7473	955	roadmap_epigenomics H3K27me3	NA	NA	H3K27me3	NA	NA	E028-H3K27me3.narrowPeak	1	124081
1	677	roadmap_epigenomics	0.0300168763895513	0.926569412770764	667	157	156	797	797	370	4629	1194	7678	roadmap_epigenomics H3K27me3	NA	NA	H3K27me3	NA	NA	E082-H3K27me3.narrowPeak	1	117993
1	633	roadmap_epigenomics	0.0296932981013817	0.920048771491121	484	158	158	1011	1011	442	3402	1377	8905	roadmap_epigenomics H3K27me3	NA	NA	H3K27me3	NA	NA	E076-H3K27me3.narrowPeak	1	65497
2	639	roadmap_epigenomics	0.0295697820571458	0.922450066623216	4340	982	981	954	982	972	603	8177	1048	roadmap_epigenomics H3K27me3	NA	NA	H3K27me3	NA	NA	E077-H3K27me3.narrowPeak	1	151995
2	352	roadmap_epigenomics	0.0273467166934333	0.919147763826788	4005	983	982	987	987	984	559	8512	1092	roadmap_epigenomics H3K9me3	NA	NA	H3K9me3	NA	NA	E032-H3K9me3.narrowPeak	1	126853
2	855	roadmap_epigenomics	0.0256512861894617	0.87465977388441	1142	984	999	1120	1120	1030	170	11375	1481	roadmap_epigenomics H3K27me3	NA	NA	H3K27me3	NA	NA	E104-H3K27me3.narrowPeak	1	18466
1	912	roadmap_epigenomics	0.0225360584672343	0.91031649209933	435	159	161	1050	1050	457	3089	1426	9218	roadmap_epigenomics H3K9me3	NA	NA	H3K9me3	NA	NA	E112-H3K9me3.narrowPeak	1	29697
2	369	roadmap_epigenomics	0.020902712362803	0.91409164997938	4329	985	984	955	985	975	605	8188	1046	roadmap_epigenomics H3K9me3	NA	NA	H3K9me3	NA	NA	E034-H3K9me3.narrowPeak	1	176448
2	631	roadmap_epigenomics	0.0195294656105577	0.915044644499829	5217	986	983	905	986	958	724	7300	927	roadmap_epigenomics H3K9me3	NA	NA	H3K9me3	NA	NA	E075-H3K9me3.narrowPeak	1	149780
2	412	roadmap_epigenomics	0.0192209125808532	0.910186991629599	3905	987	985	1001	1001	991	549	8612	1102	roadmap_epigenomics H3K27me3	NA	NA	H3K27me3	NA	NA	E042-H3K27me3.narrowPeak	1	132585
1	751	roadmap_epigenomics	0.0171869642701708	0.912541209597966	615	160	159	878	878	399	4320	1246	7987	roadmap_epigenomics H3K9me3	NA	NA	H3K9me3	NA	NA	E090-H3K9me3.narrowPeak	1	163795
2	638	roadmap_epigenomics	0.0149541630819476	0.899883229047405	3250	988	989	1058	1058	1010	463	9267	1188	roadmap_epigenomics H3K9me3	NA	NA	H3K9me3	NA	NA	E076-H3K9me3.narrowPeak	1	64003
2	480	roadmap_epigenomics	0.0145319850434976	0.909107141788899	5527	989	986	895	989	957	768	6990	883	roadmap_epigenomics H3K9me3	NA	NA	H3K9me3	NA	NA	E051-H3K9me3.narrowPeak	1	399600
1	476	roadmap_epigenomics	0.0135072817203355	0.905458641665517	563	161	164	943	943	423	3986	1298	8321	roadmap_epigenomics H3K27me3	NA	NA	H3K27me3	NA	NA	E051-H3K27me3.narrowPeak	1	236036
1	472	roadmap_epigenomics	0.0126229314396662	0.908913785084586	720	162	162	716	716	347	5043	1141	7264	roadmap_epigenomics H3K9me3	NA	NA	H3K9me3	NA	NA	E050-H3K9me3.narrowPeak	1	253527
1	316	roadmap_epigenomics	0.0124814476399945	0.910381896403255	838	163	160	524	524	282	5829	1023	6478	roadmap_epigenomics H3K9me3	NA	NA	H3K9me3	NA	NA	E027-H3K9me3.narrowPeak	1	366285
2	375	roadmap_epigenomics	0.0122091492618387	0.903493974246012	4643	990	987	936	990	971	652	7874	999	roadmap_epigenomics H3K27me3	NA	NA	H3K27me3	NA	NA	E036-H3K27me3.narrowPeak	1	292043
1	493	roadmap_epigenomics	0.0113513504827451	0.889623199812052	380	164	167	1071	1071	467	2755	1481	9552	roadmap_epigenomics H3K27me3	NA	NA	H3K27me3	NA	NA	E054-H3K27me3.narrowPeak	1	89616
1	747	roadmap_epigenomics	0.0112124565290976	0.908213879572994	827	165	163	543	543	290	5763	1034	6544	roadmap_epigenomics H3K27me3	NA	NA	H3K27me3	NA	NA	E090-H3K27me3.narrowPeak	1	283720
2	795	roadmap_epigenomics	0.0107538975278002	0.888026095714792	2825	991	996	1081	1081	1020	408	9692	1243	roadmap_epigenomics H3K27me3	NA	NA	H3K27me3	NA	NA	E096-H3K27me3.narrowPeak	1	85642
2	899	roadmap_epigenomics	0.0107450262690894	0.888529906427506	2869	992	995	1079	1079	1020	414	9648	1237	roadmap_epigenomics H3K9me3	NA	NA	H3K9me3	NA	NA	E110-H3K9me3.narrowPeak	1	32117
2	808	roadmap_epigenomics	0.0105423024685997	0.902747303105605	5731	993	988	885	993	955	798	6786	853	roadmap_epigenomics H3K9me3	NA	NA	H3K9me3	NA	NA	E097-H3K9me3.narrowPeak	1	165885
2	646	roadmap_epigenomics	0.0104088880958436	0.898503979491281	4229	994	990	965	994	983	598	8288	1053	roadmap_epigenomics H3K27me3	NA	NA	H3K27me3	NA	NA	E078-H3K27me3.narrowPeak	1	107890
2	918	roadmap_epigenomics	0.00998723002339484	0.898116726565095	7754	995	991	783	995	923	1064	4763	587	roadmap_epigenomics H3K9me3	NA	NA	H3K9me3	NA	NA	E113-H3K9me3.narrowPeak	1	275470
2	445	roadmap_epigenomics	0.0093560044802847	0.895692647482666	4103	996	992	976	996	988	582	8414	1069	roadmap_epigenomics H3K27me3	NA	NA	H3K27me3	NA	NA	E047-H3K27me3.narrowPeak	1	175300
1	374	roadmap_epigenomics	0.00921611341354055	0.89807628867441	572	166	165	926	926	419	4070	1289	8237	roadmap_epigenomics H3K9me3	NA	NA	H3K9me3	NA	NA	E035-H3K9me3.narrowPeak	1	112817
1	981	roadmap_epigenomics	0.00850149854129128	0.894913822293128	539	167	166	975	975	436	3852	1322	8455	roadmap_epigenomics H3K27me3	NA	NA	H3K27me3	NA	NA	E119-H3K27me3.narrowPeak	1	181513
2	1050	roadmap_epigenomics	0.00707740965327705	0.893413612206499	4847	997	993	922	997	971	684	7670	967	roadmap_epigenomics H3K9me3	NA	NA	H3K9me3	NA	NA	E124-H3K9me3.narrowPeak	1	220527
2	624	roadmap_epigenomics	0.00691266332347367	0.888874180683291	3958	998	994	994	998	995	565	8559	1086	roadmap_epigenomics H3K9me3	NA	NA	H3K9me3	NA	NA	E074-H3K9me3.narrowPeak	1	150390
2	933	roadmap_epigenomics	0.00535024919826286	0.883577346536652	3891	999	998	1006	1006	1000	558	8626	1093	roadmap_epigenomics H3K27me3	NA	NA	H3K27me3	NA	NA	E115-H3K27me3.narrowPeak	1	239959
2	787	roadmap_epigenomics	0.00416228370625418	0.88550257040869	5626	1000	997	889	1000	962	792	6891	859	roadmap_epigenomics H3K9me3	NA	NA	H3K9me3	NA	NA	E094-H3K9me3.narrowPeak	1	157542
1	394	roadmap_epigenomics	0.00409590754414038	0.880405528916835	523	168	169	985	985	441	3784	1338	8523	roadmap_epigenomics H3K27me3	NA	NA	H3K27me3	NA	NA	E039-H3K27me3.narrowPeak	1	115142
1	293	roadmap_epigenomics	0.00385629355836646	0.889468919570125	986	169	168	256	256	198	6878	875	5429	roadmap_epigenomics H3K27me3	NA	NA	H3K27me3	NA	NA	E024-H3K27me3.narrowPeak	1	222597
1	430	roadmap_epigenomics	0.00336999375029429	0.87983417751921	573	170	170	925	925	422	4133	1288	8174	roadmap_epigenomics H3K27me3	NA	NA	H3K27me3	NA	NA	E045-H3K27me3.narrowPeak	1	113136
1	468	roadmap_epigenomics	0.00317245872784923	0.877693773994735	552	171	172	956	956	433	3994	1309	8313	roadmap_epigenomics H3K27me3	NA	NA	H3K27me3	NA	NA	E050-H3K27me3.narrowPeak	1	188829
1	841	roadmap_epigenomics	0.00275544479581052	0.874875505472823	544	172	173	964	964	436	3947	1317	8360	roadmap_epigenomics H3K27me3	NA	NA	H3K27me3	NA	NA	E102-H3K27me3.narrowPeak	1	129148
1	1017	roadmap_epigenomics	0.00258380796148142	0.87136597727735	506	173	177	1001	1001	450	3692	1355	8615	roadmap_epigenomics H3K27me3	NA	NA	H3K27me3	NA	NA	E122-H3K27me3.narrowPeak	1	176690
1	348	roadmap_epigenomics	0.00253189079450928	0.878363163197493	644	174	171	836	836	394	4627	1217	7680	roadmap_epigenomics H3K27me3	NA	NA	H3K27me3	NA	NA	E032-H3K27me3.narrowPeak	1	178963
2	929	roadmap_epigenomics	0.00244464989889859	0.869172984541233	3811	1001	1001	1013	1013	1000	553	8706	1098	roadmap_epigenomics H3K9me3	NA	NA	H3K9me3	NA	NA	E114-H3K9me3.narrowPeak	1	103230
1	940	roadmap_epigenomics	0.00230591715409611	0.874162493174199	584	175	174	910	910	420	4227	1277	8080	roadmap_epigenomics H3K9me3	NA	NA	H3K9me3	NA	NA	E115-H3K9me3.narrowPeak	1	191833
2	817	roadmap_epigenomics	0.00220215496398292	0.873273910338648	7109	1002	1000	829	1002	944	992	5408	659	roadmap_epigenomics H3K9me3	NA	NA	H3K9me3	NA	NA	E098-H3K9me3.narrowPeak	1	251390
1	894	roadmap_epigenomics	0.00189338720397895	0.873671795045157	640	176	175	844	844	398	4615	1221	7692	roadmap_epigenomics H3K27me3	NA	NA	H3K27me3	NA	NA	E110-H3K27me3.narrowPeak	1	119289
2	1103	roadmap_epigenomics	0.0016420643392514	0.865307784784431	4175	1003	1002	969	1003	991	605	8342	1046	roadmap_epigenomics H3K27me3	NA	NA	H3K27me3	NA	NA	E129-H3K27me3.narrowPeak	1	309622
1	656	roadmap_epigenomics	0.0014424445981571	0.872001076820362	1109	177	176	97	177	150	7734	752	4573	roadmap_epigenomics H3K9me3	NA	NA	H3K9me3	NA	NA	E079-H3K9me3.narrowPeak	1	258176
2	297	roadmap_epigenomics	0.00108641298443338	0.863132141504481	5055	1004	1005	917	1005	975	726	7462	925	roadmap_epigenomics H3K9me3	NA	NA	H3K9me3	NA	NA	E024-H3K9me3.narrowPeak	1	260267
2	196	roadmap_epigenomics	0.00108492620638279	0.863884658232722	5370	1005	1004	900	1005	970	768	7147	883	roadmap_epigenomics H3K9me3	NA	NA	H3K9me3	NA	NA	E013-H3K9me3.narrowPeak	1	223866
2	665	roadmap_epigenomics	0.00105840006874944	0.864081033813114	5957	1006	1003	878	1006	962	846	6560	805	roadmap_epigenomics H3K9me3	NA	NA	H3K9me3	NA	NA	E080-H3K9me3.narrowPeak	1	218395
2	410	roadmap_epigenomics	0.00101144486398437	0.847246881449013	3079	1007	1010	1070	1070	1030	459	9438	1192	roadmap_epigenomics H3K9me3	NA	NA	H3K9me3	NA	NA	E041-H3K9me3.narrowPeak	1	98944
2	481	roadmap_epigenomics	0.00099996864823598	0.855745273913203	3899	1008	1006	1002	1008	1010	571	8618	1080	roadmap_epigenomics H3K27me3	NA	NA	H3K27me3	NA	NA	E052-H3K27me3.narrowPeak	1	291852
2	404	roadmap_epigenomics	0.000739989910859406	0.842141996899469	3058	1009	1011	1071	1071	1030	458	9459	1193	roadmap_epigenomics H3K9me3	NA	NA	H3K9me3	NA	NA	E040-H3K9me3.narrowPeak	1	108267
2	893	roadmap_epigenomics	0.000661524430218047	0.849109962582903	3828	1010	1009	1011	1011	1010	564	8689	1087	roadmap_epigenomics H3K9me3	NA	NA	H3K9me3	NA	NA	E109-H3K9me3.narrowPeak	1	103033
2	585	roadmap_epigenomics	0.000629163343014382	0.850490520471134	4091	1011	1008	978	1011	999	600	8426	1051	roadmap_epigenomics H3K9me3	NA	NA	H3K9me3	NA	NA	E068-H3K9me3.narrowPeak	1	193456
2	1012	roadmap_epigenomics	0.000605352313711526	0.851965431071067	4400	1012	1007	950	1012	990	642	8117	1009	roadmap_epigenomics H3K9me3	NA	NA	H3K9me3	NA	NA	E121-H3K9me3.narrowPeak	1	138498
1	728	roadmap_epigenomics	0.00047367456328323	0.848678612632669	546	178	181	961	961	440	4043	1315	8264	roadmap_epigenomics H3K27me3	NA	NA	H3K27me3	NA	NA	E088-H3K27me3.narrowPeak	1	203560
1	685	roadmap_epigenomics	0.000471349299067634	0.835892386505588	409	179	184	1061	1061	475	3102	1452	9205	roadmap_epigenomics H3K27me3	NA	NA	H3K27me3	NA	NA	E083-H3K27me3.narrowPeak	1	94590
1	733	roadmap_epigenomics	0.000438100145809969	0.852054381294234	620	180	180	869	869	410	4549	1241	7758	roadmap_epigenomics H3K9me3	NA	NA	H3K9me3	NA	NA	E088-H3K9me3.narrowPeak	1	161817
1	952	roadmap_epigenomics	0.000380020322180005	0.840876110360631	485	181	183	1010	1010	458	3635	1376	8672	roadmap_epigenomics H3K9me3	NA	NA	H3K9me3	NA	NA	E116-H3K9me3.narrowPeak	1	59492
1	626	roadmap_epigenomics	0.000321976177350383	0.853447839105921	773	182	178	640	640	333	5591	1088	6716	roadmap_epigenomics H3K27me3	NA	NA	H3K27me3	NA	NA	E075-H3K27me3.narrowPeak	1	185405
2	742	roadmap_epigenomics	0.00031236978129907	0.835781167023303	3531	1013	1013	1039	1039	1020	528	8986	1123	roadmap_epigenomics H3K9me3	NA	NA	H3K9me3	NA	NA	E089-H3K9me3.narrowPeak	1	123393
1	379	roadmap_epigenomics	0.000286310110870865	0.85299208668887	835	183	179	529	529	297	6009	1026	6298	roadmap_epigenomics H3K9me3	NA	NA	H3K9me3	NA	NA	E036-H3K9me3.narrowPeak	1	237679
2	434	roadmap_epigenomics	0.000231501072469411	0.822402090179083	2866	1014	1017	1080	1080	1040	438	9651	1213	roadmap_epigenomics H3K9me3	NA	NA	H3K9me3	NA	NA	E045-H3K9me3.narrowPeak	1	83794
2	418	roadmap_epigenomics	0.000226219616273071	0.835889066445458	3979	1015	1012	991	1015	1010	591	8538	1060	roadmap_epigenomics H3K27me3	NA	NA	H3K27me3	NA	NA	E043-H3K27me3.narrowPeak	1	166658
2	305	roadmap_epigenomics	0.000198674769405407	0.830105947990733	3556	1016	1015	1036	1036	1020	534	8961	1117	roadmap_epigenomics H3K27me3	NA	NA	H3K27me3	NA	NA	E026-H3K27me3.narrowPeak	1	281141
1	1030	roadmap_epigenomics	0.000137135636437001	0.82037300344241	419	184	189	1056	1056	476	3219	1442	9088	roadmap_epigenomics H3K27me3	NA	NA	H3K27me3	NA	NA	E123-H3K27me3.narrowPeak	1	123368
1	497	roadmap_epigenomics	0.000136859944310148	0.835682697405399	587	185	185	904	904	425	4374	1274	7933	roadmap_epigenomics H3K9me3	NA	NA	H3K9me3	NA	NA	E054-H3K9me3.narrowPeak	1	152197
2	406	roadmap_epigenomics	0.00013080405255421	0.830532971495435	4162	1017	1014	972	1017	1000	619	8355	1032	roadmap_epigenomics H3K27me3	NA	NA	H3K27me3	NA	NA	E041-H3K27me3.narrowPeak	1	184455
1	184	roadmap_epigenomics	0.000116058923189706	0.841117008235626	762	186	182	658	658	342	5561	1099	6746	roadmap_epigenomics H3K9me3	NA	NA	H3K9me3	NA	NA	E011-H3K9me3.narrowPeak	1	213267
2	580	roadmap_epigenomics	0.000104700588163108	0.801806470005343	2387	1018	1023	1102	1102	1050	375	10130	1276	roadmap_epigenomics H3K27me3	NA	NA	H3K27me3	NA	NA	E068-H3K27me3.narrowPeak	1	52286
2	167	roadmap_epigenomics	0.000103017564146607	0.82724836843443	4108	1019	1016	975	1019	1000	613	8409	1038	roadmap_epigenomics H3K27me3	NA	NA	H3K27me3	NA	NA	E009-H3K27me3.narrowPeak	1	215158
1	488	roadmap_epigenomics	8.0707230230881e-05	0.814782489470363	427	187	190	1054	1054	477	3294	1434	9013	roadmap_epigenomics H3K27me3	NA	NA	H3K27me3	NA	NA	E053-H3K27me3.narrowPeak	1	115999
2	592	roadmap_epigenomics	6.26018683933208e-05	0.817040260229163	3649	1020	1019	1028	1028	1020	553	8868	1098	roadmap_epigenomics H3K9me3	NA	NA	H3K9me3	NA	NA	E069-H3K9me3.narrowPeak	1	114493
1	101	roadmap_epigenomics	4.78314572836518e-05	0.805681463776991	406	188	193	1063	1063	481	3166	1455	9141	roadmap_epigenomics H3K27me3	NA	NA	H3K27me3	NA	NA	E006-H3K27me3.narrowPeak	1	117340
1	492	roadmap_epigenomics	4.1269169545777e-05	0.825365940586743	643	189	186	837	837	404	4801	1218	7506	roadmap_epigenomics H3K9me3	NA	NA	H3K9me3	NA	NA	E053-H3K9me3.narrowPeak	1	206695
2	398	roadmap_epigenomics	4.04395572339976e-05	0.807523113152157	3299	1021	1022	1055	1055	1030	507	9218	1144	roadmap_epigenomics H3K9me3	NA	NA	H3K9me3	NA	NA	E039-H3K9me3.narrowPeak	1	85095
2	724	roadmap_epigenomics	3.52921294582374e-05	0.788477592584481	2401	1022	1034	1101	1101	1050	382	10116	1269	roadmap_epigenomics H3K9me3	NA	NA	H3K9me3	NA	NA	E087-H3K9me3.narrowPeak	1	39484
2	38	roadmap_epigenomics	3.04521203519417e-05	0.820205401627971	5644	1023	1018	888	1023	976	826	6873	825	roadmap_epigenomics H3K9me3	NA	NA	H3K9me3	NA	NA	E003-H3K9me3.narrowPeak	1	307462
2	804	roadmap_epigenomics	3.02888333583285e-05	0.793882063020486	2708	1024	1030	1091	1091	1050	426	9809	1225	roadmap_epigenomics H3K27me3	NA	NA	H3K27me3	NA	NA	E097-H3K27me3.narrowPeak	1	112268
1	6	roadmap_epigenomics	2.79580897306947e-05	0.820404323078568	627	190	188	854	854	411	4707	1234	7600	roadmap_epigenomics H3K9me3	NA	NA	H3K9me3	NA	NA	E001-H3K9me3.narrowPeak	1	176553
2	560	roadmap_epigenomics	2.48237602750259e-05	0.812565617535727	4273	1025	1020	961	1025	1000	643	8244	1008	roadmap_epigenomics H3K27me3	NA	NA	H3K27me3	NA	NA	E065-H3K27me3.narrowPeak	1	134896
2	456	roadmap_epigenomics	2.15364671894175e-05	0.786355030237732	2548	1026	1037	1095	1095	1050	405	9969	1246	roadmap_epigenomics H3K9me3	NA	NA	H3K9me3	NA	NA	E048-H3K9me3.narrowPeak	1	50821
2	1120	ucsc_features	2.1067248556713e-05	0.51913801463268	12072	1027	1115	2	1115	715	1620	445	31	UCSC Repeat Masker	NA	NA	NA	NA	NA	rmsk.bed	1	5291824
2	443	roadmap_epigenomics	2.05512256100502e-05	0.808972050363417	4075	1028	1021	981	1028	1010	617	8442	1034	roadmap_epigenomics H3K9me3	NA	NA	H3K9me3	NA	NA	E046-H3K9me3.narrowPeak	1	220089
2	578	roadmap_epigenomics	1.60156159929695e-05	0.798916440904192	3411	1029	1026	1046	1046	1030	527	9106	1124	roadmap_epigenomics H3K9me3	NA	NA	H3K9me3	NA	NA	E067-H3K9me3.narrowPeak	1	97767
1	799	roadmap_epigenomics	1.52936066353993e-05	0.806241730461451	1282	191	192	24	192	136	9022	579	3285	roadmap_epigenomics H3K9me3	NA	NA	H3K9me3	NA	NA	E096-H3K9me3.narrowPeak	1	438415
2	551	roadmap_epigenomics	1.49436500456912e-05	0.795286326600353	3214	1030	1028	1063	1063	1040	500	9303	1151	roadmap_epigenomics H3K9me3	NA	NA	H3K9me3	NA	NA	E062-H3K9me3.narrowPeak	1	97775
1	708	roadmap_epigenomics	1.47504773664943e-05	0.821180729791916	878	192	187	450	450	276	6412	983	5895	roadmap_epigenomics H3K9me3	NA	NA	H3K9me3	NA	NA	E085-H3K9me3.narrowPeak	1	264076
1	190	roadmap_epigenomics	1.43081709840078e-05	0.810914010462842	585	193	191	907	907	430	4445	1276	7862	roadmap_epigenomics H3K9me3	NA	NA	H3K9me3	NA	NA	E012-H3K9me3.narrowPeak	1	164404
2	428	roadmap_epigenomics	1.26271206117366e-05	0.793186628113174	3194	1031	1031	1065	1065	1040	498	9323	1153	roadmap_epigenomics H3K9me3	NA	NA	H3K9me3	NA	NA	E044-H3K9me3.narrowPeak	1	145102
1	717	roadmap_epigenomics	1.00810875798869e-05	0.783072053173512	374	194	201	1073	1073	489	2992	1487	9315	roadmap_epigenomics H3K9me3	NA	NA	H3K9me3	NA	NA	E086-H3K9me3.narrowPeak	1	29160
2	1079	roadmap_epigenomics	7.7474230749868e-06	0.801689161065138	4407	1032	1024	948	1032	1000	667	8110	984	roadmap_epigenomics H3K27me3	NA	NA	H3K27me3	NA	NA	E127-H3K27me3.narrowPeak	1	230204
2	603	roadmap_epigenomics	6.74219502078356e-06	0.794399581982358	3751	1033	1029	1020	1033	1030	578	8766	1073	roadmap_epigenomics H3K9me3	NA	NA	H3K9me3	NA	NA	E071-H3K9me3.narrowPeak	1	136353
1	439	roadmap_epigenomics	6.2748870214566e-06	0.798912886211745	536	195	194	977	977	455	4137	1325	8170	roadmap_epigenomics H3K27me3	NA	NA	H3K27me3	NA	NA	E046-H3K27me3.narrowPeak	1	116582
2	422	roadmap_epigenomics	6.04299720998837e-06	0.787715865478576	3328	1034	1036	1051	1051	1040	520	9189	1131	roadmap_epigenomics H3K9me3	NA	NA	H3K9me3	NA	NA	E043-H3K9me3.narrowPeak	1	129594
2	450	roadmap_epigenomics	5.96599703400466e-06	0.778421244601954	2813	1035	1043	1084	1084	1050	448	9704	1203	roadmap_epigenomics H3K9me3	NA	NA	H3K9me3	NA	NA	E047-H3K9me3.narrowPeak	1	66663
2	760	roadmap_epigenomics	5.85916974347608e-06	0.792885231894703	3739	1036	1032	1022	1036	1030	577	8778	1074	roadmap_epigenomics H3K9me3	NA	NA	H3K9me3	NA	NA	E091-H3K9me3.narrowPeak	1	158209
2	333	roadmap_epigenomics	5.44638196971155e-06	0.799752293228761	4638	1037	1025	937	1037	1000	700	7879	951	roadmap_epigenomics H3K9me3	NA	NA	H3K9me3	NA	NA	E029-H3K9me3.narrowPeak	1	223443
1	1092	roadmap_epigenomics	4.9870671114964e-06	0.787445141183287	451	196	197	1036	1036	476	3555	1410	8752	roadmap_epigenomics H3K27me3	NA	NA	H3K27me3	NA	NA	E128-H3K27me3.narrowPeak	1	130551
2	879	roadmap_epigenomics	4.2395996703263e-06	0.795326081191797	4327	1038	1027	956	1038	1010	659	8190	992	roadmap_epigenomics H3K27me3	NA	NA	H3K27me3	NA	NA	E108-H3K27me3.narrowPeak	1	189539
1	400	roadmap_epigenomics	3.86455532733632e-06	0.785086991139815	452	197	199	1035	1035	477	3570	1409	8737	roadmap_epigenomics H3K27me3	NA	NA	H3K27me3	NA	NA	E040-H3K27me3.narrowPeak	1	76554
2	587	roadmap_epigenomics	3.70771147966375e-06	0.776642042959221	2962	1039	1044	1078	1078	1050	471	9555	1180	roadmap_epigenomics H3K27me3	NA	NA	H3K27me3	NA	NA	E069-H3K27me3.narrowPeak	1	78271
2	463	roadmap_epigenomics	3.69978079634888e-06	0.790949808316315	3971	1040	1033	992	1040	1020	611	8546	1040	roadmap_epigenomics H3K9me3	NA	NA	H3K9me3	NA	NA	E049-H3K9me3.narrowPeak	1	233346
2	310	roadmap_epigenomics	1.91450321389172e-06	0.780461293449523	3594	1041	1040	1031	1041	1040	562	8923	1089	roadmap_epigenomics H3K9me3	NA	NA	H3K9me3	NA	NA	E026-H3K9me3.narrowPeak	1	170622
1	819	roadmap_epigenomics	1.66522884758062e-06	0.747934671725549	299	198	207	1094	1094	500	2508	1562	9799	roadmap_epigenomics H3K27me3	NA	NA	H3K27me3	NA	NA	E099-H3K27me3.narrowPeak	1	40652
1	7	roadmap_epigenomics	1.47734616735861e-06	0.785998997755887	541	199	198	970	970	456	4218	1320	8089	roadmap_epigenomics H3K27me3	NA	NA	H3K27me3	NA	NA	E002-H3K27me3.narrowPeak	1	95078
1	769	roadmap_epigenomics	1.37752568920453e-06	0.796747309850264	1063	200	195	136	200	177	7701	798	4606	roadmap_epigenomics H3K9me3	NA	NA	H3K9me3	NA	NA	E092-H3K9me3.narrowPeak	1	273587
2	566	roadmap_epigenomics	1.28298277255033e-06	0.755816773038201	2501	1042	1052	1098	1098	1060	410	10016	1241	roadmap_epigenomics H3K27me3	NA	NA	H3K27me3	NA	NA	E066-H3K27me3.narrowPeak	1	107945
2	392	roadmap_epigenomics	1.26469547710975e-06	0.752123414003116	2375	1043	1053	1104	1104	1070	392	10142	1259	roadmap_epigenomics H3K9me3	NA	NA	H3K9me3	NA	NA	E038-H3K9me3.narrowPeak	1	43418
2	416	roadmap_epigenomics	1.23113854580856e-06	0.758491397372994	2619	1044	1049	1093	1093	1060	427	9898	1224	roadmap_epigenomics H3K9me3	NA	NA	H3K9me3	NA	NA	E042-H3K9me3.narrowPeak	1	78727
2	853	roadmap_epigenomics	1.21438884748478e-06	0.778982629846475	3804	1045	1042	1014	1045	1030	593	8713	1058	roadmap_epigenomics H3K9me3	NA	NA	H3K9me3	NA	NA	E103-H3K9me3.narrowPeak	1	100968
2	303	roadmap_epigenomics	1.20263892612562e-06	0.779623817749129	3869	1046	1041	1010	1046	1030	602	8648	1049	roadmap_epigenomics H3K9me3	NA	NA	H3K9me3	NA	NA	E025-H3K9me3.narrowPeak	1	216512
2	544	roadmap_epigenomics	1.16511678223285e-06	0.788009778798458	5149	1047	1035	908	1047	997	776	7368	875	roadmap_epigenomics H3K9me3	NA	NA	H3K9me3	NA	NA	E061-H3K9me3.narrowPeak	1	269877
1	597	roadmap_epigenomics	8.755310204006e-07	0.793385180196725	736	201	196	699	699	365	5562	1125	6745	roadmap_epigenomics H3K9me3	NA	NA	H3K9me3	NA	NA	E070-H3K9me3.narrowPeak	1	240503
1	1122	ucsc_features	8.65065885889583e-07	0.680106848635131	1658	202	218	3	218	141	11361	203	946	UCSC Switch DB TSSs	NA	NA	NA	NA	NA	switchDbTss.bed	1	131751
2	385	roadmap_epigenomics	7.8542845340202e-07	0.749684405343071	2446	1048	1054	1100	1100	1070	404	10071	1247	roadmap_epigenomics H3K9me3	NA	NA	H3K9me3	NA	NA	E037-H3K9me3.narrowPeak	1	66247
2	1038	roadmap_epigenomics	7.11029632628555e-07	0.731108045355496	1933	1049	1066	1112	1112	1080	330	10584	1321	roadmap_epigenomics H3K9me3	NA	NA	H3K9me3	NA	NA	E123-H3K9me3.narrowPeak	1	22127
1	1118	ucsc_features	6.80407975775228e-07	0.769778370189532	1335	203	203	13	203	140	9443	526	2864	UCSC Nested repeats	NA	NA	NA	NA	NA	nestedRepeats.bed	1	574736
2	268	roadmap_epigenomics	6.18106633365019e-07	0.780803336863103	4727	1050	1039	929	1050	1010	722	7790	929	roadmap_epigenomics H3K9me3	NA	NA	H3K9me3	NA	NA	E020-H3K9me3.narrowPeak	1	201977
2	343	roadmap_epigenomics	5.0627202361072e-07	0.738160769984756	2206	1051	1060	1109	1109	1070	371	10311	1280	roadmap_epigenomics H3K9me3	NA	NA	H3K9me3	NA	NA	E031-H3K9me3.narrowPeak	1	25266
2	1062	roadmap_epigenomics	5.02548398909824e-07	0.780831206140868	5136	1052	1038	909	1052	1000	778	7381	873	roadmap_epigenomics H3K9me3	NA	NA	H3K9me3	NA	NA	E125-H3K9me3.narrowPeak	1	149930
1	1043	roadmap_epigenomics	4.00592229336574e-07	0.783650492080136	660	204	200	811	811	405	5073	1201	7234	roadmap_epigenomics H3K27me3	NA	NA	H3K27me3	NA	NA	E124-H3K27me3.narrowPeak	1	160742
2	644	roadmap_epigenomics	2.77347359215347e-07	0.766132773438027	3788	1053	1045	1015	1053	1040	597	8729	1054	roadmap_epigenomics H3K9me3	NA	NA	H3K9me3	NA	NA	E077-H3K9me3.narrowPeak	1	223454
2	619	roadmap_epigenomics	2.76532206034206e-07	0.763521390978367	3586	1054	1048	1033	1054	1040	569	8931	1082	roadmap_epigenomics H3K27me3	NA	NA	H3K27me3	NA	NA	E074-H3K27me3.narrowPeak	1	137148
2	610	roadmap_epigenomics	1.97207420140854e-07	0.765354872629657	3959	1055	1046	993	1055	1030	622	8558	1029	roadmap_epigenomics H3K9me3	NA	NA	H3K9me3	NA	NA	E072-H3K9me3.narrowPeak	1	143837
1	964	roadmap_epigenomics	7.86540227749934e-08	0.769170117092657	629	205	204	852	852	420	4910	1232	7397	roadmap_epigenomics H3K9me3	NA	NA	H3K9me3	NA	NA	E117-H3K9me3.narrowPeak	1	92881
2	254	roadmap_epigenomics	6.35806671951963e-08	0.756320389069873	3948	1056	1051	995	1056	1030	625	8569	1026	roadmap_epigenomics H3K9me3	NA	NA	H3K9me3	NA	NA	E018-H3K9me3.narrowPeak	1	188469
2	661	roadmap_epigenomics	5.28774249086286e-08	0.763862592148638	5469	1057	1047	899	1057	1000	832	7048	819	roadmap_epigenomics H3K27me3	NA	NA	H3K27me3	NA	NA	E080-H3K27me3.narrowPeak	1	290737
2	872	roadmap_epigenomics	5.09752015782105e-08	0.758264251100843	4320	1058	1050	957	1058	1020	677	8197	974	roadmap_epigenomics H3K27me3	NA	NA	H3K27me3	NA	NA	E107-H3K27me3.narrowPeak	1	192092
1	205	roadmap_epigenomics	4.40801973351e-08	0.766778592709976	659	206	205	814	814	408	5131	1202	7176	roadmap_epigenomics H3K27me3	NA	NA	H3K27me3	NA	NA	E015-H3K27me3.narrowPeak	1	125743
1	765	roadmap_epigenomics	4.060447536584e-08	0.771031717703092	998	207	202	229	229	213	7384	863	4923	roadmap_epigenomics H3K27me3	NA	NA	H3K27me3	NA	NA	E092-H3K27me3.narrowPeak	1	273954
2	298	roadmap_epigenomics	2.43159038183592e-08	0.748772443765058	3914	1059	1055	997	1059	1040	624	8603	1027	roadmap_epigenomics H3K27me3	NA	NA	H3K27me3	NA	NA	E025-H3K27me3.narrowPeak	1	300249
2	846	roadmap_epigenomics	1.58850415240378e-08	0.735431477737914	3216	1060	1061	1062	1062	1060	528	9301	1123	roadmap_epigenomics H3K9me3	NA	NA	H3K9me3	NA	NA	E102-H3K9me3.narrowPeak	1	148364
2	553	roadmap_epigenomics	9.32241775208689e-09	0.742990138519597	4011	1061	1057	986	1061	1030	641	8506	1010	roadmap_epigenomics H3K27me3	NA	NA	H3K27me3	NA	NA	E063-H3K27me3.narrowPeak	1	207798
2	871	roadmap_epigenomics	7.57720448460125e-09	0.738401680525573	3746	1062	1059	1021	1062	1050	605	8771	1046	roadmap_epigenomics H3K9me3	NA	NA	H3K9me3	NA	NA	E106-H3K9me3.narrowPeak	1	167309
2	867	roadmap_epigenomics	6.76378282585293e-09	0.748193072051532	5073	1063	1056	913	1063	1010	787	7444	864	roadmap_epigenomics H3K27me3	NA	NA	H3K27me3	NA	NA	E106-H3K27me3.narrowPeak	1	171804
2	839	roadmap_epigenomics	6.74713511015876e-09	0.731183472591204	3322	1064	1065	1052	1065	1060	546	9195	1105	roadmap_epigenomics H3K9me3	NA	NA	H3K9me3	NA	NA	E101-H3K9me3.narrowPeak	1	120707
2	261	roadmap_epigenomics	6.31934323885887e-09	0.739206347679841	3914	1065	1058	997	1065	1040	629	8603	1022	roadmap_epigenomics H3K9me3	NA	NA	H3K9me3	NA	NA	E019-H3K9me3.narrowPeak	1	217812
2	573	roadmap_epigenomics	4.91934436959729e-09	0.728589858989007	3300	1066	1069	1054	1069	1060	544	9217	1107	roadmap_epigenomics H3K27me3	NA	NA	H3K27me3	NA	NA	E067-H3K27me3.narrowPeak	1	102020
1	756	roadmap_epigenomics	3.39589114440478e-09	0.744015531348357	588	208	209	903	903	440	4714	1273	7593	roadmap_epigenomics H3K27me3	NA	NA	H3K27me3	NA	NA	E091-H3K27me3.narrowPeak	1	114417
2	650	roadmap_epigenomics	3.0890593072856e-09	0.731361589343704	3680	1067	1064	1025	1067	1050	599	8837	1052	roadmap_epigenomics H3K9me3	NA	NA	H3K9me3	NA	NA	E078-H3K9me3.narrowPeak	1	134778
2	612	roadmap_epigenomics	2.3686115061225e-09	0.731018290911724	3788	1068	1067	1015	1068	1050	615	8729	1036	roadmap_epigenomics H3K27me3	NA	NA	H3K27me3	NA	NA	E073-H3K27me3.narrowPeak	1	123448
2	292	roadmap_epigenomics	1.54484961475085e-09	0.73358347148995	4283	1069	1062	959	1069	1030	685	8234	966	roadmap_epigenomics H3K9me3	NA	NA	H3K9me3	NA	NA	E023-H3K9me3.narrowPeak	1	224057
2	338	roadmap_epigenomics	1.19690705243383e-09	0.729396749438064	4030	1070	1068	985	1070	1040	651	8487	1000	roadmap_epigenomics H3K9me3	NA	NA	H3K9me3	NA	NA	E030-H3K9me3.narrowPeak	1	242870
1	511	roadmap_epigenomics	1.12538365551032e-09	0.748558306290504	900	209	206	409	409	275	6840	961	5467	roadmap_epigenomics H3K27me3	NA	NA	H3K27me3	NA	NA	E056-H3K27me3.narrowPeak	1	290583
1	1055	roadmap_epigenomics	8.33504874585573e-10	0.72745396254273	515	210	212	995	995	472	4242	1346	8065	roadmap_epigenomics H3K27me3	NA	NA	H3K27me3	NA	NA	E125-H3K27me3.narrowPeak	1	199061
2	605	roadmap_epigenomics	7.90734829843529e-10	0.717193613763193	3348	1071	1073	1047	1073	1060	557	9169	1094	roadmap_epigenomics H3K27me3	NA	NA	H3K27me3	NA	NA	E072-H3K27me3.narrowPeak	1	109748
1	132	roadmap_epigenomics	7.35014831535244e-10	0.745610758794469	934	211	208	327	327	249	7073	927	5234	roadmap_epigenomics H3K9me3	NA	NA	H3K9me3	NA	NA	E007-H3K9me3.narrowPeak	1	151755
2	109	roadmap_epigenomics	5.48445914141764e-10	0.731698868782771	5057	1072	1063	916	1072	1020	794	7460	857	roadmap_epigenomics H3K9me3	NA	NA	H3K9me3	NA	NA	E006-H3K9me3.narrowPeak	1	248522
1	1115	ucsc_features	3.5935537693405e-10	0.415186785944427	1787	212	260	2	260	158	12099	74	208	UCSC LaminBq	NA	NA	NA	NA	NA	laminB1.bed	1	2859551
2	217	roadmap_epigenomics	2.4289702029654e-10	0.724680181745037	4645	1073	1070	935	1073	1030	741	7872	910	roadmap_epigenomics H3K9me3	NA	NA	H3K9me3	NA	NA	E016-H3K9me3.narrowPeak	1	236873
2	558	roadmap_epigenomics	2.28971263777225e-10	0.721421637411243	4264	1074	1072	962	1074	1040	689	8253	962	roadmap_epigenomics H3K9me3	NA	NA	H3K9me3	NA	NA	E063-H3K9me3.narrowPeak	1	232267
2	360	roadmap_epigenomics	2.10294892641176e-10	0.669603292072199	1993	1075	1086	1111	1111	1090	364	10524	1287	roadmap_epigenomics H3K9me3	NA	NA	H3K9me3	NA	NA	E033-H3K9me3.narrowPeak	1	37434
2	617	roadmap_epigenomics	1.99410335655562e-10	0.716856215607962	3914	1076	1074	997	1076	1050	641	8603	1010	roadmap_epigenomics H3K9me3	NA	NA	H3K9me3	NA	NA	E073-H3K9me3.narrowPeak	1	139270
1	12	roadmap_epigenomics	1.43235705238886e-10	0.735447668437095	801	213	210	595	595	339	6237	1060	6070	roadmap_epigenomics H3K9me3	NA	NA	H3K9me3	NA	NA	E002-H3K9me3.narrowPeak	1	304858
2	210	roadmap_epigenomics	1.3599587213229e-10	0.722973010432505	4999	1077	1071	919	1077	1020	791	7518	860	roadmap_epigenomics H3K9me3	NA	NA	H3K9me3	NA	NA	E015-H3K9me3.narrowPeak	1	342240
1	85	roadmap_epigenomics	8.69583257378951e-11	0.713573377738746	1248	214	213	30	214	152	9113	613	3194	roadmap_epigenomics H3K9me3	NA	NA	H3K9me3	NA	NA	E005-H3K9me3.narrowPeak	1	286964
1	848	roadmap_epigenomics	3.99649124964467e-11	0.728342344033234	808	215	211	582	582	336	6314	1053	5993	roadmap_epigenomics H3K27me3	NA	NA	H3K27me3	NA	NA	E103-H3K27me3.narrowPeak	1	164869
2	719	roadmap_epigenomics	2.75731116847801e-11	0.670396983808406	2330	1078	1084	1106	1106	1090	420	10187	1231	roadmap_epigenomics H3K27me3	NA	NA	H3K27me3	NA	NA	E087-H3K27me3.narrowPeak	1	66475
2	1087	roadmap_epigenomics	1.99979819199759e-11	0.694695027491612	3336	1079	1077	1049	1079	1070	567	9181	1084	roadmap_epigenomics H3K9me3	NA	NA	H3K9me3	NA	NA	E127-H3K9me3.narrowPeak	1	155989
2	458	roadmap_epigenomics	8.70599658450367e-12	0.694039987043533	3572	1080	1078	1035	1080	1060	603	8945	1048	roadmap_epigenomics H3K27me3	NA	NA	H3K27me3	NA	NA	E049-H3K27me3.narrowPeak	1	322175
1	76	roadmap_epigenomics	6.62811197591129e-12	0.713487383967635	674	216	214	783	783	404	5454	1187	6853	roadmap_epigenomics H3K27me3	NA	NA	H3K27me3	NA	NA	E005-H3K27me3.narrowPeak	1	76270
2	244	roadmap_epigenomics	6.30419437989121e-12	0.706213297075064	5236	1081	1075	903	1081	1020	833	7281	818	roadmap_epigenomics H3K9me3	NA	NA	H3K9me3	NA	NA	E017-H3K9me3.narrowPeak	1	418568
2	922	roadmap_epigenomics	3.05923245490442e-12	0.672117642264062	2791	1082	1083	1085	1085	1080	494	9726	1157	roadmap_epigenomics H3K27me3	NA	NA	H3K27me3	NA	NA	E114-H3K27me3.narrowPeak	1	215893
2	988	roadmap_epigenomics	2.39982533327114e-12	0.691765661338528	3907	1083	1080	1000	1083	1050	654	8610	997	roadmap_epigenomics H3K9me3	NA	NA	H3K9me3	NA	NA	E119-H3K9me3.narrowPeak	1	271804
2	365	roadmap_epigenomics	1.72701405985372e-12	0.696451125460429	6541	1084	1076	858	1084	1010	1009	5976	642	roadmap_epigenomics H3K27me3	NA	NA	H3K27me3	NA	NA	E034-H3K27me3.narrowPeak	1	387733
2	828	roadmap_epigenomics	1.54128458979485e-12	0.692310806222794	4163	1085	1079	971	1085	1040	691	8354	960	roadmap_epigenomics H3K27me3	NA	NA	H3K27me3	NA	NA	E100-H3K27me3.narrowPeak	1	119670
2	599	roadmap_epigenomics	1.3252752372862e-12	0.686810457048359	3766	1086	1081	1017	1086	1060	636	8751	1015	roadmap_epigenomics H3K27me3	NA	NA	H3K27me3	NA	NA	E071-H3K27me3.narrowPeak	1	129447
1	329	roadmap_epigenomics	1.20521646769997e-12	0.693970613132162	548	217	216	959	959	464	4622	1313	7685	roadmap_epigenomics H3K27me3	NA	NA	H3K27me3	NA	NA	E029-H3K27me3.narrowPeak	1	103373
2	1000	roadmap_epigenomics	8.5381553888712e-13	0.629851410389429	1853	1087	1096	1114	1114	1100	357	10664	1294	roadmap_epigenomics H3K9me3	NA	NA	H3K9me3	NA	NA	E120-H3K9me3.narrowPeak	1	18061
1	738	roadmap_epigenomics	6.52463963870444e-13	0.707336853855142	867	218	215	472	472	302	6796	994	5511	roadmap_epigenomics H3K27me3	NA	NA	H3K27me3	NA	NA	E089-H3K27me3.narrowPeak	1	221319
2	287	roadmap_epigenomics	3.28546367854829e-13	0.677939349508376	3645	1088	1082	1029	1088	1070	623	8872	1028	roadmap_epigenomics H3K27me3	NA	NA	H3K27me3	NA	NA	E023-H3K27me3.narrowPeak	1	307913
2	277	roadmap_epigenomics	2.83030111433482e-13	0.658729542774941	2760	1089	1089	1090	1090	1090	496	9757	1155	roadmap_epigenomics H3K9me3	NA	NA	H3K9me3	NA	NA	E021-H3K9me3.narrowPeak	1	61601
2	1109	roadmap_epigenomics	1.96144206696983e-13	0.668431789281496	3249	1090	1087	1059	1090	1080	568	9268	1083	roadmap_epigenomics H3K9me3	NA	NA	H3K9me3	NA	NA	E129-H3K9me3.narrowPeak	1	180247
2	901	roadmap_epigenomics	1.40406079130181e-13	0.669958184346426	3417	1091	1085	1045	1091	1070	593	9100	1058	roadmap_epigenomics H3K27me3	NA	NA	H3K27me3	NA	NA	E111-H3K27me3.narrowPeak	1	155817
2	62	roadmap_epigenomics	8.95860216428096e-14	0.659108006258408	2999	1092	1088	1074	1092	1080	534	9518	1117	roadmap_epigenomics H3K9me3	NA	NA	H3K9me3	NA	NA	E004-H3K9me3.narrowPeak	1	65901
1	387	roadmap_epigenomics	8.76573667097026e-14	0.657896564990158	403	219	221	1064	1064	501	3641	1458	8666	roadmap_epigenomics H3K27me3	NA	NA	H3K27me3	NA	NA	E038-H3K27me3.narrowPeak	1	62829
1	1067	roadmap_epigenomics	6.80333027653397e-14	0.617552568175561	270	220	228	1100	1100	516	2653	1591	9654	roadmap_epigenomics H3K27me3	NA	NA	H3K27me3	NA	NA	E126-H3K27me3.narrowPeak	1	70203
1	249	roadmap_epigenomics	4.1658946555104e-14	0.691223287391158	728	221	217	704	704	381	5929	1133	6378	roadmap_epigenomics H3K27me3	NA	NA	H3K27me3	NA	NA	E018-H3K27me3.narrowPeak	1	130489
1	370	roadmap_epigenomics	1.39345318916952e-14	0.612625269694852	278	222	229	1098	1098	516	2742	1583	9565	roadmap_epigenomics H3K27me3	NA	NA	H3K27me3	NA	NA	E035-H3K27me3.narrowPeak	1	55503
1	1121	ucsc_features	1.12826313586736e-14	0.628125007302934	1431	223	227	6	227	152	10353	430	1954	UCSC Simple repeats	NA	NA	NA	NA	NA	simpleRepeat.bed	1	958537
2	823	roadmap_epigenomics	4.48412271947281e-15	0.621224457126529	2241	1093	1101	1108	1108	1100	429	10276	1222	roadmap_epigenomics H3K9me3	NA	NA	H3K9me3	NA	NA	E099-H3K9me3.narrowPeak	1	52477
2	832	roadmap_epigenomics	2.89298239965987e-15	0.642962267124478	2999	1094	1093	1074	1094	1090	543	9518	1108	roadmap_epigenomics H3K9me3	NA	NA	H3K9me3	NA	NA	E100-H3K9me3.narrowPeak	1	148038
1	502	roadmap_epigenomics	2.07330405308957e-15	0.678847616625169	976	224	219	270	270	238	7618	885	4689	roadmap_epigenomics H3K27me3	NA	NA	H3K27me3	NA	NA	E055-H3K27me3.narrowPeak	1	302342
1	381	roadmap_epigenomics	1.63935669314059e-15	0.611179450129368	302	225	230	1089	1089	515	2962	1559	9345	roadmap_epigenomics H3K27me3	NA	NA	H3K27me3	NA	NA	E037-H3K27me3.narrowPeak	1	36137
2	861	roadmap_epigenomics	8.67894719897959e-16	0.645057353689001	3343	1095	1092	1048	1095	1080	596	9174	1055	roadmap_epigenomics H3K27me3	NA	NA	H3K27me3	NA	NA	E105-H3K27me3.narrowPeak	1	139718
1	540	roadmap_epigenomics	4.82163733276644e-16	0.672256331331293	979	226	220	266	266	237	7665	882	4642	roadmap_epigenomics H3K27me3	NA	NA	H3K27me3	NA	NA	E061-H3K27me3.narrowPeak	1	303846
2	976	roadmap_epigenomics	4.82163733276644e-16	0.561275216769973	1372	1096	1112	1118	1118	1110	297	11145	1354	roadmap_epigenomics H3K9me3	NA	NA	H3K9me3	NA	NA	E118-H3K9me3.narrowPeak	1	97122
1	452	roadmap_epigenomics	2.89298239965986e-16	0.602588289929587	301	227	232	1092	1092	517	2985	1560	9322	roadmap_epigenomics H3K27me3	NA	NA	H3K27me3	NA	NA	E048-H3K27me3.narrowPeak	1	34760
2	523	roadmap_epigenomics	2.89298239965986e-16	0.654621029278342	4401	1097	1090	949	1097	1050	748	8116	903	roadmap_epigenomics H3K9me3	NA	NA	H3K9me3	NA	NA	E057-H3K9me3.narrowPeak	1	247543
2	173	roadmap_epigenomics	2.89298239965986e-16	0.646980784063564	3736	1097	1091	1023	1097	1070	655	8781	996	roadmap_epigenomics H3K27me3	NA	NA	H3K27me3	NA	NA	E010-H3K27me3.narrowPeak	1	251817
1	356	roadmap_epigenomics	1.44649119982993e-16	0.588135931478275	270	228	234	1100	1100	521	2756	1591	9551	roadmap_epigenomics H3K27me3	NA	NA	H3K27me3	NA	NA	E033-H3K27me3.narrowPeak	1	39591
2	859	roadmap_epigenomics	9.64327466553287e-17	0.613185692144336	2467	1099	1104	1099	1104	1100	472	10050	1179	roadmap_epigenomics H3K9me3	NA	NA	H3K9me3	NA	NA	E104-H3K9me3.narrowPeak	1	53841
2	906	roadmap_epigenomics	9.64327466553287e-17	0.613701641181386	2504	1099	1103	1097	1103	1100	478	10013	1173	roadmap_epigenomics H3K9me3	NA	NA	H3K9me3	NA	NA	E111-H3K9me3.narrowPeak	1	69918
2	957	roadmap_epigenomics	4.82163733276644e-17	0.613035243590948	2555	1101	1105	1094	1105	1100	487	9962	1164	roadmap_epigenomics H3K27me3	NA	NA	H3K27me3	NA	NA	E117-H3K27me3.narrowPeak	1	219064
1	133	roadmap_epigenomics	0	0.376032312169001	1229	229	265	38	265	177	10313	632	1994	roadmap_epigenomics H4K8ac	NA	NA	H4K8ac	NA	NA	E007-H4K8ac.narrowPeak	1	223512
1	16	roadmap_epigenomics	0	0.362063074645802	1232	229	271	37	271	179	10387	629	1920	roadmap_epigenomics H2A.Z	NA	NA	H2A.Z	NA	NA	E003-H2A.Z.narrowPeak	1	280604
1	284	roadmap_epigenomics	0	0.32292588865771	1257	229	301	26	301	185	10654	604	1653	roadmap_epigenomics H3K4me1	NA	NA	H3K4me1	NA	NA	E022-H3K4me1.narrowPeak	1	324422
1	286	roadmap_epigenomics	0	0.513463884117521	1139	229	246	86	246	187	9285	722	3022	roadmap_epigenomics H3K9me3	NA	NA	H3K9me3	NA	NA	E022-H3K9me3.narrowPeak	1	207447
1	699	roadmap_epigenomics	0	0.639035303518025	1074	229	224	124	229	192	8382	787	3925	roadmap_epigenomics H3K9me3	NA	NA	H3K9me3	NA	NA	E084-H3K9me3.narrowPeak	1	236782
1	778	roadmap_epigenomics	0	0.463169216192403	1127	229	255	91	255	192	9455	734	2852	roadmap_epigenomics H3K9me3	NA	NA	H3K9me3	NA	NA	E093-H3K9me3.narrowPeak	1	234001
1	92	roadmap_epigenomics	0	0.314872883799077	1218	229	315	41	315	195	10553	643	1754	roadmap_epigenomics H2A.Z	NA	NA	H2A.Z	NA	NA	E006-H2A.Z.narrowPeak	1	201531
1	856	roadmap_epigenomics	0	0.297715686203088	1333	229	342	14	342	195	11009	528	1298	roadmap_epigenomics H3K36me3	NA	NA	H3K36me3	NA	NA	E104-H3K36me3.narrowPeak	1	300362
1	280	roadmap_epigenomics	0	0.288346004347572	1531	229	365	4	365	199	11587	330	720	roadmap_epigenomics	NA	NA	NA	NA	NA	E022-DNase.macs2.narrowPeak	1	671885
1	121	roadmap_epigenomics	0	0.315732309257941	1181	229	312	60	312	200	10414	680	1893	roadmap_epigenomics H3K18ac	NA	NA	H3K18ac	NA	NA	E007-H3K18ac.narrowPeak	1	252687
1	1113	ucsc_features	0	0.30950052576724	1174	229	325	64	325	206	10420	687	1887	UCSC Evo CpG islands	NA	NA	NA	NA	NA	evoCpg.bed	1	129241
1	120	roadmap_epigenomics	0	0.354227091846643	1074	229	276	124	276	210	9771	787	2536	roadmap_epigenomics H3K14ac	NA	NA	H3K14ac	NA	NA	E007-H3K14ac.narrowPeak	1	184207
1	1111	ucsc_features	0	0.478046652533567	1031	229	252	177	252	219	8887	830	3420	UCSC coriellDelDup table	NA	NA	NA	NA	NA	coriellDelDup.bed	1	864
1	119	roadmap_epigenomics	0	0.262789367723493	1366	229	423	11	423	221	11237	495	1070	roadmap_epigenomics H2BK5ac	NA	NA	H2BK5ac	NA	NA	E007-H2BK5ac.narrowPeak	1	389247
1	162	roadmap_epigenomics	0	0.272105672690863	1208	229	394	45	394	223	10729	653	1578	roadmap_epigenomics H4K20me1	NA	NA	H4K20me1	NA	NA	E008-H4K20me1.narrowPeak	1	284568
1	593	roadmap_epigenomics	0	0.508675567734689	1012	229	249	202	249	227	8626	849	3681	roadmap_epigenomics H3K27me3	NA	NA	H3K27me3	NA	NA	E070-H3K27me3.narrowPeak	1	132980
1	122	roadmap_epigenomics	0	0.257600359771313	1293	229	440	20	440	230	11056	568	1251	roadmap_epigenomics H3K23ac	NA	NA	H3K23ac	NA	NA	E007-H3K23ac.narrowPeak	1	240360
1	160	roadmap_epigenomics	0	0.65745685122785	995	229	222	240	240	230	7828	866	4479	roadmap_epigenomics H3K9me3	NA	NA	H3K9me3	NA	NA	E008-H3K9me3.narrowPeak	1	210217
1	134	roadmap_epigenomics	0	0.373760622964996	1000	229	266	226	266	240	9311	861	2996	roadmap_epigenomics H4K91ac	NA	NA	H4K91ac	NA	NA	E007-H4K91ac.narrowPeak	1	168000
1	1041	roadmap_epigenomics	0	0.27465680187846	1094	229	386	109	386	241	10320	767	1987	roadmap_epigenomics H2A.Z	NA	NA	H2A.Z	NA	NA	E124-H2A.Z.narrowPeak	1	136897
1	271	roadmap_epigenomics	0	0.248237408001782	1499	229	494	5	494	243	11611	362	696	roadmap_epigenomics	NA	NA	NA	NA	NA	E021-DNase.macs2.narrowPeak	1	691347
1	166	roadmap_epigenomics	0	0.272011386191143	1081	229	395	120	395	248	10288	780	2019	roadmap_epigenomics H2A.Z	NA	NA	H2A.Z	NA	NA	E009-H2A.Z.narrowPeak	1	158512
1	192	roadmap_epigenomics	0	0.629872846580137	961	229	226	288	288	248	7741	900	4566	roadmap_epigenomics H3K27me3	NA	NA	H3K27me3	NA	NA	E013-H3K27me3.narrowPeak	1	207227
1	1040	roadmap_epigenomics	0	0.250446512302401	1225	229	478	39	478	249	10891	636	1416	roadmap_epigenomics	NA	NA	NA	NA	NA	E124-DNase.macs2.narrowPeak	1	295595
1	145	roadmap_epigenomics	0	0.268726630459961	1072	229	408	128	408	255	10275	789	2032	roadmap_epigenomics H3K14ac	NA	NA	H3K14ac	NA	NA	E008-H3K14ac.narrowPeak	1	181023
1	1047	roadmap_epigenomics	0	0.274318459463841	1054	229	387	148	387	255	10171	807	2136	roadmap_epigenomics H3K4me3	NA	NA	H3K4me3	NA	NA	E124-H3K4me3.narrowPeak	1	81682
1	1028	roadmap_epigenomics	0	0.345712468392728	981	229	279	261	279	256	9394	880	2913	roadmap_epigenomics H2A.Z	NA	NA	H2A.Z	NA	NA	E123-H2A.Z.narrowPeak	1	128633
1	106	roadmap_epigenomics	0	0.251673630119916	1150	229	470	77	470	259	10650	711	1657	roadmap_epigenomics H3K4me3	NA	NA	H3K4me3	NA	NA	E006-H3K4me3.narrowPeak	1	112009
1	81	roadmap_epigenomics	0	0.255394667519393	1108	229	455	99	455	261	10487	753	1820	roadmap_epigenomics H3K4me3	NA	NA	H3K4me3	NA	NA	E005-H3K4me3.narrowPeak	1	88854
1	525	roadmap_epigenomics	0	0.529558985211047	937	229	242	319	319	263	8085	924	4222	roadmap_epigenomics H3K27me3	NA	NA	H3K27me3	NA	NA	E058-H3K27me3.narrowPeak	1	199828
1	138	roadmap_epigenomics	0	0.386964522207392	937	229	263	319	319	270	8908	924	3399	roadmap_epigenomics H2A.Z	NA	NA	H2A.Z	NA	NA	E008-H2A.Z.narrowPeak	1	122323
1	917	roadmap_epigenomics	0	0.239961278268955	1256	229	557	28	557	271	11032	605	1275	roadmap_epigenomics H3K4me3	NA	NA	H3K4me3	NA	NA	E113-H3K4me3.narrowPeak	1	195000
1	156	roadmap_epigenomics	0	0.293410283584928	996	229	349	238	349	272	9808	865	2499	roadmap_epigenomics H3K56ac	NA	NA	H3K56ac	NA	NA	E008-H3K56ac.narrowPeak	1	164562
1	465	roadmap_epigenomics	0	0.244827120826415	1140	229	512	84	512	275	10657	721	1650	roadmap_epigenomics	NA	NA	NA	NA	NA	E050-DNase.hotspot.fdr0.01.peaks.bed	1	156377
1	437	roadmap_epigenomics	0	0.239842629399077	1198	229	559	49	559	279	10865	663	1442	roadmap_epigenomics	NA	NA	NA	NA	NA	E046-DNase.macs2.narrowPeak	1	287236
1	131	roadmap_epigenomics	0	0.232107290874786	1375	229	616	9	616	285	11374	486	933	roadmap_epigenomics H3K9ac	NA	NA	H3K9ac	NA	NA	E007-H3K9ac.narrowPeak	1	313345
1	283	roadmap_epigenomics	0	0.227331397393068	1400	229	639	8	639	292	11450	461	857	roadmap_epigenomics H3K36me3	NA	NA	H3K36me3	NA	NA	E022-H3K36me3.narrowPeak	1	407402
1	146	roadmap_epigenomics	0	0.263129236541721	998	229	422	229	422	293	10026	863	2281	roadmap_epigenomics H3K18ac	NA	NA	H3K18ac	NA	NA	E008-H3K18ac.narrowPeak	1	148881
1	474	roadmap_epigenomics	0	0.242890074550589	1079	229	527	122	527	293	10465	782	1842	roadmap_epigenomics	NA	NA	NA	NA	NA	E051-DNase.hotspot.fdr0.01.peaks.bed	1	133410
1	654	roadmap_epigenomics	0	0.236743334834122	1144	229	578	82	578	296	10717	717	1590	roadmap_epigenomics H3K4me1	NA	NA	H3K4me1	NA	NA	E079-H3K4me1.narrowPeak	1	257474
1	786	roadmap_epigenomics	0	0.24089706922386	1089	229	547	114	547	297	10512	772	1795	roadmap_epigenomics H3K4me3	NA	NA	H3K4me3	NA	NA	E094-H3K4me3.narrowPeak	1	87979
1	798	roadmap_epigenomics	0	0.244981872844715	1050	229	510	155	510	298	10349	811	1958	roadmap_epigenomics H3K4me3	NA	NA	H3K4me3	NA	NA	E096-H3K4me3.narrowPeak	1	96300
1	108	roadmap_epigenomics	0	0.234511996079929	1153	229	596	72	596	299	10758	708	1549	roadmap_epigenomics H3K9ac	NA	NA	H3K9ac	NA	NA	E006-H3K9ac.narrowPeak	1	193085
1	919	roadmap_epigenomics	0	0.22407897833427	1300	229	660	17	660	302	11222	561	1085	roadmap_epigenomics	NA	NA	NA	NA	NA	E114-DNase.macs2.narrowPeak	1	371330
1	326	roadmap_epigenomics	0	0.280110796821448	938	229	371	316	371	305	9648	923	2659	roadmap_epigenomics	NA	NA	NA	NA	NA	E029-DNase.hotspot.fdr0.01.peaks.bed	1	127216
1	464	roadmap_epigenomics	0	0.256536944119415	991	229	445	244	445	306	10045	870	2262	roadmap_epigenomics	NA	NA	NA	NA	NA	E050-DNase.hotspot.all.peaks.bed	1	104134
1	569	roadmap_epigenomics	0	0.250637163059002	1006	229	476	217	476	307	10146	855	2161	roadmap_epigenomics H3K4me3	NA	NA	H3K4me3	NA	NA	E066-H3K4me3.narrowPeak	1	92061
1	10	roadmap_epigenomics	0	0.240051638847878	1061	229	556	140	556	308	10421	800	1886	roadmap_epigenomics H3K4me3	NA	NA	H3K4me3	NA	NA	E002-H3K4me3.narrowPeak	1	147544
1	711	roadmap_epigenomics	0	0.219530872154919	1428	229	689	7	689	308	11539	433	768	roadmap_epigenomics	NA	NA	NA	NA	NA	E086-DNase.macs2.narrowPeak	1	654772
1	221	roadmap_epigenomics	0	0.242057734796102	1042	229	536	166	536	310	10340	819	1967	roadmap_epigenomics H2A.Z	NA	NA	H2A.Z	NA	NA	E017-H2A.Z.narrowPeak	1	121643
1	345	roadmap_epigenomics	0	0.261328832771911	971	229	427	276	427	311	9929	890	2378	roadmap_epigenomics	NA	NA	NA	NA	NA	E032-DNase.hotspot.fdr0.01.peaks.bed	1	114529
1	622	roadmap_epigenomics	0	0.236282263655703	1077	229	581	123	581	311	10501	784	1806	roadmap_epigenomics H3K4me3	NA	NA	H3K4me3	NA	NA	E074-H3K4me3.narrowPeak	1	90281
1	1076	roadmap_epigenomics	0	0.220299541190458	1283	229	685	23	685	312	11196	578	1111	roadmap_epigenomics	NA	NA	NA	NA	NA	E127-DNase.macs2.narrowPeak	1	449247
1	164	roadmap_epigenomics	0	0.294093569899107	918	229	347	363	363	313	9452	943	2855	roadmap_epigenomics H4K8ac	NA	NA	H4K8ac	NA	NA	E008-H4K8ac.narrowPeak	1	139450
1	270	roadmap_epigenomics	0	0.22691045175006	1164	229	642	70	642	314	10835	697	1472	roadmap_epigenomics	NA	NA	NA	NA	NA	E021-DNase.hotspot.fdr0.01.peaks.bed	1	182710
1	279	roadmap_epigenomics	0	0.226181658789809	1168	229	646	67	646	314	10851	693	1456	roadmap_epigenomics	NA	NA	NA	NA	NA	E022-DNase.hotspot.fdr0.01.peaks.bed	1	191448
1	913	roadmap_epigenomics	0	0.262784319972105	958	229	424	290	424	314	9864	903	2443	roadmap_epigenomics H3K27ac	NA	NA	H3K27ac	NA	NA	E113-H3K27ac.narrowPeak	1	130427
1	327	roadmap_epigenomics	0	0.235668975852441	1072	229	588	128	588	315	10488	789	1819	roadmap_epigenomics	NA	NA	NA	NA	NA	E029-DNase.macs2.narrowPeak	1	209063
1	1033	roadmap_epigenomics	0	0.251405725351968	992	229	472	243	472	315	10086	869	2221	roadmap_epigenomics H3K4me2	NA	NA	H3K4me2	NA	NA	E123-H3K4me2.narrowPeak	1	93300
1	24	roadmap_epigenomics	0	0.255151190759178	980	229	456	264	456	316	10011	881	2296	roadmap_epigenomics H3K18ac	NA	NA	H3K18ac	NA	NA	E003-H3K18ac.narrowPeak	1	249755
1	436	roadmap_epigenomics	0	0.268670912236124	941	229	410	309	410	316	9747	920	2560	roadmap_epigenomics	NA	NA	NA	NA	NA	E046-DNase.hotspot.fdr0.01.peaks.bed	1	109868
1	753	roadmap_epigenomics	0	0.225311169215106	1167	229	652	68	652	316	10853	694	1454	roadmap_epigenomics	NA	NA	NA	NA	NA	E091-DNase.hotspot.fdr0.01.peaks.bed	1	214514
1	466	roadmap_epigenomics	0	0.216921328645823	1312	229	711	15	711	318	11283	549	1024	roadmap_epigenomics	NA	NA	NA	NA	NA	E050-DNase.macs2.narrowPeak	1	329554
1	346	roadmap_epigenomics	0	0.217221276669915	1257	229	708	26	708	321	11144	604	1163	roadmap_epigenomics	NA	NA	NA	NA	NA	E032-DNase.macs2.narrowPeak	1	359211
1	354	roadmap_epigenomics	0	0.260352425761449	944	229	429	305	429	321	9823	917	2484	roadmap_epigenomics	NA	NA	NA	NA	NA	E033-DNase.hotspot.fdr0.01.peaks.bed	1	108321
1	172	roadmap_epigenomics	0	0.277278239382835	920	229	380	356	380	322	9588	941	2719	roadmap_epigenomics H2A.Z	NA	NA	H2A.Z	NA	NA	E010-H2A.Z.narrowPeak	1	113363
1	772	roadmap_epigenomics	0	0.215708093665674	1309	229	721	16	721	322	11281	552	1026	roadmap_epigenomics	NA	NA	NA	NA	NA	E093-DNase.macs2.narrowPeak	1	407437
1	1032	roadmap_epigenomics	0	0.27350294363353	926	229	390	346	390	322	9644	935	2663	roadmap_epigenomics H3K4me1	NA	NA	H3K4me1	NA	NA	E123-H3K4me1.narrowPeak	1	169621
1	14	roadmap_epigenomics	0	0.223162915346395	1151	229	666	74	666	323	10818	710	1489	roadmap_epigenomics	NA	NA	NA	NA	NA	E003-DNase.hotspot.fdr0.01.peaks.bed	1	181790
1	177	roadmap_epigenomics	0	0.567524559659466	851	229	237	503	503	323	7354	1010	4953	roadmap_epigenomics H3K9me3	NA	NA	H3K9me3	NA	NA	E010-H3K9me3.narrowPeak	1	226115
1	355	roadmap_epigenomics	0	0.218848447761875	1205	229	697	46	697	324	10997	656	1310	roadmap_epigenomics	NA	NA	NA	NA	NA	E033-DNase.macs2.narrowPeak	1	279354
1	655	roadmap_epigenomics	0	0.24179647530659	1011	229	539	204	539	324	10228	850	2079	roadmap_epigenomics H3K4me3	NA	NA	H3K4me3	NA	NA	E079-H3K4me3.narrowPeak	1	56303
1	331	roadmap_epigenomics	0	0.232547657801245	1063	229	612	136	612	326	10478	798	1829	roadmap_epigenomics H3K4me1	NA	NA	H3K4me1	NA	NA	E029-H3K4me1.narrowPeak	1	142027
1	979	roadmap_epigenomics	0	0.239743642996859	1023	229	561	189	561	326	10287	838	2020	roadmap_epigenomics H2A.Z	NA	NA	H2A.Z	NA	NA	E119-H2A.Z.narrowPeak	1	137376
1	1077	roadmap_epigenomics	0	0.258999772736287	939	229	436	314	436	326	9812	922	2495	roadmap_epigenomics H2A.Z	NA	NA	H2A.Z	NA	NA	E127-H2A.Z.narrowPeak	1	137462
1	15	roadmap_epigenomics	0	0.214533099423724	1297	229	737	19	737	328	11257	564	1050	roadmap_epigenomics	NA	NA	NA	NA	NA	E003-DNase.macs2.narrowPeak	1	339188
1	337	roadmap_epigenomics	0	0.291575743052899	902	229	355	403	403	329	9395	959	2912	roadmap_epigenomics H3K4me3	NA	NA	H3K4me3	NA	NA	E030-H3K4me3.narrowPeak	1	53793
1	473	roadmap_epigenomics	0	0.245678871187926	989	229	507	250	507	329	10116	872	2191	roadmap_epigenomics	NA	NA	NA	NA	NA	E051-DNase.hotspot.all.peaks.bed	1	105226
1	362	roadmap_epigenomics	0	0.258592283694348	935	229	438	324	438	330	9798	926	2509	roadmap_epigenomics	NA	NA	NA	NA	NA	E034-DNase.hotspot.fdr0.01.peaks.bed	1	107036
1	129	roadmap_epigenomics	0	0.229567600613526	1063	229	629	136	629	331	10498	798	1809	roadmap_epigenomics H3K4me3	NA	NA	H3K4me3	NA	NA	E007-H3K4me3.narrowPeak	1	87807
1	441	roadmap_epigenomics	0	0.221784972304454	1130	229	675	88	675	331	10763	731	1544	roadmap_epigenomics H3K4me1	NA	NA	H3K4me1	NA	NA	E046-H3K4me1.narrowPeak	1	167778
1	816	roadmap_epigenomics	0	0.239660834775874	1012	229	562	202	562	331	10247	849	2060	roadmap_epigenomics H3K4me3	NA	NA	H3K4me3	NA	NA	E098-H3K4me3.narrowPeak	1	57291
1	163	roadmap_epigenomics	0	0.29053491525076	897	229	359	415	415	334	9379	964	2928	roadmap_epigenomics H4K5ac	NA	NA	H4K5ac	NA	NA	E008-H4K5ac.narrowPeak	1	136718
1	182	roadmap_epigenomics	0	0.228301142861676	1059	229	633	142	633	335	10493	802	1814	roadmap_epigenomics H3K4me3	NA	NA	H3K4me3	NA	NA	E011-H3K4me3.narrowPeak	1	131844
1	1046	roadmap_epigenomics	0	0.228008610475965	1054	229	634	148	634	337	10478	807	1829	roadmap_epigenomics H3K4me2	NA	NA	H3K4me2	NA	NA	E124-H3K4me2.narrowPeak	1	77302
1	449	roadmap_epigenomics	0	0.2432217406053	981	229	525	261	525	338	10103	880	2204	roadmap_epigenomics H3K9ac	NA	NA	H3K9ac	NA	NA	E047-H3K9ac.narrowPeak	1	147914
1	1015	roadmap_epigenomics	0	0.256396656282037	925	229	446	347	446	341	9772	936	2535	roadmap_epigenomics H2A.Z	NA	NA	H2A.Z	NA	NA	E122-H2A.Z.narrowPeak	1	124665
1	475	roadmap_epigenomics	0	0.208393091333194	1293	229	777	20	777	342	11275	568	1032	roadmap_epigenomics	NA	NA	NA	NA	NA	E051-DNase.macs2.narrowPeak	1	314537
1	797	roadmap_epigenomics	0	0.214005158439652	1190	229	744	53	744	342	10982	671	1325	roadmap_epigenomics H3K4me1	NA	NA	H3K4me1	NA	NA	E096-H3K4me1.narrowPeak	1	317595
1	353	roadmap_epigenomics	0	0.285752458771626	887	229	367	432	432	343	9368	974	2939	roadmap_epigenomics	NA	NA	NA	NA	NA	E033-DNase.hotspot.all.peaks.bed	1	89092
1	916	roadmap_epigenomics	0	0.207127488519754	1299	229	782	18	782	343	11295	562	1012	roadmap_epigenomics H3K4me1	NA	NA	H3K4me1	NA	NA	E113-H3K4me1.narrowPeak	1	347200
1	1049	roadmap_epigenomics	0	0.244532236847707	965	229	515	285	515	343	10030	896	2277	roadmap_epigenomics H3K9ac	NA	NA	H3K9ac	NA	NA	E124-H3K9ac.narrowPeak	1	72690
1	114	roadmap_epigenomics	0	0.206817592191916	1290	229	783	22	783	345	11275	571	1032	roadmap_epigenomics	NA	NA	NA	NA	NA	E007-DNase.macs2.narrowPeak	1	408460
1	435	roadmap_epigenomics	0	0.289179358477805	881	229	362	445	445	345	9312	980	2995	roadmap_epigenomics	NA	NA	NA	NA	NA	E046-DNase.hotspot.all.peaks.bed	1	88265
1	1101	roadmap_epigenomics	0	0.24738925066283	939	229	498	314	498	347	9902	922	2405	roadmap_epigenomics H2A.Z	NA	NA	H2A.Z	NA	NA	E129-H2A.Z.narrowPeak	1	144805
1	130	roadmap_epigenomics	0	0.232577039904739	1009	229	611	207	611	349	10287	852	2020	roadmap_epigenomics H3K79me1	NA	NA	H3K79me1	NA	NA	E007-H3K79me1.narrowPeak	1	189229
1	517	roadmap_epigenomics	0	0.219045477750904	1074	229	693	124	693	349	10605	787	1702	roadmap_epigenomics	NA	NA	NA	NA	NA	E057-DNase.hotspot.fdr0.01.peaks.bed	1	209886
1	935	roadmap_epigenomics	0	0.275484981083482	886	229	384	435	435	349	9444	975	2863	roadmap_epigenomics H3K4me1	NA	NA	H3K4me1	NA	NA	E115-H3K4me1.narrowPeak	1	130919
1	336	roadmap_epigenomics	0	0.234992072135771	997	229	591	232	591	351	10225	864	2082	roadmap_epigenomics H3K4me1	NA	NA	H3K4me1	NA	NA	E030-H3K4me1.narrowPeak	1	116739
1	68	roadmap_epigenomics	0	0.260368418264787	904	229	428	399	428	352	9648	957	2659	roadmap_epigenomics H2AK5ac	NA	NA	H2AK5ac	NA	NA	E005-H2AK5ac.narrowPeak	1	229817
1	758	roadmap_epigenomics	0	0.212844664206821	1150	229	749	77	749	352	10876	711	1431	roadmap_epigenomics H3K4me1	NA	NA	H3K4me1	NA	NA	E091-H3K4me1.narrowPeak	1	214541
1	41	roadmap_epigenomics	0	0.201965442114786	1367	229	820	10	820	353	11470	494	837	roadmap_epigenomics H4K8ac	NA	NA	H4K8ac	NA	NA	E003-H4K8ac.narrowPeak	1	371476
1	341	roadmap_epigenomics	0	0.23801960480144	980	229	567	264	567	353	10138	881	2169	roadmap_epigenomics H3K4me1	NA	NA	H3K4me1	NA	NA	E031-H3K4me1.narrowPeak	1	93412
1	88	roadmap_epigenomics	0	0.243977358250028	941	229	523	309	523	354	9937	920	2370	roadmap_epigenomics H4K91ac	NA	NA	H4K91ac	NA	NA	E005-H4K91ac.narrowPeak	1	249666
1	344	roadmap_epigenomics	0	0.297409744244119	855	229	343	490	490	354	9117	1006	3190	roadmap_epigenomics	NA	NA	NA	NA	NA	E032-DNase.hotspot.all.peaks.bed	1	81799
1	442	roadmap_epigenomics	0	0.309053194272207	845	229	326	510	510	355	8973	1016	3334	roadmap_epigenomics H3K4me3	NA	NA	H3K4me3	NA	NA	E046-H3K4me3.narrowPeak	1	33250
1	1034	roadmap_epigenomics	0	0.269306436272743	888	229	406	431	431	355	9503	973	2804	roadmap_epigenomics H3K4me3	NA	NA	H3K4me3	NA	NA	E123-H3K4me3.narrowPeak	1	62691
1	978	roadmap_epigenomics	0	0.208524048954273	1177	229	776	63	776	356	10977	684	1330	roadmap_epigenomics	NA	NA	NA	NA	NA	E119-DNase.macs2.narrowPeak	1	292840
1	1045	roadmap_epigenomics	0	0.21493423669895	1099	229	733	107	733	356	10711	762	1596	roadmap_epigenomics H3K4me1	NA	NA	H3K4me1	NA	NA	E124-H3K4me1.narrowPeak	1	127405
1	45	roadmap_epigenomics	0	0.203277464943698	1244	229	809	32	809	357	11180	617	1127	roadmap_epigenomics	NA	NA	NA	NA	NA	E004-DNase.macs2.narrowPeak	1	365365
1	380	roadmap_epigenomics	0	0.288813057932999	861	229	363	479	479	357	9216	1000	3091	roadmap_epigenomics H3K27ac	NA	NA	H3K27ac	NA	NA	E037-H3K27ac.narrowPeak	1	75646
1	325	roadmap_epigenomics	0	0.294611391568515	852	229	346	498	498	358	9124	1009	3183	roadmap_epigenomics	NA	NA	NA	NA	NA	E029-DNase.hotspot.all.peaks.bed	1	102960
1	44	roadmap_epigenomics	0	0.209918327888752	1146	229	768	81	768	359	10882	715	1425	roadmap_epigenomics	NA	NA	NA	NA	NA	E004-DNase.hotspot.fdr0.01.peaks.bed	1	238986
1	116	roadmap_epigenomics	0	0.330153688920315	821	229	295	554	554	359	8678	1040	3629	roadmap_epigenomics H2BK120ac	NA	NA	H2BK120ac	NA	NA	E007-H2BK120ac.narrowPeak	1	114993
1	136	roadmap_epigenomics	0	0.214068067662294	1105	229	743	104	743	359	10735	756	1572	roadmap_epigenomics	NA	NA	NA	NA	NA	E008-DNase.hotspot.fdr0.01.peaks.bed	1	189915
1	137	roadmap_epigenomics	0	0.205156383264679	1181	229	797	60	797	362	11007	680	1300	roadmap_epigenomics	NA	NA	NA	NA	NA	E008-DNase.macs2.narrowPeak	1	244359
1	55	roadmap_epigenomics	0	0.245892977613785	920	229	505	356	505	363	9834	941	2473	roadmap_epigenomics H3K4ac	NA	NA	H3K4ac	NA	NA	E004-H3K4ac.narrowPeak	1	176127
1	752	roadmap_epigenomics	0	0.251261699414175	908	229	474	390	474	364	9739	953	2568	roadmap_epigenomics	NA	NA	NA	NA	NA	E091-DNase.hotspot.all.peaks.bed	1	111776
1	201	roadmap_epigenomics	0	0.216161069989127	1052	229	715	150	715	365	10553	809	1754	roadmap_epigenomics H3K4me3	NA	NA	H3K4me3	NA	NA	E014-H3K4me3.narrowPeak	1	79278
1	66	roadmap_epigenomics	0	0.21227816297191	1085	229	753	119	753	367	10685	776	1622	roadmap_epigenomics	NA	NA	NA	NA	NA	E005-DNase.macs2.narrowPeak	1	271969
1	79	roadmap_epigenomics	0	0.211404446860111	1087	229	759	117	759	368	10697	774	1610	roadmap_epigenomics H3K4me1	NA	NA	H3K4me1	NA	NA	E005-H3K4me1.narrowPeak	1	297165
1	269	roadmap_epigenomics	0	0.22299872706998	1009	229	668	207	668	368	10357	852	1950	roadmap_epigenomics	NA	NA	NA	NA	NA	E021-DNase.hotspot.all.peaks.bed	1	111181
1	332	roadmap_epigenomics	0	0.313295982443955	820	229	319	556	556	368	8805	1041	3502	roadmap_epigenomics H3K4me3	NA	NA	H3K4me3	NA	NA	E029-H3K4me3.narrowPeak	1	29579
1	942	roadmap_epigenomics	0	0.206502563529907	1129	229	789	89	789	369	10854	732	1453	roadmap_epigenomics	NA	NA	NA	NA	NA	E116-DNase.macs2.narrowPeak	1	271082
1	363	roadmap_epigenomics	0	0.198570037840336	1240	229	848	34	848	370	11194	621	1113	roadmap_epigenomics	NA	NA	NA	NA	NA	E034-DNase.macs2.narrowPeak	1	416560
1	455	roadmap_epigenomics	0	0.278018982711978	851	229	377	503	503	370	9254	1010	3053	roadmap_epigenomics H3K4me3	NA	NA	H3K4me3	NA	NA	E048-H3K4me3.narrowPeak	1	54009
1	1003	roadmap_epigenomics	0	0.219728983454606	1021	229	688	193	688	370	10423	840	1884	roadmap_epigenomics H2A.Z	NA	NA	H2A.Z	NA	NA	E121-H2A.Z.narrowPeak	1	153394
1	754	roadmap_epigenomics	0	0.195204406348399	1365	229	871	12	871	371	11492	496	815	roadmap_epigenomics	NA	NA	NA	NA	NA	E091-DNase.macs2.narrowPeak	1	494002
1	1027	roadmap_epigenomics	0	0.200904102824981	1187	229	826	58	826	371	11047	674	1260	roadmap_epigenomics	NA	NA	NA	NA	NA	E123-DNase.macs2.narrowPeak	1	341769
1	128	roadmap_epigenomics	0	0.20500300079806	1138	229	799	87	799	372	10889	723	1418	roadmap_epigenomics H3K4me2	NA	NA	H3K4me2	NA	NA	E007-H3K4me2.narrowPeak	1	143005
1	368	roadmap_epigenomics	0	0.275484563094711	851	229	385	503	503	372	9275	1010	3032	roadmap_epigenomics H3K4me3	NA	NA	H3K4me3	NA	NA	E034-H3K4me3.narrowPeak	1	37067
1	438	roadmap_epigenomics	0	0.360244234633599	786	229	273	617	617	373	8245	1075	4062	roadmap_epigenomics H3K27ac	NA	NA	H3K27ac	NA	NA	E046-H3K27ac.narrowPeak	1	68379
1	811	roadmap_epigenomics	0	0.198281614310123	1224	229	850	40	850	373	11156	637	1151	roadmap_epigenomics	NA	NA	NA	NA	NA	E098-DNase.macs2.narrowPeak	1	349441
1	8	roadmap_epigenomics	0	0.338434952521428	793	229	287	606	606	374	8454	1068	3853	roadmap_epigenomics H3K36me3	NA	NA	H3K36me3	NA	NA	E002-H3K36me3.narrowPeak	1	284615
1	84	roadmap_epigenomics	0	0.270653051595635	854	229	399	494	494	374	9330	1007	2977	roadmap_epigenomics H3K9ac	NA	NA	H3K9ac	NA	NA	E005-H3K9ac.narrowPeak	1	76244
1	127	roadmap_epigenomics	0	0.232908353764139	965	229	607	285	607	374	10119	896	2188	roadmap_epigenomics H3K4me1	NA	NA	H3K4me1	NA	NA	E007-H3K4me1.narrowPeak	1	262404
1	149	roadmap_epigenomics	0	0.242735698615468	918	229	531	363	531	374	9851	943	2456	roadmap_epigenomics H3K27ac	NA	NA	H3K27ac	NA	NA	E008-H3K27ac.narrowPeak	1	220688
1	451	roadmap_epigenomics	0	0.308918155680105	817	229	327	566	566	374	8824	1044	3483	roadmap_epigenomics H3K27ac	NA	NA	H3K27ac	NA	NA	E048-H3K27ac.narrowPeak	1	60881
1	28	roadmap_epigenomics	0	0.585167613126166	759	229	235	664	664	376	6654	1102	5653	roadmap_epigenomics H3K27me3	NA	NA	H3K27me3	NA	NA	E003-H3K27me3.narrowPeak	1	123423
1	943	roadmap_epigenomics	0	0.269710221807505	853	229	403	497	497	376	9333	1008	2974	roadmap_epigenomics H2A.Z	NA	NA	H2A.Z	NA	NA	E116-H2A.Z.narrowPeak	1	84270
1	26	roadmap_epigenomics	0	0.246175018917861	904	229	504	399	504	377	9763	957	2544	roadmap_epigenomics H3K23me2	NA	NA	H3K23me2	NA	NA	E003-H3K23me2.narrowPeak	1	95590
1	390	roadmap_epigenomics	0	0.267770684860695	855	229	412	490	490	377	9359	1006	2948	roadmap_epigenomics H3K4me3	NA	NA	H3K4me3	NA	NA	E038-H3K4me3.narrowPeak	1	51910
1	794	roadmap_epigenomics	0	0.215237998887524	1032	229	727	176	727	377	10493	829	1814	roadmap_epigenomics H3K27ac	NA	NA	H3K27ac	NA	NA	E096-H3K27ac.narrowPeak	1	220045
1	1112	ucsc_features	0	0.275979877087594	840	229	383	518	518	377	9216	1021	3091	UCSC CpG islands	NA	NA	NA	NA	NA	cpgIslandExt.bed	1	28633
1	111	roadmap_epigenomics	0	0.211226443908625	1059	229	762	142	762	378	10610	802	1697	roadmap_epigenomics H4K91ac	NA	NA	H4K91ac	NA	NA	E006-H4K91ac.narrowPeak	1	234539
1	278	roadmap_epigenomics	0	0.218260086053894	1009	229	699	207	699	378	10392	852	1915	roadmap_epigenomics	NA	NA	NA	NA	NA	E022-DNase.hotspot.all.peaks.bed	1	119252
1	518	roadmap_epigenomics	0	0.198916617781976	1174	229	842	64	842	378	11024	687	1283	roadmap_epigenomics	NA	NA	NA	NA	NA	E057-DNase.macs2.narrowPeak	1	290255
1	740	roadmap_epigenomics	0	0.201737134922048	1143	229	823	83	823	378	10923	718	1384	roadmap_epigenomics H3K4me1	NA	NA	H3K4me1	NA	NA	E089-H3K4me1.narrowPeak	1	234241
1	467	roadmap_epigenomics	0	0.264717134066307	856	229	419	488	488	379	9389	1005	2918	roadmap_epigenomics H3K27ac	NA	NA	H3K27ac	NA	NA	E050-H3K27ac.narrowPeak	1	105551
1	96	roadmap_epigenomics	0	0.267462587114342	852	229	414	498	498	380	9347	1009	2960	roadmap_epigenomics H2BK5ac	NA	NA	H2BK5ac	NA	NA	E006-H2BK5ac.narrowPeak	1	169022
1	361	roadmap_epigenomics	0	0.276904059683898	835	229	381	529	529	380	9183	1026	3124	roadmap_epigenomics	NA	NA	NA	NA	NA	E034-DNase.hotspot.all.peaks.bed	1	81127
1	285	roadmap_epigenomics	0	0.212393049924351	1047	229	752	161	752	381	10563	814	1744	roadmap_epigenomics H3K4me3	NA	NA	H3K4me3	NA	NA	E022-H3K4me3.narrowPeak	1	75387
1	67	roadmap_epigenomics	0	0.201624691005829	1125	229	824	94	824	382	10873	736	1434	roadmap_epigenomics H2A.Z	NA	NA	H2A.Z	NA	NA	E005-H2A.Z.narrowPeak	1	202104
1	397	roadmap_epigenomics	0	0.242189746156098	912	229	535	381	535	382	9830	949	2477	roadmap_epigenomics H3K4me3	NA	NA	H3K4me3	NA	NA	E039-H3K4me3.narrowPeak	1	51115
1	351	roadmap_epigenomics	0	0.2924783450053	817	229	353	566	566	383	8959	1044	3348	roadmap_epigenomics H3K4me3	NA	NA	H3K4me3	NA	NA	E032-H3K4me3.narrowPeak	1	31423
1	13	roadmap_epigenomics	0	0.21914341011154	997	229	691	232	691	384	10343	864	1964	roadmap_epigenomics	NA	NA	NA	NA	NA	E003-DNase.hotspot.all.peaks.bed	1	111055
1	72	roadmap_epigenomics	0	0.230572990801924	947	229	622	301	622	384	10067	914	2240	roadmap_epigenomics H3K14ac	NA	NA	H3K14ac	NA	NA	E005-H3K14ac.narrowPeak	1	204548
1	755	roadmap_epigenomics	0	0.278434853124252	825	229	376	548	548	384	9119	1036	3188	roadmap_epigenomics H3K27ac	NA	NA	H3K27ac	NA	NA	E091-H3K27ac.narrowPeak	1	113281
1	148	roadmap_epigenomics	0	0.20741944522578	1051	229	779	151	779	386	10611	810	1696	roadmap_epigenomics H3K23me2	NA	NA	H3K23me2	NA	NA	E008-H3K23me2.narrowPeak	1	123622
1	771	roadmap_epigenomics	0	0.218022956788754	998	229	701	229	701	386	10355	863	1952	roadmap_epigenomics	NA	NA	NA	NA	NA	E093-DNase.hotspot.fdr0.01.peaks.bed	1	133624
1	1036	roadmap_epigenomics	0	0.311443427565845	792	229	322	607	607	386	8665	1069	3642	roadmap_epigenomics H3K9ac	NA	NA	H3K9ac	NA	NA	E123-H3K9ac.narrowPeak	1	48136
1	860	roadmap_epigenomics	0	0.192038343244062	1215	229	888	44	888	387	11167	646	1140	roadmap_epigenomics H3K27ac	NA	NA	H3K27ac	NA	NA	E105-H3K27ac.narrowPeak	1	294261
1	384	roadmap_epigenomics	0	0.266536122502105	840	229	416	518	518	388	9296	1021	3011	roadmap_epigenomics H3K4me3	NA	NA	H3K4me3	NA	NA	E037-H3K4me3.narrowPeak	1	49554
1	409	roadmap_epigenomics	0	0.244059379408205	897	229	521	415	521	388	9750	964	2557	roadmap_epigenomics H3K4me3	NA	NA	H3K4me3	NA	NA	E041-H3K4me3.narrowPeak	1	57727
1	364	roadmap_epigenomics	0	0.336249977168794	766	229	290	647	647	389	8312	1095	3995	roadmap_epigenomics H3K27ac	NA	NA	H3K27ac	NA	NA	E034-H3K27ac.narrowPeak	1	78882
1	770	roadmap_epigenomics	0	0.252746488755112	865	229	463	474	474	389	9533	996	2774	roadmap_epigenomics	NA	NA	NA	NA	NA	E093-DNase.hotspot.all.peaks.bed	1	86221
1	1042	roadmap_epigenomics	0	0.261994606247924	844	229	426	512	512	389	9354	1017	2953	roadmap_epigenomics H3K27ac	NA	NA	H3K27ac	NA	NA	E124-H3K27ac.narrowPeak	1	154618
1	275	roadmap_epigenomics	0	0.273821270704109	822	229	389	551	551	390	9143	1039	3164	roadmap_epigenomics H3K4me1	NA	NA	H3K4me1	NA	NA	E021-H3K4me1.narrowPeak	1	187283
1	810	roadmap_epigenomics	0	0.21657219395777	1000	229	714	226	714	390	10373	861	1934	roadmap_epigenomics	NA	NA	NA	NA	NA	E098-DNase.hotspot.fdr0.01.peaks.bed	1	150516
1	915	roadmap_epigenomics	0	0.219811185552838	987	229	687	253	687	390	10302	874	2005	roadmap_epigenomics H3K36me3	NA	NA	H3K36me3	NA	NA	E113-H3K36me3.narrowPeak	1	279691
1	448	roadmap_epigenomics	0	0.26387060133993	838	229	420	524	524	391	9309	1023	2998	roadmap_epigenomics H3K4me3	NA	NA	H3K4me3	NA	NA	E047-H3K4me3.narrowPeak	1	39614
1	936	roadmap_epigenomics	0	0.282231563273103	812	229	369	576	576	391	9019	1049	3288	roadmap_epigenomics H3K4me2	NA	NA	H3K4me2	NA	NA	E115-H3K4me2.narrowPeak	1	70834
1	342	roadmap_epigenomics	0	0.296232486019619	794	229	344	603	603	392	8803	1067	3504	roadmap_epigenomics H3K4me3	NA	NA	H3K4me3	NA	NA	E031-H3K4me3.narrowPeak	1	39890
1	477	roadmap_epigenomics	0	0.334637415447372	763	229	293	654	654	392	8307	1098	4000	roadmap_epigenomics H3K36me3	NA	NA	H3K36me3	NA	NA	E051-H3K36me3.narrowPeak	1	355912
1	692	roadmap_epigenomics	0	0.211262106968952	1027	229	761	185	761	392	10505	834	1802	roadmap_epigenomics	NA	NA	NA	NA	NA	E084-DNase.hotspot.fdr0.01.peaks.bed	1	168261
1	837	roadmap_epigenomics	0	0.20486201010729	1057	229	802	144	802	392	10648	804	1659	roadmap_epigenomics H3K4me3	NA	NA	H3K4me3	NA	NA	E101-H3K4me3.narrowPeak	1	96726
1	844	roadmap_epigenomics	0	0.209652170326415	1031	229	770	177	770	392	10530	830	1777	roadmap_epigenomics H3K4me3	NA	NA	H3K4me3	NA	NA	E102-H3K4me3.narrowPeak	1	83775
1	991	roadmap_epigenomics	0	0.235983036270526	918	229	585	363	585	392	9906	943	2401	roadmap_epigenomics H2A.Z	NA	NA	H2A.Z	NA	NA	E120-H2A.Z.narrowPeak	1	101641
1	920	roadmap_epigenomics	0	0.250143640897347	868	229	481	470	481	393	9569	993	2738	roadmap_epigenomics H2A.Z	NA	NA	H2A.Z	NA	NA	E114-H2A.Z.narrowPeak	1	88217
1	378	roadmap_epigenomics	0	0.226873244348562	941	229	643	309	643	394	10073	920	2234	roadmap_epigenomics H3K4me3	NA	NA	H3K4me3	NA	NA	E036-H3K4me3.narrowPeak	1	56252
1	931	roadmap_epigenomics	0	0.314811170629692	775	229	316	636	636	394	8540	1086	3767	roadmap_epigenomics H2A.Z	NA	NA	H2A.Z	NA	NA	E115-H2A.Z.narrowPeak	1	84931
1	318	roadmap_epigenomics	0	0.209248918918899	1028	229	773	184	773	395	10523	833	1784	roadmap_epigenomics	NA	NA	NA	NA	NA	E028-DNase.hotspot.fdr0.01.peaks.bed	1	186595
1	405	roadmap_epigenomics	0	0.274068296233954	816	229	388	568	568	395	9110	1045	3197	roadmap_epigenomics H3K27ac	NA	NA	H3K27ac	NA	NA	E041-H3K27ac.narrowPeak	1	106442
1	629	roadmap_epigenomics	0	0.20184610185662	1066	229	822	135	822	395	10697	795	1610	roadmap_epigenomics H3K4me3	NA	NA	H3K4me3	NA	NA	E075-H3K4me3.narrowPeak	1	84678
1	691	roadmap_epigenomics	0	0.259055646295766	839	229	435	522	522	395	9355	1022	2952	roadmap_epigenomics	NA	NA	NA	NA	NA	E084-DNase.hotspot.all.peaks.bed	1	97138
1	815	roadmap_epigenomics	0	0.189054662308744	1191	229	905	52	905	395	11124	670	1183	roadmap_epigenomics H3K4me1	NA	NA	H3K4me1	NA	NA	E098-H3K4me1.narrowPeak	1	293089
1	454	roadmap_epigenomics	0	0.227524382574121	936	229	637	322	637	396	10048	925	2259	roadmap_epigenomics H3K4me1	NA	NA	H3K4me1	NA	NA	E048-H3K4me1.narrowPeak	1	144692
1	549	roadmap_epigenomics	0	0.246546022643144	876	229	503	455	503	396	9636	985	2671	roadmap_epigenomics H3K4me3	NA	NA	H3K4me3	NA	NA	E062-H3K4me3.narrowPeak	1	34361
1	143	roadmap_epigenomics	0	0.360613436140769	739	229	272	691	691	397	7953	1122	4354	roadmap_epigenomics H2BK20ac	NA	NA	H2BK20ac	NA	NA	E008-H2BK20ac.narrowPeak	1	115394
1	319	roadmap_epigenomics	0	0.196243265493512	1108	229	863	99	863	397	10859	753	1448	roadmap_epigenomics	NA	NA	NA	NA	NA	E028-DNase.macs2.narrowPeak	1	247966
1	479	roadmap_epigenomics	0	0.200012582906001	1073	229	834	127	834	397	10731	788	1576	roadmap_epigenomics H3K4me3	NA	NA	H3K4me3	NA	NA	E051-H3K4me3.narrowPeak	1	94048
1	220	roadmap_epigenomics	0	0.186713677768538	1216	229	921	43	921	398	11198	645	1109	roadmap_epigenomics	NA	NA	NA	NA	NA	E017-DNase.macs2.narrowPeak	1	398131
1	296	roadmap_epigenomics	0	0.209824450959686	1017	229	769	197	769	398	10482	844	1825	roadmap_epigenomics H3K4me3	NA	NA	H3K4me3	NA	NA	E024-H3K4me3.narrowPeak	1	73602
1	347	roadmap_epigenomics	0	0.376672924480916	735	229	264	700	700	398	7804	1126	4503	roadmap_epigenomics H3K27ac	NA	NA	H3K27ac	NA	NA	E032-H3K27ac.narrowPeak	1	65724
1	1065	roadmap_epigenomics	0	0.27175908668702	816	229	396	568	568	398	9130	1045	3177	roadmap_epigenomics H2A.Z	NA	NA	H2A.Z	NA	NA	E126-H2A.Z.narrowPeak	1	69033
1	415	roadmap_epigenomics	0	0.245719576374149	874	229	506	463	506	399	9634	987	2673	roadmap_epigenomics H3K4me3	NA	NA	H3K4me3	NA	NA	E042-H3K4me3.narrowPeak	1	58292
1	759	roadmap_epigenomics	0	0.255917978974027	841	229	451	516	516	399	9392	1020	2915	roadmap_epigenomics H3K4me3	NA	NA	H3K4me3	NA	NA	E091-H3K4me3.narrowPeak	1	33481
1	773	roadmap_epigenomics	0	0.268475924191293	820	229	411	556	556	399	9179	1041	3128	roadmap_epigenomics H3K27ac	NA	NA	H3K27ac	NA	NA	E093-H3K27ac.narrowPeak	1	114812
1	870	roadmap_epigenomics	0	0.234568112023211	914	229	594	375	594	399	9901	947	2406	roadmap_epigenomics H3K4me3	NA	NA	H3K4me3	NA	NA	E106-H3K4me3.narrowPeak	1	68861
1	642	roadmap_epigenomics	0	0.19727957796026	1092	229	857	113	857	400	10806	769	1501	roadmap_epigenomics H3K4me3	NA	NA	H3K4me3	NA	NA	E077-H3K4me3.narrowPeak	1	105842
1	512	roadmap_epigenomics	0	0.214118234076703	997	229	741	232	741	401	10381	864	1926	roadmap_epigenomics H3K36me3	NA	NA	H3K36me3	NA	NA	E056-H3K36me3.narrowPeak	1	339193
1	565	roadmap_epigenomics	0	0.236793741801168	906	229	577	398	577	401	9849	955	2458	roadmap_epigenomics H3K27ac	NA	NA	H3K27ac	NA	NA	E066-H3K27ac.narrowPeak	1	117377
1	966	roadmap_epigenomics	0	0.185168075735646	1217	229	932	42	932	401	11209	644	1098	roadmap_epigenomics	NA	NA	NA	NA	NA	E118-DNase.macs2.narrowPeak	1	277975
1	1029	roadmap_epigenomics	0	0.305083416806668	774	229	336	637	637	401	8616	1087	3691	roadmap_epigenomics H3K27ac	NA	NA	H3K27ac	NA	NA	E123-H3K27ac.narrowPeak	1	72757
1	427	roadmap_epigenomics	0	0.235762922070572	908	229	587	390	587	402	9866	953	2441	roadmap_epigenomics H3K4me3	NA	NA	H3K4me3	NA	NA	E044-H3K4me3.narrowPeak	1	48938
1	785	roadmap_epigenomics	0	0.198700032713757	1071	229	845	131	845	402	10734	790	1573	roadmap_epigenomics H3K4me1	NA	NA	H3K4me1	NA	NA	E094-H3K4me1.narrowPeak	1	238260
1	215	roadmap_epigenomics	0	0.206547017473119	1019	229	786	195	786	403	10513	842	1794	roadmap_epigenomics H3K4me3	NA	NA	H3K4me3	NA	NA	E016-H3K4me3.narrowPeak	1	59426
1	350	roadmap_epigenomics	0	0.194699478856871	1102	229	874	105	874	403	10852	759	1455	roadmap_epigenomics H3K4me1	NA	NA	H3K4me1	NA	NA	E032-H3K4me1.narrowPeak	1	167617
1	892	roadmap_epigenomics	0	0.233943456753757	913	229	603	376	603	403	9902	948	2405	roadmap_epigenomics H3K4me3	NA	NA	H3K4me3	NA	NA	E109-H3K4me3.narrowPeak	1	65084
1	171	roadmap_epigenomics	0	0.562150216584935	699	229	239	743	743	404	6362	1162	5945	roadmap_epigenomics H3K9me3	NA	NA	H3K9me3	NA	NA	E009-H3K9me3.narrowPeak	1	190181
1	328	roadmap_epigenomics	0	0.344636460944245	729	229	281	703	703	404	8017	1132	4290	roadmap_epigenomics H3K27ac	NA	NA	H3K27ac	NA	NA	E029-H3K27ac.narrowPeak	1	61033
1	556	roadmap_epigenomics	0	0.202833109073363	1037	229	812	171	812	404	10599	824	1708	roadmap_epigenomics H3K4me3	NA	NA	H3K4me3	NA	NA	E063-H3K4me3.narrowPeak	1	87655
1	937	roadmap_epigenomics	0	0.31202355181165	760	229	321	662	662	404	8476	1101	3831	roadmap_epigenomics H3K4me3	NA	NA	H3K4me3	NA	NA	E115-H3K4me3.narrowPeak	1	45841
1	272	roadmap_epigenomics	0	0.335223965963897	738	229	292	694	694	405	8150	1123	4157	roadmap_epigenomics H3K27ac	NA	NA	H3K27ac	NA	NA	E021-H3K27ac.narrowPeak	1	103584
1	393	roadmap_epigenomics	0	0.288572205342971	783	229	364	622	622	405	8808	1078	3499	roadmap_epigenomics H3K27ac	NA	NA	H3K27ac	NA	NA	E039-H3K27ac.narrowPeak	1	79843
1	1090	roadmap_epigenomics	0	0.266145034409832	816	229	417	568	568	405	9179	1045	3128	roadmap_epigenomics H2A.Z	NA	NA	H2A.Z	NA	NA	E128-H2A.Z.narrowPeak	1	88185
1	403	roadmap_epigenomics	0	0.257361562916569	826	229	442	546	546	406	9306	1035	3001	roadmap_epigenomics H3K4me3	NA	NA	H3K4me3	NA	NA	E040-H3K4me3.narrowPeak	1	63472
1	676	roadmap_epigenomics	0	0.186401279676251	1169	229	923	66	923	406	11084	692	1223	roadmap_epigenomics	NA	NA	NA	NA	NA	E082-DNase.macs2.narrowPeak	1	496530
1	814	roadmap_epigenomics	0	0.236822672059381	899	229	576	412	576	406	9819	962	2488	roadmap_epigenomics H3K36me3	NA	NA	H3K36me3	NA	NA	E098-H3K36me3.narrowPeak	1	278364
1	866	roadmap_epigenomics	0	0.224848405656497	931	229	655	334	655	406	10050	930	2257	roadmap_epigenomics H3K27ac	NA	NA	H3K27ac	NA	NA	E106-H3K27ac.narrowPeak	1	184602
1	63	roadmap_epigenomics	0	0.242852450528471	871	229	528	465	528	407	9645	990	2662	roadmap_epigenomics H4K8ac	NA	NA	H4K8ac	NA	NA	E004-H4K8ac.narrowPeak	1	131576
1	781	roadmap_epigenomics	0	0.207975786432632	1007	229	778	214	778	407	10462	854	1845	roadmap_epigenomics	NA	NA	NA	NA	NA	E094-DNase.macs2.narrowPeak	1	205035
1	386	roadmap_epigenomics	0	0.306716383644656	761	229	333	661	661	408	8527	1100	3780	roadmap_epigenomics H3K27ac	NA	NA	H3K27ac	NA	NA	E038-H3K27ac.narrowPeak	1	50328
1	885	roadmap_epigenomics	0	0.238000878570152	889	229	568	428	568	408	9766	972	2541	roadmap_epigenomics	NA	NA	NA	NA	NA	E109-DNase.hotspot.all.peaks.bed	1	108993
1	951	roadmap_epigenomics	0	0.295946179014932	764	229	345	651	651	408	8637	1097	3670	roadmap_epigenomics H3K9ac	NA	NA	H3K9ac	NA	NA	E116-H3K9ac.narrowPeak	1	50567
1	69	roadmap_epigenomics	0	0.224005456522433	929	229	661	337	661	409	10049	932	2258	roadmap_epigenomics H2BK120ac	NA	NA	H2BK120ac	NA	NA	E005-H2BK120ac.narrowPeak	1	261051
1	295	roadmap_epigenomics	0	0.184573127489296	1179	229	935	62	935	409	11120	682	1187	roadmap_epigenomics H3K4me1	NA	NA	H3K4me1	NA	NA	E024-H3K4me1.narrowPeak	1	357319
1	433	roadmap_epigenomics	0	0.241085285789703	877	229	545	454	545	409	9687	984	2620	roadmap_epigenomics H3K4me3	NA	NA	H3K4me3	NA	NA	E045-H3K4me3.narrowPeak	1	50440
1	19	roadmap_epigenomics	0	0.344641204808819	715	229	280	722	722	410	7928	1146	4379	roadmap_epigenomics H2BK12ac	NA	NA	H2BK12ac	NA	NA	E003-H2BK12ac.narrowPeak	1	175406
1	367	roadmap_epigenomics	0	0.188423735003685	1127	229	910	91	910	410	10962	734	1345	roadmap_epigenomics H3K4me1	NA	NA	H3K4me1	NA	NA	E034-H3K4me1.narrowPeak	1	198110
1	421	roadmap_epigenomics	0	0.235858277735672	895	229	586	419	586	411	9810	966	2497	roadmap_epigenomics H3K4me3	NA	NA	H3K4me3	NA	NA	E043-H3K4me3.narrowPeak	1	41721
1	444	roadmap_epigenomics	0	0.327830433113108	726	229	297	707	707	411	8137	1135	4170	roadmap_epigenomics H3K27ac	NA	NA	H3K27ac	NA	NA	E047-H3K27ac.narrowPeak	1	44461
1	688	roadmap_epigenomics	0	0.236179370902852	894	229	583	421	583	411	9803	967	2504	roadmap_epigenomics H3K4me3	NA	NA	H3K4me3	NA	NA	E083-H3K4me3.narrowPeak	1	112073
1	840	roadmap_epigenomics	0	0.237213009602001	887	229	573	432	573	411	9764	974	2543	roadmap_epigenomics H3K27ac	NA	NA	H3K27ac	NA	NA	E102-H3K27ac.narrowPeak	1	127503
1	939	roadmap_epigenomics	0	0.30461691595666	755	229	337	670	670	412	8510	1106	3797	roadmap_epigenomics H3K9ac	NA	NA	H3K9ac	NA	NA	E115-H3K9ac.narrowPeak	1	45532
1	478	roadmap_epigenomics	0	0.180730851507132	1190	229	956	53	956	413	11169	671	1138	roadmap_epigenomics H3K4me1	NA	NA	H3K4me1	NA	NA	E051-H3K4me1.narrowPeak	1	222976
1	550	roadmap_epigenomics	0	0.201852901161146	1023	229	821	189	821	413	10561	838	1746	roadmap_epigenomics H3K9ac	NA	NA	H3K9ac	NA	NA	E062-H3K9ac.narrowPeak	1	142197
1	191	roadmap_epigenomics	0	0.270849884497261	787	229	398	615	615	414	8986	1074	3321	roadmap_epigenomics H3K27ac	NA	NA	H3K27ac	NA	NA	E013-H3K27ac.narrowPeak	1	139221
1	317	roadmap_epigenomics	0	0.252891885018261	822	229	462	551	551	414	9326	1039	2981	roadmap_epigenomics	NA	NA	NA	NA	NA	E028-DNase.hotspot.all.peaks.bed	1	103263
1	117	roadmap_epigenomics	0	0.358020505255966	700	229	275	742	742	415	7722	1161	4585	roadmap_epigenomics H2BK12ac	NA	NA	H2BK12ac	NA	NA	E007-H2BK12ac.narrowPeak	1	126786
1	519	roadmap_epigenomics	0	0.392899326368284	694	229	262	753	753	415	7411	1167	4896	roadmap_epigenomics H3K27me3	NA	NA	H3K27me3	NA	NA	E057-H3K27me3.narrowPeak	1	98301
1	990	roadmap_epigenomics	0	0.182829037644147	1151	229	941	74	941	415	11060	710	1247	roadmap_epigenomics	NA	NA	NA	NA	NA	E120-DNase.macs2.narrowPeak	1	386665
1	389	roadmap_epigenomics	0	0.21574457197461	948	229	720	299	720	416	10190	913	2117	roadmap_epigenomics H3K4me1	NA	NA	H3K4me1	NA	NA	E038-H3K4me1.narrowPeak	1	143594
1	429	roadmap_epigenomics	0	0.278938265153489	768	229	374	644	644	416	8810	1093	3497	roadmap_epigenomics H3K27ac	NA	NA	H3K27ac	NA	NA	E045-H3K27ac.narrowPeak	1	75442
1	651	roadmap_epigenomics	0	0.232145679047642	902	229	615	403	615	416	9871	959	2436	roadmap_epigenomics H3K27ac	NA	NA	H3K27ac	NA	NA	E079-H3K27ac.narrowPeak	1	156932
1	744	roadmap_epigenomics	0	0.196823740305239	1048	229	860	158	860	416	10677	813	1630	roadmap_epigenomics	NA	NA	NA	NA	NA	E090-DNase.hotspot.fdr0.01.peaks.bed	1	219306
1	251	roadmap_epigenomics	0	0.198707154784445	1031	229	844	177	844	417	10610	830	1697	roadmap_epigenomics H3K4me1	NA	NA	H3K4me1	NA	NA	E018-H3K4me1.narrowPeak	1	334991
1	833	roadmap_epigenomics	0	0.220501240938924	928	229	682	340	682	417	10074	933	2233	roadmap_epigenomics H3K27ac	NA	NA	H3K27ac	NA	NA	E101-H3K27ac.narrowPeak	1	137582
1	932	roadmap_epigenomics	0	0.313701243301501	728	229	317	704	704	417	8270	1133	4037	roadmap_epigenomics H3K27ac	NA	NA	H3K27ac	NA	NA	E115-H3K27ac.narrowPeak	1	105299
1	944	roadmap_epigenomics	0	0.279195474129008	765	229	373	648	648	417	8791	1096	3516	roadmap_epigenomics H3K27ac	NA	NA	H3K27ac	NA	NA	E116-H3K27ac.narrowPeak	1	78915
1	99	roadmap_epigenomics	0	0.187164078024376	1097	229	918	108	918	418	10888	764	1419	roadmap_epigenomics H3K23ac	NA	NA	H3K23ac	NA	NA	E006-H3K23ac.narrowPeak	1	220387
1	399	roadmap_epigenomics	0	0.316816342687215	723	229	310	714	714	418	8212	1138	4095	roadmap_epigenomics H3K27ac	NA	NA	H3K27ac	NA	NA	E040-H3K27ac.narrowPeak	1	50690
1	423	roadmap_epigenomics	0	0.301648438905282	745	229	339	686	686	418	8477	1116	3830	roadmap_epigenomics H3K27ac	NA	NA	H3K27ac	NA	NA	E044-H3K27ac.narrowPeak	1	85187
1	727	roadmap_epigenomics	0	0.170936839732011	1256	229	998	28	998	418	11371	605	936	roadmap_epigenomics	NA	NA	NA	NA	NA	E088-DNase.macs2.narrowPeak	1	530673
1	71	roadmap_epigenomics	0	0.222341285857971	920	229	671	356	671	419	10027	941	2280	roadmap_epigenomics H2BK5ac	NA	NA	H2BK5ac	NA	NA	E005-H2BK5ac.narrowPeak	1	228979
1	105	roadmap_epigenomics	0	0.18832845024639	1087	229	912	117	912	419	10852	774	1455	roadmap_epigenomics H3K4me2	NA	NA	H3K4me2	NA	NA	E006-H3K4me2.narrowPeak	1	170555
1	359	roadmap_epigenomics	0	0.250293758923698	825	229	479	548	548	419	9364	1036	2943	roadmap_epigenomics H3K4me3	NA	NA	H3K4me3	NA	NA	E033-H3K4me3.narrowPeak	1	42864
1	411	roadmap_epigenomics	0	0.292551675981179	751	229	352	675	675	419	8592	1110	3715	roadmap_epigenomics H3K27ac	NA	NA	H3K27ac	NA	NA	E042-H3K27ac.narrowPeak	1	68927
1	649	roadmap_epigenomics	0	0.195294655594263	1048	229	869	158	869	419	10688	813	1619	roadmap_epigenomics H3K4me3	NA	NA	H3K4me3	NA	NA	E078-H3K4me3.narrowPeak	1	74526
1	693	roadmap_epigenomics	0	0.186398687967979	1106	229	924	103	924	419	10918	755	1389	roadmap_epigenomics	NA	NA	NA	NA	NA	E084-DNase.macs2.narrowPeak	1	291379
1	447	roadmap_epigenomics	0	0.20642407972744	993	229	790	241	790	420	10426	868	1881	roadmap_epigenomics H3K4me1	NA	NA	H3K4me1	NA	NA	E047-H3K4me1.narrowPeak	1	124596
1	471	roadmap_epigenomics	0	0.204590622154622	1000	229	806	226	806	420	10464	861	1843	roadmap_epigenomics H3K4me3	NA	NA	H3K4me3	NA	NA	E050-H3K4me3.narrowPeak	1	62120
1	702	roadmap_epigenomics	0	0.197047003380245	1036	229	859	172	859	420	10638	825	1669	roadmap_epigenomics	NA	NA	NA	NA	NA	E085-DNase.macs2.narrowPeak	1	231841
1	864	roadmap_epigenomics	0	0.209349267572975	984	229	772	259	772	420	10372	877	1935	roadmap_epigenomics H3K4me3	NA	NA	H3K4me3	NA	NA	E105-H3K4me3.narrowPeak	1	41900
1	152	roadmap_epigenomics	0	0.3295359072299	705	229	296	739	739	421	7990	1156	4317	roadmap_epigenomics H3K4ac	NA	NA	H3K4ac	NA	NA	E008-H3K4ac.narrowPeak	1	70510
1	886	roadmap_epigenomics	0	0.198250841029405	1029	229	851	182	851	421	10607	832	1700	roadmap_epigenomics	NA	NA	NA	NA	NA	E109-DNase.hotspot.fdr0.01.peaks.bed	1	173129
1	887	roadmap_epigenomics	0	0.175683029104165	1190	229	980	53	980	421	11198	671	1109	roadmap_epigenomics	NA	NA	NA	NA	NA	E109-DNase.macs2.narrowPeak	1	334231
1	516	roadmap_epigenomics	0	0.269616778243634	776	229	404	633	633	422	8938	1085	3369	roadmap_epigenomics	NA	NA	NA	NA	NA	E057-DNase.hotspot.all.peaks.bed	1	102170
1	1052	roadmap_epigenomics	0	0.179960537313412	1150	229	960	77	960	422	11075	711	1232	roadmap_epigenomics	NA	NA	NA	NA	NA	E125-DNase.macs2.narrowPeak	1	363159
1	533	roadmap_epigenomics	0	0.225610490165324	908	229	650	390	650	423	9951	953	2356	roadmap_epigenomics H3K27ac	NA	NA	H3K27ac	NA	NA	E059-H3K27ac.narrowPeak	1	103939
1	954	roadmap_epigenomics	0	0.199308489987264	1015	229	840	200	840	423	10554	846	1753	roadmap_epigenomics	NA	NA	NA	NA	NA	E117-DNase.macs2.narrowPeak	1	206823
1	115	roadmap_epigenomics	0	0.351769031133693	686	229	278	765	765	424	7680	1175	4627	roadmap_epigenomics H2AK5ac	NA	NA	H2AK5ac	NA	NA	E007-H2AK5ac.narrowPeak	1	115306
1	736	roadmap_epigenomics	0	0.168889944626903	1238	229	1007	35	1007	424	11343	623	964	roadmap_epigenomics	NA	NA	NA	NA	NA	E089-DNase.macs2.narrowPeak	1	465721
1	812	roadmap_epigenomics	0	0.245592949850311	832	229	508	536	536	424	9440	1029	2867	roadmap_epigenomics H3K27ac	NA	NA	H3K27ac	NA	NA	E098-H3K27ac.narrowPeak	1	102275
1	907	roadmap_epigenomics	0	0.246815090923661	827	229	500	543	543	424	9405	1034	2902	roadmap_epigenomics H3K27ac	NA	NA	H3K27ac	NA	NA	E112-H3K27ac.narrowPeak	1	123630
1	86	roadmap_epigenomics	0	0.185223178714109	1088	229	931	115	931	425	10876	773	1431	roadmap_epigenomics H4K12ac	NA	NA	H4K12ac	NA	NA	E005-H4K12ac.narrowPeak	1	157052
1	567	roadmap_epigenomics	0	0.29084007866477	741	229	358	689	689	425	8549	1120	3758	roadmap_epigenomics H3K36me3	NA	NA	H3K36me3	NA	NA	E066-H3K36me3.narrowPeak	1	303329
1	1	roadmap_epigenomics	0	0.649610124560195	654	229	223	827	827	426	5597	1207	6710	roadmap_epigenomics H3K27me3	NA	NA	H3K27me3	NA	NA	E001-H3K27me3.narrowPeak	1	93339
1	470	roadmap_epigenomics	0	0.170364309385038	1199	229	1001	48	1001	426	11249	662	1058	roadmap_epigenomics H3K4me1	NA	NA	H3K4me1	NA	NA	E050-H3K4me1.narrowPeak	1	180375
1	802	roadmap_epigenomics	0	0.166062476541662	1248	229	1020	30	1020	426	11379	613	928	roadmap_epigenomics	NA	NA	NA	NA	NA	E097-DNase.macs2.narrowPeak	1	492363
1	208	roadmap_epigenomics	0	0.195508056293365	1027	229	868	185	868	427	10621	834	1686	roadmap_epigenomics H3K4me3	NA	NA	H3K4me3	NA	NA	E015-H3K4me3.narrowPeak	1	70722
1	312	roadmap_epigenomics	0	0.252105426016644	806	229	466	587	587	427	9254	1055	3053	roadmap_epigenomics H3K36me3	NA	NA	H3K36me3	NA	NA	E027-H3K36me3.narrowPeak	1	455177
1	395	roadmap_epigenomics	0	0.299886723990143	725	229	340	711	711	427	8373	1136	3934	roadmap_epigenomics H3K36me3	NA	NA	H3K36me3	NA	NA	E039-H3K36me3.narrowPeak	1	205683
1	545	roadmap_epigenomics	0	0.33305307930918	690	229	294	757	757	427	7863	1171	4444	roadmap_epigenomics H3K27ac	NA	NA	H3K27ac	NA	NA	E062-H3K27ac.narrowPeak	1	51862
1	113	roadmap_epigenomics	0	0.204191851225655	990	229	808	248	808	428	10433	871	1874	roadmap_epigenomics	NA	NA	NA	NA	NA	E007-DNase.hotspot.fdr0.01.peaks.bed	1	135081
1	762	roadmap_epigenomics	0	0.18332171723915	1088	229	939	115	939	428	10889	773	1418	roadmap_epigenomics	NA	NA	NA	NA	NA	E092-DNase.hotspot.fdr0.01.peaks.bed	1	194389
1	349	roadmap_epigenomics	0	0.338059793281945	684	229	288	770	770	429	7781	1177	4526	roadmap_epigenomics H3K36me3	NA	NA	H3K36me3	NA	NA	E032-H3K36me3.narrowPeak	1	342847
1	532	roadmap_epigenomics	0	0.172599185542627	1156	229	988	71	988	429	11135	705	1172	roadmap_epigenomics	NA	NA	NA	NA	NA	E059-DNase.macs2.narrowPeak	1	281326
1	658	roadmap_epigenomics	0	0.179696126178729	1111	229	961	96	961	429	10976	750	1331	roadmap_epigenomics	NA	NA	NA	NA	NA	E080-DNase.hotspot.fdr0.01.peaks.bed	1	215699
1	247	roadmap_epigenomics	0	0.247156330798265	819	229	499	561	561	430	9363	1042	2944	roadmap_epigenomics H4K8ac	NA	NA	H4K8ac	NA	NA	E017-H4K8ac.narrowPeak	1	220315
1	252	roadmap_epigenomics	0	0.195260000282388	1022	229	870	192	870	430	10607	839	1700	roadmap_epigenomics H3K4me3	NA	NA	H3K4me3	NA	NA	E018-H3K4me3.narrowPeak	1	76986
1	373	roadmap_epigenomics	0	0.22138040296668	912	229	679	381	679	430	10003	949	2304	roadmap_epigenomics H3K4me3	NA	NA	H3K4me3	NA	NA	E035-H3K4me3.narrowPeak	1	47602
1	266	roadmap_epigenomics	0	0.190422569770875	1041	229	896	167	896	431	10702	820	1605	roadmap_epigenomics H3K4me3	NA	NA	H3K4me3	NA	NA	E020-H3K4me3.narrowPeak	1	88728
1	376	roadmap_epigenomics	0	0.3195312930819	690	229	307	757	757	431	7980	1171	4327	roadmap_epigenomics H3K36me3	NA	NA	H3K36me3	NA	NA	E036-H3K36me3.narrowPeak	1	328921
1	531	roadmap_epigenomics	0	0.194259534697252	1025	229	877	187	877	431	10624	836	1683	roadmap_epigenomics	NA	NA	NA	NA	NA	E059-DNase.hotspot.fdr0.01.peaks.bed	1	188414
1	1002	roadmap_epigenomics	0	0.16048429546461	1267	229	1040	25	1040	431	11446	594	861	roadmap_epigenomics	NA	NA	NA	NA	NA	E121-DNase.macs2.narrowPeak	1	476154
1	104	roadmap_epigenomics	0	0.166647917508258	1198	229	1017	49	1017	432	11268	663	1039	roadmap_epigenomics H3K4me1	NA	NA	H3K4me1	NA	NA	E006-H3K4me1.narrowPeak	1	392101
1	315	roadmap_epigenomics	0	0.171364304166361	1152	229	995	73	995	432	11133	709	1174	roadmap_epigenomics H3K9ac	NA	NA	H3K9ac	NA	NA	E027-H3K9ac.narrowPeak	1	217726
1	625	roadmap_epigenomics	0	0.227038032319861	890	229	641	427	641	432	9864	971	2443	roadmap_epigenomics H3K27ac	NA	NA	H3K27ac	NA	NA	E075-H3K27ac.narrowPeak	1	146119
1	659	roadmap_epigenomics	0	0.161783938686508	1244	229	1036	32	1036	432	11393	617	914	roadmap_epigenomics	NA	NA	NA	NA	NA	E080-DNase.macs2.narrowPeak	1	420510
1	735	roadmap_epigenomics	0	0.186962185966361	1056	229	920	146	920	432	10772	805	1535	roadmap_epigenomics	NA	NA	NA	NA	NA	E089-DNase.hotspot.fdr0.01.peaks.bed	1	210689
1	5	roadmap_epigenomics	0	0.195982818945506	1010	229	865	206	865	433	10563	851	1744	roadmap_epigenomics H3K9ac	NA	NA	H3K9ac	NA	NA	E001-H3K9ac.narrowPeak	1	67397
1	135	roadmap_epigenomics	0	0.217105571507369	919	229	709	361	709	433	10067	942	2240	roadmap_epigenomics	NA	NA	NA	NA	NA	E008-DNase.hotspot.all.peaks.bed	1	106443
1	263	roadmap_epigenomics	0	0.566106792767172	647	229	238	833	833	433	5968	1214	6339	roadmap_epigenomics H3K27me3	NA	NA	H3K27me3	NA	NA	E020-H3K27me3.narrowPeak	1	96382
1	602	roadmap_epigenomics	0	0.191398515189277	1030	229	890	180	890	433	10661	831	1646	roadmap_epigenomics H3K4me3	NA	NA	H3K4me3	NA	NA	E071-H3K4me3.narrowPeak	1	77102
1	668	roadmap_epigenomics	0	0.177785742182495	1107	229	968	102	968	433	10978	754	1329	roadmap_epigenomics	NA	NA	NA	NA	NA	E081-DNase.macs2.narrowPeak	1	402299
1	700	roadmap_epigenomics	0	0.234160880774889	868	229	599	470	599	433	9707	993	2600	roadmap_epigenomics	NA	NA	NA	NA	NA	E085-DNase.hotspot.all.peaks.bed	1	101917
1	806	roadmap_epigenomics	0	0.219020528015799	913	229	694	376	694	433	10027	948	2280	roadmap_epigenomics H3K4me1	NA	NA	H3K4me1	NA	NA	E097-H3K4me1.narrowPeak	1	316356
1	32	roadmap_epigenomics	0	0.174080362676381	1127	229	983	91	983	434	11054	734	1253	roadmap_epigenomics H3K4me2	NA	NA	H3K4me2	NA	NA	E003-H3K4me2.narrowPeak	1	217090
1	396	roadmap_epigenomics	0	0.19595101227943	1009	229	866	207	866	434	10560	852	1747	roadmap_epigenomics H3K4me1	NA	NA	H3K4me1	NA	NA	E039-H3K4me1.narrowPeak	1	159065
1	630	roadmap_epigenomics	0	0.194605310249812	1017	229	875	197	875	434	10596	844	1711	roadmap_epigenomics H3K9ac	NA	NA	H3K9ac	NA	NA	E075-H3K9ac.narrowPeak	1	109949
1	694	roadmap_epigenomics	0	0.228572665814837	883	229	632	442	632	434	9821	978	2486	roadmap_epigenomics H3K27ac	NA	NA	H3K27ac	NA	NA	E084-H3K27ac.narrowPeak	1	121559
1	377	roadmap_epigenomics	0	0.177789902362663	1094	229	967	109	967	435	10943	767	1364	roadmap_epigenomics H3K4me1	NA	NA	H3K4me1	NA	NA	E036-H3K4me1.narrowPeak	1	232778
1	469	roadmap_epigenomics	0	0.315462367633576	688	229	314	762	762	435	8003	1173	4304	roadmap_epigenomics H3K36me3	NA	NA	H3K36me3	NA	NA	E050-H3K36me3.narrowPeak	1	262839
1	975	roadmap_epigenomics	0	0.2513639472329	794	229	473	603	603	435	9200	1067	3107	roadmap_epigenomics H3K9ac	NA	NA	H3K9ac	NA	NA	E118-H3K9ac.narrowPeak	1	55292
1	969	roadmap_epigenomics	0	0.439001645252922	655	229	259	824	824	437	6806	1206	5501	roadmap_epigenomics H3K27me3	NA	NA	H3K27me3	NA	NA	E118-H3K27me3.narrowPeak	1	110851
1	1044	roadmap_epigenomics	0	0.344132285272331	666	229	282	799	799	437	7609	1195	4698	roadmap_epigenomics H3K36me3	NA	NA	H3K36me3	NA	NA	E124-H3K36me3.narrowPeak	1	195147
1	3	roadmap_epigenomics	0	0.215694259474821	918	229	722	363	722	438	10075	943	2232	roadmap_epigenomics H3K4me1	NA	NA	H3K4me1	NA	NA	E001-H3K4me1.narrowPeak	1	308728
1	87	roadmap_epigenomics	0	0.194254172156024	1009	229	878	207	878	438	10573	852	1734	roadmap_epigenomics H4K8ac	NA	NA	H4K8ac	NA	NA	E005-H4K8ac.narrowPeak	1	197762
1	140	roadmap_epigenomics	0	0.268739099776902	750	229	407	677	677	438	8803	1111	3504	roadmap_epigenomics H2BK120ac	NA	NA	H2BK120ac	NA	NA	E008-H2BK120ac.narrowPeak	1	97781
1	547	roadmap_epigenomics	0	0.307935655110431	693	229	331	755	755	438	8102	1168	4205	roadmap_epigenomics H3K36me3	NA	NA	H3K36me3	NA	NA	E062-H3K36me3.narrowPeak	1	253984
1	690	roadmap_epigenomics	0	0.476966246858312	652	229	254	830	830	438	6531	1209	5776	roadmap_epigenomics H3K9me3	NA	NA	H3K9me3	NA	NA	E083-H3K9me3.narrowPeak	1	79957
1	710	roadmap_epigenomics	0	0.185486775493427	1050	229	929	155	929	438	10765	811	1542	roadmap_epigenomics	NA	NA	NA	NA	NA	E086-DNase.hotspot.fdr0.01.peaks.bed	1	178680
1	414	roadmap_epigenomics	0	0.195585792176835	1002	229	867	222	867	439	10540	859	1767	roadmap_epigenomics H3K4me1	NA	NA	H3K4me1	NA	NA	E042-H3K4me1.narrowPeak	1	160756
1	845	roadmap_epigenomics	0	0.21269039676102	929	229	750	337	750	439	10143	932	2164	roadmap_epigenomics H3K9ac	NA	NA	H3K9ac	NA	NA	E102-H3K9ac.narrowPeak	1	85154
1	1053	roadmap_epigenomics	0	0.22152871952138	900	229	678	409	678	439	9953	961	2354	roadmap_epigenomics H2A.Z	NA	NA	H2A.Z	NA	NA	E125-H2A.Z.narrowPeak	1	96604
1	230	roadmap_epigenomics	0	0.262359959687069	758	229	425	666	666	440	8907	1103	3400	roadmap_epigenomics H3K18ac	NA	NA	H3K18ac	NA	NA	E017-H3K18ac.narrowPeak	1	266971
1	417	roadmap_epigenomics	0	0.306315768998863	690	229	335	757	757	440	8098	1171	4209	roadmap_epigenomics H3K27ac	NA	NA	H3K27ac	NA	NA	E043-H3K27ac.narrowPeak	1	65032
1	784	roadmap_epigenomics	0	0.225671689277942	882	229	648	443	648	440	9842	979	2465	roadmap_epigenomics H3K36me3	NA	NA	H3K36me3	NA	NA	E094-H3K36me3.narrowPeak	1	243020
1	358	roadmap_epigenomics	0	0.25749087811178	763	229	441	654	654	441	8980	1098	3327	roadmap_epigenomics H3K4me1	NA	NA	H3K4me1	NA	NA	E033-H3K4me1.narrowPeak	1	131462
1	413	roadmap_epigenomics	0	0.278914216345827	719	229	375	719	719	441	8529	1142	3778	roadmap_epigenomics H3K36me3	NA	NA	H3K36me3	NA	NA	E042-H3K36me3.narrowPeak	1	199452
1	745	roadmap_epigenomics	0	0.155888617296901	1200	229	1047	47	1047	441	11334	661	973	roadmap_epigenomics	NA	NA	NA	NA	NA	E090-DNase.macs2.narrowPeak	1	506090
1	888	roadmap_epigenomics	0	0.209467682277655	934	229	771	327	771	442	10189	927	2118	roadmap_epigenomics H3K27ac	NA	NA	H3K27ac	NA	NA	E109-H3K27ac.narrowPeak	1	194782
1	910	roadmap_epigenomics	0	0.233869223799551	854	229	604	494	604	442	9647	1007	2660	roadmap_epigenomics H3K4me1	NA	NA	H3K4me1	NA	NA	E112-H3K4me1.narrowPeak	1	124560
1	583	roadmap_epigenomics	0	0.188601702606463	1020	229	907	194	907	443	10651	841	1656	roadmap_epigenomics H3K4me3	NA	NA	H3K4me3	NA	NA	E068-H3K4me3.narrowPeak	1	89967
1	763	roadmap_epigenomics	0	0.160347049723659	1186	229	1041	59	1041	443	11278	675	1029	roadmap_epigenomics	NA	NA	NA	NA	NA	E092-DNase.macs2.narrowPeak	1	354211
1	4	roadmap_epigenomics	0	0.191906370649581	1004	229	889	218	889	445	10575	857	1732	roadmap_epigenomics H3K4me3	NA	NA	H3K4me3	NA	NA	E001-H3K4me3.narrowPeak	1	92429
1	50	roadmap_epigenomics	0	0.236480323717067	836	229	580	527	580	445	9541	1025	2766	roadmap_epigenomics H3K18ac	NA	NA	H3K18ac	NA	NA	E004-H3K18ac.narrowPeak	1	141200
1	73	roadmap_epigenomics	0	0.20083303548447	967	229	827	279	827	445	10380	894	1927	roadmap_epigenomics H3K18ac	NA	NA	H3K18ac	NA	NA	E005-H3K18ac.narrowPeak	1	251380
1	200	roadmap_epigenomics	0	0.202665541405343	954	229	814	293	814	445	10319	907	1988	roadmap_epigenomics H3K4me1	NA	NA	H3K4me1	NA	NA	E014-H3K4me1.narrowPeak	1	314776
1	207	roadmap_epigenomics	0	0.192779455732446	1003	229	885	221	885	445	10565	858	1742	roadmap_epigenomics H3K4me1	NA	NA	H3K4me1	NA	NA	E015-H3K4me1.narrowPeak	1	327376
1	425	roadmap_epigenomics	0	0.298904091116915	686	229	341	765	765	445	8140	1175	4167	roadmap_epigenomics H3K36me3	NA	NA	H3K36me3	NA	NA	E044-H3K36me3.narrowPeak	1	227711
1	792	roadmap_epigenomics	0	0.224301996597115	878	229	656	450	656	445	9837	983	2470	roadmap_epigenomics H3K4me3	NA	NA	H3K4me3	NA	NA	E095-H3K4me3.narrowPeak	1	41750
1	949	roadmap_epigenomics	0	0.244217001763662	806	229	518	587	587	445	9326	1055	2981	roadmap_epigenomics H3K4me3	NA	NA	H3K4me3	NA	NA	E116-H3K4me3.narrowPeak	1	76167
1	1078	roadmap_epigenomics	0	0.247561729553367	790	229	495	611	611	445	9215	1071	3092	roadmap_epigenomics H3K27ac	NA	NA	H3K27ac	NA	NA	E127-H3K27ac.narrowPeak	1	94902
1	608	roadmap_epigenomics	0	0.191390900235515	1004	229	891	218	891	446	10579	857	1728	roadmap_epigenomics H3K4me3	NA	NA	H3K4me3	NA	NA	E072-H3K4me3.narrowPeak	1	82143
1	911	roadmap_epigenomics	0	0.23263585335071	852	229	610	498	610	446	9649	1009	2658	roadmap_epigenomics H3K4me3	NA	NA	H3K4me3	NA	NA	E112-H3K4me3.narrowPeak	1	28758
1	684	roadmap_epigenomics	0	0.152259176767893	1188	229	1056	57	1056	447	11330	673	977	roadmap_epigenomics	NA	NA	NA	NA	NA	E083-DNase.macs2.narrowPeak	1	517786
1	47	roadmap_epigenomics	0	0.256070237927309	757	229	449	667	667	448	8961	1104	3346	roadmap_epigenomics H2BK120ac	NA	NA	H2BK120ac	NA	NA	E004-H2BK120ac.narrowPeak	1	149531
1	159	roadmap_epigenomics	0	0.187130772399757	1018	229	919	196	919	448	10656	843	1651	roadmap_epigenomics H3K9ac	NA	NA	H3K9ac	NA	NA	E008-H3K9ac.narrowPeak	1	146401
1	419	roadmap_epigenomics	0	0.34062991410624	652	229	285	830	830	448	7543	1209	4764	roadmap_epigenomics H3K36me3	NA	NA	H3K36me3	NA	NA	E043-H3K36me3.narrowPeak	1	194645
1	701	roadmap_epigenomics	0	0.191335090560754	1002	229	892	222	892	448	10573	859	1734	roadmap_epigenomics	NA	NA	NA	NA	NA	E085-DNase.hotspot.fdr0.01.peaks.bed	1	161983
1	955	roadmap_epigenomics	0	0.244662264134527	798	229	514	601	601	448	9282	1063	3025	roadmap_epigenomics H2A.Z	NA	NA	H2A.Z	NA	NA	E117-H2A.Z.narrowPeak	1	87564
1	1064	roadmap_epigenomics	0	0.161917322764462	1149	229	1034	80	1034	448	11185	712	1122	roadmap_epigenomics	NA	NA	NA	NA	NA	E126-DNase.macs2.narrowPeak	1	406203
1	726	roadmap_epigenomics	0	0.175877608286647	1062	229	978	139	978	449	10869	799	1438	roadmap_epigenomics	NA	NA	NA	NA	NA	E088-DNase.hotspot.fdr0.01.peaks.bed	1	243016
1	809	roadmap_epigenomics	0	0.229044229337446	858	229	631	486	631	449	9708	1003	2599	roadmap_epigenomics	NA	NA	NA	NA	NA	E098-DNase.hotspot.all.peaks.bed	1	99617
1	852	roadmap_epigenomics	0	0.202184354655477	949	229	819	298	819	449	10305	912	2002	roadmap_epigenomics H3K9ac	NA	NA	H3K9ac	NA	NA	E103-H3K9ac.narrowPeak	1	111468
1	31	roadmap_epigenomics	0	0.214807568093659	910	229	734	386	734	450	10051	951	2256	roadmap_epigenomics H3K4me1	NA	NA	H3K4me1	NA	NA	E003-H3K4me1.narrowPeak	1	223118
1	34	roadmap_epigenomics	0	0.277503463871068	699	229	378	743	743	450	8422	1162	3885	roadmap_epigenomics H3K56ac	NA	NA	H3K56ac	NA	NA	E003-H3K56ac.narrowPeak	1	86476
1	40	roadmap_epigenomics	0	0.248628008053537	777	229	488	632	632	450	9138	1084	3169	roadmap_epigenomics H4K5ac	NA	NA	H4K5ac	NA	NA	E003-H4K5ac.narrowPeak	1	130639
1	526	roadmap_epigenomics	0	0.271574894141737	714	229	397	725	725	450	8569	1147	3738	roadmap_epigenomics H3K36me3	NA	NA	H3K36me3	NA	NA	E058-H3K36me3.narrowPeak	1	288215
1	660	roadmap_epigenomics	0	0.216666550659585	901	229	713	407	713	450	9999	960	2308	roadmap_epigenomics H3K27ac	NA	NA	H3K27ac	NA	NA	E080-H3K27ac.narrowPeak	1	158539
1	731	roadmap_epigenomics	0	0.215398779818945	907	229	726	395	726	450	10034	954	2273	roadmap_epigenomics H3K4me3	NA	NA	H3K4me3	NA	NA	E088-H3K4me3.narrowPeak	1	96360
1	1014	roadmap_epigenomics	0	0.190537669062724	1001	229	895	225	895	450	10576	860	1731	roadmap_epigenomics	NA	NA	NA	NA	NA	E122-DNase.macs2.narrowPeak	1	241268
1	161	roadmap_epigenomics	0	0.306529250256491	671	229	334	789	789	451	7973	1190	4334	roadmap_epigenomics H3T11ph	NA	NA	H3T11ph	NA	NA	E008-H3T11ph.narrowPeak	1	108647
1	314	roadmap_epigenomics	0	0.194709645984439	989	229	873	250	873	451	10504	872	1803	roadmap_epigenomics H3K4me3	NA	NA	H3K4me3	NA	NA	E027-H3K4me3.narrowPeak	1	61082
1	703	roadmap_epigenomics	0	0.215632399436795	904	229	724	399	724	451	10020	957	2287	roadmap_epigenomics H3K27ac	NA	NA	H3K27ac	NA	NA	E085-H3K27ac.narrowPeak	1	130166
1	776	roadmap_epigenomics	0	0.167066414218446	1094	229	1014	109	1014	451	11017	767	1290	roadmap_epigenomics H3K4me1	NA	NA	H3K4me1	NA	NA	E093-H3K4me1.narrowPeak	1	250705
1	65	roadmap_epigenomics	0	0.211954558406104	916	229	756	370	756	452	10099	945	2208	roadmap_epigenomics	NA	NA	NA	NA	NA	E005-DNase.hotspot.fdr0.01.peaks.bed	1	152235
1	282	roadmap_epigenomics	0	0.448104170022696	620	229	257	869	869	452	6488	1241	5819	roadmap_epigenomics H3K27me3	NA	NA	H3K27me3	NA	NA	E022-H3K27me3.narrowPeak	1	68203
1	801	roadmap_epigenomics	0	0.199717133444765	959	229	837	289	837	452	10361	902	1946	roadmap_epigenomics	NA	NA	NA	NA	NA	E097-DNase.hotspot.fdr0.01.peaks.bed	1	154095
1	155	roadmap_epigenomics	0	0.199741773794958	952	229	836	294	836	453	10336	909	1971	roadmap_epigenomics H3K4me3	NA	NA	H3K4me3	NA	NA	E008-H3K4me3.narrowPeak	1	59360
1	657	roadmap_epigenomics	0	0.204709208533602	934	229	803	327	803	453	10229	927	2078	roadmap_epigenomics	NA	NA	NA	NA	NA	E080-DNase.hotspot.all.peaks.bed	1	118437
1	720	roadmap_epigenomics	0	0.307534610909587	666	229	332	799	799	453	7931	1195	4376	roadmap_epigenomics H3K36me3	NA	NA	H3K36me3	NA	NA	E087-H3K36me3.narrowPeak	1	101681
1	780	roadmap_epigenomics	0	0.198244046456103	967	229	852	279	852	453	10401	894	1906	roadmap_epigenomics	NA	NA	NA	NA	NA	E094-DNase.hotspot.fdr0.01.peaks.bed	1	165153
1	934	roadmap_epigenomics	0	0.307971005452573	666	229	330	799	799	453	7927	1195	4380	roadmap_epigenomics H3K36me3	NA	NA	H3K36me3	NA	NA	E115-H3K36me3.narrowPeak	1	329592
1	102	roadmap_epigenomics	0	0.185733453646972	1011	229	928	204	928	454	10645	850	1662	roadmap_epigenomics H3K36me3	NA	NA	H3K36me3	NA	NA	E006-H3K36me3.narrowPeak	1	368481
1	366	roadmap_epigenomics	0	0.32228407809308	650	229	302	832	832	454	7690	1211	4617	roadmap_epigenomics H3K36me3	NA	NA	H3K36me3	NA	NA	E034-H3K36me3.narrowPeak	1	302239
1	509	roadmap_epigenomics	0	0.143170784542341	1190	229	1080	53	1080	454	11388	671	919	roadmap_epigenomics	NA	NA	NA	NA	NA	E056-DNase.macs2.narrowPeak	1	397102
1	548	roadmap_epigenomics	0	0.210420964222193	917	229	765	368	765	454	10116	944	2191	roadmap_epigenomics H3K4me1	NA	NA	H3K4me1	NA	NA	E062-H3K4me1.narrowPeak	1	122182
1	777	roadmap_epigenomics	0	0.23002006858403	847	229	625	507	625	454	9650	1014	2657	roadmap_epigenomics H3K4me3	NA	NA	H3K4me3	NA	NA	E093-H3K4me3.narrowPeak	1	37401
1	800	roadmap_epigenomics	0	0.23537058454144	827	229	589	543	589	454	9509	1034	2798	roadmap_epigenomics	NA	NA	NA	NA	NA	E097-DNase.hotspot.all.peaks.bed	1	99584
1	826	roadmap_epigenomics	0	0.135570183200113	1235	229	1098	36	1098	454	11516	626	791	roadmap_epigenomics	NA	NA	NA	NA	NA	E100-DNase.macs2.narrowPeak	1	441628
1	22	roadmap_epigenomics	0	0.24283722446237	792	229	529	607	607	455	9269	1069	3038	roadmap_epigenomics H2BK5ac	NA	NA	H2BK5ac	NA	NA	E003-H2BK5ac.narrowPeak	1	151346
1	91	roadmap_epigenomics	0	0.164499451764866	1093	229	1024	112	1024	455	11032	768	1275	roadmap_epigenomics	NA	NA	NA	NA	NA	E006-DNase.macs2.narrowPeak	1	343835
1	259	roadmap_epigenomics	0	0.192990330941258	987	229	884	253	884	455	10511	874	1796	roadmap_epigenomics H3K4me3	NA	NA	H3K4me3	NA	NA	E019-H3K4me3.narrowPeak	1	61693
1	615	roadmap_epigenomics	0	0.189151952668869	997	229	903	232	903	455	10574	864	1733	roadmap_epigenomics H3K4me3	NA	NA	H3K4me3	NA	NA	E073-H3K4me3.narrowPeak	1	75872
1	851	roadmap_epigenomics	0	0.184489034269104	1015	229	936	200	936	455	10667	846	1640	roadmap_epigenomics H3K4me3	NA	NA	H3K4me3	NA	NA	E103-H3K4me3.narrowPeak	1	93750
1	335	roadmap_epigenomics	0	0.341878796712176	626	229	284	859	859	457	7350	1235	4957	roadmap_epigenomics H3K36me3	NA	NA	H3K36me3	NA	NA	E030-H3K36me3.narrowPeak	1	180397
1	576	roadmap_epigenomics	0	0.196209873174492	968	229	864	278	864	457	10421	893	1886	roadmap_epigenomics H3K4me3	NA	NA	H3K4me3	NA	NA	E067-H3K4me3.narrowPeak	1	70953
1	530	roadmap_epigenomics	0	0.24135426133393	799	229	544	600	600	458	9318	1062	2989	roadmap_epigenomics	NA	NA	NA	NA	NA	E059-DNase.hotspot.all.peaks.bed	1	97681
1	590	roadmap_epigenomics	0	0.190674029843473	989	229	894	250	894	458	10536	872	1771	roadmap_epigenomics H3K4me3	NA	NA	H3K4me3	NA	NA	E069-H3K4me3.narrowPeak	1	79806
1	322	roadmap_epigenomics	0	0.169326836978985	1057	229	1005	144	1005	459	10903	804	1404	roadmap_epigenomics H3K4me1	NA	NA	H3K4me1	NA	NA	E028-H3K4me1.narrowPeak	1	354089
1	779	roadmap_epigenomics	0	0.22424356130186	855	229	657	490	657	459	9738	1006	2569	roadmap_epigenomics	NA	NA	NA	NA	NA	E094-DNase.hotspot.all.peaks.bed	1	111695
1	788	roadmap_epigenomics	0	0.234301885990462	823	229	598	550	598	459	9500	1038	2807	roadmap_epigenomics H3K27ac	NA	NA	H3K27ac	NA	NA	E095-H3K27ac.narrowPeak	1	153453
1	938	roadmap_epigenomics	0	0.367791492730281	614	229	269	880	880	459	7045	1247	5262	roadmap_epigenomics H3K79me2	NA	NA	H3K79me2	NA	NA	E115-H3K79me2.narrowPeak	1	200232
1	1048	roadmap_epigenomics	0	0.325810833758014	631	229	299	850	850	459	7527	1230	4780	roadmap_epigenomics H3K79me2	NA	NA	H3K79me2	NA	NA	E124-H3K79me2.narrowPeak	1	259630
1	70	roadmap_epigenomics	0	0.242782578729925	784	229	530	621	621	460	9229	1077	3078	roadmap_epigenomics H2BK12ac	NA	NA	H2BK12ac	NA	NA	E005-H2BK12ac.narrowPeak	1	257315
1	124	roadmap_epigenomics	0	0.527464242049704	585	229	243	907	907	460	5723	1276	6584	roadmap_epigenomics H3K27me3	NA	NA	H3K27me3	NA	NA	E007-H3K27me3.narrowPeak	1	54468
1	709	roadmap_epigenomics	0	0.20302327267566	928	229	811	340	811	460	10221	933	2086	roadmap_epigenomics	NA	NA	NA	NA	NA	E086-DNase.hotspot.all.peaks.bed	1	106536
1	185	roadmap_epigenomics	0	0.244096243333214	776	229	520	633	633	461	9176	1085	3131	roadmap_epigenomics H3K27ac	NA	NA	H3K27ac	NA	NA	E012-H3K27ac.narrowPeak	1	157402
1	391	roadmap_epigenomics	0	0.237437422168257	808	229	571	582	582	461	9399	1053	2908	roadmap_epigenomics H3K9ac	NA	NA	H3K9ac	NA	NA	E038-H3K9ac.narrowPeak	1	68708
1	420	roadmap_epigenomics	0	0.176392000301897	1030	229	975	180	975	461	10774	831	1533	roadmap_epigenomics H3K4me1	NA	NA	H3K4me1	NA	NA	E043-H3K4me1.narrowPeak	1	154217
1	524	roadmap_epigenomics	0	0.215122752073425	892	229	729	426	729	461	9976	969	2331	roadmap_epigenomics H3K27ac	NA	NA	H3K27ac	NA	NA	E058-H3K27ac.narrowPeak	1	155109
1	628	roadmap_epigenomics	0	0.165000283336908	1071	229	1022	131	1022	461	10972	790	1335	roadmap_epigenomics H3K4me1	NA	NA	H3K4me1	NA	NA	E075-H3K4me1.narrowPeak	1	196719
1	1073	roadmap_epigenomics	0	0.259412223662133	715	229	432	722	722	461	8693	1146	3614	roadmap_epigenomics H3K9ac	NA	NA	H3K9ac	NA	NA	E126-H3K9ac.narrowPeak	1	50757
1	1082	roadmap_epigenomics	0	0.172379011660013	1045	229	989	165	989	461	10847	816	1460	roadmap_epigenomics H3K4me2	NA	NA	H3K4me2	NA	NA	E127-H3K4me2.narrowPeak	1	129570
1	570	roadmap_epigenomics	0	0.219126134396484	870	229	692	466	692	462	9849	991	2458	roadmap_epigenomics H3K9ac	NA	NA	H3K9ac	NA	NA	E066-H3K9ac.narrowPeak	1	109594
1	1085	roadmap_epigenomics	0	0.221980326287167	859	229	673	484	673	462	9776	1002	2531	roadmap_epigenomics H3K9ac	NA	NA	H3K9ac	NA	NA	E127-H3K9ac.narrowPeak	1	78312
1	273	roadmap_epigenomics	0	0.439479345363481	590	229	258	902	902	463	6322	1271	5985	roadmap_epigenomics H3K27me3	NA	NA	H3K27me3	NA	NA	E021-H3K27me3.narrowPeak	1	95847
1	500	roadmap_epigenomics	0	0.127504002624779	1198	229	1110	49	1110	463	11496	663	811	roadmap_epigenomics	NA	NA	NA	NA	NA	E055-DNase.macs2.narrowPeak	1	447741
1	948	roadmap_epigenomics	0	0.197248307584387	947	229	858	301	858	463	10339	914	1968	roadmap_epigenomics H3K4me2	NA	NA	H3K4me2	NA	NA	E116-H3K4me2.narrowPeak	1	124500
1	1023	roadmap_epigenomics	0	0.240197271019894	792	229	553	607	607	463	9294	1069	3013	roadmap_epigenomics H3K9ac	NA	NA	H3K9ac	NA	NA	E122-H3K9ac.narrowPeak	1	64234
1	407	roadmap_epigenomics	0	0.317214136386184	627	229	308	854	854	464	7577	1234	4730	roadmap_epigenomics H3K36me3	NA	NA	H3K36me3	NA	NA	E041-H3K36me3.narrowPeak	1	202854
1	858	roadmap_epigenomics	0	0.203088419734505	922	229	810	352	810	464	10198	939	2109	roadmap_epigenomics H3K4me3	NA	NA	H3K4me3	NA	NA	E104-H3K4me3.narrowPeak	1	42254
1	246	roadmap_epigenomics	0	0.237090009134861	802	229	574	593	593	465	9373	1059	2934	roadmap_epigenomics H4K5ac	NA	NA	H4K5ac	NA	NA	E017-H4K5ac.narrowPeak	1	228064
1	541	roadmap_epigenomics	0	0.259560111109953	706	229	430	736	736	465	8639	1155	3668	roadmap_epigenomics H3K36me3	NA	NA	H3K36me3	NA	NA	E061-H3K36me3.narrowPeak	1	295294
1	383	roadmap_epigenomics	0	0.193839192756094	958	229	880	290	880	466	10406	903	1901	roadmap_epigenomics H3K4me1	NA	NA	H3K4me1	NA	NA	E037-H3K4me1.narrowPeak	1	143294
1	402	roadmap_epigenomics	0	0.181898639659388	1002	229	946	222	946	466	10647	859	1660	roadmap_epigenomics H3K4me1	NA	NA	H3K4me1	NA	NA	E040-H3K4me1.narrowPeak	1	147396
1	664	roadmap_epigenomics	0	0.210221370172249	903	229	767	402	767	466	10063	958	2244	roadmap_epigenomics H3K4me3	NA	NA	H3K4me3	NA	NA	E080-H3K4me3.narrowPeak	1	34321
1	897	roadmap_epigenomics	0	0.220216829545975	859	229	686	484	686	466	9792	1002	2515	roadmap_epigenomics H3K4me3	NA	NA	H3K4me3	NA	NA	E110-H3K4me3.narrowPeak	1	51758
1	97	roadmap_epigenomics	0	0.227916332611947	832	229	635	536	635	467	9601	1029	2706	roadmap_epigenomics H3K14ac	NA	NA	H3K14ac	NA	NA	E006-H3K14ac.narrowPeak	1	124581
1	118	roadmap_epigenomics	0	0.353132780016772	599	229	277	896	896	467	7057	1262	5250	roadmap_epigenomics H2BK15ac	NA	NA	H2BK15ac	NA	NA	E007-H2BK15ac.narrowPeak	1	91360
1	854	roadmap_epigenomics	0	0.23530398424232	808	229	590	582	590	467	9419	1053	2888	roadmap_epigenomics H3K27ac	NA	NA	H3K27ac	NA	NA	E104-H3K27ac.narrowPeak	1	154086
1	1089	roadmap_epigenomics	0	0.161601908052236	1067	229	1037	134	1037	467	10986	794	1321	roadmap_epigenomics	NA	NA	NA	NA	NA	E128-DNase.macs2.narrowPeak	1	363287
1	313	roadmap_epigenomics	0	0.142051464685906	1128	229	1085	90	1085	468	11267	733	1040	roadmap_epigenomics H3K4me1	NA	NA	H3K4me1	NA	NA	E027-H3K4me1.narrowPeak	1	374655
1	527	roadmap_epigenomics	0	0.142874759611069	1125	229	1082	94	1082	468	11255	736	1052	roadmap_epigenomics H3K4me1	NA	NA	H3K4me1	NA	NA	E058-H3K4me1.narrowPeak	1	289473
1	555	roadmap_epigenomics	0	0.132086061595994	1151	229	1102	74	1102	468	11380	710	927	roadmap_epigenomics H3K4me1	NA	NA	H3K4me1	NA	NA	E063-H3K4me1.narrowPeak	1	260722
1	408	roadmap_epigenomics	0	0.169386200620855	1034	229	1004	174	1004	469	10839	827	1468	roadmap_epigenomics H3K4me1	NA	NA	H3K4me1	NA	NA	E041-H3K4me1.narrowPeak	1	159193
1	514	roadmap_epigenomics	0	0.144141934463202	1108	229	1078	99	1078	469	11209	753	1098	roadmap_epigenomics H3K4me3	NA	NA	H3K4me3	NA	NA	E056-H3K4me3.narrowPeak	1	152592
1	663	roadmap_epigenomics	0	0.12747066070888	1167	229	1111	68	1111	469	11440	694	867	roadmap_epigenomics H3K4me1	NA	NA	H3K4me1	NA	NA	E080-H3K4me1.narrowPeak	1	279457
1	768	roadmap_epigenomics	0	0.202502981307469	918	229	815	363	815	469	10188	943	2119	roadmap_epigenomics H3K4me3	NA	NA	H3K4me3	NA	NA	E092-H3K4me3.narrowPeak	1	39260
1	256	roadmap_epigenomics	0	0.477766248160742	570	229	253	928	928	470	5911	1291	6396	roadmap_epigenomics H3K27me3	NA	NA	H3K27me3	NA	NA	E019-H3K27me3.narrowPeak	1	67306
1	520	roadmap_epigenomics	0	0.282832410717861	659	229	368	814	814	470	8119	1202	4188	roadmap_epigenomics H3K36me3	NA	NA	H3K36me3	NA	NA	E057-H3K36me3.narrowPeak	1	239831
1	643	roadmap_epigenomics	0	0.204693317899585	913	229	804	376	804	470	10150	948	2157	roadmap_epigenomics H3K9ac	NA	NA	H3K9ac	NA	NA	E077-H3K9ac.narrowPeak	1	96957
1	968	roadmap_epigenomics	0	0.2686753812391	682	229	409	771	771	470	8404	1179	3903	roadmap_epigenomics H3K27ac	NA	NA	H3K27ac	NA	NA	E118-H3K27ac.narrowPeak	1	71755
1	972	roadmap_epigenomics	0	0.188392465826831	974	229	911	271	911	470	10505	887	1802	roadmap_epigenomics H3K4me2	NA	NA	H3K4me2	NA	NA	E118-H3K4me2.narrowPeak	1	96755
1	835	roadmap_epigenomics	0	0.250497722908812	726	229	477	707	707	471	8844	1135	3463	roadmap_epigenomics H3K36me3	NA	NA	H3K36me3	NA	NA	E101-H3K36me3.narrowPeak	1	322521
1	27	roadmap_epigenomics	0	0.222274635807816	841	229	672	516	672	472	9694	1020	2613	roadmap_epigenomics H3K27ac	NA	NA	H3K27ac	NA	NA	E003-H3K27ac.narrowPeak	1	166837
1	186	roadmap_epigenomics	0	0.50900092792417	565	229	248	938	938	472	5678	1296	6629	roadmap_epigenomics H3K27me3	NA	NA	H3K27me3	NA	NA	E012-H3K27me3.narrowPeak	1	75931
1	253	roadmap_epigenomics	0	0.166635050845465	1038	229	1018	170	1018	472	10871	823	1436	roadmap_epigenomics H3K9ac	NA	NA	H3K9ac	NA	NA	E018-H3K9ac.narrowPeak	1	148075
1	301	roadmap_epigenomics	0	0.177125114564337	1007	229	972	214	972	472	10700	854	1607	roadmap_epigenomics H3K4me3	NA	NA	H3K4me3	NA	NA	E025-H3K4me3.narrowPeak	1	104434
1	330	roadmap_epigenomics	0	0.319817690765242	613	229	306	881	881	472	7454	1248	4853	roadmap_epigenomics H3K36me3	NA	NA	H3K36me3	NA	NA	E029-H3K36me3.narrowPeak	1	235858
1	426	roadmap_epigenomics	0	0.187291349902023	974	229	917	271	917	472	10514	887	1793	roadmap_epigenomics H3K4me1	NA	NA	H3K4me1	NA	NA	E044-H3K4me1.narrowPeak	1	150223
1	431	roadmap_epigenomics	0	0.321653562956218	612	229	304	884	884	472	7430	1249	4877	roadmap_epigenomics H3K36me3	NA	NA	H3K36me3	NA	NA	E045-H3K36me3.narrowPeak	1	196705
1	508	roadmap_epigenomics	0	0.166538382969516	1041	229	1019	167	1019	472	10880	820	1427	roadmap_epigenomics	NA	NA	NA	NA	NA	E056-DNase.hotspot.fdr0.01.peaks.bed	1	223698
1	98	roadmap_epigenomics	0	0.231207331977453	815	229	618	572	618	473	9491	1046	2816	roadmap_epigenomics H3K18ac	NA	NA	H3K18ac	NA	NA	E006-H3K18ac.narrowPeak	1	207264
1	142	roadmap_epigenomics	0	0.343824584448149	585	229	283	907	907	473	7033	1276	5274	roadmap_epigenomics H2BK15ac	NA	NA	H2BK15ac	NA	NA	E008-H2BK15ac.narrowPeak	1	52204
1	820	roadmap_epigenomics	0	0.253298557489873	709	229	460	730	730	473	8719	1152	3588	roadmap_epigenomics H3K36me3	NA	NA	H3K36me3	NA	NA	E099-H3K36me3.narrowPeak	1	192233
1	1098	roadmap_epigenomics	0	0.2408112707105	772	229	548	641	641	473	9187	1089	3120	roadmap_epigenomics H3K9ac	NA	NA	H3K9ac	NA	NA	E128-H3K9ac.narrowPeak	1	50400
1	248	roadmap_epigenomics	0	0.245416821548318	747	229	509	683	683	474	9010	1114	3297	roadmap_epigenomics H4K91ac	NA	NA	H4K91ac	NA	NA	E017-H4K91ac.narrowPeak	1	263787
1	825	roadmap_epigenomics	0	0.181383751057749	993	229	951	241	951	474	10623	868	1684	roadmap_epigenomics	NA	NA	NA	NA	NA	E100-DNase.hotspot.fdr0.01.peaks.bed	1	170766
1	863	roadmap_epigenomics	0	0.150498371328428	1072	229	1064	128	1064	474	11080	789	1227	roadmap_epigenomics H3K4me1	NA	NA	H3K4me1	NA	NA	E105-H3K4me1.narrowPeak	1	309072
1	898	roadmap_epigenomics	0	0.190177735141882	950	229	899	295	899	474	10409	911	1898	roadmap_epigenomics H3K9ac	NA	NA	H3K9ac	NA	NA	E110-H3K9ac.narrowPeak	1	89018
1	782	roadmap_epigenomics	0	0.233058955827518	803	229	606	591	606	475	9416	1058	2891	roadmap_epigenomics H3K27ac	NA	NA	H3K27ac	NA	NA	E094-H3K27ac.narrowPeak	1	98193
1	290	roadmap_epigenomics	0	0.183989202596396	982	229	938	260	938	476	10567	879	1740	roadmap_epigenomics H3K4me3	NA	NA	H3K4me3	NA	NA	E023-H3K4me3.narrowPeak	1	116720
1	775	roadmap_epigenomics	0	0.272979982243266	660	229	392	811	811	477	8223	1201	4084	roadmap_epigenomics H3K36me3	NA	NA	H3K36me3	NA	NA	E093-H3K36me3.narrowPeak	1	312106
1	842	roadmap_epigenomics	0	0.255966033193613	695	229	450	751	751	477	8610	1166	3697	roadmap_epigenomics H3K36me3	NA	NA	H3K36me3	NA	NA	E102-H3K36me3.narrowPeak	1	305308
1	973	roadmap_epigenomics	0	0.20039926505775	915	229	830	373	830	477	10195	946	2112	roadmap_epigenomics H3K4me3	NA	NA	H3K4me3	NA	NA	E118-H3K4me3.narrowPeak	1	58435
1	53	roadmap_epigenomics	0	0.552863769180809	544	229	240	964	964	478	5263	1317	7044	roadmap_epigenomics H3K27me3	NA	NA	H3K27me3	NA	NA	E004-H3K27me3.narrowPeak	1	77713
1	82	roadmap_epigenomics	0	0.214951924267169	867	229	732	472	732	478	9874	994	2433	roadmap_epigenomics H3K79me1	NA	NA	H3K79me1	NA	NA	E005-H3K79me1.narrowPeak	1	225880
1	179	roadmap_epigenomics	0	0.6352713438668	530	229	225	980	980	478	4742	1331	7565	roadmap_epigenomics H3K27me3	NA	NA	H3K27me3	NA	NA	E011-H3K27me3.narrowPeak	1	107312
1	212	roadmap_epigenomics	0	0.516763194575102	547	229	245	960	960	478	5491	1314	6816	roadmap_epigenomics H3K27me3	NA	NA	H3K27me3	NA	NA	E016-H3K27me3.narrowPeak	1	84150
1	528	roadmap_epigenomics	0	0.184458102302563	977	229	937	268	937	478	10547	884	1760	roadmap_epigenomics H3K4me3	NA	NA	H3K4me3	NA	NA	E058-H3K4me3.narrowPeak	1	45445
1	653	roadmap_epigenomics	0	0.217340991812196	852	229	706	498	706	478	9788	1009	2519	roadmap_epigenomics H3K36me3	NA	NA	H3K36me3	NA	NA	E079-H3K36me3.narrowPeak	1	264229
1	1080	roadmap_epigenomics	0	0.259108649879481	682	229	434	771	771	478	8500	1179	3807	roadmap_epigenomics H3K36me3	NA	NA	H3K36me3	NA	NA	E127-H3K36me3.narrowPeak	1	328717
1	882	roadmap_epigenomics	0	0.175946997270261	997	229	977	232	977	479	10679	864	1628	roadmap_epigenomics H3K4me3	NA	NA	H3K4me3	NA	NA	E108-H3K4me3.narrowPeak	1	92210
1	43	roadmap_epigenomics	0	0.21191758071601	876	229	757	455	757	480	9939	985	2368	roadmap_epigenomics	NA	NA	NA	NA	NA	E004-DNase.hotspot.all.peaks.bed	1	114500
1	75	roadmap_epigenomics	0	0.244418234673114	738	229	516	694	694	480	8971	1123	3336	roadmap_epigenomics H3K27ac	NA	NA	H3K27ac	NA	NA	E005-H3K27ac.narrowPeak	1	123614
1	189	roadmap_epigenomics	0	0.196810595724852	923	229	861	351	861	480	10256	938	2051	roadmap_epigenomics H3K4me3	NA	NA	H3K4me3	NA	NA	E012-H3K4me3.narrowPeak	1	42211
1	440	roadmap_epigenomics	0	0.315698041488414	598	229	313	897	897	480	7384	1263	4923	roadmap_epigenomics H3K36me3	NA	NA	H3K36me3	NA	NA	E046-H3K36me3.narrowPeak	1	269244
1	510	roadmap_epigenomics	0	0.124234979636795	1109	229	1114	97	1114	480	11351	752	956	roadmap_epigenomics H3K27ac	NA	NA	H3K27ac	NA	NA	E056-H3K27ac.narrowPeak	1	271197
1	707	roadmap_epigenomics	0	0.193837211603706	933	229	881	331	881	480	10318	928	1989	roadmap_epigenomics H3K4me3	NA	NA	H3K4me3	NA	NA	E085-H3K4me3.narrowPeak	1	43543
1	151	roadmap_epigenomics	0	0.214580339616182	861	229	736	479	736	481	9852	1000	2455	roadmap_epigenomics H3K36me3	NA	NA	H3K36me3	NA	NA	E008-H3K36me3.narrowPeak	1	287294
1	235	roadmap_epigenomics	0	0.242352297144324	749	229	534	679	679	481	9051	1112	3256	roadmap_epigenomics H3K4ac	NA	NA	H3K4ac	NA	NA	E017-H3K4ac.narrowPeak	1	243193
1	675	roadmap_epigenomics	0	0.194602634435997	929	229	876	337	876	481	10297	932	2010	roadmap_epigenomics	NA	NA	NA	NA	NA	E082-DNase.hotspot.fdr0.01.peaks.bed	1	195020
1	1107	roadmap_epigenomics	0	0.188442529954495	944	229	909	305	909	481	10403	917	1904	roadmap_epigenomics H3K4me3	NA	NA	H3K4me3	NA	NA	E129-H3K4me3.narrowPeak	1	73663
1	64	roadmap_epigenomics	0	0.234561746824539	783	229	595	622	622	482	9303	1078	3004	roadmap_epigenomics	NA	NA	NA	NA	NA	E005-DNase.hotspot.all.peaks.bed	1	102999
1	645	roadmap_epigenomics	0	0.234150784161046	785	229	600	618	618	482	9317	1076	2990	roadmap_epigenomics H3K27ac	NA	NA	H3K27ac	NA	NA	E078-H3K27ac.narrowPeak	1	97341
1	796	roadmap_epigenomics	0	0.234045303020469	787	229	602	615	615	482	9328	1074	2979	roadmap_epigenomics H3K36me3	NA	NA	H3K36me3	NA	NA	E096-H3K36me3.narrowPeak	1	338349
1	1083	roadmap_epigenomics	0	0.182814401762735	971	229	942	276	942	482	10541	890	1766	roadmap_epigenomics H3K4me3	NA	NA	H3K4me3	NA	NA	E127-H3K4me3.narrowPeak	1	83151
1	1091	roadmap_epigenomics	0	0.242049156124364	749	229	537	679	679	482	9054	1112	3253	roadmap_epigenomics H3K27ac	NA	NA	H3K27ac	NA	NA	E128-H3K27ac.narrowPeak	1	84016
1	219	roadmap_epigenomics	0	0.187740589517152	944	229	916	305	916	483	10409	917	1898	roadmap_epigenomics	NA	NA	NA	NA	NA	E017-DNase.hotspot.fdr0.01.peaks.bed	1	185164
1	499	roadmap_epigenomics	0	0.153460794654021	1041	229	1052	167	1052	483	10980	820	1327	roadmap_epigenomics	NA	NA	NA	NA	NA	E055-DNase.hotspot.fdr0.01.peaks.bed	1	232786
1	641	roadmap_epigenomics	0	0.143417622317364	1060	229	1079	141	1079	483	11104	801	1203	roadmap_epigenomics H3K4me1	NA	NA	H3K4me1	NA	NA	E077-H3K4me1.narrowPeak	1	231713
1	1106	roadmap_epigenomics	0	0.164748172923321	1017	229	1023	197	1023	483	10827	844	1480	roadmap_epigenomics H3K4me2	NA	NA	H3K4me2	NA	NA	E129-H3K4me2.narrowPeak	1	131837
1	154	roadmap_epigenomics	0	0.177574264767332	987	229	970	253	970	484	10635	874	1672	roadmap_epigenomics H3K4me2	NA	NA	H3K4me2	NA	NA	E008-H3K4me2.narrowPeak	1	111374
1	501	roadmap_epigenomics	0	0.130782589832411	1081	229	1103	120	1103	484	11246	780	1061	roadmap_epigenomics H3K27ac	NA	NA	H3K27ac	NA	NA	E055-H3K27ac.narrowPeak	1	274023
1	618	roadmap_epigenomics	0	0.198628104695261	913	229	847	376	847	484	10203	948	2104	roadmap_epigenomics H3K27ac	NA	NA	H3K27ac	NA	NA	E074-H3K27ac.narrowPeak	1	158702
1	371	roadmap_epigenomics	0	0.326530615806312	570	229	298	928	928	485	7075	1291	5232	roadmap_epigenomics H3K36me3	NA	NA	H3K36me3	NA	NA	E035-H3K36me3.narrowPeak	1	184716
1	640	roadmap_epigenomics	0	0.248516127198433	706	229	491	736	736	485	8750	1155	3557	roadmap_epigenomics H3K36me3	NA	NA	H3K36me3	NA	NA	E077-H3K36me3.narrowPeak	1	271474
1	734	roadmap_epigenomics	0	0.215997193938005	845	229	717	510	717	485	9770	1016	2537	roadmap_epigenomics	NA	NA	NA	NA	NA	E089-DNase.hotspot.all.peaks.bed	1	103433
1	632	roadmap_epigenomics	0	0.215850592337746	844	229	718	512	718	486	9767	1017	2540	roadmap_epigenomics H3K27ac	NA	NA	H3K27ac	NA	NA	E076-H3K27ac.narrowPeak	1	142168
1	698	roadmap_epigenomics	0	0.19831517552578	912	229	849	381	849	486	10202	949	2105	roadmap_epigenomics H3K4me3	NA	NA	H3K4me3	NA	NA	E084-H3K4me3.narrowPeak	1	40136
1	984	roadmap_epigenomics	0	0.168199352778492	1004	229	1012	218	1012	486	10762	857	1545	roadmap_epigenomics H3K4me2	NA	NA	H3K4me2	NA	NA	E119-H3K4me2.narrowPeak	1	119229
1	706	roadmap_epigenomics	0	0.147262675034465	1047	229	1070	161	1070	487	11043	814	1264	roadmap_epigenomics H3K4me1	NA	NA	H3K4me1	NA	NA	E085-H3K4me1.narrowPeak	1	285846
1	896	roadmap_epigenomics	0	0.152212981113644	1033	229	1057	175	1057	487	10969	828	1338	roadmap_epigenomics H3K4me1	NA	NA	H3K4me1	NA	NA	E110-H3K4me1.narrowPeak	1	214877
1	1081	roadmap_epigenomics	0	0.173676012753681	990	229	985	248	985	487	10676	871	1631	roadmap_epigenomics H3K4me1	NA	NA	H3K4me1	NA	NA	E127-H3K4me1.narrowPeak	1	199886
1	29	roadmap_epigenomics	0	0.236198455881928	763	229	582	654	654	488	9185	1098	3122	roadmap_epigenomics H3K36me3	NA	NA	H3K36me3	NA	NA	E003-H3K36me3.narrowPeak	1	323310
1	388	roadmap_epigenomics	0	0.325678576909204	567	229	300	935	935	488	7060	1294	5247	roadmap_epigenomics H3K36me3	NA	NA	H3K36me3	NA	NA	E038-H3K36me3.narrowPeak	1	143872
1	232	roadmap_epigenomics	0	0.224219911575798	809	229	658	580	658	489	9529	1052	2778	roadmap_epigenomics H3K27ac	NA	NA	H3K27ac	NA	NA	E017-H3K27ac.narrowPeak	1	179168
1	697	roadmap_epigenomics	0	0.153487434475077	1025	229	1051	187	1051	489	10938	836	1369	roadmap_epigenomics H3K4me1	NA	NA	H3K4me1	NA	NA	E084-H3K4me1.narrowPeak	1	247694
1	767	roadmap_epigenomics	0	0.142047171425583	1051	229	1086	151	1086	489	11093	810	1214	roadmap_epigenomics H3K4me1	NA	NA	H3K4me1	NA	NA	E092-H3K4me1.narrowPeak	1	275943
1	805	roadmap_epigenomics	0	0.242430515884217	728	229	533	704	704	489	8936	1133	3371	roadmap_epigenomics H3K36me3	NA	NA	H3K36me3	NA	NA	E097-H3K36me3.narrowPeak	1	343116
1	78	roadmap_epigenomics	0	0.223771386721528	810	229	662	579	662	490	9538	1051	2769	roadmap_epigenomics H3K4ac	NA	NA	H3K4ac	NA	NA	E005-H3K4ac.narrowPeak	1	228267
1	228	roadmap_epigenomics	0	0.241786716683934	733	229	540	702	702	490	8970	1128	3337	roadmap_epigenomics H2BK5ac	NA	NA	H2BK5ac	NA	NA	E017-H2BK5ac.narrowPeak	1	166186
1	274	roadmap_epigenomics	0	0.232899636993736	776	229	608	633	633	490	9284	1085	3023	roadmap_epigenomics H3K36me3	NA	NA	H3K36me3	NA	NA	E021-H3K36me3.narrowPeak	1	189937
1	461	roadmap_epigenomics	0	0.179094229898665	967	229	962	279	962	490	10559	894	1748	roadmap_epigenomics H3K4me3	NA	NA	H3K4me3	NA	NA	E049-H3K4me3.narrowPeak	1	76569
1	774	roadmap_epigenomics	0	0.54486681734625	509	229	241	1000	1000	490	5029	1352	7278	roadmap_epigenomics H3K27me3	NA	NA	H3K27me3	NA	NA	E093-H3K27me3.narrowPeak	1	90546
1	838	roadmap_epigenomics	0	0.200057930808391	900	229	833	409	833	490	10141	961	2166	roadmap_epigenomics H3K9ac	NA	NA	H3K9ac	NA	NA	E101-H3K9ac.narrowPeak	1	104171
1	294	roadmap_epigenomics	0	0.231076140116209	781	229	619	625	625	491	9327	1080	2980	roadmap_epigenomics H3K36me3	NA	NA	H3K36me3	NA	NA	E024-H3K36me3.narrowPeak	1	291581
1	372	roadmap_epigenomics	0	0.188284877619817	933	229	913	331	913	491	10366	928	1941	roadmap_epigenomics H3K4me1	NA	NA	H3K4me1	NA	NA	E035-H3K4me1.narrowPeak	1	126220
1	761	roadmap_epigenomics	0	0.205104641489998	881	229	798	445	798	491	10021	980	2286	roadmap_epigenomics	NA	NA	NA	NA	NA	E092-DNase.hotspot.all.peaks.bed	1	92888
1	822	roadmap_epigenomics	0	0.215023155265264	842	229	730	514	730	491	9766	1019	2541	roadmap_epigenomics H3K4me3	NA	NA	H3K4me3	NA	NA	E099-H3K4me3.narrowPeak	1	38242
1	83	roadmap_epigenomics	0	0.214464072060045	847	229	739	507	739	492	9793	1014	2514	roadmap_epigenomics H3K79me2	NA	NA	H3K79me2	NA	NA	E005-H3K79me2.narrowPeak	1	154809
1	165	roadmap_epigenomics	0	0.291351611321862	607	229	357	889	889	492	7683	1254	4624	roadmap_epigenomics H4K91ac	NA	NA	H4K91ac	NA	NA	E008-H4K91ac.narrowPeak	1	81358
1	234	roadmap_epigenomics	0	0.242953061497694	718	229	526	720	720	492	8875	1143	3432	roadmap_epigenomics H3K36me3	NA	NA	H3K36me3	NA	NA	E017-H3K36me3.narrowPeak	1	352022
1	459	roadmap_epigenomics	0	0.255626566152565	669	229	453	794	794	492	8456	1192	3851	roadmap_epigenomics H3K36me3	NA	NA	H3K36me3	NA	NA	E049-H3K36me3.narrowPeak	1	236300
1	667	roadmap_epigenomics	0	0.189178241997061	927	229	902	344	902	492	10337	934	1970	roadmap_epigenomics	NA	NA	NA	NA	NA	E081-DNase.hotspot.fdr0.01.peaks.bed	1	206920
1	737	roadmap_epigenomics	0	0.230871900913198	781	229	621	625	625	492	9329	1080	2978	roadmap_epigenomics H3K27ac	NA	NA	H3K27ac	NA	NA	E089-H3K27ac.narrowPeak	1	114750
1	749	roadmap_epigenomics	0	0.140108595182741	1051	229	1095	151	1095	492	11108	810	1199	roadmap_epigenomics H3K4me1	NA	NA	H3K4me1	NA	NA	E090-H3K4me1.narrowPeak	1	268484
1	803	roadmap_epigenomics	0	0.21797680790896	826	229	702	546	702	492	9667	1035	2640	roadmap_epigenomics H3K27ac	NA	NA	H3K27ac	NA	NA	E097-H3K27ac.narrowPeak	1	194850
1	672	roadmap_epigenomics	0	0.258873660648593	659	229	437	814	814	493	8360	1202	3947	roadmap_epigenomics H3K4me3	NA	NA	H3K4me3	NA	NA	E081-H3K4me3.narrowPeak	1	47518
1	950	roadmap_epigenomics	0	0.313602150482111	568	229	318	933	933	493	7181	1293	5126	roadmap_epigenomics H3K79me2	NA	NA	H3K79me2	NA	NA	E116-H3K79me2.narrowPeak	1	158037
1	980	roadmap_epigenomics	0	0.240476757623845	737	229	551	698	698	493	9005	1124	3302	roadmap_epigenomics H3K27ac	NA	NA	H3K27ac	NA	NA	E119-H3K27ac.narrowPeak	1	94592
1	1035	roadmap_epigenomics	0	0.322091114256733	559	229	303	946	946	493	7032	1302	5275	roadmap_epigenomics H3K79me2	NA	NA	H3K79me2	NA	NA	E123-H3K79me2.narrowPeak	1	112209
1	229	roadmap_epigenomics	0	0.246766790310088	695	229	502	751	751	494	8704	1166	3603	roadmap_epigenomics H3K14ac	NA	NA	H3K14ac	NA	NA	E017-H3K14ac.narrowPeak	1	195264
1	323	roadmap_epigenomics	0	0.214490292475519	842	229	738	514	738	494	9771	1019	2536	roadmap_epigenomics H3K4me3	NA	NA	H3K4me3	NA	NA	E028-H3K4me3.narrowPeak	1	54966
1	513	roadmap_epigenomics	0	0.118494185800201	1070	229	1120	133	1120	494	11316	791	991	roadmap_epigenomics H3K4me1	NA	NA	H3K4me1	NA	NA	E056-H3K4me1.narrowPeak	1	303644
1	125	roadmap_epigenomics	0	0.237697902322047	745	229	570	686	686	495	9076	1116	3231	roadmap_epigenomics H3K36me3	NA	NA	H3K36me3	NA	NA	E007-H3K36me3.narrowPeak	1	177693
1	198	roadmap_epigenomics	0	0.498503193286754	501	229	250	1006	1006	495	5230	1360	7077	roadmap_epigenomics H3K27me3	NA	NA	H3K27me3	NA	NA	E014-H3K27me3.narrowPeak	1	90298
1	239	roadmap_epigenomics	0	0.247510551531976	689	229	497	760	760	495	8661	1172	3646	roadmap_epigenomics H3K56ac	NA	NA	H3K56ac	NA	NA	E017-H3K56ac.narrowPeak	1	109751
1	831	roadmap_epigenomics	0	0.199930728712408	894	229	835	421	835	495	10119	967	2188	roadmap_epigenomics H3K4me3	NA	NA	H3K4me3	NA	NA	E100-H3K4me3.narrowPeak	1	39238
1	843	roadmap_epigenomics	0	0.155451647282546	1009	229	1048	207	1048	495	10879	852	1428	roadmap_epigenomics H3K4me1	NA	NA	H3K4me1	NA	NA	E102-H3K4me1.narrowPeak	1	236074
1	112	roadmap_epigenomics	0	0.204866608118012	875	229	801	458	801	496	9999	986	2308	roadmap_epigenomics	NA	NA	NA	NA	NA	E007-DNase.hotspot.all.peaks.bed	1	89801
1	460	roadmap_epigenomics	0	0.135389360827505	1047	229	1099	161	1099	496	11135	814	1172	roadmap_epigenomics H3K4me1	NA	NA	H3K4me1	NA	NA	E049-H3K4me1.narrowPeak	1	260639
1	505	roadmap_epigenomics	0	0.139228071131764	1046	229	1096	164	1096	496	11103	815	1204	roadmap_epigenomics H3K4me3	NA	NA	H3K4me3	NA	NA	E055-H3K4me3.narrowPeak	1	115193
1	568	roadmap_epigenomics	0	0.124302231932651	1056	229	1113	146	1113	496	11242	805	1065	roadmap_epigenomics H3K4me1	NA	NA	H3K4me1	NA	NA	E066-H3K4me1.narrowPeak	1	233359
1	683	roadmap_epigenomics	0	0.164233205878138	997	229	1026	232	1026	496	10774	864	1533	roadmap_epigenomics	NA	NA	NA	NA	NA	E083-DNase.hotspot.fdr0.01.peaks.bed	1	218413
1	790	roadmap_epigenomics	0	0.249371005311863	681	229	486	774	774	496	8594	1180	3713	roadmap_epigenomics H3K36me3	NA	NA	H3K36me3	NA	NA	E095-H3K36me3.narrowPeak	1	283237
1	209	roadmap_epigenomics	0	0.170337517267504	981	229	1002	261	1002	497	10676	880	1631	roadmap_epigenomics H3K9ac	NA	NA	H3K9ac	NA	NA	E015-H3K9ac.narrowPeak	1	116131
1	432	roadmap_epigenomics	0	0.188449571515852	921	229	908	353	908	497	10322	940	1985	roadmap_epigenomics H3K4me1	NA	NA	H3K4me1	NA	NA	E045-H3K4me1.narrowPeak	1	132617
1	716	roadmap_epigenomics	0	0.23464805755575	756	229	593	668	668	497	9164	1105	3143	roadmap_epigenomics H3K9ac	NA	NA	H3K9ac	NA	NA	E086-H3K9ac.narrowPeak	1	45031
1	764	roadmap_epigenomics	0	0.191269438969069	916	229	893	370	893	497	10279	945	2028	roadmap_epigenomics H3K27ac	NA	NA	H3K27ac	NA	NA	E092-H3K27ac.narrowPeak	1	135058
1	539	roadmap_epigenomics	0	0.142228928663882	1029	229	1084	182	1084	498	11038	832	1269	roadmap_epigenomics H3K27ac	NA	NA	H3K27ac	NA	NA	E061-H3K27ac.narrowPeak	1	199363
1	909	roadmap_epigenomics	0	0.301738932956086	570	229	338	928	928	498	7311	1291	4996	roadmap_epigenomics H3K36me3	NA	NA	H3K36me3	NA	NA	E112-H3K36me3.narrowPeak	1	202936
1	240	roadmap_epigenomics	0	0.2542905395839	660	229	458	811	811	499	8414	1201	3893	roadmap_epigenomics H3K79me1	NA	NA	H3K79me1	NA	NA	E017-H3K79me1.narrowPeak	1	390673
1	498	roadmap_epigenomics	0	0.206269196761642	863	229	793	477	793	500	9937	998	2370	roadmap_epigenomics	NA	NA	NA	NA	NA	E055-DNase.hotspot.all.peaks.bed	1	120443
1	542	roadmap_epigenomics	0	0.123943788007742	1050	229	1115	155	1115	500	11232	811	1075	roadmap_epigenomics H3K4me1	NA	NA	H3K4me1	NA	NA	E061-H3K4me1.narrowPeak	1	294530
1	662	roadmap_epigenomics	0	0.234490451279258	751	229	597	675	675	500	9140	1110	3167	roadmap_epigenomics H3K36me3	NA	NA	H3K36me3	NA	NA	E080-H3K36me3.narrowPeak	1	296790
1	862	roadmap_epigenomics	0	0.2065449668411	860	229	787	483	787	500	9922	1001	2385	roadmap_epigenomics H3K36me3	NA	NA	H3K36me3	NA	NA	E105-H3K36me3.narrowPeak	1	267060
1	306	roadmap_epigenomics	0	0.258137699742143	646	229	439	834	834	501	8285	1215	4022	roadmap_epigenomics H3K36me3	NA	NA	H3K36me3	NA	NA	E026-H3K36me3.narrowPeak	1	262442
1	103	roadmap_epigenomics	0	0.217555442001208	815	229	705	572	705	502	9621	1046	2686	roadmap_epigenomics H3K4ac	NA	NA	H3K4ac	NA	NA	E006-H3K4ac.narrowPeak	1	187901
1	168	roadmap_epigenomics	0	0.252457080601253	659	229	464	814	814	502	8427	1202	3880	roadmap_epigenomics H3K36me3	NA	NA	H3K36me3	NA	NA	E009-H3K36me3.narrowPeak	1	389216
1	522	roadmap_epigenomics	0	0.184850633583413	927	229	933	344	933	502	10375	934	1932	roadmap_epigenomics H3K4me3	NA	NA	H3K4me3	NA	NA	E057-H3K4me3.narrowPeak	1	48504
1	554	roadmap_epigenomics	0	0.244015291799945	692	229	522	756	756	502	8715	1169	3592	roadmap_epigenomics H3K36me3	NA	NA	H3K36me3	NA	NA	E063-H3K36me3.narrowPeak	1	257192
1	673	roadmap_epigenomics	0	0.589891383244728	442	229	233	1044	1044	502	4253	1419	8054	roadmap_epigenomics H3K9me3	NA	NA	H3K9me3	NA	NA	E081-H3K9me3.narrowPeak	1	24119
1	967	roadmap_epigenomics	0	0.365691519092748	498	229	270	1007	1007	502	6151	1363	6156	roadmap_epigenomics H2A.Z	NA	NA	H2A.Z	NA	NA	E118-H2A.Z.narrowPeak	1	24224
1	987	roadmap_epigenomics	0	0.223372945639692	788	229	665	613	665	502	9437	1073	2870	roadmap_epigenomics H3K9ac	NA	NA	H3K9ac	NA	NA	E119-H3K9ac.narrowPeak	1	82070
1	42	roadmap_epigenomics	0	0.293698684226271	568	229	348	933	933	503	7376	1293	4931	roadmap_epigenomics H4K91ac	NA	NA	H4K91ac	NA	NA	E003-H4K91ac.narrowPeak	1	106820
1	299	roadmap_epigenomics	0	0.250023065864992	666	229	482	799	799	503	8496	1195	3811	roadmap_epigenomics H3K36me3	NA	NA	H3K36me3	NA	NA	E025-H3K36me3.narrowPeak	1	257733
1	504	roadmap_epigenomics	0	0.107733380612141	1048	229	1122	158	1122	503	11358	813	949	roadmap_epigenomics H3K4me1	NA	NA	H3K4me1	NA	NA	E055-H3K4me1.narrowPeak	1	338865
1	623	roadmap_epigenomics	0	0.197287911795514	893	229	856	424	856	503	10139	968	2168	roadmap_epigenomics H3K9ac	NA	NA	H3K9ac	NA	NA	E074-H3K9ac.narrowPeak	1	124462
1	636	roadmap_epigenomics	0	0.184736117722727	925	229	934	347	934	503	10369	936	1938	roadmap_epigenomics H3K4me3	NA	NA	H3K4me3	NA	NA	E076-H3K4me3.narrowPeak	1	72243
1	875	roadmap_epigenomics	0	0.177992887665062	938	229	965	316	965	503	10473	923	1834	roadmap_epigenomics H3K4me3	NA	NA	H3K4me3	NA	NA	E107-H3K4me3.narrowPeak	1	80526
1	289	roadmap_epigenomics	0	0.140512537813304	1023	229	1094	189	1094	504	11037	838	1270	roadmap_epigenomics H3K4me1	NA	NA	H3K4me1	NA	NA	E023-H3K4me1.narrowPeak	1	307369
1	446	roadmap_epigenomics	0	0.308363559046472	552	229	328	956	956	504	7109	1309	5198	roadmap_epigenomics H3K36me3	NA	NA	H3K36me3	NA	NA	E047-H3K36me3.narrowPeak	1	150951
1	17	roadmap_epigenomics	0	0.316598277276241	537	229	311	976	976	505	6912	1324	5395	roadmap_epigenomics H2AK5ac	NA	NA	H2AK5ac	NA	NA	E003-H2AK5ac.narrowPeak	1	102280
1	807	roadmap_epigenomics	0	0.204213121959365	862	229	807	478	807	505	9952	999	2355	roadmap_epigenomics H3K4me3	NA	NA	H3K4me3	NA	NA	E097-H3K4me3.narrowPeak	1	41526
1	836	roadmap_epigenomics	0	0.154319759748842	996	229	1049	238	1049	505	10853	865	1454	roadmap_epigenomics H3K4me1	NA	NA	H3K4me1	NA	NA	E101-H3K4me1.narrowPeak	1	208728
1	110	roadmap_epigenomics	0	0.18029820514859	931	229	958	334	958	507	10429	930	1878	roadmap_epigenomics H4K8ac	NA	NA	H4K8ac	NA	NA	E006-H4K8ac.narrowPeak	1	209112
1	174	roadmap_epigenomics	0	0.248776011877239	665	229	487	804	804	507	8503	1196	3804	roadmap_epigenomics H3K36me3	NA	NA	H3K36me3	NA	NA	E010-H3K36me3.narrowPeak	1	378468
1	238	roadmap_epigenomics	0	0.200730067338722	872	229	828	464	828	507	10025	989	2282	roadmap_epigenomics H3K4me3	NA	NA	H3K4me3	NA	NA	E017-H3K4me3.narrowPeak	1	42408
1	304	roadmap_epigenomics	0	0.232899025378759	747	229	609	683	683	507	9135	1114	3172	roadmap_epigenomics H3K27ac	NA	NA	H3K27ac	NA	NA	E026-H3K27ac.narrowPeak	1	107716
1	746	roadmap_epigenomics	0	0.208811031280409	840	229	775	518	775	507	9816	1021	2491	roadmap_epigenomics H3K27ac	NA	NA	H3K27ac	NA	NA	E090-H3K27ac.narrowPeak	1	148419
1	824	roadmap_epigenomics	0	0.217775910086724	804	229	703	589	703	507	9568	1057	2739	roadmap_epigenomics	NA	NA	NA	NA	NA	E100-DNase.hotspot.all.peaks.bed	1	100209
1	827	roadmap_epigenomics	0	0.212573778286388	829	229	751	541	751	507	9732	1032	2575	roadmap_epigenomics H3K27ac	NA	NA	H3K27ac	NA	NA	E100-H3K27ac.narrowPeak	1	163031
1	881	roadmap_epigenomics	0	0.111330816126943	1036	229	1121	172	1121	507	11305	825	1002	roadmap_epigenomics H3K4me1	NA	NA	H3K4me1	NA	NA	E108-H3K4me1.narrowPeak	1	272216
1	914	roadmap_epigenomics	0	0.52313097189005	438	229	244	1048	1048	507	4559	1423	7748	roadmap_epigenomics H3K27me3	NA	NA	H3K27me3	NA	NA	E113-H3K27me3.narrowPeak	1	57437
1	1066	roadmap_epigenomics	0	0.252425606815316	654	229	465	827	827	507	8396	1207	3911	roadmap_epigenomics H3K27ac	NA	NA	H3K27ac	NA	NA	E126-H3K27ac.narrowPeak	1	91265
1	123	roadmap_epigenomics	0	0.24469321534693	675	229	513	781	781	508	8607	1186	3700	roadmap_epigenomics H3K27ac	NA	NA	H3K27ac	NA	NA	E007-H3K27ac.narrowPeak	1	78132
1	237	roadmap_epigenomics	0	0.163794459963107	977	229	1028	268	1028	508	10719	884	1588	roadmap_epigenomics H3K4me2	NA	NA	H3K4me2	NA	NA	E017-H3K4me2.narrowPeak	1	177688
1	340	roadmap_epigenomics	0	0.359963155322414	477	229	274	1020	1020	508	6020	1384	6287	roadmap_epigenomics H3K36me3	NA	NA	H3K36me3	NA	NA	E031-H3K36me3.narrowPeak	1	119677
1	357	roadmap_epigenomics	0	0.321224365745944	518	229	305	990	990	508	6715	1343	5592	roadmap_epigenomics H3K36me3	NA	NA	H3K36me3	NA	NA	E033-H3K36me3.narrowPeak	1	134198
1	598	roadmap_epigenomics	0	0.162708276979412	979	229	1030	266	1030	508	10734	882	1573	roadmap_epigenomics H3K27ac	NA	NA	H3K27ac	NA	NA	E071-H3K27ac.narrowPeak	1	152169
1	783	roadmap_epigenomics	0	0.603888099147933	402	229	231	1065	1065	508	3856	1459	8451	roadmap_epigenomics H3K27me3	NA	NA	H3K27me3	NA	NA	E094-H3K27me3.narrowPeak	1	42768
1	847	roadmap_epigenomics	0	0.22562049831129	767	229	649	645	649	508	9311	1094	2996	roadmap_epigenomics H3K27ac	NA	NA	H3K27ac	NA	NA	E103-H3K27ac.narrowPeak	1	119896
1	904	roadmap_epigenomics	0	0.165174264872055	972	229	1021	274	1021	508	10692	889	1615	roadmap_epigenomics H3K4me3	NA	NA	H3K4me3	NA	NA	E111-H3K4me3.narrowPeak	1	90969
1	126	roadmap_epigenomics	0	0.33988463857864	484	229	286	1011	1011	509	6257	1377	6050	roadmap_epigenomics H3K4ac	NA	NA	H3K4ac	NA	NA	E007-H3K4ac.narrowPeak	1	45590
1	401	roadmap_epigenomics	0	0.312467575039876	533	229	320	978	978	509	6920	1328	5387	roadmap_epigenomics H3K36me3	NA	NA	H3K36me3	NA	NA	E040-H3K36me3.narrowPeak	1	157464
1	507	roadmap_epigenomics	0	0.210758269970918	833	229	764	534	764	509	9767	1028	2540	roadmap_epigenomics	NA	NA	NA	NA	NA	E056-DNase.hotspot.all.peaks.bed	1	117994
1	637	roadmap_epigenomics	0	0.230915599277976	749	229	620	679	679	509	9165	1112	3142	roadmap_epigenomics H3K9ac	NA	NA	H3K9ac	NA	NA	E076-H3K9ac.narrowPeak	1	60918
1	868	roadmap_epigenomics	0	0.239921582984781	704	229	558	741	741	509	8827	1157	3480	roadmap_epigenomics H3K36me3	NA	NA	H3K36me3	NA	NA	E106-H3K36me3.narrowPeak	1	291154
1	300	roadmap_epigenomics	0	0.141769454482129	1008	229	1088	213	1088	510	10989	853	1318	roadmap_epigenomics H3K4me1	NA	NA	H3K4me1	NA	NA	E025-H3K4me1.narrowPeak	1	312578
1	321	roadmap_epigenomics	0	0.270341407365083	592	229	400	901	901	510	7792	1269	4515	roadmap_epigenomics H3K36me3	NA	NA	H3K36me3	NA	NA	E028-H3K36me3.narrowPeak	1	214696
1	33	roadmap_epigenomics	0	0.189886177825007	902	229	900	403	900	511	10240	959	2067	roadmap_epigenomics H3K4me3	NA	NA	H3K4me3	NA	NA	E003-H3K4me3.narrowPeak	1	42133
1	188	roadmap_epigenomics	0	0.151906371837902	991	229	1060	244	1060	511	10859	870	1448	roadmap_epigenomics H3K4me1	NA	NA	H3K4me1	NA	NA	E012-H3K4me1.narrowPeak	1	258735
1	453	roadmap_epigenomics	0	0.310316059722321	529	229	324	981	981	511	6909	1332	5398	roadmap_epigenomics H3K36me3	NA	NA	H3K36me3	NA	NA	E048-H3K36me3.narrowPeak	1	130411
1	1020	roadmap_epigenomics	0	0.181531965350665	920	229	949	356	949	511	10380	941	1927	roadmap_epigenomics H3K4me2	NA	NA	H3K4me2	NA	NA	E122-H3K4me2.narrowPeak	1	99492
1	52	roadmap_epigenomics	0	0.227682855423011	755	229	636	670	670	512	9229	1106	3078	roadmap_epigenomics H3K27ac	NA	NA	H3K27ac	NA	NA	E004-H3K27ac.narrowPeak	1	144857
1	743	roadmap_epigenomics	0	0.217676117238655	794	229	704	603	704	512	9522	1067	2785	roadmap_epigenomics	NA	NA	NA	NA	NA	E090-DNase.hotspot.all.peaks.bed	1	99312
1	750	roadmap_epigenomics	0	0.200059554560303	864	229	832	475	832	512	9999	997	2308	roadmap_epigenomics H3K4me3	NA	NA	H3K4me3	NA	NA	E090-H3K4me3.narrowPeak	1	35057
1	818	roadmap_epigenomics	0	0.253234826020444	633	229	461	847	847	512	8253	1228	4054	roadmap_epigenomics H3K27ac	NA	NA	H3K27ac	NA	NA	E099-H3K27ac.narrowPeak	1	75578
1	1016	roadmap_epigenomics	0	0.241611875336701	686	229	541	765	765	512	8705	1175	3602	roadmap_epigenomics H3K27ac	NA	NA	H3K27ac	NA	NA	E122-H3K27ac.narrowPeak	1	71491
1	276	roadmap_epigenomics	0	0.202399808812301	854	229	817	494	817	513	9936	1007	2371	roadmap_epigenomics H3K4me3	NA	NA	H3K4me3	NA	NA	E021-H3K4me3.narrowPeak	1	38867
1	503	roadmap_epigenomics	0	0.212869358250503	818	229	748	562	748	513	9680	1043	2627	roadmap_epigenomics H3K36me3	NA	NA	H3K36me3	NA	NA	E055-H3K36me3.narrowPeak	1	289239
1	559	roadmap_epigenomics	0	0.244298271210918	670	229	517	793	793	513	8581	1191	3726	roadmap_epigenomics H3K27ac	NA	NA	H3K27ac	NA	NA	E065-H3K27ac.narrowPeak	1	141729
1	609	roadmap_epigenomics	0	0.149075643807811	991	229	1067	244	1067	513	10883	870	1424	roadmap_epigenomics H3K9ac	NA	NA	H3K9ac	NA	NA	E072-H3K9ac.narrowPeak	1	165236
1	715	roadmap_epigenomics	0	0.214709169374787	814	229	735	575	735	513	9644	1047	2663	roadmap_epigenomics H3K4me3	NA	NA	H3K4me3	NA	NA	E086-H3K4me3.narrowPeak	1	45257
1	1096	roadmap_epigenomics	0	0.216111854339327	802	229	716	593	716	513	9575	1059	2732	roadmap_epigenomics H3K4me3	NA	NA	H3K4me3	NA	NA	E128-H3K4me3.narrowPeak	1	38014
1	175	roadmap_epigenomics	0	0.153169997365896	985	229	1054	258	1054	514	10832	876	1475	roadmap_epigenomics H3K4me1	NA	NA	H3K4me1	NA	NA	E010-H3K4me1.narrowPeak	1	266556
1	563	roadmap_epigenomics	0	0.229862306011731	746	229	627	685	685	514	9160	1115	3147	roadmap_epigenomics H3K4me3	NA	NA	H3K4me3	NA	NA	E065-H3K4me3.narrowPeak	1	39916
1	281	roadmap_epigenomics	0	0.180919402882203	919	229	955	361	955	515	10382	942	1925	roadmap_epigenomics H3K27ac	NA	NA	H3K27ac	NA	NA	E022-H3K27ac.narrowPeak	1	140357
1	241	roadmap_epigenomics	0	0.255129031916999	625	229	457	863	863	516	8180	1236	4127	roadmap_epigenomics H3K79me2	NA	NA	H3K79me2	NA	NA	E017-H3K79me2.narrowPeak	1	283453
1	308	roadmap_epigenomics	0	0.182683996767497	913	229	943	376	943	516	10345	948	1962	roadmap_epigenomics H3K4me3	NA	NA	H3K4me3	NA	NA	E026-H3K4me3.narrowPeak	1	81465
1	309	roadmap_epigenomics	0	0.217322144515006	788	229	707	613	707	516	9497	1073	2810	roadmap_epigenomics H3K9ac	NA	NA	H3K9ac	NA	NA	E026-H3K9ac.narrowPeak	1	80106
1	557	roadmap_epigenomics	0	0.175772974110925	928	229	979	340	979	516	10459	933	1848	roadmap_epigenomics H3K9ac	NA	NA	H3K9ac	NA	NA	E063-H3K9ac.narrowPeak	1	112712
1	1021	roadmap_epigenomics	0	0.206348910204015	835	229	791	529	791	516	9818	1026	2489	roadmap_epigenomics H3K4me3	NA	NA	H3K4me3	NA	NA	E122-H3K4me3.narrowPeak	1	43730
1	89	roadmap_epigenomics	0	0.221340120022849	772	229	680	641	680	517	9379	1089	2928	roadmap_epigenomics	NA	NA	NA	NA	NA	E006-DNase.hotspot.all.peaks.bed	1	102198
1	496	roadmap_epigenomics	0	0.17095572909812	934	229	996	327	996	517	10522	927	1785	roadmap_epigenomics H3K4me3	NA	NA	H3K4me3	NA	NA	E054-H3K4me3.narrowPeak	1	59260
1	849	roadmap_epigenomics	0	0.236159711067241	705	229	584	739	739	517	8872	1156	3435	roadmap_epigenomics H3K36me3	NA	NA	H3K36me3	NA	NA	E103-H3K36me3.narrowPeak	1	225315
1	997	roadmap_epigenomics	0	0.190373739119356	893	229	897	424	897	517	10202	968	2105	roadmap_epigenomics H3K4me3	NA	NA	H3K4me3	NA	NA	E120-H3K4me3.narrowPeak	1	47100
1	1105	roadmap_epigenomics	0	0.16180789940964	964	229	1035	287	1035	517	10697	897	1610	roadmap_epigenomics H3K4me1	NA	NA	H3K4me1	NA	NA	E129-H3K4me1.narrowPeak	1	237110
1	302	roadmap_epigenomics	0	0.177747629019795	920	229	969	356	969	518	10414	941	1893	roadmap_epigenomics H3K9ac	NA	NA	H3K9ac	NA	NA	E025-H3K9ac.narrowPeak	1	134727
1	1084	roadmap_epigenomics	0	0.276498490013454	563	229	382	943	943	518	7516	1298	4791	roadmap_epigenomics H3K79me2	NA	NA	H3K79me2	NA	NA	E127-H3K79me2.narrowPeak	1	203560
1	218	roadmap_epigenomics	0	0.215166654932602	800	229	728	599	728	519	9575	1061	2732	roadmap_epigenomics	NA	NA	NA	NA	NA	E017-DNase.hotspot.all.peaks.bed	1	116011
1	486	roadmap_epigenomics	0	0.199152269541655	856	229	841	488	841	519	9975	1005	2332	roadmap_epigenomics H3K9ac	NA	NA	H3K9ac	NA	NA	E052-H3K9ac.narrowPeak	1	98792
1	983	roadmap_epigenomics	0	0.164164797972616	947	229	1027	301	1027	519	10624	914	1683	roadmap_epigenomics H3K4me1	NA	NA	H3K4me1	NA	NA	E119-H3K4me1.narrowPeak	1	182438
1	1008	roadmap_epigenomics	0	0.152118460105044	974	229	1058	271	1058	519	10810	887	1497	roadmap_epigenomics H3K4me2	NA	NA	H3K4me2	NA	NA	E121-H3K4me2.narrowPeak	1	137508
1	153	roadmap_epigenomics	0	0.277402371595816	554	229	379	953	953	520	7439	1307	4868	roadmap_epigenomics H3K4me1	NA	NA	H3K4me1	NA	NA	E008-H3K4me1.narrowPeak	1	135771
1	601	roadmap_epigenomics	0	0.119591284344298	1007	229	1118	214	1118	520	11174	854	1133	roadmap_epigenomics H3K4me1	NA	NA	H3K4me1	NA	NA	E071-H3K4me1.narrowPeak	1	226083
1	627	roadmap_epigenomics	0	0.211275879332458	815	229	760	572	760	520	9682	1046	2625	roadmap_epigenomics H3K36me3	NA	NA	H3K36me3	NA	NA	E075-H3K36me3.narrowPeak	1	274849
1	908	roadmap_epigenomics	0	0.478497549773131	334	229	251	1080	1080	520	3861	1527	8446	roadmap_epigenomics H3K27me3	NA	NA	H3K27me3	NA	NA	E112-H3K27me3.narrowPeak	1	44640
1	214	roadmap_epigenomics	0	0.193372659255317	878	229	883	450	883	521	10117	983	2190	roadmap_epigenomics H3K4me1	NA	NA	H3K4me1	NA	NA	E016-H3K4me1.narrowPeak	1	292493
1	712	roadmap_epigenomics	0	0.580334111123006	271	229	236	1099	1099	521	2794	1590	9513	roadmap_epigenomics H3K27me3	NA	NA	H3K27me3	NA	NA	E086-H3K27me3.narrowPeak	1	61387
1	1058	roadmap_epigenomics	0	0.14108109082443	991	229	1091	244	1091	521	10951	870	1356	roadmap_epigenomics H3K4me2	NA	NA	H3K4me2	NA	NA	E125-H3K4me2.narrowPeak	1	125847
1	537	roadmap_epigenomics	0	0.181238961256151	911	229	953	385	953	522	10351	950	1956	roadmap_epigenomics H3K4me3	NA	NA	H3K4me3	NA	NA	E059-H3K4me3.narrowPeak	1	47573
1	729	roadmap_epigenomics	0	0.234759987720186	698	229	592	745	745	522	8847	1163	3460	roadmap_epigenomics H3K36me3	NA	NA	H3K36me3	NA	NA	E088-H3K36me3.narrowPeak	1	301918
1	1102	roadmap_epigenomics	0	0.215570601098292	790	229	725	611	725	522	9524	1071	2783	roadmap_epigenomics H3K27ac	NA	NA	H3K27ac	NA	NA	E129-H3K27ac.narrowPeak	1	145020
1	20	roadmap_epigenomics	0	0.372616409027167	371	229	267	1074	1074	523	4930	1490	7377	roadmap_epigenomics H2BK15ac	NA	NA	H2BK15ac	NA	NA	E003-H2BK15ac.narrowPeak	1	56902
1	543	roadmap_epigenomics	0	0.186327827409728	897	229	925	415	925	523	10254	964	2053	roadmap_epigenomics H3K4me3	NA	NA	H3K4me3	NA	NA	E061-H3K4me3.narrowPeak	1	39368
1	1031	roadmap_epigenomics	0	0.287847615757371	540	229	366	973	973	523	7222	1321	5085	roadmap_epigenomics H3K36me3	NA	NA	H3K36me3	NA	NA	E123-H3K36me3.narrowPeak	1	190856
1	150	roadmap_epigenomics	0	0.456435551390017	309	229	256	1087	1087	524	3738	1552	8569	roadmap_epigenomics H3K27me3	NA	NA	H3K27me3	NA	NA	E008-H3K27me3.narrowPeak	1	38910
1	187	roadmap_epigenomics	0	0.240739102651882	669	229	549	794	794	524	8613	1192	3694	roadmap_epigenomics H3K36me3	NA	NA	H3K36me3	NA	NA	E012-H3K36me3.narrowPeak	1	226301
1	521	roadmap_epigenomics	0	0.172053844084395	924	229	992	350	992	524	10479	937	1828	roadmap_epigenomics H3K4me1	NA	NA	H3K4me1	NA	NA	E057-H3K4me1.narrowPeak	1	212997
1	813	roadmap_epigenomics	0	0.511104374735701	288	229	247	1097	1097	524	3246	1573	9061	roadmap_epigenomics H3K27me3	NA	NA	H3K27me3	NA	NA	E098-H3K27me3.narrowPeak	1	34318
1	878	roadmap_epigenomics	0	0.2072358072702	818	229	781	562	781	524	9735	1043	2572	roadmap_epigenomics H3K27ac	NA	NA	H3K27ac	NA	NA	E108-H3K27ac.narrowPeak	1	109113
1	985	roadmap_epigenomics	0	0.199411791957847	851	229	839	503	839	524	9952	1010	2355	roadmap_epigenomics H3K4me3	NA	NA	H3K4me3	NA	NA	E119-H3K4me3.narrowPeak	1	41290
1	90	roadmap_epigenomics	0	0.176506467543716	915	229	974	373	974	525	10408	946	1899	roadmap_epigenomics	NA	NA	NA	NA	NA	E006-DNase.hotspot.fdr0.01.peaks.bed	1	174991
1	265	roadmap_epigenomics	0	0.182647566568165	902	229	944	403	944	525	10306	959	2001	roadmap_epigenomics H3K4me1	NA	NA	H3K4me1	NA	NA	E020-H3K4me1.narrowPeak	1	289288
1	484	roadmap_epigenomics	0	0.149118672732108	967	229	1066	279	1066	525	10816	894	1491	roadmap_epigenomics H3K4me2	NA	NA	H3K4me2	NA	NA	E052-H3K4me2.narrowPeak	1	119840
1	821	roadmap_epigenomics	0	0.150888482835141	966	229	1063	283	1063	525	10798	895	1509	roadmap_epigenomics H3K4me1	NA	NA	H3K4me1	NA	NA	E099-H3K4me1.narrowPeak	1	176837
1	77	roadmap_epigenomics	0	0.210290503044324	808	229	766	582	766	526	9660	1053	2647	roadmap_epigenomics H3K36me3	NA	NA	H3K36me3	NA	NA	E005-H3K36me3.narrowPeak	1	277210
1	236	roadmap_epigenomics	0	0.158999185403408	945	229	1044	304	1044	526	10664	916	1643	roadmap_epigenomics H3K4me1	NA	NA	H3K4me1	NA	NA	E017-H3K4me1.narrowPeak	1	328152
1	382	roadmap_epigenomics	0	0.316884239844991	443	229	309	1041	1041	526	6110	1418	6197	roadmap_epigenomics H3K36me3	NA	NA	H3K36me3	NA	NA	E037-H3K36me3.narrowPeak	1	97050
1	584	roadmap_epigenomics	0	0.145370118731848	972	229	1075	274	1075	526	10863	889	1444	roadmap_epigenomics H3K9ac	NA	NA	H3K9ac	NA	NA	E068-H3K9ac.narrowPeak	1	183791
1	757	roadmap_epigenomics	0	0.243373927417136	655	229	524	824	824	526	8499	1206	3808	roadmap_epigenomics H3K36me3	NA	NA	H3K36me3	NA	NA	E091-H3K36me3.narrowPeak	1	240653
1	1108	roadmap_epigenomics	0	0.259443259685277	579	229	431	917	917	526	7817	1282	4490	roadmap_epigenomics H3K79me2	NA	NA	H3K79me2	NA	NA	E129-H3K79me2.narrowPeak	1	217609
1	579	roadmap_epigenomics	0	0.162223891395901	937	229	1033	319	1033	527	10610	924	1697	roadmap_epigenomics H3K27ac	NA	NA	H3K27ac	NA	NA	E068-H3K27ac.narrowPeak	1	214725
1	900	roadmap_epigenomics	0	0.218034383171922	764	229	700	651	700	527	9373	1097	2934	roadmap_epigenomics H3K27ac	NA	NA	H3K27ac	NA	NA	E111-H3K27ac.narrowPeak	1	102045
1	144	roadmap_epigenomics	0	0.25936117518321	574	229	433	923	923	528	7782	1287	4525	roadmap_epigenomics H2BK5ac	NA	NA	H2BK5ac	NA	NA	E008-H2BK5ac.narrowPeak	1	66830
1	686	roadmap_epigenomics	0	0.227056535014973	720	229	640	716	716	528	9051	1141	3256	roadmap_epigenomics H3K36me3	NA	NA	H3K36me3	NA	NA	E083-H3K36me3.narrowPeak	1	221146
1	925	roadmap_epigenomics	0	0.152416597243299	948	229	1055	299	1055	528	10732	913	1575	roadmap_epigenomics H3K4me2	NA	NA	H3K4me2	NA	NA	E114-H3K4me2.narrowPeak	1	103473
1	180	roadmap_epigenomics	0	0.24831431113377	623	229	492	866	866	529	8241	1238	4066	roadmap_epigenomics H3K36me3	NA	NA	H3K36me3	NA	NA	E011-H3K36me3.narrowPeak	1	271169
1	535	roadmap_epigenomics	0	0.269898600777575	550	229	401	958	958	529	7489	1311	4818	roadmap_epigenomics H3K36me3	NA	NA	H3K36me3	NA	NA	E059-H3K36me3.narrowPeak	1	98754
1	971	roadmap_epigenomics	0	0.2001758387919	836	229	831	527	831	529	9882	1025	2425	roadmap_epigenomics H3K4me1	NA	NA	H3K4me1	NA	NA	E118-H3K4me1.narrowPeak	1	142346
1	596	roadmap_epigenomics	0	0.187881890897927	880	229	914	447	914	530	10176	981	2131	roadmap_epigenomics H3K4me3	NA	NA	H3K4me3	NA	NA	E070-H3K4me3.narrowPeak	1	41846
1	1059	roadmap_epigenomics	0	0.177833521456139	907	229	966	395	966	530	10368	954	1939	roadmap_epigenomics H3K4me3	NA	NA	H3K4me3	NA	NA	E125-H3K4me3.narrowPeak	1	70898
1	491	roadmap_epigenomics	0	0.18861641041345	875	229	906	458	906	531	10150	986	2157	roadmap_epigenomics H3K4me3	NA	NA	H3K4me3	NA	NA	E053-H3K4me3.narrowPeak	1	36677
1	582	roadmap_epigenomics	0	0.127735655822514	986	229	1109	256	1109	531	11054	875	1253	roadmap_epigenomics H3K4me1	NA	NA	H3K4me1	NA	NA	E068-H3K4me1.narrowPeak	1	279154
1	723	roadmap_epigenomics	0	0.216670538603946	764	229	712	651	712	531	9387	1097	2920	roadmap_epigenomics H3K9ac	NA	NA	H3K9ac	NA	NA	E087-H3K9ac.narrowPeak	1	62354
1	107	roadmap_epigenomics	0	0.237401464672588	668	229	572	796	796	532	8643	1193	3664	roadmap_epigenomics H3K79me1	NA	NA	H3K79me1	NA	NA	E006-H3K79me1.narrowPeak	1	327815
1	258	roadmap_epigenomics	0	0.190287089695549	869	229	898	468	898	532	10111	992	2196	roadmap_epigenomics H3K4me1	NA	NA	H3K4me1	NA	NA	E019-H3K4me1.narrowPeak	1	213365
1	741	roadmap_epigenomics	0	0.201219749317702	829	229	825	541	825	532	9842	1032	2465	roadmap_epigenomics H3K4me3	NA	NA	H3K4me3	NA	NA	E089-H3K4me3.narrowPeak	1	32241
1	829	roadmap_epigenomics	0	0.256084218176678	578	229	448	920	920	532	7847	1283	4460	roadmap_epigenomics H3K36me3	NA	NA	H3K36me3	NA	NA	E100-H3K36me3.narrowPeak	1	160205
1	485	roadmap_epigenomics	0	0.181529882680352	895	229	950	419	950	533	10291	966	2016	roadmap_epigenomics H3K4me3	NA	NA	H3K4me3	NA	NA	E052-H3K4me3.narrowPeak	1	77026
1	689	roadmap_epigenomics	0	0.152001880872824	940	229	1059	312	1059	533	10712	921	1595	roadmap_epigenomics H3K9ac	NA	NA	H3K9ac	NA	NA	E083-H3K9ac.narrowPeak	1	110500
1	926	roadmap_epigenomics	0	0.17435275002569	909	229	982	388	982	533	10407	952	1900	roadmap_epigenomics H3K4me3	NA	NA	H3K4me3	NA	NA	E114-H3K4me3.narrowPeak	1	76182
1	1011	roadmap_epigenomics	0	0.20554563763693	812	229	795	576	795	533	9725	1049	2582	roadmap_epigenomics H3K9ac	NA	NA	H3K9ac	NA	NA	E121-H3K9ac.narrowPeak	1	104079
1	21	roadmap_epigenomics	0	0.371878867064711	260	229	268	1104	1104	534	3741	1601	8566	roadmap_epigenomics H2BK20ac	NA	NA	H2BK20ac	NA	NA	E003-H2BK20ac.narrowPeak	1	71225
1	696	roadmap_epigenomics	0	0.226565852146462	709	229	644	730	730	534	8996	1152	3311	roadmap_epigenomics H3K36me3	NA	NA	H3K36me3	NA	NA	E084-H3K36me3.narrowPeak	1	327499
1	876	roadmap_epigenomics	0	0.142496078394405	958	229	1083	290	1083	534	10850	903	1457	roadmap_epigenomics H3K9ac	NA	NA	H3K9ac	NA	NA	E107-H3K9ac.narrowPeak	1	144247
1	946	roadmap_epigenomics	0	0.291414376777896	479	229	356	1016	1016	534	6686	1382	5621	roadmap_epigenomics H3K36me3	NA	NA	H3K36me3	NA	NA	E116-H3K36me3.narrowPeak	1	165402
1	141	roadmap_epigenomics	0	0.308092474109975	439	229	329	1047	1047	535	6160	1422	6147	roadmap_epigenomics H2BK12ac	NA	NA	H2BK12ac	NA	NA	E008-H2BK12ac.narrowPeak	1	46023
1	242	roadmap_epigenomics	0	0.185884096117624	879	229	926	449	926	535	10191	982	2116	roadmap_epigenomics H3K9ac	NA	NA	H3K9ac	NA	NA	E017-H3K9ac.narrowPeak	1	130449
1	552	roadmap_epigenomics	0	0.205404730311637	809	229	796	580	796	535	9713	1052	2594	roadmap_epigenomics H3K27ac	NA	NA	H3K27ac	NA	NA	E063-H3K27ac.narrowPeak	1	123465
1	561	roadmap_epigenomics	0	0.273136088815215	522	229	391	986	986	535	7237	1339	5070	roadmap_epigenomics H3K36me3	NA	NA	H3K36me3	NA	NA	E065-H3K36me3.narrowPeak	1	104024
1	857	roadmap_epigenomics	0	0.18532942534745	880	229	930	447	930	535	10200	981	2107	roadmap_epigenomics H3K4me1	NA	NA	H3K4me1	NA	NA	E104-H3K4me1.narrowPeak	1	271842
1	945	roadmap_epigenomics	0	0.404426091504251	163	229	261	1114	1114	535	2361	1698	9946	roadmap_epigenomics H3K27me3	NA	NA	H3K27me3	NA	NA	E116-H3K27me3.narrowPeak	1	17339
1	61	roadmap_epigenomics	0	0.182882018064278	884	229	940	440	940	536	10238	977	2069	roadmap_epigenomics H3K9ac	NA	NA	H3K9ac	NA	NA	E004-H3K9ac.narrowPeak	1	93600
1	674	roadmap_epigenomics	0	0.212100946317165	782	229	754	624	754	536	9521	1079	2786	roadmap_epigenomics	NA	NA	NA	NA	NA	E082-DNase.hotspot.all.peaks.bed	1	115791
1	725	roadmap_epigenomics	0	0.198694399295517	834	229	846	532	846	536	9888	1027	2419	roadmap_epigenomics	NA	NA	NA	NA	NA	E088-DNase.hotspot.all.peaks.bed	1	112194
1	923	roadmap_epigenomics	0	0.248567401607206	605	229	489	890	890	536	8118	1256	4189	roadmap_epigenomics H3K36me3	NA	NA	H3K36me3	NA	NA	E114-H3K36me3.narrowPeak	1	218138
1	1071	roadmap_epigenomics	0	0.215012314158861	765	229	731	648	731	536	9409	1096	2898	roadmap_epigenomics H3K4me3	NA	NA	H3K4me3	NA	NA	E126-H3K4me3.narrowPeak	1	53066
1	462	roadmap_epigenomics	0	0.173280539912199	907	229	987	395	987	537	10410	954	1897	roadmap_epigenomics H3K9ac	NA	NA	H3K9ac	NA	NA	E049-H3K9ac.narrowPeak	1	107453
1	1104	roadmap_epigenomics	0	0.247534999966769	611	229	496	887	887	537	8170	1250	4137	roadmap_epigenomics H3K36me3	NA	NA	H3K36me3	NA	NA	E129-H3K36me3.narrowPeak	1	239707
1	705	roadmap_epigenomics	0	0.185761971919962	875	229	927	458	927	538	10177	986	2130	roadmap_epigenomics H3K36me3	NA	NA	H3K36me3	NA	NA	E085-H3K36me3.narrowPeak	1	359487
1	1009	roadmap_epigenomics	0	0.181788030776719	885	229	947	437	947	538	10252	976	2055	roadmap_epigenomics H3K4me3	NA	NA	H3K4me3	NA	NA	E121-H3K4me3.narrowPeak	1	69233
1	1070	roadmap_epigenomics	0	0.169830879731733	912	229	1003	381	1003	538	10459	949	1848	roadmap_epigenomics H3K4me2	NA	NA	H3K4me2	NA	NA	E126-H3K4me2.narrowPeak	1	115042
1	1117	ucsc_features	0	0.335300554425299	292	229	291	1095	1095	538	4393	1569	7914	UCSC Microsatellites	NA	NA	NA	NA	NA	microsat.bed	1	41258
1	483	roadmap_epigenomics	0	0.140611272862454	950	229	1093	295	1093	539	10845	911	1462	roadmap_epigenomics H3K4me1	NA	NA	H3K4me1	NA	NA	E052-H3K4me1.narrowPeak	1	247579
1	591	roadmap_epigenomics	0	0.15938495846394	925	229	1042	347	1042	539	10598	936	1709	roadmap_epigenomics H3K9ac	NA	NA	H3K9ac	NA	NA	E069-H3K9ac.narrowPeak	1	133007
1	921	roadmap_epigenomics	0	0.218927767029671	739	229	696	691	696	539	9237	1122	3070	roadmap_epigenomics H3K27ac	NA	NA	H3K27ac	NA	NA	E114-H3K27ac.narrowPeak	1	69512
1	956	roadmap_epigenomics	0	0.21900478425037	738	229	695	694	695	539	9231	1123	3076	roadmap_epigenomics H3K27ac	NA	NA	H3K27ac	NA	NA	E117-H3K27ac.narrowPeak	1	68992
1	9	roadmap_epigenomics	0	0.257344753079778	557	229	443	948	948	540	7680	1304	4627	roadmap_epigenomics H3K4me1	NA	NA	H3K4me1	NA	NA	E002-H3K4me1.narrowPeak	1	155088
1	620	roadmap_epigenomics	0	0.248284835051303	593	229	493	898	898	540	8039	1268	4268	roadmap_epigenomics H3K36me3	NA	NA	H3K36me3	NA	NA	E074-H3K36me3.narrowPeak	1	154097
1	730	roadmap_epigenomics	0	0.127748988089231	966	229	1108	283	1108	540	11005	895	1302	roadmap_epigenomics H3K4me1	NA	NA	H3K4me1	NA	NA	E088-H3K4me1.narrowPeak	1	291610
1	947	roadmap_epigenomics	0	0.221727695771189	720	229	676	716	716	540	9107	1141	3200	roadmap_epigenomics H3K4me1	NA	NA	H3K4me1	NA	NA	E116-H3K4me1.narrowPeak	1	129094
1	169	roadmap_epigenomics	0	0.15327507705231	928	229	1053	340	1053	541	10664	933	1643	roadmap_epigenomics H3K4me1	NA	NA	H3K4me1	NA	NA	E009-H3K4me1.narrowPeak	1	280630
1	223	roadmap_epigenomics	0	0.211685085758516	774	229	758	637	758	541	9487	1087	2820	roadmap_epigenomics H2AK9ac	NA	NA	H2AK9ac	NA	NA	E017-H2AK9ac.narrowPeak	1	85385
1	267	roadmap_epigenomics	0	0.168456620830146	910	229	1010	386	1010	542	10465	951	1842	roadmap_epigenomics H3K9ac	NA	NA	H3K9ac	NA	NA	E020-H3K9ac.narrowPeak	1	108554
1	611	roadmap_epigenomics	0	0.150381420026756	933	229	1065	331	1065	542	10706	928	1601	roadmap_epigenomics H3K27ac	NA	NA	H3K27ac	NA	NA	E073-H3K27ac.narrowPeak	1	206720
1	883	roadmap_epigenomics	0	0.146410036771708	935	229	1072	324	1072	542	10749	926	1558	roadmap_epigenomics H3K9ac	NA	NA	H3K9ac	NA	NA	E108-H3K9ac.narrowPeak	1	129620
1	986	roadmap_epigenomics	0	0.256367793062642	556	229	447	949	949	542	7684	1305	4623	roadmap_epigenomics H3K79me2	NA	NA	H3K79me2	NA	NA	E119-H3K79me2.narrowPeak	1	189409
1	577	roadmap_epigenomics	0	0.157574924701545	921	229	1046	353	1046	543	10602	940	1705	roadmap_epigenomics H3K9ac	NA	NA	H3K9ac	NA	NA	E067-H3K9ac.narrowPeak	1	146266
1	961	roadmap_epigenomics	0	0.198717996162586	820	229	843	556	843	543	9828	1041	2479	roadmap_epigenomics H3K4me3	NA	NA	H3K4me3	NA	NA	E117-H3K4me3.narrowPeak	1	60631
1	80	roadmap_epigenomics	0	0.187785964592794	857	229	915	487	915	544	10088	1004	2219	roadmap_epigenomics H3K4me2	NA	NA	H3K4me2	NA	NA	E005-H3K4me2.narrowPeak	1	62053
1	880	roadmap_epigenomics	0	0.229713612261881	678	229	628	776	776	544	8786	1183	3521	roadmap_epigenomics H3K36me3	NA	NA	H3K36me3	NA	NA	E108-H3K36me3.narrowPeak	1	243209
1	1095	roadmap_epigenomics	0	0.166701638391864	909	229	1016	388	1016	544	10478	952	1829	roadmap_epigenomics H3K4me2	NA	NA	H3K4me2	NA	NA	E128-H3K4me2.narrowPeak	1	118811
1	147	roadmap_epigenomics	0	0.246789095457887	586	229	501	905	905	545	8008	1275	4299	roadmap_epigenomics H3K23ac	NA	NA	H3K23ac	NA	NA	E008-H3K23ac.narrowPeak	1	83775
1	216	roadmap_epigenomics	0	0.176528652242718	887	229	973	432	973	545	10309	974	1998	roadmap_epigenomics H3K9ac	NA	NA	H3K9ac	NA	NA	E016-H3K9ac.narrowPeak	1	82706
1	291	roadmap_epigenomics	0	0.177307571297265	886	229	971	435	971	545	10298	975	2009	roadmap_epigenomics H3K9ac	NA	NA	H3K9ac	NA	NA	E023-H3K9ac.narrowPeak	1	124570
1	589	roadmap_epigenomics	0	0.126399999805226	950	229	1112	295	1112	545	10977	911	1330	roadmap_epigenomics H3K4me1	NA	NA	H3K4me1	NA	NA	E069-H3K4me1.narrowPeak	1	263106
1	647	roadmap_epigenomics	0	0.224129240743262	696	229	659	748	748	545	8950	1165	3357	roadmap_epigenomics H3K36me3	NA	NA	H3K36me3	NA	NA	E078-H3K36me3.narrowPeak	1	225957
1	666	roadmap_epigenomics	0	0.212910413638759	762	229	747	658	747	545	9416	1099	2891	roadmap_epigenomics	NA	NA	NA	NA	NA	E081-DNase.hotspot.all.peaks.bed	1	115426
1	339	roadmap_epigenomics	0	0.336839252528105	89	229	289	1120	1120	546	1597	1772	10710	roadmap_epigenomics H3K27me3	NA	NA	H3K27me3	NA	NA	E031-H3K27me3.narrowPeak	1	10222
1	621	roadmap_epigenomics	0	0.140978145383294	938	229	1092	316	1092	546	10808	923	1499	roadmap_epigenomics H3K4me1	NA	NA	H3K4me1	NA	NA	E074-H3K4me1.narrowPeak	1	266870
1	732	roadmap_epigenomics	0	0.181247102519552	875	229	952	458	952	546	10220	986	2087	roadmap_epigenomics H3K9ac	NA	NA	H3K9ac	NA	NA	E088-H3K9ac.narrowPeak	1	113769
1	30	roadmap_epigenomics	0	0.311092585414158	302	229	323	1089	1089	547	4723	1559	7584	roadmap_epigenomics H3K4ac	NA	NA	H3K4ac	NA	NA	E003-H3K4ac.narrowPeak	1	34100
1	202	roadmap_epigenomics	0	0.20460788409613	792	229	805	607	805	547	9644	1069	2663	roadmap_epigenomics H3K9ac	NA	NA	H3K9ac	NA	NA	E014-H3K9ac.narrowPeak	1	74747
1	670	roadmap_epigenomics	0	0.282054839346999	443	229	370	1041	1041	547	6468	1418	5839	roadmap_epigenomics H3K36me3	NA	NA	H3K36me3	NA	NA	E081-H3K36me3.narrowPeak	1	55931
1	902	roadmap_epigenomics	0	0.240145586157315	626	229	554	859	859	547	8351	1235	3956	roadmap_epigenomics H3K36me3	NA	NA	H3K36me3	NA	NA	E111-H3K36me3.narrowPeak	1	219857
1	1060	roadmap_epigenomics	0	0.252008894562075	561	229	468	945	945	547	7770	1300	4537	roadmap_epigenomics H3K79me2	NA	NA	H3K79me2	NA	NA	E125-H3K79me2.narrowPeak	1	204517
1	36	roadmap_epigenomics	0	0.249905536919258	569	229	484	931	931	548	7852	1292	4455	roadmap_epigenomics H3K79me2	NA	NA	H3K79me2	NA	NA	E003-H3K79me2.narrowPeak	1	125042
1	307	roadmap_epigenomics	0	0.157922155752254	916	229	1045	370	1045	548	10583	945	1724	roadmap_epigenomics H3K4me1	NA	NA	H3K4me1	NA	NA	E026-H3K4me1.narrowPeak	1	233572
1	891	roadmap_epigenomics	0	0.17338598381856	889	229	986	428	986	548	10346	972	1961	roadmap_epigenomics H3K4me1	NA	NA	H3K4me1	NA	NA	E109-H3K4me1.narrowPeak	1	214385
1	94	roadmap_epigenomics	0	0.206323650325487	779	229	792	627	792	549	9566	1082	2741	roadmap_epigenomics H2BK120ac	NA	NA	H2BK120ac	NA	NA	E006-H2BK120ac.narrowPeak	1	168326
1	170	roadmap_epigenomics	0	0.196714643341525	820	229	862	556	862	549	9848	1041	2459	roadmap_epigenomics H3K4me3	NA	NA	H3K4me3	NA	NA	E009-H3K4me3.narrowPeak	1	38823
1	193	roadmap_epigenomics	0	0.223467934710556	694	229	664	753	753	549	8946	1167	3361	roadmap_epigenomics H3K36me3	NA	NA	H3K36me3	NA	NA	E013-H3K36me3.narrowPeak	1	304339
1	903	roadmap_epigenomics	0	0.128939244553171	940	229	1105	312	1105	549	10927	921	1380	roadmap_epigenomics H3K4me1	NA	NA	H3K4me1	NA	NA	E111-H3K4me1.narrowPeak	1	225429
1	996	roadmap_epigenomics	0	0.169052250487166	899	229	1006	412	1006	549	10422	962	1885	roadmap_epigenomics H3K4me2	NA	NA	H3K4me2	NA	NA	E120-H3K4me2.narrowPeak	1	121927
1	262	roadmap_epigenomics	0	0.221843412305515	696	229	674	748	748	550	8975	1165	3332	roadmap_epigenomics H3K27ac	NA	NA	H3K27ac	NA	NA	E020-H3K27ac.narrowPeak	1	100851
1	718	roadmap_epigenomics	0	0.236515622553641	641	229	579	843	843	550	8487	1220	3820	roadmap_epigenomics H3K27ac	NA	NA	H3K27ac	NA	NA	E087-H3K27ac.narrowPeak	1	71309
1	874	roadmap_epigenomics	0	0.123004351542051	944	229	1116	305	1116	550	10994	917	1313	roadmap_epigenomics H3K4me1	NA	NA	H3K4me1	NA	NA	E107-H3K4me1.narrowPeak	1	238000
1	895	roadmap_epigenomics	0	0.251966265039942	554	229	469	953	953	550	7719	1307	4588	roadmap_epigenomics H3K36me3	NA	NA	H3K36me3	NA	NA	E110-H3K36me3.narrowPeak	1	86270
1	2	roadmap_epigenomics	0	0.236941480720992	631	229	575	850	850	551	8419	1230	3888	roadmap_epigenomics H3K36me3	NA	NA	H3K36me3	NA	NA	E001-H3K36me3.narrowPeak	1	187250
1	490	roadmap_epigenomics	0	0.132677841666071	935	229	1100	324	1100	551	10878	926	1429	roadmap_epigenomics H3K4me1	NA	NA	H3K4me1	NA	NA	E053-H3K4me1.narrowPeak	1	185030
1	873	roadmap_epigenomics	0	0.230011609892325	666	229	626	799	799	551	8712	1195	3595	roadmap_epigenomics H3K36me3	NA	NA	H3K36me3	NA	NA	E107-H3K36me3.narrowPeak	1	192945
1	1004	roadmap_epigenomics	0	0.207316816947166	770	229	780	643	780	551	9513	1091	2794	roadmap_epigenomics H3K27ac	NA	NA	H3K27ac	NA	NA	E121-H3K27ac.narrowPeak	1	117985
1	11	roadmap_epigenomics	0	0.269508121252359	474	229	405	1022	1022	552	6881	1387	5426	roadmap_epigenomics H3K9ac	NA	NA	H3K9ac	NA	NA	E002-H3K9ac.narrowPeak	1	18733
1	39	roadmap_epigenomics	0	0.168220897626928	897	229	1011	415	1011	552	10423	964	1884	roadmap_epigenomics H4K20me1	NA	NA	H4K20me1	NA	NA	E003-H4K20me1.narrowPeak	1	266490
1	494	roadmap_epigenomics	0	0.242543801463513	600	229	532	895	895	552	8152	1261	4155	roadmap_epigenomics H3K36me3	NA	NA	H3K36me3	NA	NA	E054-H3K36me3.narrowPeak	1	221911
1	671	roadmap_epigenomics	0	0.14635351636849	921	229	1073	353	1073	552	10708	940	1599	roadmap_epigenomics H3K4me1	NA	NA	H3K4me1	NA	NA	E081-H3K4me1.narrowPeak	1	160582
1	680	roadmap_epigenomics	0	0.176354142852449	878	229	976	450	976	552	10278	983	2029	roadmap_epigenomics H3K4me3	NA	NA	H3K4me3	NA	NA	E082-H3K4me3.narrowPeak	1	40821
1	1057	roadmap_epigenomics	0	0.130655143180515	936	229	1104	322	1104	552	10900	925	1407	roadmap_epigenomics H3K4me1	NA	NA	H3K4me1	NA	NA	E125-H3K4me1.narrowPeak	1	233552
1	48	roadmap_epigenomics	0	0.293262799134191	329	229	350	1081	1081	553	5203	1532	7104	roadmap_epigenomics H2BK15ac	NA	NA	H2BK15ac	NA	NA	E004-H2BK15ac.narrowPeak	1	83199
1	49	roadmap_epigenomics	0	0.291788219184394	351	229	354	1077	1077	553	5457	1510	6850	roadmap_epigenomics H2BK5ac	NA	NA	H2BK5ac	NA	NA	E004-H2BK5ac.narrowPeak	1	64664
1	213	roadmap_epigenomics	0	0.23930483327813	623	229	563	866	866	553	8341	1238	3966	roadmap_epigenomics H3K36me3	NA	NA	H3K36me3	NA	NA	E016-H3K36me3.narrowPeak	1	237501
1	257	roadmap_epigenomics	0	0.253599982518419	541	229	459	970	970	553	7603	1320	4704	roadmap_epigenomics H3K36me3	NA	NA	H3K36me3	NA	NA	E019-H3K36me3.narrowPeak	1	162030
1	713	roadmap_epigenomics	0	0.267048260664873	480	229	415	1014	1014	553	6960	1381	5347	roadmap_epigenomics H3K36me3	NA	NA	H3K36me3	NA	NA	E086-H3K36me3.narrowPeak	1	98059
1	482	roadmap_epigenomics	0	0.239834737847935	619	229	560	872	872	554	8309	1242	3998	roadmap_epigenomics H3K36me3	NA	NA	H3K36me3	NA	NA	E052-H3K36me3.narrowPeak	1	253308
1	960	roadmap_epigenomics	0	0.189275564629302	834	229	901	532	901	554	9981	1027	2326	roadmap_epigenomics H3K4me2	NA	NA	H3K4me2	NA	NA	E117-H3K4me2.narrowPeak	1	85197
1	998	roadmap_epigenomics	0	0.269711401374881	460	229	402	1030	1030	554	6757	1401	5550	roadmap_epigenomics H3K79me2	NA	NA	H3K79me2	NA	NA	E120-H3K79me2.narrowPeak	1	153900
1	1054	roadmap_epigenomics	0	0.212004917942032	750	229	755	677	755	554	9366	1111	2941	roadmap_epigenomics H3K27ac	NA	NA	H3K27ac	NA	NA	E125-H3K27ac.narrowPeak	1	117634
1	58	roadmap_epigenomics	0	0.208910128120623	760	229	774	662	774	555	9448	1101	2859	roadmap_epigenomics H3K4me3	NA	NA	H3K4me3	NA	NA	E004-H3K4me3.narrowPeak	1	41020
1	206	roadmap_epigenomics	0	0.232433685133697	656	229	614	822	822	555	8625	1205	3682	roadmap_epigenomics H3K36me3	NA	NA	H3K36me3	NA	NA	E015-H3K36me3.narrowPeak	1	252828
1	204	roadmap_epigenomics	0	0.222389222871486	685	229	670	768	768	556	8907	1176	3400	roadmap_epigenomics H3K27ac	NA	NA	H3K27ac	NA	NA	E015-H3K27ac.narrowPeak	1	106159
1	288	roadmap_epigenomics	0	0.240099132216601	612	229	555	884	884	556	8260	1249	4047	roadmap_epigenomics H3K36me3	NA	NA	H3K36me3	NA	NA	E023-H3K36me3.narrowPeak	1	228728
1	562	roadmap_epigenomics	0	0.248547436490466	556	229	490	949	949	556	7773	1305	4534	roadmap_epigenomics H3K4me1	NA	NA	H3K4me1	NA	NA	E065-H3K4me1.narrowPeak	1	190844
1	600	roadmap_epigenomics	0	0.216933736866413	710	229	710	729	729	556	9105	1151	3202	roadmap_epigenomics H3K36me3	NA	NA	H3K36me3	NA	NA	E071-H3K36me3.narrowPeak	1	193688
1	905	roadmap_epigenomics	0	0.206776636928384	763	229	784	654	784	556	9485	1098	2822	roadmap_epigenomics H3K9ac	NA	NA	H3K9ac	NA	NA	E111-H3K9ac.narrowPeak	1	73574
1	457	roadmap_epigenomics	0	0.20269119824591	778	229	813	628	813	557	9599	1083	2708	roadmap_epigenomics H3K27ac	NA	NA	H3K27ac	NA	NA	E049-H3K27ac.narrowPeak	1	126902
1	594	roadmap_epigenomics	0	0.250178774880154	546	229	480	961	961	557	7680	1315	4627	roadmap_epigenomics H3K36me3	NA	NA	H3K36me3	NA	NA	E070-H3K36me3.narrowPeak	1	132982
1	648	roadmap_epigenomics	0	0.12801878510072	931	229	1107	334	1107	557	10912	930	1395	roadmap_epigenomics H3K4me1	NA	NA	H3K4me1	NA	NA	E078-H3K4me1.narrowPeak	1	192644
1	60	roadmap_epigenomics	0	0.267591681497628	454	229	413	1032	1032	558	6728	1407	5579	roadmap_epigenomics H3K79me2	NA	NA	H3K79me2	NA	NA	E004-H3K79me2.narrowPeak	1	172076
1	766	roadmap_epigenomics	0	0.197546722949925	804	229	855	589	855	558	9770	1057	2537	roadmap_epigenomics H3K36me3	NA	NA	H3K36me3	NA	NA	E092-H3K36me3.narrowPeak	1	329663
1	1010	roadmap_epigenomics	0	0.249400334514379	546	229	485	961	961	558	7689	1315	4618	roadmap_epigenomics H3K79me2	NA	NA	H3K79me2	NA	NA	E121-H3K79me2.narrowPeak	1	258600
1	260	roadmap_epigenomics	0	0.18003372076144	855	229	959	490	959	559	10156	1006	2151	roadmap_epigenomics H3K9ac	NA	NA	H3K9ac	NA	NA	E019-H3K9ac.narrowPeak	1	72277
1	722	roadmap_epigenomics	0	0.197716466489095	801	229	853	595	853	559	9755	1060	2552	roadmap_epigenomics H3K4me3	NA	NA	H3K4me3	NA	NA	E087-H3K4me3.narrowPeak	1	35931
1	1097	roadmap_epigenomics	0	0.256989606103075	502	229	444	1005	1005	559	7258	1359	5049	roadmap_epigenomics H3K79me2	NA	NA	H3K79me2	NA	NA	E128-H3K79me2.narrowPeak	1	160134
1	37	roadmap_epigenomics	0	0.171919047333361	875	229	993	458	993	560	10310	986	1997	roadmap_epigenomics H3K9ac	NA	NA	H3K9ac	NA	NA	E003-H3K9ac.narrowPeak	1	90295
1	199	roadmap_epigenomics	0	0.237772054772567	613	229	569	881	881	560	8293	1248	4014	roadmap_epigenomics H3K36me3	NA	NA	H3K36me3	NA	NA	E014-H3K36me3.narrowPeak	1	224149
1	59	roadmap_epigenomics	0	0.263248037977295	453	229	421	1033	1033	561	6769	1408	5538	roadmap_epigenomics H3K79me1	NA	NA	H3K79me1	NA	NA	E004-H3K79me1.narrowPeak	1	133659
1	748	roadmap_epigenomics	0	0.219447450541151	687	229	690	763	763	561	8951	1174	3356	roadmap_epigenomics H3K36me3	NA	NA	H3K36me3	NA	NA	E090-H3K36me3.narrowPeak	1	278916
1	999	roadmap_epigenomics	0	0.225529125836636	665	229	651	804	804	561	8756	1196	3551	roadmap_epigenomics H3K9ac	NA	NA	H3K9ac	NA	NA	E120-H3K9ac.narrowPeak	1	64681
1	74	roadmap_epigenomics	0	0.292961487708328	232	229	351	1107	1107	562	4026	1629	8281	roadmap_epigenomics H3K23ac	NA	NA	H3K23ac	NA	NA	E005-H3K23ac.narrowPeak	1	26230
1	604	roadmap_epigenomics	0	0.162558583495707	889	229	1031	428	1031	563	10450	972	1857	roadmap_epigenomics H3K27ac	NA	NA	H3K27ac	NA	NA	E072-H3K27ac.narrowPeak	1	177783
1	607	roadmap_epigenomics	0	0.14713717434487	908	229	1071	390	1071	563	10661	953	1646	roadmap_epigenomics H3K4me1	NA	NA	H3K4me1	NA	NA	E072-H3K4me1.narrowPeak	1	211846
1	18	roadmap_epigenomics	0	0.289739611756255	259	229	360	1105	1105	565	4408	1602	7899	roadmap_epigenomics H2BK120ac	NA	NA	H2BK120ac	NA	NA	E003-H2BK120ac.narrowPeak	1	62846
1	250	roadmap_epigenomics	0	0.225116118951871	659	229	653	814	814	565	8725	1202	3582	roadmap_epigenomics H3K36me3	NA	NA	H3K36me3	NA	NA	E018-H3K36me3.narrowPeak	1	167069
1	574	roadmap_epigenomics	0	0.221628021570496	671	229	677	789	789	565	8835	1190	3472	roadmap_epigenomics H3K36me3	NA	NA	H3K36me3	NA	NA	E067-H3K36me3.narrowPeak	1	195810
1	963	roadmap_epigenomics	0	0.199535587486421	778	229	838	628	838	565	9632	1083	2675	roadmap_epigenomics H3K9ac	NA	NA	H3K9ac	NA	NA	E117-H3K9ac.narrowPeak	1	64430
1	581	roadmap_epigenomics	0	0.213175137733812	715	229	746	722	746	566	9173	1146	3134	roadmap_epigenomics H3K36me3	NA	NA	H3K36me3	NA	NA	E068-H3K36me3.narrowPeak	1	230963
1	588	roadmap_epigenomics	0	0.215647192928911	697	229	723	746	746	566	9049	1164	3258	roadmap_epigenomics H3K36me3	NA	NA	H3K36me3	NA	NA	E069-H3K36me3.narrowPeak	1	210227
1	606	roadmap_epigenomics	0	0.213600963875871	714	229	745	725	745	566	9163	1147	3144	roadmap_epigenomics H3K36me3	NA	NA	H3K36me3	NA	NA	E072-H3K36me3.narrowPeak	1	221904
1	791	roadmap_epigenomics	0	0.162494265891332	885	229	1032	437	1032	566	10437	976	1870	roadmap_epigenomics H3K4me1	NA	NA	H3K4me1	NA	NA	E095-H3K4me1.narrowPeak	1	268306
1	890	roadmap_epigenomics	0	0.23037346218561	633	229	623	847	847	566	8506	1228	3801	roadmap_epigenomics H3K36me3	NA	NA	H3K36me3	NA	NA	E109-H3K36me3.narrowPeak	1	171676
1	54	roadmap_epigenomics	0	0.289241457232296	223	229	361	1110	1110	567	3939	1638	8368	roadmap_epigenomics H3K36me3	NA	NA	H3K36me3	NA	NA	E004-H3K36me3.narrowPeak	1	16189
1	255	roadmap_epigenomics	0	0.250929924601894	513	229	475	996	996	567	7417	1348	4890	roadmap_epigenomics H3K27ac	NA	NA	H3K27ac	NA	NA	E019-H3K27ac.narrowPeak	1	53191
1	982	roadmap_epigenomics	0	0.249948121531057	518	229	483	990	990	567	7468	1343	4839	roadmap_epigenomics H3K36me3	NA	NA	H3K36me3	NA	NA	E119-H3K36me3.narrowPeak	1	199445
1	95	roadmap_epigenomics	0	0.200634803609809	767	229	829	645	829	568	9569	1094	2738	roadmap_epigenomics H2BK12ac	NA	NA	H2BK12ac	NA	NA	E006-H2BK12ac.narrowPeak	1	286658
1	195	roadmap_epigenomics	0	0.181101753612579	839	229	954	522	954	568	10083	1022	2224	roadmap_epigenomics H3K4me3	NA	NA	H3K4me3	NA	NA	E013-H3K4me3.narrowPeak	1	28003
1	992	roadmap_epigenomics	0	0.222880836086907	663	229	669	807	807	568	8774	1198	3533	roadmap_epigenomics H3K27ac	NA	NA	H3K27ac	NA	NA	E120-H3K27ac.narrowPeak	1	89677
1	634	roadmap_epigenomics	0	0.233191722327182	616	229	605	874	874	569	8365	1245	3942	roadmap_epigenomics H3K36me3	NA	NA	H3K36me3	NA	NA	E076-H3K36me3.narrowPeak	1	180209
1	1019	roadmap_epigenomics	0	0.160817291780085	884	229	1039	440	1039	569	10450	977	1857	roadmap_epigenomics H3K4me1	NA	NA	H3K4me1	NA	NA	E122-H3K4me1.narrowPeak	1	142277
1	1068	roadmap_epigenomics	0	0.264771354907308	412	229	418	1060	1060	569	6373	1449	5934	roadmap_epigenomics H3K36me3	NA	NA	H3K36me3	NA	NA	E126-H3K36me3.narrowPeak	1	102513
1	23	roadmap_epigenomics	0	0.272304166388412	307	229	393	1088	1088	570	5175	1554	7132	roadmap_epigenomics H3K14ac	NA	NA	H3K14ac	NA	NA	E003-H3K14ac.narrowPeak	1	30274
1	46	roadmap_epigenomics	0	0.279466618531464	229	229	372	1108	1108	570	4114	1632	8193	roadmap_epigenomics H2AK5ac	NA	NA	H2AK5ac	NA	NA	E004-H2AK5ac.narrowPeak	1	52932
1	100	roadmap_epigenomics	0	0.218843417791407	673	229	698	784	784	570	8878	1188	3429	roadmap_epigenomics H3K27ac	NA	NA	H3K27ac	NA	NA	E006-H3K27ac.narrowPeak	1	144157
1	176	roadmap_epigenomics	0	0.192371246459679	801	229	886	595	886	570	9810	1060	2497	roadmap_epigenomics H3K4me3	NA	NA	H3K4me3	NA	NA	E010-H3K4me3.narrowPeak	1	37746
1	586	roadmap_epigenomics	0	0.167178400226732	869	229	1013	468	1013	570	10335	992	1972	roadmap_epigenomics H3K27ac	NA	NA	H3K27ac	NA	NA	E069-H3K27ac.narrowPeak	1	169793
1	994	roadmap_epigenomics	0	0.255496213042847	468	229	454	1027	1027	570	6991	1393	5316	roadmap_epigenomics H3K36me3	NA	NA	H3K36me3	NA	NA	E120-H3K36me3.narrowPeak	1	156848
1	1061	roadmap_epigenomics	0	0.17851643897201	840	229	964	518	964	570	10113	1021	2194	roadmap_epigenomics H3K9ac	NA	NA	H3K9ac	NA	NA	E125-H3K9ac.narrowPeak	1	92035
1	495	roadmap_epigenomics	0	0.144624906424487	899	229	1076	412	1076	572	10658	962	1649	roadmap_epigenomics H3K4me1	NA	NA	H3K4me1	NA	NA	E054-H3K4me1.narrowPeak	1	191253
1	616	roadmap_epigenomics	0	0.168798305639013	861	229	1008	479	1008	572	10290	1000	2017	roadmap_epigenomics H3K9ac	NA	NA	H3K9ac	NA	NA	E073-H3K9ac.narrowPeak	1	108381
1	1056	roadmap_epigenomics	0	0.240509057405137	565	229	550	938	938	572	7932	1296	4375	roadmap_epigenomics H3K36me3	NA	NA	H3K36me3	NA	NA	E125-H3K36me3.narrowPeak	1	248840
1	962	roadmap_epigenomics	0	0.241431778914254	556	229	543	949	949	574	7856	1305	4451	roadmap_epigenomics H3K79me2	NA	NA	H3K79me2	NA	NA	E117-H3K79me2.narrowPeak	1	176874
1	1022	roadmap_epigenomics	0	0.252097894184385	469	229	467	1026	1026	574	7040	1392	5267	roadmap_epigenomics H3K79me2	NA	NA	H3K79me2	NA	NA	E122-H3K79me2.narrowPeak	1	181682
1	231	roadmap_epigenomics	0	0.215774394968507	676	229	719	780	780	576	8930	1185	3377	roadmap_epigenomics H3K23ac	NA	NA	H3K23ac	NA	NA	E017-H3K23ac.narrowPeak	1	154412
1	489	roadmap_epigenomics	0	0.23871402941857	564	229	565	941	941	578	7946	1297	4361	roadmap_epigenomics H3K36me3	NA	NA	H3K36me3	NA	NA	E053-H3K36me3.narrowPeak	1	193840
1	614	roadmap_epigenomics	0	0.119205630921939	908	229	1119	390	1119	579	10939	953	1368	roadmap_epigenomics H3K4me1	NA	NA	H3K4me1	NA	NA	E073-H3K4me1.narrowPeak	1	233560
1	941	roadmap_epigenomics	0	0.244893747410994	506	229	511	1001	1001	580	7433	1355	4874	roadmap_epigenomics H4K20me1	NA	NA	H4K20me1	NA	NA	E115-H4K20me1.narrowPeak	1	156894
1	928	roadmap_epigenomics	0	0.180298792096972	820	229	957	556	957	581	10015	1041	2292	roadmap_epigenomics H3K9ac	NA	NA	H3K9ac	NA	NA	E114-H3K9ac.narrowPeak	1	71993
1	157	roadmap_epigenomics	0	0.234091034985261	579	229	601	917	917	582	8106	1282	4201	roadmap_epigenomics H3K79me1	NA	NA	H3K79me1	NA	NA	E008-H3K79me1.narrowPeak	1	120353
1	264	roadmap_epigenomics	0	0.230067338553621	603	229	624	893	893	582	8316	1258	3991	roadmap_epigenomics H3K36me3	NA	NA	H3K36me3	NA	NA	E020-H3K36me3.narrowPeak	1	225893
1	572	roadmap_epigenomics	0	0.168639679498043	847	229	1009	507	1009	582	10240	1014	2067	roadmap_epigenomics H3K27ac	NA	NA	H3K27ac	NA	NA	E067-H3K27ac.narrowPeak	1	171902
1	613	roadmap_epigenomics	0	0.20653435631119	709	229	788	730	788	582	9215	1152	3092	roadmap_epigenomics H3K36me3	NA	NA	H3K36me3	NA	NA	E073-H3K36me3.narrowPeak	1	202192
1	51	roadmap_epigenomics	0	0.223127406330663	627	229	667	854	854	583	8552	1234	3755	roadmap_epigenomics H3K23ac	NA	NA	H3K23ac	NA	NA	E004-H3K23ac.narrowPeak	1	111604
1	222	roadmap_epigenomics	0	0.214078418917747	677	229	742	778	778	583	8955	1184	3352	roadmap_epigenomics H2AK5ac	NA	NA	H2AK5ac	NA	NA	E017-H2AK5ac.narrowPeak	1	296165
1	678	roadmap_epigenomics	0	0.225103491354111	624	229	654	865	865	583	8510	1237	3797	roadmap_epigenomics H3K36me3	NA	NA	H3K36me3	NA	NA	E082-H3K36me3.narrowPeak	1	205425
1	682	roadmap_epigenomics	0	0.193829338616529	774	229	882	637	882	583	9674	1087	2633	roadmap_epigenomics	NA	NA	NA	NA	NA	E083-DNase.hotspot.all.peaks.bed	1	98445
1	181	roadmap_epigenomics	0	0.172326138299983	833	229	990	534	990	584	10149	1028	2158	roadmap_epigenomics H3K4me1	NA	NA	H3K4me1	NA	NA	E011-H3K4me1.narrowPeak	1	274844
1	687	roadmap_epigenomics	0	0.128159186331844	894	229	1106	421	1106	585	10809	967	1498	roadmap_epigenomics H3K4me1	NA	NA	H3K4me1	NA	NA	E083-H3K4me1.narrowPeak	1	190314
1	739	roadmap_epigenomics	0	0.220470160084437	636	229	683	846	846	586	8639	1225	3668	roadmap_epigenomics H3K36me3	NA	NA	H3K36me3	NA	NA	E089-H3K36me3.narrowPeak	1	233424
1	1007	roadmap_epigenomics	0	0.154197328607064	861	229	1050	479	1050	586	10438	1000	1869	roadmap_epigenomics H3K4me1	NA	NA	H3K4me1	NA	NA	E121-H3K4me1.narrowPeak	1	248336
1	211	roadmap_epigenomics	0	0.204999357293805	708	229	800	734	800	588	9227	1153	3080	roadmap_epigenomics H3K27ac	NA	NA	H3K27ac	NA	NA	E016-H3K27ac.narrowPeak	1	111185
1	869	roadmap_epigenomics	0	0.186566320415052	785	229	922	618	922	590	9801	1076	2506	roadmap_epigenomics H3K4me1	NA	NA	H3K4me1	NA	NA	E106-H3K4me1.narrowPeak	1	133631
1	1072	roadmap_epigenomics	0	0.24421060287552	468	229	519	1027	1027	592	7127	1393	5180	roadmap_epigenomics H3K79me2	NA	NA	H3K79me2	NA	NA	E126-H3K79me2.narrowPeak	1	155850
1	183	roadmap_epigenomics	0	0.194162316558404	755	229	879	670	879	593	9582	1106	2725	roadmap_epigenomics H3K9ac	NA	NA	H3K9ac	NA	NA	E011-H3K9ac.narrowPeak	1	58328
1	575	roadmap_epigenomics	0	0.120858752110007	885	229	1117	437	1117	594	10860	976	1447	roadmap_epigenomics H3K4me1	NA	NA	H3K4me1	NA	NA	E067-H3K4me1.narrowPeak	1	240432
1	158	roadmap_epigenomics	0	0.251623663727782	318	229	471	1084	1084	595	5542	1543	6765	roadmap_epigenomics H3K79me2	NA	NA	H3K79me2	NA	NA	E008-H3K79me2.narrowPeak	1	81576
1	1093	roadmap_epigenomics	0	0.240326061261284	496	229	552	1008	1008	596	7408	1365	4899	roadmap_epigenomics H3K36me3	NA	NA	H3K36me3	NA	NA	E128-H3K36me3.narrowPeak	1	129078
1	57	roadmap_epigenomics	0	0.18237912259857	785	229	945	618	945	597	9846	1076	2461	roadmap_epigenomics H3K4me2	NA	NA	H3K4me2	NA	NA	E004-H3K4me2.narrowPeak	1	59056
1	139	roadmap_epigenomics	0	0.255714960810325	208	229	452	1111	1111	597	4059	1653	8248	roadmap_epigenomics H2AK5ac	NA	NA	H2AK5ac	NA	NA	E008-H2AK5ac.narrowPeak	1	27211
1	959	roadmap_epigenomics	0	0.170940400363597	816	229	997	568	997	598	10097	1045	2210	roadmap_epigenomics H3K4me1	NA	NA	H3K4me1	NA	NA	E117-H3K4me1.narrowPeak	1	156415
1	197	roadmap_epigenomics	0	0.174970948119922	807	229	981	586	981	599	10018	1054	2289	roadmap_epigenomics H3K27ac	NA	NA	H3K27ac	NA	NA	E014-H3K27ac.narrowPeak	1	149273
1	1006	roadmap_epigenomics	0	0.223679957326021	584	229	663	910	910	601	8265	1277	4042	roadmap_epigenomics H3K36me3	NA	NA	H3K36me3	NA	NA	E121-H3K36me3.narrowPeak	1	200978
1	635	roadmap_epigenomics	0	0.143089247211963	852	229	1081	498	1081	603	10524	1009	1783	roadmap_epigenomics H3K4me1	NA	NA	H3K4me1	NA	NA	E076-H3K4me1.narrowPeak	1	178997
1	1018	roadmap_epigenomics	0	0.241947591083571	442	229	538	1044	1044	604	6927	1419	5380	roadmap_epigenomics H3K36me3	NA	NA	H3K36me3	NA	NA	E122-H3K36me3.narrowPeak	1	156941
1	56	roadmap_epigenomics	0	0.238445901433474	478	229	566	1019	1019	605	7283	1383	5024	roadmap_epigenomics H3K4me1	NA	NA	H3K4me1	NA	NA	E004-H3K4me1.narrowPeak	1	125993
1	970	roadmap_epigenomics	0	0.2388879697709	472	229	564	1024	1024	606	7227	1389	5080	roadmap_epigenomics H3K36me3	NA	NA	H3K36me3	NA	NA	E118-H3K36me3.narrowPeak	1	168886
1	35	roadmap_epigenomics	0	0.226046221145556	555	229	647	952	952	609	8034	1306	4273	roadmap_epigenomics H3K79me1	NA	NA	H3K79me1	NA	NA	E003-H3K79me1.narrowPeak	1	133190
1	224	roadmap_epigenomics	0	0.231598322654131	518	229	617	990	990	612	7690	1343	4617	roadmap_epigenomics H2BK120ac	NA	NA	H2BK120ac	NA	NA	E017-H2BK120ac.narrowPeak	1	223563
1	974	roadmap_epigenomics	0	0.241522499212261	381	229	542	1070	1070	614	6350	1480	5957	roadmap_epigenomics H3K79me2	NA	NA	H3K79me2	NA	NA	E118-H3K79me2.narrowPeak	1	97080
1	927	roadmap_epigenomics	0	0.229414066365943	519	229	630	989	989	616	7725	1342	4582	roadmap_epigenomics H3K79me2	NA	NA	H3K79me2	NA	NA	E114-H3K79me2.narrowPeak	1	178908
1	194	roadmap_epigenomics	0	0.141622616328929	832	229	1089	536	1089	618	10473	1029	1834	roadmap_epigenomics H3K4me1	NA	NA	H3K4me1	NA	NA	E013-H3K4me1.narrowPeak	1	275053
1	25	roadmap_epigenomics	0	0.24097756356142	266	229	546	1102	1102	626	5034	1595	7273	roadmap_epigenomics H3K23ac	NA	NA	H3K23ac	NA	NA	E003-H3K23ac.narrowPeak	1	29392
1	721	roadmap_epigenomics	0	0.220967394977096	540	229	681	973	973	628	7989	1321	4318	roadmap_epigenomics H3K4me1	NA	NA	H3K4me1	NA	NA	E087-H3K4me1.narrowPeak	1	167584
1	226	roadmap_epigenomics	0	0.232517521283634	407	229	613	1062	1062	635	6723	1454	5584	roadmap_epigenomics H2BK15ac	NA	NA	H2BK15ac	NA	NA	E017-H2BK15ac.narrowPeak	1	218402
1	958	roadmap_epigenomics	0	0.214314494611282	567	229	740	935	935	635	8265	1294	4042	roadmap_epigenomics H3K36me3	NA	NA	H3K36me3	NA	NA	E117-H3K36me3.narrowPeak	1	316270
1	924	roadmap_epigenomics	0	0.137036617607294	795	229	1097	602	1097	643	10397	1066	1910	roadmap_epigenomics H3K4me1	NA	NA	H3K4me1	NA	NA	E114-H3K4me1.narrowPeak	1	202029
1	965	roadmap_epigenomics	0	0.20238265697842	604	229	818	891	891	646	8660	1257	3647	roadmap_epigenomics H4K20me1	NA	NA	H4K20me1	NA	NA	E117-H4K20me1.narrowPeak	1	124987
1	227	roadmap_epigenomics	0	0.226495658267564	311	229	645	1086	1086	653	5781	1550	6526	roadmap_epigenomics H2BK20ac	NA	NA	H2BK20ac	NA	NA	E017-H2BK20ac.narrowPeak	1	200922
1	679	roadmap_epigenomics	0	0.132346529228144	778	229	1101	628	1101	653	10393	1083	1914	roadmap_epigenomics H3K4me1	NA	NA	H3K4me1	NA	NA	E082-H3K4me1.narrowPeak	1	167812
1	178	roadmap_epigenomics	0	0.1740328846972	696	229	984	748	984	654	9531	1165	2776	roadmap_epigenomics H3K27ac	NA	NA	H3K27ac	NA	NA	E011-H3K27ac.narrowPeak	1	157674
1	225	roadmap_epigenomics	0	0.220375224290015	422	229	684	1055	1055	656	7027	1439	5280	roadmap_epigenomics H2BK12ac	NA	NA	H2BK12ac	NA	NA	E017-H2BK12ac.narrowPeak	1	250249
1	850	roadmap_epigenomics	0	0.159305577665477	735	229	1043	700	1043	657	9893	1126	2414	roadmap_epigenomics H3K4me1	NA	NA	H3K4me1	NA	NA	E103-H3K4me1.narrowPeak	1	172034
1	714	roadmap_epigenomics	0	0.210873847433485	529	229	763	981	981	658	8039	1332	4268	roadmap_epigenomics H3K4me1	NA	NA	H3K4me1	NA	NA	E086-H3K4me1.narrowPeak	1	91722
1	1037	roadmap_epigenomics	0	0.227432410461709	234	229	638	1106	1106	658	4768	1627	7539	roadmap_epigenomics H3K9me1	NA	NA	H3K9me1	NA	NA	E123-H3K9me1.narrowPeak	1	22183
1	536	roadmap_epigenomics	0	0.189102112538884	629	229	904	852	904	662	8981	1232	3326	roadmap_epigenomics H3K4me1	NA	NA	H3K4me1	NA	NA	E059-H3K4me1.narrowPeak	1	104649
1	830	roadmap_epigenomics	0	0.163050836568367	711	229	1029	728	1029	662	9739	1150	2568	roadmap_epigenomics H3K4me1	NA	NA	H3K4me1	NA	NA	E100-H3K4me1.narrowPeak	1	196301
1	595	roadmap_epigenomics	0	0.171822224492598	671	229	994	789	994	671	9433	1190	2874	roadmap_epigenomics H3K4me1	NA	NA	H3K4me1	NA	NA	E070-H3K4me1.narrowPeak	1	107068
1	995	roadmap_epigenomics	0	0.14877542075309	713	229	1068	727	1068	675	9929	1148	2378	roadmap_epigenomics H3K4me1	NA	NA	H3K4me1	NA	NA	E120-H3K4me1.narrowPeak	1	205504
1	1075	roadmap_epigenomics	0	0.206703440827862	463	229	785	1029	1029	681	7578	1398	4729	roadmap_epigenomics H4K20me1	NA	NA	H4K20me1	NA	NA	E126-H4K20me1.narrowPeak	1	91092
1	1069	roadmap_epigenomics	0	0.181637196999391	612	229	948	884	948	687	8979	1249	3328	roadmap_epigenomics H3K4me1	NA	NA	H3K4me1	NA	NA	E126-H3K4me1.narrowPeak	1	191388
1	1051	roadmap_epigenomics	0	0.206013940178604	394	229	794	1068	1068	697	6965	1467	5342	roadmap_epigenomics H4K20me1	NA	NA	H4K20me1	NA	NA	E124-H4K20me1.narrowPeak	1	157666
1	1094	roadmap_epigenomics	0	0.16673563504142	632	229	1015	849	1015	698	9294	1229	3013	roadmap_epigenomics H3K4me1	NA	NA	H3K4me1	NA	NA	E128-H3K4me1.narrowPeak	1	167405
1	93	roadmap_epigenomics	0	0.195076371706947	447	229	872	1038	1038	713	7611	1414	4696	roadmap_epigenomics H2AK5ac	NA	NA	H2AK5ac	NA	NA	E006-H2AK5ac.narrowPeak	1	168829
1	1039	roadmap_epigenomics	0	0.202476075016191	266	229	816	1102	1102	716	5559	1595	6748	roadmap_epigenomics H4K20me1	NA	NA	H4K20me1	NA	NA	E123-H4K20me1.narrowPeak	1	56074
1	1110	roadmap_epigenomics	0	0.192253144998429	413	229	887	1058	1058	725	7352	1448	4955	roadmap_epigenomics H4K20me1	NA	NA	H4K20me1	NA	NA	E129-H4K20me1.narrowPeak	1	157676
1	243	roadmap_epigenomics	0	0.172151940752215	544	229	991	964	991	728	8687	1317	3620	roadmap_epigenomics H3K9me1	NA	NA	H3K9me1	NA	NA	E017-H3K9me1.narrowPeak	1	209146
1	953	roadmap_epigenomics	0	0.197671506233092	101	229	854	1119	1119	734	2769	1760	9538	roadmap_epigenomics H4K20me1	NA	NA	H4K20me1	NA	NA	E116-H4K20me1.narrowPeak	1	13628
1	930	roadmap_epigenomics	0	0.178559968542591	316	229	963	1085	1085	759	6571	1545	5736	roadmap_epigenomics H4K20me1	NA	NA	H4K20me1	NA	NA	E114-H4K20me1.narrowPeak	1	69077
1	1063	roadmap_epigenomics	0	0.170719201304181	429	229	999	1053	1053	760	7840	1432	4467	roadmap_epigenomics H4K20me1	NA	NA	H4K20me1	NA	NA	E125-H4K20me1.narrowPeak	1	167649
1	1013	roadmap_epigenomics	0	0.170718880653057	326	229	1000	1083	1083	771	6823	1535	5484	roadmap_epigenomics H4K20me1	NA	NA	H4K20me1	NA	NA	E121-H4K20me1.narrowPeak	1	116908
1	1086	roadmap_epigenomics	0	0.164479849115299	302	229	1025	1089	1089	781	6656	1559	5651	roadmap_epigenomics H3K9me1	NA	NA	H3K9me1	NA	NA	E127-H3K9me1.narrowPeak	1	49792
1	245	roadmap_epigenomics	0	0.151257030909728	344	229	1062	1078	1078	790	7383	1517	4924	roadmap_epigenomics H4K20me1	NA	NA	H4K20me1	NA	NA	E017-H4K20me1.narrowPeak	1	192735
1	977	roadmap_epigenomics	0	0.160932659590623	112	229	1038	1118	1118	795	3503	1749	8804	roadmap_epigenomics H4K20me1	NA	NA	H4K20me1	NA	NA	E118-H4K20me1.narrowPeak	1	34450
1	1026	roadmap_epigenomics	0	0.151603372266891	135	229	1061	1117	1117	802	4189	1726	8118	roadmap_epigenomics H4K20me1	NA	NA	H4K20me1	NA	NA	E122-H4K20me1.narrowPeak	1	49461
1	1088	roadmap_epigenomics	0	0.147989619982933	228	229	1069	1109	1109	802	5975	1633	6332	roadmap_epigenomics H4K20me1	NA	NA	H4K20me1	NA	NA	E127-H4K20me1.narrowPeak	1	66330
1	1100	roadmap_epigenomics	0	0.145636553498885	140	229	1074	1115	1115	806	4411	1721	7896	roadmap_epigenomics H4K20me1	NA	NA	H4K20me1	NA	NA	E128-H4K20me1.narrowPeak	1	29799
1	1024	roadmap_epigenomics	0	0.144513707501729	139	229	1077	1116	1116	807	4411	1722	7896	roadmap_epigenomics H3K9me1	NA	NA	H3K9me1	NA	NA	E122-H3K9me1.narrowPeak	1	25444
1	1001	roadmap_epigenomics	0	0.141352434941617	189	229	1090	1112	1112	810	5469	1672	6838	roadmap_epigenomics H4K20me1	NA	NA	H4K20me1	NA	NA	E120-H4K20me1.narrowPeak	1	47891
1	989	roadmap_epigenomics	0	0.141800923203383	75	229	1087	1121	1121	812	2812	1786	9495	roadmap_epigenomics H4K20me1	NA	NA	H4K20me1	NA	NA	E119-H4K20me1.narrowPeak	1	17540
1	1123	ucsc_features	0	0	0	229	1123	1123	1123	825	252	1861	12055	UCSC Vista enhancers	NA	NA	NA	NA	NA	vistaEnhancers.bed	1	1339
2	203	roadmap_epigenomics	0	0.634483621626066	4209	1102	1095	966	1102	1050	733	8308	918	roadmap_epigenomics H3K9me3	NA	NA	H3K9me3	NA	NA	E014-H3K9me3.narrowPeak	1	279334
2	889	roadmap_epigenomics	0	0.626328845625592	4442	1102	1097	943	1102	1050	772	8075	879	roadmap_epigenomics H3K27me3	NA	NA	H3K27me3	NA	NA	E109-H3K27me3.narrowPeak	1	201231
2	529	roadmap_epigenomics	0	0.637550262435499	4154	1102	1094	973	1102	1060	723	8363	928	roadmap_epigenomics H3K9me3	NA	NA	H3K9me3	NA	NA	E058-H3K9me3.narrowPeak	1	301065
2	506	roadmap_epigenomics	0	0.446352519073084	3990	1102	1118	990	1118	1070	845	8527	806	roadmap_epigenomics H3K9me3	NA	NA	H3K9me3	NA	NA	E055-H3K9me3.narrowPeak	1	439063
2	571	roadmap_epigenomics	0	0.606190190838748	3895	1102	1106	1004	1106	1070	705	8622	946	roadmap_epigenomics H3K9me3	NA	NA	H3K9me3	NA	NA	E066-H3K9me3.narrowPeak	1	280982
2	311	roadmap_epigenomics	0	0.621512444525617	3476	1102	1100	1041	1102	1080	631	9041	1020	roadmap_epigenomics H3K27me3	NA	NA	H3K27me3	NA	NA	E027-H3K27me3.narrowPeak	1	319446
2	793	roadmap_epigenomics	0	0.530610581231248	3547	1102	1114	1037	1114	1080	705	8970	946	roadmap_epigenomics H3K9me3	NA	NA	H3K9me3	NA	NA	E095-H3K9me3.narrowPeak	1	192228
2	877	roadmap_epigenomics	0	0.589525254043573	3580	1102	1108	1034	1108	1080	668	8937	983	roadmap_epigenomics H3K9me3	NA	NA	H3K9me3	NA	NA	E107-H3K9me3.narrowPeak	1	110622
2	1005	roadmap_epigenomics	0	0.623716154062763	3472	1102	1099	1042	1102	1080	629	9045	1022	roadmap_epigenomics H3K27me3	NA	NA	H3K27me3	NA	NA	E121-H3K27me3.narrowPeak	1	349372
2	487	roadmap_epigenomics	0	0.62394095556389	2999	1102	1098	1074	1102	1090	554	9518	1097	roadmap_epigenomics H3K9me3	NA	NA	H3K9me3	NA	NA	E052-H3K9me3.narrowPeak	1	148296
2	538	roadmap_epigenomics	0	0.603289498149735	3107	1102	1107	1069	1107	1090	584	9410	1067	roadmap_epigenomics H3K9me3	NA	NA	H3K9me3	NA	NA	E059-H3K9me3.narrowPeak	1	85196
2	564	roadmap_epigenomics	0	0.544996165031913	3321	1102	1113	1053	1113	1090	658	9196	993	roadmap_epigenomics H3K9me3	NA	NA	H3K9me3	NA	NA	E065-H3K9me3.narrowPeak	1	124507
2	789	roadmap_epigenomics	0	0.572100379553085	3247	1102	1110	1060	1110	1090	627	9270	1024	roadmap_epigenomics H3K27me3	NA	NA	H3K27me3	NA	NA	E095-H3K27me3.narrowPeak	1	152210
2	884	roadmap_epigenomics	0	0.614699437986013	3264	1102	1102	1056	1102	1090	602	9253	1049	roadmap_epigenomics H3K9me3	NA	NA	H3K9me3	NA	NA	E108-H3K9me3.narrowPeak	1	125491
2	324	roadmap_epigenomics	0	0.574980818213396	2342	1102	1109	1105	1109	1110	472	10175	1179	roadmap_epigenomics H3K9me3	NA	NA	H3K9me3	NA	NA	E028-H3K9me3.narrowPeak	1	192863
2	515	roadmap_epigenomics	0	0.306227252926691	2098	1102	1123	1110	1123	1110	655	10419	996	roadmap_epigenomics H3K9me3	NA	NA	H3K9me3	NA	NA	E056-H3K9me3.narrowPeak	1	314736
2	865	roadmap_epigenomics	0	0.565177575393443	2315	1102	1111	1107	1111	1110	473	10202	1178	roadmap_epigenomics H3K9me3	NA	NA	H3K9me3	NA	NA	E105-H3K9me3.narrowPeak	1	72720
2	1025	roadmap_epigenomics	0	0.358902922924942	1548	1102	1120	1117	1120	1110	466	10969	1185	roadmap_epigenomics H3K9me3	NA	NA	H3K9me3	NA	NA	E122-H3K9me3.narrowPeak	1	224772
2	1074	roadmap_epigenomics	0	0.501233787208838	1185	1102	1116	1119	1119	1110	285	11332	1366	roadmap_epigenomics H3K9me3	NA	NA	H3K9me3	NA	NA	E126-H3K9me3.narrowPeak	1	12150
2	1099	roadmap_epigenomics	0	0.34558607398664	967	1102	1121	1121	1121	1110	322	11550	1329	roadmap_epigenomics H3K9me3	NA	NA	H3K9me3	NA	NA	E128-H3K9me3.narrowPeak	1	16125
2	1114	ucsc_features	0	0.330392504159	1563	1102	1122	1116	1122	1110	498	10954	1153	UCSC Genomic superdups	NA	NA	NA	NA	NA	genomicSuperDups.bed	1	49852
2	1116	ucsc_features	0	0.408353253436967	1918	1102	1119	1113	1119	1110	507	10599	1144	UCSC LaminB1 Lads	NA	NA	NA	NA	NA	laminB1Lads.bed	1	1296
