userSet	dbSet	collection	pValueLog	oddsRatio	support	rnkPV	rnkOR	rnkSup	maxRnk	meanRnk	b	c	d	description	cellType	tissue	antibody	treatment	dataSource	filename	qValue	size
1	515	roadmap_epigenomics	76.4806031426297	2.82607307350243	678	1	1	776	776	259	2075	1183	10232	roadmap_epigenomics H3K9me3	NA	NA	H3K9me3	NA	NA	E056-H3K9me3.narrowPeak	8.88383189241439e-77	314736
1	1114	ucsc_features	61.8069369949869	2.77412568394307	527	2	2	983	983	329	1534	1334	10773	UCSC Genomic superdups	NA	NA	NA	NA	NA	genomicSuperDups.bed	4.10699076001671e-62	49852
1	1025	roadmap_epigenomics	43.6752960736104	2.39767643844826	475	3	4	1021	1021	343	1539	1386	10768	roadmap_epigenomics H3K9me3	NA	NA	H3K9me3	NA	NA	E122-H3K9me3.narrowPeak	5.49034879909228e-44	224772
1	506	roadmap_epigenomics	36.3841686075822	1.90390397511653	882	4	6	443	443	151	3953	979	8354	roadmap_epigenomics H3K9me3	NA	NA	H3K9me3	NA	NA	E055-H3K9me3.narrowPeak	1.06713992349482e-36	439063
1	1116	ucsc_features	36.3694429005503	2.1312030165321	522	5	5	986	986	332	1903	1339	10404	UCSC LaminB1 Lads	NA	NA	NA	NA	NA	laminB1Lads.bed	1.10267517888576e-36	1296
1	1099	roadmap_epigenomics	35.5735754084675	2.52606452387047	328	6	3	1082	1082	364	961	1533	11346	roadmap_epigenomics H3K9me3	NA	NA	H3K9me3	NA	NA	E128-H3K9me3.narrowPeak	6.88360891623731e-36	16125
1	793	roadmap_epigenomics	18.0790869521698	1.5844562265074	724	7	9	712	712	243	3528	1137	8779	roadmap_epigenomics H3K9me3	NA	NA	H3K9me3	NA	NA	E095-H3K9me3.narrowPeak	2.10581899488042e-18	192228
1	789	roadmap_epigenomics	16.7859918909171	1.57199847169618	664	8	10	806	806	275	3210	1197	9097	roadmap_epigenomics H3K27me3	NA	NA	H3K27me3	NA	NA	E095-H3K27me3.narrowPeak	4.1214781960916e-17	152210
1	564	roadmap_epigenomics	15.4483547404486	1.53808936881367	672	9	12	786	786	269	3307	1189	9000	roadmap_epigenomics H3K9me3	NA	NA	H3K9me3	NA	NA	E065-H3K9me3.narrowPeak	8.94782522723149e-16	124507
1	311	roadmap_epigenomics	13.4402101377309	1.48786174262866	679	10	14	775	775	266	3428	1182	8879	roadmap_epigenomics H3K27me3	NA	NA	H3K27me3	NA	NA	E027-H3K27me3.narrowPeak	9.07660168748518e-14	319446
1	1074	roadmap_epigenomics	13.391245484514	1.74057958547893	290	11	8	1096	1096	372	1180	1571	11127	roadmap_epigenomics H3K9me3	NA	NA	H3K9me3	NA	NA	E126-H3K9me3.narrowPeak	1.01485635517507e-13	12150
1	1005	roadmap_epigenomics	13.2382014094106	1.4833717746341	677	12	16	778	778	269	3424	1184	8883	roadmap_epigenomics H3K27me3	NA	NA	H3K27me3	NA	NA	E121-H3K27me3.narrowPeak	1.44040145546494e-13	349372
1	865	roadmap_epigenomics	12.2845654493375	1.52596577404115	484	13	13	1011	1011	346	2304	1377	10003	roadmap_epigenomics H3K9me3	NA	NA	H3K9me3	NA	NA	E105-H3K9me3.narrowPeak	1.29168480969725e-12	72720
1	889	roadmap_epigenomics	11.8265489690273	1.42566383177669	822	14	22	551	551	196	4392	1039	7915	roadmap_epigenomics H3K27me3	NA	NA	H3K27me3	NA	NA	E109-H3K27me3.narrowPeak	3.69600529917425e-12	201231
1	877	roadmap_epigenomics	11.8035668968831	1.44499104186532	689	15	19	760	760	265	3559	1172	8748	roadmap_epigenomics H3K9me3	NA	NA	H3K9me3	NA	NA	E107-H3K9me3.narrowPeak	3.89256226284425e-12	110622
1	173	roadmap_epigenomics	11.5043308534866	1.43399940491762	707	16	21	735	735	257	3684	1154	8623	roadmap_epigenomics H3K27me3	NA	NA	H3K27me3	NA	NA	E010-H3K27me3.narrowPeak	7.7359742452653e-12	251817
1	538	roadmap_epigenomics	11.489029309989	1.45590942497755	609	17	18	888	888	308	3082	1252	9225	roadmap_epigenomics H3K9me3	NA	NA	H3K9me3	NA	NA	E059-H3K9me3.narrowPeak	8.00458921887635e-12	85196
1	861	roadmap_epigenomics	11.3429949045548	1.44323650707138	643	18	20	837	837	292	3296	1218	9011	roadmap_epigenomics H3K27me3	NA	NA	H3K27me3	NA	NA	E105-H3K27me3.narrowPeak	1.11917105726748e-11	139718
1	324	roadmap_epigenomics	10.8790471448557	1.48511169130351	480	19	15	1014	1014	349	2334	1381	9973	roadmap_epigenomics H3K9me3	NA	NA	H3K9me3	NA	NA	E028-H3K9me3.narrowPeak	3.25006337422694e-11	192863
1	957	roadmap_epigenomics	10.7242541069116	1.46666272792141	512	20	17	998	998	345	2530	1349	9777	roadmap_epigenomics H3K27me3	NA	NA	H3K27me3	NA	NA	E117-H3K27me3.narrowPeak	4.63670482407103e-11	219064
1	571	roadmap_epigenomics	9.99976567218012	1.39240862610842	726	21	28	707	707	252	3874	1135	8433	roadmap_epigenomics H3K9me3	NA	NA	H3K9me3	NA	NA	E066-H3K9me3.narrowPeak	2.43996979172527e-10	280982
1	901	roadmap_epigenomics	9.79682377099295	1.40168204169373	643	22	25	837	837	295	3367	1218	8940	roadmap_epigenomics H3K27me3	NA	NA	H3K27me3	NA	NA	E111-H3K27me3.narrowPeak	3.88915327912974e-10	155817
1	884	roadmap_epigenomics	9.51130365469523	1.39851899991739	621	23	26	868	868	306	3245	1240	9062	roadmap_epigenomics H3K9me3	NA	NA	H3K9me3	NA	NA	E108-H3K9me3.narrowPeak	7.48917753700414e-10	125491
1	976	roadmap_epigenomics	9.09383226979445	1.54282713323894	301	24	11	1092	1092	376	1368	1560	10939	roadmap_epigenomics H3K9me3	NA	NA	H3K9me3	NA	NA	E118-H3K9me3.narrowPeak	1.95630132643119e-09	97122
1	287	roadmap_epigenomics	8.9574773559179	1.3728312823235	673	25	30	784	784	280	3595	1188	8712	roadmap_epigenomics H3K27me3	NA	NA	H3K27me3	NA	NA	E023-H3K27me3.narrowPeak	2.67498535891539e-09	307913
1	529	roadmap_epigenomics	8.88135036326467	1.35894619743434	756	26	33	668	668	242	4121	1105	8186	roadmap_epigenomics H3K9me3	NA	NA	H3K9me3	NA	NA	E058-H3K9me3.narrowPeak	3.18404835445801e-09	301065
1	906	roadmap_epigenomics	8.41732862289266	1.40303095644351	489	27	24	1009	1009	353	2493	1372	9814	roadmap_epigenomics H3K9me3	NA	NA	H3K9me3	NA	NA	E111-H3K9me3.narrowPeak	9.25834057979925e-09	69918
1	458	roadmap_epigenomics	8.38162205254739	1.35952391092553	656	28	32	822	822	294	3519	1205	8788	roadmap_epigenomics H3K27me3	NA	NA	H3K27me3	NA	NA	E049-H3K27me3.narrowPeak	0.0000000100408848226379	322175
1	823	roadmap_epigenomics	8.36493549529083	1.41899144362507	444	29	23	1040	1040	364	2226	1417	10081	roadmap_epigenomics H3K9me3	NA	NA	H3K9me3	NA	NA	E099-H3K9me3.narrowPeak	0.0000000104229656878207	52477
1	599	roadmap_epigenomics	8.34288984503513	1.35340488801927	687	30	35	763	763	276	3715	1174	8592	roadmap_epigenomics H3K27me3	NA	NA	H3K27me3	NA	NA	E071-H3K27me3.narrowPeak	0.0000000109539366744178	129447
1	859	roadmap_epigenomics	7.84213625692765	1.38734803034996	479	31	29	1016	1016	359	2460	1382	9847	roadmap_epigenomics H3K9me3	NA	NA	H3K9me3	NA	NA	E104-H3K9me3.narrowPeak	0.0000000345141868769763	53841
1	487	roadmap_epigenomics	7.62492844342628	1.35558270503926	564	32	34	941	941	336	2989	1297	9318	roadmap_epigenomics H3K9me3	NA	NA	H3K9me3	NA	NA	E052-H3K9me3.narrowPeak	0.0000000568514724812656	148296
1	365	roadmap_epigenomics	7.57491035165703	1.31589377919524	1101	33	39	106	106	59.3	6449	760	5858	roadmap_epigenomics H3K27me3	NA	NA	H3K27me3	NA	NA	E034-H3K27me3.narrowPeak	0.0000000637230510952861	387733
1	203	roadmap_epigenomics	7.47032325843544	1.32037564521194	754	34	38	673	673	248	4188	1107	8119	roadmap_epigenomics H3K9me3	NA	NA	H3K9me3	NA	NA	E014-H3K9me3.narrowPeak	0.0000000809880423378746	279334
1	523	roadmap_epigenomics	6.9810562919483	1.30422681731723	778	35	42	628	628	235	4371	1083	7936	roadmap_epigenomics H3K9me3	NA	NA	H3K9me3	NA	NA	E057-H3K9me3.narrowPeak	0.000000249323856892135	247543
1	828	roadmap_epigenomics	6.97563084810241	1.30772505370776	738	36	40	694	694	257	4116	1123	8191	roadmap_epigenomics H3K27me3	NA	NA	H3K27me3	NA	NA	E100-H3K27me3.narrowPeak	0.000000252190080933911	119670
1	719	roadmap_epigenomics	6.96751117479508	1.36840851893738	446	37	31	1039	1039	369	2304	1415	10003	roadmap_epigenomics H3K27me3	NA	NA	H3K27me3	NA	NA	E087-H3K27me3.narrowPeak	0.000000256676958456646	66475
1	1000	roadmap_epigenomics	6.74395064184558	1.39468621239396	367	38	27	1076	1076	380	1843	1494	10464	roadmap_epigenomics H3K9me3	NA	NA	H3K9me3	NA	NA	E120-H3K9me3.narrowPeak	0.000000429029461029298	18061
1	832	roadmap_epigenomics	6.52061481416593	1.32194944832235	554	39	37	953	953	343	2988	1307	9319	roadmap_epigenomics H3K9me3	NA	NA	H3K9me3	NA	NA	E100-H3K9me3.narrowPeak	0.000000716742453904335	148038
1	922	roadmap_epigenomics	6.37552189794082	1.32561941190173	517	40	36	993	993	356	2768	1344	9539	roadmap_epigenomics H3K27me3	NA	NA	H3K27me3	NA	NA	E114-H3K27me3.narrowPeak	0.000000999992441983708	215893
1	605	roadmap_epigenomics	6.36256531547688	1.30720688595807	603	41	41	893	893	325	3302	1258	9005	roadmap_epigenomics H3K27me3	NA	NA	H3K27me3	NA	NA	E072-H3K27me3.narrowPeak	0.00000102918739241129	109748
1	553	roadmap_epigenomics	5.44062648329868	1.26445900558259	697	42	48	746	746	279	3955	1164	8352	roadmap_epigenomics H3K27me3	NA	NA	H3K27me3	NA	NA	E063-H3K27me3.narrowPeak	0.00000856254272815265	207798
1	277	roadmap_epigenomics	5.40974312163013	1.29362647644459	505	43	43	1004	1004	363	2751	1356	9556	roadmap_epigenomics H3K9me3	NA	NA	H3K9me3	NA	NA	E021-H3K9me3.narrowPeak	0.00000918395362184912	61601
1	62	roadmap_epigenomics	5.35982159421448	1.2837712699991	543	44	45	967	967	352	2990	1318	9317	roadmap_epigenomics H3K9me3	NA	NA	H3K9me3	NA	NA	E004-H3K9me3.narrowPeak	0.0000102918928736316	65901
1	661	roadmap_epigenomics	5.34098141393392	1.24904117193784	917	45	51	368	368	155	5384	944	6923	roadmap_epigenomics H3K27me3	NA	NA	H3K27me3	NA	NA	E080-H3K27me3.narrowPeak	0.0000107369260833093	290737
1	612	roadmap_epigenomics	5.31819355827181	1.26417724176302	662	46	49	809	809	301	3741	1199	8566	roadmap_epigenomics H3K27me3	NA	NA	H3K27me3	NA	NA	E073-H3K27me3.narrowPeak	0.0000113034969658535	123448
1	872	roadmap_epigenomics	5.16419603136622	1.25150636301177	741	47	50	689	689	262	4256	1120	8051	roadmap_epigenomics H3K27me3	NA	NA	H3K27me3	NA	NA	E107-H3K27me3.narrowPeak	0.0000160974034258848	192092
1	573	roadmap_epigenomics	5.15301661368854	1.26915404670508	584	48	46	910	910	335	3260	1277	9047	roadmap_epigenomics H3K27me3	NA	NA	H3K27me3	NA	NA	E067-H3K27me3.narrowPeak	0.0000164998957578385	102020
1	1109	roadmap_epigenomics	5.01456363867098	1.26496564674198	579	49	47	917	917	338	3238	1282	9069	roadmap_epigenomics H3K9me3	NA	NA	H3K9me3	NA	NA	E129-H3K9me3.narrowPeak	0.0000226242858970601	180247
1	298	roadmap_epigenomics	4.76963525296193	1.24401301814278	675	50	53	781	781	295	3863	1186	8444	roadmap_epigenomics H3K27me3	NA	NA	H3K27me3	NA	NA	E025-H3K27me3.narrowPeak	0.000039682536731872	300249
1	1087	roadmap_epigenomics	4.51954924711692	1.24569289127874	586	51	52	905	905	336	3317	1275	8990	roadmap_epigenomics H3K9me3	NA	NA	H3K9me3	NA	NA	E127-H3K9me3.narrowPeak	0.000070507321677027	155989
1	360	roadmap_epigenomics	4.36398657548489	1.28883560471541	370	52	44	1075	1075	390	1987	1491	10320	roadmap_epigenomics H3K9me3	NA	NA	H3K9me3	NA	NA	E033-H3K9me3.narrowPeak	0.000100669025161208	37434
1	988	roadmap_epigenomics	4.18376554974733	1.22332869796589	672	53	54	786	786	298	3889	1189	8418	roadmap_epigenomics H3K9me3	NA	NA	H3K9me3	NA	NA	E119-H3K9me3.narrowPeak	0.00015228848833985	271804
1	619	roadmap_epigenomics	4.00387641720861	1.22232552050393	615	54	55	878	878	329	3540	1246	8767	roadmap_epigenomics H3K27me3	NA	NA	H3K27me3	NA	NA	E074-H3K27me3.narrowPeak	0.000229963006235227	137148
1	244	roadmap_epigenomics	3.84162059125453	1.20023210491376	870	55	60	466	466	194	5199	991	7108	roadmap_epigenomics H3K9me3	NA	NA	H3K9me3	NA	NA	E017-H3K9me3.narrowPeak	0.000333439792026416	418568
1	617	roadmap_epigenomics	3.80665179638327	1.20960049782437	667	56	57	797	797	303	3888	1194	8419	roadmap_epigenomics H3K9me3	NA	NA	H3K9me3	NA	NA	E073-H3K9me3.narrowPeak	0.000361026204521333	139270
1	338	roadmap_epigenomics	3.63423874946896	1.20171997932948	682	57	59	771	771	296	3999	1179	8308	roadmap_epigenomics H3K9me3	NA	NA	H3K9me3	NA	NA	E030-H3K9me3.narrowPeak	0.000535868418021744	242870
1	879	roadmap_epigenomics	3.63264373199047	1.19878675027928	723	58	61	714	714	278	4263	1138	8044	roadmap_epigenomics H3K27me3	NA	NA	H3K27me3	NA	NA	E108-H3K27me3.narrowPeak	0.000537287903603515	189539
1	587	roadmap_epigenomics	3.50457357892852	1.21576565225902	511	59	56	999	999	371	2922	1350	9385	roadmap_epigenomics H3K27me3	NA	NA	H3K27me3	NA	NA	E069-H3K27me3.narrowPeak	0.000720827849243589	78271
1	558	roadmap_epigenomics	3.5022295442364	1.1941364609758	717	60	62	721	721	281	4236	1144	8071	roadmap_epigenomics H3K9me3	NA	NA	H3K9me3	NA	NA	E063-H3K9me3.narrowPeak	0.000723986369859444	232267
1	867	roadmap_epigenomics	3.49267538271274	1.18826553471149	838	61	64	524	524	216	5022	1023	7285	roadmap_epigenomics H3K27me3	NA	NA	H3K27me3	NA	NA	E106-H3K27me3.narrowPeak	0.000739332513469342	171804
1	566	roadmap_epigenomics	3.02979070346162	1.20697254750819	434	62	58	1051	1051	390	2477	1427	9830	roadmap_epigenomics H3K27me3	NA	NA	H3K27me3	NA	NA	E066-H3K27me3.narrowPeak	0.0021442735754607	107945
1	650	roadmap_epigenomics	3.00014883444062	1.18075859458205	620	63	65	869	869	332	3659	1241	8648	roadmap_epigenomics H3K9me3	NA	NA	H3K9me3	NA	NA	E078-H3K9me3.narrowPeak	0.0022933916432819	134778
1	210	roadmap_epigenomics	2.90656693283278	1.16576733546457	821	64	67	554	554	228	4969	1040	7338	roadmap_epigenomics H3K9me3	NA	NA	H3K9me3	NA	NA	E015-H3K9me3.narrowPeak	0.00283327872978868	342240
1	1079	roadmap_epigenomics	2.79162736965551	1.16474341005997	724	65	69	712	712	282	4350	1137	7957	roadmap_epigenomics H3K27me3	NA	NA	H3K27me3	NA	NA	E127-H3K27me3.narrowPeak	0.00368796918678163	230204
1	217	roadmap_epigenomics	2.74561437915734	1.16093592705054	765	66	74	648	648	263	4621	1096	7686	roadmap_epigenomics H3K9me3	NA	NA	H3K9me3	NA	NA	E016-H3K9me3.narrowPeak	0.00409599240116289	236873
1	292	roadmap_epigenomics	2.73253833548116	1.16296332748044	709	67	73	730	730	290	4259	1152	8048	roadmap_epigenomics H3K9me3	NA	NA	H3K9me3	NA	NA	E023-H3K9me3.narrowPeak	0.00421691164465388	224057
1	871	roadmap_epigenomics	2.64625233896437	1.16451894336628	625	68	71	863	863	334	3726	1236	8581	roadmap_epigenomics H3K9me3	NA	NA	H3K9me3	NA	NA	E106-H3K9me3.narrowPeak	0.00513334517995721	167309
1	839	roadmap_epigenomics	2.51269153934094	1.1639854092988	558	69	72	947	947	363	3310	1303	8997	roadmap_epigenomics H3K9me3	NA	NA	H3K9me3	NA	NA	E101-H3K9me3.narrowPeak	0.00697464200455993	120707
1	846	roadmap_epigenomics	2.49639653711758	1.16489275021063	541	70	68	970	970	369	3203	1320	9104	roadmap_epigenomics H3K9me3	NA	NA	H3K9me3	NA	NA	E102-H3K9me3.narrowPeak	0.00723399193447859	148364
1	1038	roadmap_epigenomics	2.37244916052326	1.19186401978101	337	71	63	1079	1079	404	1926	1524	10381	roadmap_epigenomics H3K9me3	NA	NA	H3K9me3	NA	NA	E123-H3K9me3.narrowPeak	0.0095749719562844	22127
1	343	roadmap_epigenomics	2.27183772048894	1.17619357858238	379	72	66	1072	1072	403	2198	1482	10109	roadmap_epigenomics H3K9me3	NA	NA	H3K9me3	NA	NA	E031-H3K9me3.narrowPeak	0.0120469434892767	25266
1	416	roadmap_epigenomics	2.26201935876018	1.16462776558653	443	73	70	1041	1041	395	2603	1418	9704	roadmap_epigenomics H3K9me3	NA	NA	H3K9me3	NA	NA	E042-H3K9me3.narrowPeak	0.0123100509909269	78727
1	305	roadmap_epigenomics	2.17113541669868	1.1446579725067	583	74	79	914	914	356	3507	1278	8800	roadmap_epigenomics H3K27me3	NA	NA	H3K27me3	NA	NA	E026-H3K27me3.narrowPeak	0.0151603367081873	281141
1	109	roadmap_epigenomics	2.16790360098415	1.13347097486773	818	75	81	562	562	239	5033	1043	7274	roadmap_epigenomics H3K9me3	NA	NA	H3K9me3	NA	NA	E006-H3K9me3.narrowPeak	0.015258300050851	248522
1	804	roadmap_epigenomics	2.11964273356748	1.15512771631202	453	76	77	1033	1033	395	2681	1408	9626	roadmap_epigenomics H3K27me3	NA	NA	H3K27me3	NA	NA	E097-H3K27me3.narrowPeak	0.0170054581971984	112268
1	261	roadmap_epigenomics	2.11952048079364	1.1379758348383	643	77	80	837	837	331	3900	1218	8407	roadmap_epigenomics H3K9me3	NA	NA	H3K9me3	NA	NA	E019-H3K9me3.narrowPeak	0.0170054581971984	217812
1	392	roadmap_epigenomics	2.04642990922702	1.15823216918472	402	78	75	1065	1065	406	2365	1459	9942	roadmap_epigenomics H3K9me3	NA	NA	H3K9me3	NA	NA	E038-H3K9me3.narrowPeak	0.0201023175856245	43418
1	385	roadmap_epigenomics	2.02384419894668	1.15511878965667	413	79	78	1058	1058	405	2437	1448	9870	roadmap_epigenomics H3K9me3	NA	NA	H3K9me3	NA	NA	E037-H3K9me3.narrowPeak	0.021145884016018	66247
1	580	roadmap_epigenomics	2.0235859254089	1.1569816485207	401	80	76	1067	1067	408	2361	1460	9946	roadmap_epigenomics H3K27me3	NA	NA	H3K27me3	NA	NA	E068-H3K27me3.narrowPeak	0.021145884016018	52286
1	610	roadmap_epigenomics	1.93009361187033	1.12808585827602	645	81	82	835	835	333	3936	1216	8371	roadmap_epigenomics H3K9me3	NA	NA	H3K9me3	NA	NA	E072-H3K9me3.narrowPeak	0.0261991179137533	143837
1	644	roadmap_epigenomics	1.76706908898433	1.12081868667802	616	82	83	874	874	346	3769	1245	8538	roadmap_epigenomics H3K9me3	NA	NA	H3K9me3	NA	NA	E077-H3K9me3.narrowPeak	0.038096066032571	223454
1	1062	roadmap_epigenomics	1.6937800191107	1.10976550085225	818	83	88	562	562	244	5096	1043	7211	roadmap_epigenomics H3K9me3	NA	NA	H3K9me3	NA	NA	E125-H3K9me3.narrowPeak	0.04505454068574	149930
1	481	roadmap_epigenomics	1.69012808850127	1.11594510160008	626	84	84	859	859	342	3844	1235	8463	roadmap_epigenomics H3K27me3	NA	NA	H3K27me3	NA	NA	E052-H3K27me3.narrowPeak	0.045390011172446	291852
1	167	roadmap_epigenomics	1.6627026087986	1.1128246113898	659	85	86	814	814	328	4062	1202	8245	roadmap_epigenomics H3K27me3	NA	NA	H3K27me3	NA	NA	E009-H3K27me3.narrowPeak	0.0483009850160726	215158
1	254	roadmap_epigenomics	1.64867383243653	1.11293867458666	639	86	85	845	845	339	3934	1222	8373	roadmap_epigenomics H3K9me3	NA	NA	H3K9me3	NA	NA	E018-H3K9me3.narrowPeak	0.0498374034124232	188469
1	760	roadmap_epigenomics	1.61198242094204	1.11258729240696	604	87	87	891	891	355	3712	1257	8595	roadmap_epigenomics H3K9me3	NA	NA	H3K9me3	NA	NA	E091-H3K9me3.narrowPeak	0.0541773658728153	158209
1	333	roadmap_epigenomics	1.55446298792946	1.10389041263478	739	88	92	691	691	290	4599	1122	7708	roadmap_epigenomics H3K9me3	NA	NA	H3K9me3	NA	NA	E029-H3K9me3.narrowPeak	0.0616670333448199	223443
1	853	roadmap_epigenomics	1.51475308635782	1.10632401696496	613	89	90	881	881	353	3784	1248	8523	roadmap_epigenomics H3K9me3	NA	NA	H3K9me3	NA	NA	E103-H3K9me3.narrowPeak	0.0675049644119486	100968
1	268	roadmap_epigenomics	1.46853015897109	1.09861820637016	752	90	93	674	674	286	4697	1109	7610	roadmap_epigenomics H3K9me3	NA	NA	H3K9me3	NA	NA	E020-H3K9me3.narrowPeak	0.0748651020974774	201977
1	450	roadmap_epigenomics	1.3652945075335	1.10683847300307	458	91	89	1031	1031	404	2803	1403	9504	roadmap_epigenomics H3K9me3	NA	NA	H3K9me3	NA	NA	E047-H3K9me3.narrowPeak	0.0948613939848807	66663
1	544	roadmap_epigenomics	1.28237060416593	1.08637058331959	811	92	100	578	578	257	5114	1050	7193	roadmap_epigenomics H3K9me3	NA	NA	H3K9me3	NA	NA	E061-H3K9me3.narrowPeak	0.114370832510111	269877
1	456	roadmap_epigenomics	1.28138358571322	1.10466585647164	415	93	91	1057	1057	414	2538	1446	9769	roadmap_epigenomics H3K9me3	NA	NA	H3K9me3	NA	NA	E048-H3K9me3.narrowPeak	0.114519331829213	50821
1	551	roadmap_epigenomics	1.27486797153942	1.09612989332163	517	94	94	993	993	394	3197	1344	9110	roadmap_epigenomics H3K9me3	NA	NA	H3K9me3	NA	NA	E062-H3K9me3.narrowPeak	0.116024222209986	97775
1	303	roadmap_epigenomics	1.2733122195395	1.09087945046112	618	95	96	873	873	355	3853	1243	8454	roadmap_epigenomics H3K9me3	NA	NA	H3K9me3	NA	NA	E025-H3K9me3.narrowPeak	0.116327436484856	216512
1	310	roadmap_epigenomics	1.22505542443082	1.08951639472637	575	96	98	922	922	372	3581	1286	8726	roadmap_epigenomics H3K9me3	NA	NA	H3K9me3	NA	NA	E026-H3K9me3.narrowPeak	0.129872470741675	170622
1	428	roadmap_epigenomics	1.22311220339161	1.09271736743574	513	97	95	996	996	396	3179	1348	9128	roadmap_epigenomics H3K9me3	NA	NA	H3K9me3	NA	NA	E044-H3K9me3.narrowPeak	0.130328345879382	145102
1	422	roadmap_epigenomics	1.18280514425589	1.08867354790325	533	98	99	978	978	392	3315	1328	8992	roadmap_epigenomics H3K9me3	NA	NA	H3K9me3	NA	NA	E043-H3K9me3.narrowPeak	0.142864692375463	129594
1	406	roadmap_epigenomics	1.17250624232986	1.08275352813756	657	99	102	820	820	340	4124	1204	8183	roadmap_epigenomics H3K27me3	NA	NA	H3K27me3	NA	NA	E041-H3K27me3.narrowPeak	0.146151470067753	184455
1	398	roadmap_epigenomics	1.11852767582134	1.08435161627476	526	100	101	984	984	395	3280	1335	9027	roadmap_epigenomics H3K9me3	NA	NA	H3K9me3	NA	NA	E039-H3K9me3.narrowPeak	0.165333758026908	85095
1	418	roadmap_epigenomics	1.08715082264143	1.07779611277256	627	101	104	854	854	353	3943	1234	8364	roadmap_epigenomics H3K27me3	NA	NA	H3K27me3	NA	NA	E043-H3K27me3.narrowPeak	0.177377763156948	166658
1	646	roadmap_epigenomics	1.08226417603365	1.07640540643967	661	102	106	810	810	339	4166	1200	8141	roadmap_epigenomics H3K27me3	NA	NA	H3K27me3	NA	NA	E078-H3K27me3.narrowPeak	0.179211889793596	107890
1	443	roadmap_epigenomics	1.07869366482032	1.07668307085114	643	103	105	837	837	348	4049	1218	8258	roadmap_epigenomics H3K9me3	NA	NA	H3K9me3	NA	NA	E046-H3K9me3.narrowPeak	0.180517260282022	220089
1	724	roadmap_epigenomics	1.06876384074983	1.09015066640953	388	104	97	1069	1069	423	2395	1473	9912	roadmap_epigenomics H3K9me3	NA	NA	H3K9me3	NA	NA	E087-H3K9me3.narrowPeak	0.18451444176009	39484
1	578	roadmap_epigenomics	1.04759000795951	1.07822610160387	542	105	103	969	969	392	3396	1319	8911	roadmap_epigenomics H3K9me3	NA	NA	H3K9me3	NA	NA	E067-H3K9me3.narrowPeak	0.193361058334346	97767
1	1103	roadmap_epigenomics	1.00993466854538	1.07142671309295	653	106	108	829	829	348	4127	1208	8180	roadmap_epigenomics H3K27me3	NA	NA	H3K27me3	NA	NA	E129-H3K27me3.narrowPeak	0.21026867824002	309622
1	560	roadmap_epigenomics	1.00879640271655	1.07087336284705	671	107	110	789	789	335	4245	1190	8062	roadmap_epigenomics H3K27me3	NA	NA	H3K27me3	NA	NA	E065-H3K27me3.narrowPeak	0.210618763488998	134896
1	603	roadmap_epigenomics	1.00453409841945	1.07289494842562	593	108	107	898	898	371	3736	1268	8571	roadmap_epigenomics H3K9me3	NA	NA	H3K9me3	NA	NA	E071-H3K9me3.narrowPeak	0.21249267756026	136353
1	463	roadmap_epigenomics	0.980520195468146	1.07000784898218	626	109	111	859	859	360	3956	1235	8351	roadmap_epigenomics H3K9me3	NA	NA	H3K9me3	NA	NA	E049-H3K9me3.narrowPeak	0.224358679265062	233346
1	592	roadmap_epigenomics	0.843078994237749	1.06072744194443	572	110	112	926	926	383	3630	1289	8677	roadmap_epigenomics H3K9me3	NA	NA	H3K9me3	NA	NA	E069-H3K9me3.narrowPeak	0.306710074627164	114493
1	434	roadmap_epigenomics	0.743235818065536	1.05633369979425	450	111	113	1037	1037	420	2854	1411	9453	roadmap_epigenomics H3K9me3	NA	NA	H3K9me3	NA	NA	E045-H3K9me3.narrowPeak	0.384887071284721	83794
1	795	roadmap_epigenomics	0.618255737750419	1.04390324824709	437	112	114	1049	1049	425	2796	1424	9511	roadmap_epigenomics H3K27me3	NA	NA	H3K27me3	NA	NA	E096-H3K27me3.narrowPeak	0.510808427819299	85642
1	38	roadmap_epigenomics	0.606132560817843	1.03588298412292	864	113	115	475	475	234	5606	997	6701	roadmap_epigenomics H3K9me3	NA	NA	H3K9me3	NA	NA	E003-H3K9me3.narrowPeak	0.524772811145407	307462
1	1119	ucsc_features	0.558873937505454	1.80477805161872	3	114	7	1122	1122	414	11	1858	12296	UCSC Numts assembled	NA	NA	NA	NA	NA	numtSAssembled.bed	0.583448529896609	78
1	742	roadmap_epigenomics	0.518640926761047	1.03005421939283	543	115	118	967	967	400	3516	1318	8791	roadmap_epigenomics H3K9me3	NA	NA	H3K9me3	NA	NA	E089-H3K9me3.narrowPeak	0.637085282561973	123393
1	375	roadmap_epigenomics	0.518016446466476	1.02805411883448	706	116	119	736	736	324	4589	1155	7718	roadmap_epigenomics H3K27me3	NA	NA	H3K27me3	NA	NA	E036-H3K27me3.narrowPeak	0.637405197197719	292043
1	410	roadmap_epigenomics	0.514097482064169	1.03092160871229	474	117	116	1022	1022	418	3064	1387	9243	roadmap_epigenomics H3K9me3	NA	NA	H3K9me3	NA	NA	E041-H3K9me3.narrowPeak	0.6425819056644	98944
1	404	roadmap_epigenomics	0.511486269732724	1.03067837152671	471	118	117	1025	1025	420	3045	1390	9262	roadmap_epigenomics H3K9me3	NA	NA	H3K9me3	NA	NA	E040-H3K9me3.narrowPeak	0.645853490955949	108267
1	1012	roadmap_epigenomics	0.501062120998975	1.0265237516711	672	119	120	786	786	342	4370	1189	7937	roadmap_epigenomics H3K9me3	NA	NA	H3K9me3	NA	NA	E121-H3K9me3.narrowPeak	0.660926013335784	138498
1	933	roadmap_epigenomics	0.4799841976238	1.02497752679968	593	120	121	898	898	380	3856	1268	8451	roadmap_epigenomics H3K27me3	NA	NA	H3K27me3	NA	NA	E115-H3K27me3.narrowPeak	0.693147773151191	239959
1	1120	ucsc_features	0.464634810907445	1.07117709840271	1802	121	109	1	121	77	11890	59	417	UCSC Repeat Masker	NA	NA	NA	NA	NA	rmsk.bed	0.717415341642475	5291824
1	534	roadmap_epigenomics	0.462142374744824	1.02376794441816	522	122	122	986	986	410	3394	1339	8913	roadmap_epigenomics H3K27me3	NA	NA	H3K27me3	NA	NA	E059-H3K27me3.narrowPeak	0.720873254659128	100360
1	320	roadmap_epigenomics	0.454809529020745	1.02082160711921	762	123	124	658	658	302	4978	1099	7329	roadmap_epigenomics H3K27me3	NA	NA	H3K27me3	NA	NA	E028-H3K27me3.narrowPeak	0.731107875332813	124081
1	639	roadmap_epigenomics	0.452894551826405	1.02122078458419	657	124	123	820	820	356	4286	1204	8021	roadmap_epigenomics H3K27me3	NA	NA	H3K27me3	NA	NA	E077-H3K27me3.narrowPeak	0.733658165302315	151995
1	665	roadmap_epigenomics	0.437293945688892	1.01853157870273	901	125	125	407	407	219	5902	960	6405	roadmap_epigenomics H3K9me3	NA	NA	H3K9me3	NA	NA	E080-H3K9me3.narrowPeak	0.759787336373769	218395
1	893	roadmap_epigenomics	0.419335292154507	1.01776486982964	583	126	126	914	914	389	3809	1278	8498	roadmap_epigenomics H3K9me3	NA	NA	H3K9me3	NA	NA	E109-H3K9me3.narrowPeak	0.791131661984539	103033
1	855	roadmap_epigenomics	0.340280946317734	1.01229260508552	174	127	127	1113	1113	456	1138	1687	11169	roadmap_epigenomics H3K27me3	NA	NA	H3K27me3	NA	NA	E104-H3K27me3.narrowPeak	0.94471101771343	18466
1	445	roadmap_epigenomics	0.303895239470843	1.00171792482673	616	128	128	874	874	377	4069	1245	8238	roadmap_epigenomics H3K27me3	NA	NA	H3K27me3	NA	NA	E047-H3K27me3.narrowPeak	1	175300
1	585	roadmap_epigenomics	0.289603406353649	0.999493268597089	616	129	129	874	874	377	4075	1245	8232	roadmap_epigenomics H3K9me3	NA	NA	H3K9me3	NA	NA	E068-H3K9me3.narrowPeak	1	193456
1	1050	roadmap_epigenomics	0.284010606656981	0.998675658803776	726	130	130	707	707	322	4805	1135	7502	roadmap_epigenomics H3K9me3	NA	NA	H3K9me3	NA	NA	E124-H3K9me3.narrowPeak	1	220527
1	334	roadmap_epigenomics	0.279655674825389	0.998073116934208	876	131	131	455	455	239	5799	985	6508	roadmap_epigenomics H3K27me3	NA	NA	H3K27me3	NA	NA	E030-H3K27me3.narrowPeak	1	255104
1	412	roadmap_epigenomics	0.274104613862167	0.997009092449678	584	132	132	910	910	391	3870	1277	8437	roadmap_epigenomics H3K27me3	NA	NA	H3K27me3	NA	NA	E042-H3K27me3.narrowPeak	1	132585
1	899	roadmap_epigenomics	0.268348753758152	0.995732237718285	430	133	133	1052	1052	439	2853	1431	9454	roadmap_epigenomics H3K9me3	NA	NA	H3K9me3	NA	NA	E110-H3K9me3.narrowPeak	1	32117
1	929	roadmap_epigenomics	0.222231690218915	0.987801905790517	569	134	135	931	931	400	3795	1292	8512	roadmap_epigenomics H3K9me3	NA	NA	H3K9me3	NA	NA	E114-H3K9me3.narrowPeak	1	103230
1	546	roadmap_epigenomics	0.222090858772011	0.9882188950633	663	135	134	807	807	359	4418	1198	7889	roadmap_epigenomics H3K27me3	NA	NA	H3K27me3	NA	NA	E062-H3K27me3.narrowPeak	1	117101
1	196	roadmap_epigenomics	0.21247711608015	0.986875171236526	801	136	136	595	595	289	5337	1060	6970	roadmap_epigenomics H3K9me3	NA	NA	H3K9me3	NA	NA	E013-H3K9me3.narrowPeak	1	223866
1	638	roadmap_epigenomics	0.156170884151034	0.972386492078382	479	137	139	1016	1016	431	3234	1382	9073	roadmap_epigenomics H3K9me3	NA	NA	H3K9me3	NA	NA	E076-H3K9me3.narrowPeak	1	64003
1	297	roadmap_epigenomics	0.149837693070628	0.973798116729365	749	138	137	679	679	318	5032	1112	7275	roadmap_epigenomics H3K9me3	NA	NA	H3K9me3	NA	NA	E024-H3K9me3.narrowPeak	1	260267
1	787	roadmap_epigenomics	0.144233434827521	0.972836201645351	832	139	138	536	536	271	5586	1029	6721	roadmap_epigenomics H3K9me3	NA	NA	H3K9me3	NA	NA	E094-H3K9me3.narrowPeak	1	157542
1	624	roadmap_epigenomics	0.135706753061498	0.968749454817833	583	140	140	914	914	398	3940	1278	8367	roadmap_epigenomics H3K9me3	NA	NA	H3K9me3	NA	NA	E074-H3K9me3.narrowPeak	1	150390
1	704	roadmap_epigenomics	0.129390828282019	0.968714585048959	742	141	141	688	688	323	5001	1119	7306	roadmap_epigenomics H3K27me3	NA	NA	H3K27me3	NA	NA	E085-H3K27me3.narrowPeak	1	218555
1	233	roadmap_epigenomics	0.124428720632886	0.965425188510957	567	142	143	935	935	407	3842	1294	8465	roadmap_epigenomics H3K27me3	NA	NA	H3K27me3	NA	NA	E017-H3K27me3.narrowPeak	1	299272
1	817	roadmap_epigenomics	0.123322735598464	0.967520912469502	1051	143	142	151	151	145	7050	810	5257	roadmap_epigenomics H3K9me3	NA	NA	H3K9me3	NA	NA	E098-H3K9me3.narrowPeak	1	251390
1	695	roadmap_epigenomics	0.0935321755634408	0.957122834116762	643	144	145	837	837	375	4375	1218	7932	roadmap_epigenomics H3K27me3	NA	NA	H3K27me3	NA	NA	E084-H3K27me3.narrowPeak	1	193037
1	424	roadmap_epigenomics	0.0929525501928393	0.957496947122358	685	145	144	768	768	352	4655	1176	7652	roadmap_epigenomics H3K27me3	NA	NA	H3K27me3	NA	NA	E044-H3K27me3.narrowPeak	1	189790
1	652	roadmap_epigenomics	0.0917160045111324	0.955103682871699	565	146	146	938	938	410	3857	1296	8450	roadmap_epigenomics H3K27me3	NA	NA	H3K27me3	NA	NA	E079-H3K27me3.narrowPeak	1	85895
1	918	roadmap_epigenomics	0.0797805695548929	0.953272769437671	1140	147	147	84	147	126	7678	721	4629	roadmap_epigenomics H3K9me3	NA	NA	H3K9me3	NA	NA	E113-H3K9me3.narrowPeak	1	275470
1	834	roadmap_epigenomics	0.0668382382592891	0.947213247141765	655	148	148	824	824	373	4485	1206	7822	roadmap_epigenomics H3K27me3	NA	NA	H3K27me3	NA	NA	E101-H3K27me3.narrowPeak	1	178729
1	631	roadmap_epigenomics	0.0630707340554502	0.946986340854954	759	149	149	664	664	321	5182	1102	7125	roadmap_epigenomics H3K9me3	NA	NA	H3K9me3	NA	NA	E075-H3K9me3.narrowPeak	1	149780
1	369	roadmap_epigenomics	0.060332135079461	0.943769841985738	627	150	150	854	854	385	4307	1234	8000	roadmap_epigenomics H3K9me3	NA	NA	H3K9me3	NA	NA	E034-H3K9me3.narrowPeak	1	176448
1	669	roadmap_epigenomics	0.0593864698242244	0.940036514907125	506	151	153	1001	1001	435	3499	1355	8808	roadmap_epigenomics H3K27me3	NA	NA	H3K27me3	NA	NA	E081-H3K27me3.narrowPeak	1	82305
1	352	roadmap_epigenomics	0.0558704102185479	0.940456250038669	578	152	152	920	920	408	3986	1283	8321	roadmap_epigenomics H3K9me3	NA	NA	H3K9me3	NA	NA	E032-H3K9me3.narrowPeak	1	126853
1	480	roadmap_epigenomics	0.051226603089064	0.941800045143344	803	153	151	591	591	298	5492	1058	6815	roadmap_epigenomics H3K9me3	NA	NA	H3K9me3	NA	NA	E051-H3K9me3.narrowPeak	1	399600
1	681	roadmap_epigenomics	0.0463795510369554	0.935202783711687	574	154	154	923	923	410	3974	1287	8333	roadmap_epigenomics H3K9me3	NA	NA	H3K9me3	NA	NA	E082-H3K9me3.narrowPeak	1	165724
1	993	roadmap_epigenomics	0.0372980062049996	0.923921916162602	442	155	157	1044	1044	452	3103	1419	9204	roadmap_epigenomics H3K27me3	NA	NA	H3K27me3	NA	NA	E120-H3K27me3.narrowPeak	1	126488
1	808	roadmap_epigenomics	0.0363872511335277	0.933427309911633	830	156	155	540	540	284	5699	1031	6608	roadmap_epigenomics H3K9me3	NA	NA	H3K9me3	NA	NA	E097-H3K9me3.narrowPeak	1	165885
1	677	roadmap_epigenomics	0.0300168763895513	0.926569412770764	667	157	156	797	797	370	4629	1194	7678	roadmap_epigenomics H3K27me3	NA	NA	H3K27me3	NA	NA	E082-H3K27me3.narrowPeak	1	117993
1	633	roadmap_epigenomics	0.0296932981013817	0.920048771491121	484	158	158	1011	1011	442	3402	1377	8905	roadmap_epigenomics H3K27me3	NA	NA	H3K27me3	NA	NA	E076-H3K27me3.narrowPeak	1	65497
1	912	roadmap_epigenomics	0.0225360584672343	0.91031649209933	435	159	161	1050	1050	457	3089	1426	9218	roadmap_epigenomics H3K9me3	NA	NA	H3K9me3	NA	NA	E112-H3K9me3.narrowPeak	1	29697
1	751	roadmap_epigenomics	0.0171869642701708	0.912541209597966	615	160	159	878	878	399	4320	1246	7987	roadmap_epigenomics H3K9me3	NA	NA	H3K9me3	NA	NA	E090-H3K9me3.narrowPeak	1	163795
1	476	roadmap_epigenomics	0.0135072817203355	0.905458641665517	563	161	164	943	943	423	3986	1298	8321	roadmap_epigenomics H3K27me3	NA	NA	H3K27me3	NA	NA	E051-H3K27me3.narrowPeak	1	236036
1	472	roadmap_epigenomics	0.0126229314396662	0.908913785084586	720	162	162	716	716	347	5043	1141	7264	roadmap_epigenomics H3K9me3	NA	NA	H3K9me3	NA	NA	E050-H3K9me3.narrowPeak	1	253527
1	316	roadmap_epigenomics	0.0124814476399945	0.910381896403255	838	163	160	524	524	282	5829	1023	6478	roadmap_epigenomics H3K9me3	NA	NA	H3K9me3	NA	NA	E027-H3K9me3.narrowPeak	1	366285
1	493	roadmap_epigenomics	0.0113513504827451	0.889623199812052	380	164	167	1071	1071	467	2755	1481	9552	roadmap_epigenomics H3K27me3	NA	NA	H3K27me3	NA	NA	E054-H3K27me3.narrowPeak	1	89616
1	747	roadmap_epigenomics	0.0112124565290976	0.908213879572994	827	165	163	543	543	290	5763	1034	6544	roadmap_epigenomics H3K27me3	NA	NA	H3K27me3	NA	NA	E090-H3K27me3.narrowPeak	1	283720
1	374	roadmap_epigenomics	0.00921611341354055	0.89807628867441	572	166	165	926	926	419	4070	1289	8237	roadmap_epigenomics H3K9me3	NA	NA	H3K9me3	NA	NA	E035-H3K9me3.narrowPeak	1	112817
1	981	roadmap_epigenomics	0.00850149854129128	0.894913822293128	539	167	166	975	975	436	3852	1322	8455	roadmap_epigenomics H3K27me3	NA	NA	H3K27me3	NA	NA	E119-H3K27me3.narrowPeak	1	181513
1	394	roadmap_epigenomics	0.00409590754414038	0.880405528916835	523	168	169	985	985	441	3784	1338	8523	roadmap_epigenomics H3K27me3	NA	NA	H3K27me3	NA	NA	E039-H3K27me3.narrowPeak	1	115142
1	293	roadmap_epigenomics	0.00385629355836646	0.889468919570125	986	169	168	256	256	198	6878	875	5429	roadmap_epigenomics H3K27me3	NA	NA	H3K27me3	NA	NA	E024-H3K27me3.narrowPeak	1	222597
1	430	roadmap_epigenomics	0.00336999375029429	0.87983417751921	573	170	170	925	925	422	4133	1288	8174	roadmap_epigenomics H3K27me3	NA	NA	H3K27me3	NA	NA	E045-H3K27me3.narrowPeak	1	113136
1	468	roadmap_epigenomics	0.00317245872784923	0.877693773994735	552	171	172	956	956	433	3994	1309	8313	roadmap_epigenomics H3K27me3	NA	NA	H3K27me3	NA	NA	E050-H3K27me3.narrowPeak	1	188829
1	841	roadmap_epigenomics	0.00275544479581052	0.874875505472823	544	172	173	964	964	436	3947	1317	8360	roadmap_epigenomics H3K27me3	NA	NA	H3K27me3	NA	NA	E102-H3K27me3.narrowPeak	1	129148
1	1017	roadmap_epigenomics	0.00258380796148142	0.87136597727735	506	173	177	1001	1001	450	3692	1355	8615	roadmap_epigenomics H3K27me3	NA	NA	H3K27me3	NA	NA	E122-H3K27me3.narrowPeak	1	176690
1	348	roadmap_epigenomics	0.00253189079450928	0.878363163197493	644	174	171	836	836	394	4627	1217	7680	roadmap_epigenomics H3K27me3	NA	NA	H3K27me3	NA	NA	E032-H3K27me3.narrowPeak	1	178963
1	940	roadmap_epigenomics	0.00230591715409611	0.874162493174199	584	175	174	910	910	420	4227	1277	8080	roadmap_epigenomics H3K9me3	NA	NA	H3K9me3	NA	NA	E115-H3K9me3.narrowPeak	1	191833
1	894	roadmap_epigenomics	0.00189338720397895	0.873671795045157	640	176	175	844	844	398	4615	1221	7692	roadmap_epigenomics H3K27me3	NA	NA	H3K27me3	NA	NA	E110-H3K27me3.narrowPeak	1	119289
1	656	roadmap_epigenomics	0.0014424445981571	0.872001076820362	1109	177	176	97	177	150	7734	752	4573	roadmap_epigenomics H3K9me3	NA	NA	H3K9me3	NA	NA	E079-H3K9me3.narrowPeak	1	258176
1	728	roadmap_epigenomics	0.00047367456328323	0.848678612632669	546	178	181	961	961	440	4043	1315	8264	roadmap_epigenomics H3K27me3	NA	NA	H3K27me3	NA	NA	E088-H3K27me3.narrowPeak	1	203560
1	685	roadmap_epigenomics	0.000471349299067634	0.835892386505588	409	179	184	1061	1061	475	3102	1452	9205	roadmap_epigenomics H3K27me3	NA	NA	H3K27me3	NA	NA	E083-H3K27me3.narrowPeak	1	94590
1	733	roadmap_epigenomics	0.000438100145809969	0.852054381294234	620	180	180	869	869	410	4549	1241	7758	roadmap_epigenomics H3K9me3	NA	NA	H3K9me3	NA	NA	E088-H3K9me3.narrowPeak	1	161817
1	952	roadmap_epigenomics	0.000380020322180005	0.840876110360631	485	181	183	1010	1010	458	3635	1376	8672	roadmap_epigenomics H3K9me3	NA	NA	H3K9me3	NA	NA	E116-H3K9me3.narrowPeak	1	59492
1	626	roadmap_epigenomics	0.000321976177350383	0.853447839105921	773	182	178	640	640	333	5591	1088	6716	roadmap_epigenomics H3K27me3	NA	NA	H3K27me3	NA	NA	E075-H3K27me3.narrowPeak	1	185405
1	379	roadmap_epigenomics	0.000286310110870865	0.85299208668887	835	183	179	529	529	297	6009	1026	6298	roadmap_epigenomics H3K9me3	NA	NA	H3K9me3	NA	NA	E036-H3K9me3.narrowPeak	1	237679
1	1030	roadmap_epigenomics	0.000137135636437001	0.82037300344241	419	184	189	1056	1056	476	3219	1442	9088	roadmap_epigenomics H3K27me3	NA	NA	H3K27me3	NA	NA	E123-H3K27me3.narrowPeak	1	123368
1	497	roadmap_epigenomics	0.000136859944310148	0.835682697405399	587	185	185	904	904	425	4374	1274	7933	roadmap_epigenomics H3K9me3	NA	NA	H3K9me3	NA	NA	E054-H3K9me3.narrowPeak	1	152197
1	184	roadmap_epigenomics	0.000116058923189706	0.841117008235626	762	186	182	658	658	342	5561	1099	6746	roadmap_epigenomics H3K9me3	NA	NA	H3K9me3	NA	NA	E011-H3K9me3.narrowPeak	1	213267
1	488	roadmap_epigenomics	0.000080707230230881	0.814782489470363	427	187	190	1054	1054	477	3294	1434	9013	roadmap_epigenomics H3K27me3	NA	NA	H3K27me3	NA	NA	E053-H3K27me3.narrowPeak	1	115999
1	101	roadmap_epigenomics	0.0000478314572836518	0.805681463776991	406	188	193	1063	1063	481	3166	1455	9141	roadmap_epigenomics H3K27me3	NA	NA	H3K27me3	NA	NA	E006-H3K27me3.narrowPeak	1	117340
1	492	roadmap_epigenomics	0.000041269169545777	0.825365940586743	643	189	186	837	837	404	4801	1218	7506	roadmap_epigenomics H3K9me3	NA	NA	H3K9me3	NA	NA	E053-H3K9me3.narrowPeak	1	206695
1	6	roadmap_epigenomics	0.0000279580897306947	0.820404323078568	627	190	188	854	854	411	4707	1234	7600	roadmap_epigenomics H3K9me3	NA	NA	H3K9me3	NA	NA	E001-H3K9me3.narrowPeak	1	176553
1	799	roadmap_epigenomics	0.0000152936066353993	0.806241730461451	1282	191	192	24	192	136	9022	579	3285	roadmap_epigenomics H3K9me3	NA	NA	H3K9me3	NA	NA	E096-H3K9me3.narrowPeak	1	438415
1	708	roadmap_epigenomics	0.0000147504773664943	0.821180729791916	878	192	187	450	450	276	6412	983	5895	roadmap_epigenomics H3K9me3	NA	NA	H3K9me3	NA	NA	E085-H3K9me3.narrowPeak	1	264076
1	190	roadmap_epigenomics	0.0000143081709840078	0.810914010462842	585	193	191	907	907	430	4445	1276	7862	roadmap_epigenomics H3K9me3	NA	NA	H3K9me3	NA	NA	E012-H3K9me3.narrowPeak	1	164404
1	717	roadmap_epigenomics	0.0000100810875798869	0.783072053173512	374	194	201	1073	1073	489	2992	1487	9315	roadmap_epigenomics H3K9me3	NA	NA	H3K9me3	NA	NA	E086-H3K9me3.narrowPeak	1	29160
1	439	roadmap_epigenomics	0.0000062748870214566	0.798912886211745	536	195	194	977	977	455	4137	1325	8170	roadmap_epigenomics H3K27me3	NA	NA	H3K27me3	NA	NA	E046-H3K27me3.narrowPeak	1	116582
1	1092	roadmap_epigenomics	0.0000049870671114964	0.787445141183287	451	196	197	1036	1036	476	3555	1410	8752	roadmap_epigenomics H3K27me3	NA	NA	H3K27me3	NA	NA	E128-H3K27me3.narrowPeak	1	130551
1	400	roadmap_epigenomics	0.00000386455532733632	0.785086991139815	452	197	199	1035	1035	477	3570	1409	8737	roadmap_epigenomics H3K27me3	NA	NA	H3K27me3	NA	NA	E040-H3K27me3.narrowPeak	1	76554
1	819	roadmap_epigenomics	0.00000166522884758062	0.747934671725549	299	198	207	1094	1094	500	2508	1562	9799	roadmap_epigenomics H3K27me3	NA	NA	H3K27me3	NA	NA	E099-H3K27me3.narrowPeak	1	40652
1	7	roadmap_epigenomics	0.00000147734616735861	0.785998997755887	541	199	198	970	970	456	4218	1320	8089	roadmap_epigenomics H3K27me3	NA	NA	H3K27me3	NA	NA	E002-H3K27me3.narrowPeak	1	95078
1	769	roadmap_epigenomics	0.00000137752568920453	0.796747309850264	1063	200	195	136	200	177	7701	798	4606	roadmap_epigenomics H3K9me3	NA	NA	H3K9me3	NA	NA	E092-H3K9me3.narrowPeak	1	273587
1	597	roadmap_epigenomics	0.0000008755310204006	0.793385180196725	736	201	196	699	699	365	5562	1125	6745	roadmap_epigenomics H3K9me3	NA	NA	H3K9me3	NA	NA	E070-H3K9me3.narrowPeak	1	240503
1	1122	ucsc_features	0.000000865065885889583	0.680106848635131	1658	202	218	3	218	141	11361	203	946	UCSC Switch DB TSSs	NA	NA	NA	NA	NA	switchDbTss.bed	1	131751
1	1118	ucsc_features	0.000000680407975775228	0.769778370189532	1335	203	203	13	203	140	9443	526	2864	UCSC Nested repeats	NA	NA	NA	NA	NA	nestedRepeats.bed	1	574736
1	1043	roadmap_epigenomics	0.000000400592229336574	0.783650492080136	660	204	200	811	811	405	5073	1201	7234	roadmap_epigenomics H3K27me3	NA	NA	H3K27me3	NA	NA	E124-H3K27me3.narrowPeak	1	160742
1	964	roadmap_epigenomics	0.0000000786540227749934	0.769170117092657	629	205	204	852	852	420	4910	1232	7397	roadmap_epigenomics H3K9me3	NA	NA	H3K9me3	NA	NA	E117-H3K9me3.narrowPeak	1	92881
1	205	roadmap_epigenomics	0.0000000440801973351	0.766778592709976	659	206	205	814	814	408	5131	1202	7176	roadmap_epigenomics H3K27me3	NA	NA	H3K27me3	NA	NA	E015-H3K27me3.narrowPeak	1	125743
1	765	roadmap_epigenomics	0.00000004060447536584	0.771031717703092	998	207	202	229	229	213	7384	863	4923	roadmap_epigenomics H3K27me3	NA	NA	H3K27me3	NA	NA	E092-H3K27me3.narrowPeak	1	273954
1	756	roadmap_epigenomics	3.39589114440478e-09	0.744015531348357	588	208	209	903	903	440	4714	1273	7593	roadmap_epigenomics H3K27me3	NA	NA	H3K27me3	NA	NA	E091-H3K27me3.narrowPeak	1	114417
1	511	roadmap_epigenomics	1.12538365551032e-09	0.748558306290504	900	209	206	409	409	275	6840	961	5467	roadmap_epigenomics H3K27me3	NA	NA	H3K27me3	NA	NA	E056-H3K27me3.narrowPeak	1	290583
1	1055	roadmap_epigenomics	8.33504874585573e-10	0.72745396254273	515	210	212	995	995	472	4242	1346	8065	roadmap_epigenomics H3K27me3	NA	NA	H3K27me3	NA	NA	E125-H3K27me3.narrowPeak	1	199061
1	132	roadmap_epigenomics	7.35014831535244e-10	0.745610758794469	934	211	208	327	327	249	7073	927	5234	roadmap_epigenomics H3K9me3	NA	NA	H3K9me3	NA	NA	E007-H3K9me3.narrowPeak	1	151755
1	1115	ucsc_features	3.5935537693405e-10	0.415186785944427	1787	212	260	2	260	158	12099	74	208	UCSC LaminBq	NA	NA	NA	NA	NA	laminB1.bed	1	2859551
1	12	roadmap_epigenomics	1.43235705238886e-10	0.735447668437095	801	213	210	595	595	339	6237	1060	6070	roadmap_epigenomics H3K9me3	NA	NA	H3K9me3	NA	NA	E002-H3K9me3.narrowPeak	1	304858
1	85	roadmap_epigenomics	8.69583257378951e-11	0.713573377738746	1248	214	213	30	214	152	9113	613	3194	roadmap_epigenomics H3K9me3	NA	NA	H3K9me3	NA	NA	E005-H3K9me3.narrowPeak	1	286964
1	848	roadmap_epigenomics	3.99649124964467e-11	0.728342344033234	808	215	211	582	582	336	6314	1053	5993	roadmap_epigenomics H3K27me3	NA	NA	H3K27me3	NA	NA	E103-H3K27me3.narrowPeak	1	164869
1	76	roadmap_epigenomics	6.62811197591129e-12	0.713487383967635	674	216	214	783	783	404	5454	1187	6853	roadmap_epigenomics H3K27me3	NA	NA	H3K27me3	NA	NA	E005-H3K27me3.narrowPeak	1	76270
1	329	roadmap_epigenomics	1.20521646769997e-12	0.693970613132162	548	217	216	959	959	464	4622	1313	7685	roadmap_epigenomics H3K27me3	NA	NA	H3K27me3	NA	NA	E029-H3K27me3.narrowPeak	1	103373
1	738	roadmap_epigenomics	6.52463963870444e-13	0.707336853855142	867	218	215	472	472	302	6796	994	5511	roadmap_epigenomics H3K27me3	NA	NA	H3K27me3	NA	NA	E089-H3K27me3.narrowPeak	1	221319
1	387	roadmap_epigenomics	8.76573667097026e-14	0.657896564990158	403	219	221	1064	1064	501	3641	1458	8666	roadmap_epigenomics H3K27me3	NA	NA	H3K27me3	NA	NA	E038-H3K27me3.narrowPeak	1	62829
1	1067	roadmap_epigenomics	6.80333027653397e-14	0.617552568175561	270	220	228	1100	1100	516	2653	1591	9654	roadmap_epigenomics H3K27me3	NA	NA	H3K27me3	NA	NA	E126-H3K27me3.narrowPeak	1	70203
1	249	roadmap_epigenomics	4.1658946555104e-14	0.691223287391158	728	221	217	704	704	381	5929	1133	6378	roadmap_epigenomics H3K27me3	NA	NA	H3K27me3	NA	NA	E018-H3K27me3.narrowPeak	1	130489
1	370	roadmap_epigenomics	1.39345318916952e-14	0.612625269694852	278	222	229	1098	1098	516	2742	1583	9565	roadmap_epigenomics H3K27me3	NA	NA	H3K27me3	NA	NA	E035-H3K27me3.narrowPeak	1	55503
1	1121	ucsc_features	1.12826313586736e-14	0.628125007302934	1431	223	227	6	227	152	10353	430	1954	UCSC Simple repeats	NA	NA	NA	NA	NA	simpleRepeat.bed	1	958537
1	502	roadmap_epigenomics	2.07330405308957e-15	0.678847616625169	976	224	219	270	270	238	7618	885	4689	roadmap_epigenomics H3K27me3	NA	NA	H3K27me3	NA	NA	E055-H3K27me3.narrowPeak	1	302342
1	381	roadmap_epigenomics	1.63935669314059e-15	0.611179450129368	302	225	230	1089	1089	515	2962	1559	9345	roadmap_epigenomics H3K27me3	NA	NA	H3K27me3	NA	NA	E037-H3K27me3.narrowPeak	1	36137
1	540	roadmap_epigenomics	4.82163733276644e-16	0.672256331331293	979	226	220	266	266	237	7665	882	4642	roadmap_epigenomics H3K27me3	NA	NA	H3K27me3	NA	NA	E061-H3K27me3.narrowPeak	1	303846
1	452	roadmap_epigenomics	2.89298239965986e-16	0.602588289929587	301	227	232	1092	1092	517	2985	1560	9322	roadmap_epigenomics H3K27me3	NA	NA	H3K27me3	NA	NA	E048-H3K27me3.narrowPeak	1	34760
1	356	roadmap_epigenomics	1.44649119982993e-16	0.588135931478275	270	228	234	1100	1100	521	2756	1591	9551	roadmap_epigenomics H3K27me3	NA	NA	H3K27me3	NA	NA	E033-H3K27me3.narrowPeak	1	39591
1	133	roadmap_epigenomics	0	0.376032312169001	1229	229	265	38	265	177	10313	632	1994	roadmap_epigenomics H4K8ac	NA	NA	H4K8ac	NA	NA	E007-H4K8ac.narrowPeak	1	223512
1	16	roadmap_epigenomics	0	0.362063074645802	1232	229	271	37	271	179	10387	629	1920	roadmap_epigenomics H2A.Z	NA	NA	H2A.Z	NA	NA	E003-H2A.Z.narrowPeak	1	280604
1	284	roadmap_epigenomics	0	0.32292588865771	1257	229	301	26	301	185	10654	604	1653	roadmap_epigenomics H3K4me1	NA	NA	H3K4me1	NA	NA	E022-H3K4me1.narrowPeak	1	324422
1	286	roadmap_epigenomics	0	0.513463884117521	1139	229	246	86	246	187	9285	722	3022	roadmap_epigenomics H3K9me3	NA	NA	H3K9me3	NA	NA	E022-H3K9me3.narrowPeak	1	207447
1	699	roadmap_epigenomics	0	0.639035303518025	1074	229	224	124	229	192	8382	787	3925	roadmap_epigenomics H3K9me3	NA	NA	H3K9me3	NA	NA	E084-H3K9me3.narrowPeak	1	236782
1	778	roadmap_epigenomics	0	0.463169216192403	1127	229	255	91	255	192	9455	734	2852	roadmap_epigenomics H3K9me3	NA	NA	H3K9me3	NA	NA	E093-H3K9me3.narrowPeak	1	234001
1	92	roadmap_epigenomics	0	0.314872883799077	1218	229	315	41	315	195	10553	643	1754	roadmap_epigenomics H2A.Z	NA	NA	H2A.Z	NA	NA	E006-H2A.Z.narrowPeak	1	201531
1	856	roadmap_epigenomics	0	0.297715686203088	1333	229	342	14	342	195	11009	528	1298	roadmap_epigenomics H3K36me3	NA	NA	H3K36me3	NA	NA	E104-H3K36me3.narrowPeak	1	300362
1	280	roadmap_epigenomics	0	0.288346004347572	1531	229	365	4	365	199	11587	330	720	roadmap_epigenomics	NA	NA	NA	NA	NA	E022-DNase.macs2.narrowPeak	1	671885
1	121	roadmap_epigenomics	0	0.315732309257941	1181	229	312	60	312	200	10414	680	1893	roadmap_epigenomics H3K18ac	NA	NA	H3K18ac	NA	NA	E007-H3K18ac.narrowPeak	1	252687
1	1113	ucsc_features	0	0.30950052576724	1174	229	325	64	325	206	10420	687	1887	UCSC Evo CpG islands	NA	NA	NA	NA	NA	evoCpg.bed	1	129241
1	120	roadmap_epigenomics	0	0.354227091846643	1074	229	276	124	276	210	9771	787	2536	roadmap_epigenomics H3K14ac	NA	NA	H3K14ac	NA	NA	E007-H3K14ac.narrowPeak	1	184207
1	1111	ucsc_features	0	0.478046652533567	1031	229	252	177	252	219	8887	830	3420	UCSC coriellDelDup table	NA	NA	NA	NA	NA	coriellDelDup.bed	1	864
1	119	roadmap_epigenomics	0	0.262789367723493	1366	229	423	11	423	221	11237	495	1070	roadmap_epigenomics H2BK5ac	NA	NA	H2BK5ac	NA	NA	E007-H2BK5ac.narrowPeak	1	389247
1	162	roadmap_epigenomics	0	0.272105672690863	1208	229	394	45	394	223	10729	653	1578	roadmap_epigenomics H4K20me1	NA	NA	H4K20me1	NA	NA	E008-H4K20me1.narrowPeak	1	284568
1	593	roadmap_epigenomics	0	0.508675567734689	1012	229	249	202	249	227	8626	849	3681	roadmap_epigenomics H3K27me3	NA	NA	H3K27me3	NA	NA	E070-H3K27me3.narrowPeak	1	132980
1	122	roadmap_epigenomics	0	0.257600359771313	1293	229	440	20	440	230	11056	568	1251	roadmap_epigenomics H3K23ac	NA	NA	H3K23ac	NA	NA	E007-H3K23ac.narrowPeak	1	240360
1	160	roadmap_epigenomics	0	0.65745685122785	995	229	222	240	240	230	7828	866	4479	roadmap_epigenomics H3K9me3	NA	NA	H3K9me3	NA	NA	E008-H3K9me3.narrowPeak	1	210217
1	134	roadmap_epigenomics	0	0.373760622964996	1000	229	266	226	266	240	9311	861	2996	roadmap_epigenomics H4K91ac	NA	NA	H4K91ac	NA	NA	E007-H4K91ac.narrowPeak	1	168000
1	1041	roadmap_epigenomics	0	0.27465680187846	1094	229	386	109	386	241	10320	767	1987	roadmap_epigenomics H2A.Z	NA	NA	H2A.Z	NA	NA	E124-H2A.Z.narrowPeak	1	136897
1	271	roadmap_epigenomics	0	0.248237408001782	1499	229	494	5	494	243	11611	362	696	roadmap_epigenomics	NA	NA	NA	NA	NA	E021-DNase.macs2.narrowPeak	1	691347
1	166	roadmap_epigenomics	0	0.272011386191143	1081	229	395	120	395	248	10288	780	2019	roadmap_epigenomics H2A.Z	NA	NA	H2A.Z	NA	NA	E009-H2A.Z.narrowPeak	1	158512
1	192	roadmap_epigenomics	0	0.629872846580137	961	229	226	288	288	248	7741	900	4566	roadmap_epigenomics H3K27me3	NA	NA	H3K27me3	NA	NA	E013-H3K27me3.narrowPeak	1	207227
1	1040	roadmap_epigenomics	0	0.250446512302401	1225	229	478	39	478	249	10891	636	1416	roadmap_epigenomics	NA	NA	NA	NA	NA	E124-DNase.macs2.narrowPeak	1	295595
1	145	roadmap_epigenomics	0	0.268726630459961	1072	229	408	128	408	255	10275	789	2032	roadmap_epigenomics H3K14ac	NA	NA	H3K14ac	NA	NA	E008-H3K14ac.narrowPeak	1	181023
1	1047	roadmap_epigenomics	0	0.274318459463841	1054	229	387	148	387	255	10171	807	2136	roadmap_epigenomics H3K4me3	NA	NA	H3K4me3	NA	NA	E124-H3K4me3.narrowPeak	1	81682
1	1028	roadmap_epigenomics	0	0.345712468392728	981	229	279	261	279	256	9394	880	2913	roadmap_epigenomics H2A.Z	NA	NA	H2A.Z	NA	NA	E123-H2A.Z.narrowPeak	1	128633
1	106	roadmap_epigenomics	0	0.251673630119916	1150	229	470	77	470	259	10650	711	1657	roadmap_epigenomics H3K4me3	NA	NA	H3K4me3	NA	NA	E006-H3K4me3.narrowPeak	1	112009
1	81	roadmap_epigenomics	0	0.255394667519393	1108	229	455	99	455	261	10487	753	1820	roadmap_epigenomics H3K4me3	NA	NA	H3K4me3	NA	NA	E005-H3K4me3.narrowPeak	1	88854
1	525	roadmap_epigenomics	0	0.529558985211047	937	229	242	319	319	263	8085	924	4222	roadmap_epigenomics H3K27me3	NA	NA	H3K27me3	NA	NA	E058-H3K27me3.narrowPeak	1	199828
1	138	roadmap_epigenomics	0	0.386964522207392	937	229	263	319	319	270	8908	924	3399	roadmap_epigenomics H2A.Z	NA	NA	H2A.Z	NA	NA	E008-H2A.Z.narrowPeak	1	122323
1	917	roadmap_epigenomics	0	0.239961278268955	1256	229	557	28	557	271	11032	605	1275	roadmap_epigenomics H3K4me3	NA	NA	H3K4me3	NA	NA	E113-H3K4me3.narrowPeak	1	195000
1	156	roadmap_epigenomics	0	0.293410283584928	996	229	349	238	349	272	9808	865	2499	roadmap_epigenomics H3K56ac	NA	NA	H3K56ac	NA	NA	E008-H3K56ac.narrowPeak	1	164562
1	465	roadmap_epigenomics	0	0.244827120826415	1140	229	512	84	512	275	10657	721	1650	roadmap_epigenomics	NA	NA	NA	NA	NA	E050-DNase.hotspot.fdr0.01.peaks.bed	1	156377
1	437	roadmap_epigenomics	0	0.239842629399077	1198	229	559	49	559	279	10865	663	1442	roadmap_epigenomics	NA	NA	NA	NA	NA	E046-DNase.macs2.narrowPeak	1	287236
1	131	roadmap_epigenomics	0	0.232107290874786	1375	229	616	9	616	285	11374	486	933	roadmap_epigenomics H3K9ac	NA	NA	H3K9ac	NA	NA	E007-H3K9ac.narrowPeak	1	313345
1	283	roadmap_epigenomics	0	0.227331397393068	1400	229	639	8	639	292	11450	461	857	roadmap_epigenomics H3K36me3	NA	NA	H3K36me3	NA	NA	E022-H3K36me3.narrowPeak	1	407402
1	146	roadmap_epigenomics	0	0.263129236541721	998	229	422	229	422	293	10026	863	2281	roadmap_epigenomics H3K18ac	NA	NA	H3K18ac	NA	NA	E008-H3K18ac.narrowPeak	1	148881
1	474	roadmap_epigenomics	0	0.242890074550589	1079	229	527	122	527	293	10465	782	1842	roadmap_epigenomics	NA	NA	NA	NA	NA	E051-DNase.hotspot.fdr0.01.peaks.bed	1	133410
1	654	roadmap_epigenomics	0	0.236743334834122	1144	229	578	82	578	296	10717	717	1590	roadmap_epigenomics H3K4me1	NA	NA	H3K4me1	NA	NA	E079-H3K4me1.narrowPeak	1	257474
1	786	roadmap_epigenomics	0	0.24089706922386	1089	229	547	114	547	297	10512	772	1795	roadmap_epigenomics H3K4me3	NA	NA	H3K4me3	NA	NA	E094-H3K4me3.narrowPeak	1	87979
1	798	roadmap_epigenomics	0	0.244981872844715	1050	229	510	155	510	298	10349	811	1958	roadmap_epigenomics H3K4me3	NA	NA	H3K4me3	NA	NA	E096-H3K4me3.narrowPeak	1	96300
1	108	roadmap_epigenomics	0	0.234511996079929	1153	229	596	72	596	299	10758	708	1549	roadmap_epigenomics H3K9ac	NA	NA	H3K9ac	NA	NA	E006-H3K9ac.narrowPeak	1	193085
1	919	roadmap_epigenomics	0	0.22407897833427	1300	229	660	17	660	302	11222	561	1085	roadmap_epigenomics	NA	NA	NA	NA	NA	E114-DNase.macs2.narrowPeak	1	371330
1	326	roadmap_epigenomics	0	0.280110796821448	938	229	371	316	371	305	9648	923	2659	roadmap_epigenomics	NA	NA	NA	NA	NA	E029-DNase.hotspot.fdr0.01.peaks.bed	1	127216
1	464	roadmap_epigenomics	0	0.256536944119415	991	229	445	244	445	306	10045	870	2262	roadmap_epigenomics	NA	NA	NA	NA	NA	E050-DNase.hotspot.all.peaks.bed	1	104134
1	569	roadmap_epigenomics	0	0.250637163059002	1006	229	476	217	476	307	10146	855	2161	roadmap_epigenomics H3K4me3	NA	NA	H3K4me3	NA	NA	E066-H3K4me3.narrowPeak	1	92061
1	10	roadmap_epigenomics	0	0.240051638847878	1061	229	556	140	556	308	10421	800	1886	roadmap_epigenomics H3K4me3	NA	NA	H3K4me3	NA	NA	E002-H3K4me3.narrowPeak	1	147544
1	711	roadmap_epigenomics	0	0.219530872154919	1428	229	689	7	689	308	11539	433	768	roadmap_epigenomics	NA	NA	NA	NA	NA	E086-DNase.macs2.narrowPeak	1	654772
1	221	roadmap_epigenomics	0	0.242057734796102	1042	229	536	166	536	310	10340	819	1967	roadmap_epigenomics H2A.Z	NA	NA	H2A.Z	NA	NA	E017-H2A.Z.narrowPeak	1	121643
1	345	roadmap_epigenomics	0	0.261328832771911	971	229	427	276	427	311	9929	890	2378	roadmap_epigenomics	NA	NA	NA	NA	NA	E032-DNase.hotspot.fdr0.01.peaks.bed	1	114529
1	622	roadmap_epigenomics	0	0.236282263655703	1077	229	581	123	581	311	10501	784	1806	roadmap_epigenomics H3K4me3	NA	NA	H3K4me3	NA	NA	E074-H3K4me3.narrowPeak	1	90281
1	1076	roadmap_epigenomics	0	0.220299541190458	1283	229	685	23	685	312	11196	578	1111	roadmap_epigenomics	NA	NA	NA	NA	NA	E127-DNase.macs2.narrowPeak	1	449247
1	164	roadmap_epigenomics	0	0.294093569899107	918	229	347	363	363	313	9452	943	2855	roadmap_epigenomics H4K8ac	NA	NA	H4K8ac	NA	NA	E008-H4K8ac.narrowPeak	1	139450
1	270	roadmap_epigenomics	0	0.22691045175006	1164	229	642	70	642	314	10835	697	1472	roadmap_epigenomics	NA	NA	NA	NA	NA	E021-DNase.hotspot.fdr0.01.peaks.bed	1	182710
1	279	roadmap_epigenomics	0	0.226181658789809	1168	229	646	67	646	314	10851	693	1456	roadmap_epigenomics	NA	NA	NA	NA	NA	E022-DNase.hotspot.fdr0.01.peaks.bed	1	191448
1	913	roadmap_epigenomics	0	0.262784319972105	958	229	424	290	424	314	9864	903	2443	roadmap_epigenomics H3K27ac	NA	NA	H3K27ac	NA	NA	E113-H3K27ac.narrowPeak	1	130427
1	327	roadmap_epigenomics	0	0.235668975852441	1072	229	588	128	588	315	10488	789	1819	roadmap_epigenomics	NA	NA	NA	NA	NA	E029-DNase.macs2.narrowPeak	1	209063
1	1033	roadmap_epigenomics	0	0.251405725351968	992	229	472	243	472	315	10086	869	2221	roadmap_epigenomics H3K4me2	NA	NA	H3K4me2	NA	NA	E123-H3K4me2.narrowPeak	1	93300
1	24	roadmap_epigenomics	0	0.255151190759178	980	229	456	264	456	316	10011	881	2296	roadmap_epigenomics H3K18ac	NA	NA	H3K18ac	NA	NA	E003-H3K18ac.narrowPeak	1	249755
1	436	roadmap_epigenomics	0	0.268670912236124	941	229	410	309	410	316	9747	920	2560	roadmap_epigenomics	NA	NA	NA	NA	NA	E046-DNase.hotspot.fdr0.01.peaks.bed	1	109868
1	753	roadmap_epigenomics	0	0.225311169215106	1167	229	652	68	652	316	10853	694	1454	roadmap_epigenomics	NA	NA	NA	NA	NA	E091-DNase.hotspot.fdr0.01.peaks.bed	1	214514
1	466	roadmap_epigenomics	0	0.216921328645823	1312	229	711	15	711	318	11283	549	1024	roadmap_epigenomics	NA	NA	NA	NA	NA	E050-DNase.macs2.narrowPeak	1	329554
1	346	roadmap_epigenomics	0	0.217221276669915	1257	229	708	26	708	321	11144	604	1163	roadmap_epigenomics	NA	NA	NA	NA	NA	E032-DNase.macs2.narrowPeak	1	359211
1	354	roadmap_epigenomics	0	0.260352425761449	944	229	429	305	429	321	9823	917	2484	roadmap_epigenomics	NA	NA	NA	NA	NA	E033-DNase.hotspot.fdr0.01.peaks.bed	1	108321
1	172	roadmap_epigenomics	0	0.277278239382835	920	229	380	356	380	322	9588	941	2719	roadmap_epigenomics H2A.Z	NA	NA	H2A.Z	NA	NA	E010-H2A.Z.narrowPeak	1	113363
1	772	roadmap_epigenomics	0	0.215708093665674	1309	229	721	16	721	322	11281	552	1026	roadmap_epigenomics	NA	NA	NA	NA	NA	E093-DNase.macs2.narrowPeak	1	407437
1	1032	roadmap_epigenomics	0	0.27350294363353	926	229	390	346	390	322	9644	935	2663	roadmap_epigenomics H3K4me1	NA	NA	H3K4me1	NA	NA	E123-H3K4me1.narrowPeak	1	169621
1	14	roadmap_epigenomics	0	0.223162915346395	1151	229	666	74	666	323	10818	710	1489	roadmap_epigenomics	NA	NA	NA	NA	NA	E003-DNase.hotspot.fdr0.01.peaks.bed	1	181790
1	177	roadmap_epigenomics	0	0.567524559659466	851	229	237	503	503	323	7354	1010	4953	roadmap_epigenomics H3K9me3	NA	NA	H3K9me3	NA	NA	E010-H3K9me3.narrowPeak	1	226115
1	355	roadmap_epigenomics	0	0.218848447761875	1205	229	697	46	697	324	10997	656	1310	roadmap_epigenomics	NA	NA	NA	NA	NA	E033-DNase.macs2.narrowPeak	1	279354
1	655	roadmap_epigenomics	0	0.24179647530659	1011	229	539	204	539	324	10228	850	2079	roadmap_epigenomics H3K4me3	NA	NA	H3K4me3	NA	NA	E079-H3K4me3.narrowPeak	1	56303
1	331	roadmap_epigenomics	0	0.232547657801245	1063	229	612	136	612	326	10478	798	1829	roadmap_epigenomics H3K4me1	NA	NA	H3K4me1	NA	NA	E029-H3K4me1.narrowPeak	1	142027
1	979	roadmap_epigenomics	0	0.239743642996859	1023	229	561	189	561	326	10287	838	2020	roadmap_epigenomics H2A.Z	NA	NA	H2A.Z	NA	NA	E119-H2A.Z.narrowPeak	1	137376
1	1077	roadmap_epigenomics	0	0.258999772736287	939	229	436	314	436	326	9812	922	2495	roadmap_epigenomics H2A.Z	NA	NA	H2A.Z	NA	NA	E127-H2A.Z.narrowPeak	1	137462
1	15	roadmap_epigenomics	0	0.214533099423724	1297	229	737	19	737	328	11257	564	1050	roadmap_epigenomics	NA	NA	NA	NA	NA	E003-DNase.macs2.narrowPeak	1	339188
1	337	roadmap_epigenomics	0	0.291575743052899	902	229	355	403	403	329	9395	959	2912	roadmap_epigenomics H3K4me3	NA	NA	H3K4me3	NA	NA	E030-H3K4me3.narrowPeak	1	53793
1	473	roadmap_epigenomics	0	0.245678871187926	989	229	507	250	507	329	10116	872	2191	roadmap_epigenomics	NA	NA	NA	NA	NA	E051-DNase.hotspot.all.peaks.bed	1	105226
1	362	roadmap_epigenomics	0	0.258592283694348	935	229	438	324	438	330	9798	926	2509	roadmap_epigenomics	NA	NA	NA	NA	NA	E034-DNase.hotspot.fdr0.01.peaks.bed	1	107036
1	129	roadmap_epigenomics	0	0.229567600613526	1063	229	629	136	629	331	10498	798	1809	roadmap_epigenomics H3K4me3	NA	NA	H3K4me3	NA	NA	E007-H3K4me3.narrowPeak	1	87807
1	441	roadmap_epigenomics	0	0.221784972304454	1130	229	675	88	675	331	10763	731	1544	roadmap_epigenomics H3K4me1	NA	NA	H3K4me1	NA	NA	E046-H3K4me1.narrowPeak	1	167778
1	816	roadmap_epigenomics	0	0.239660834775874	1012	229	562	202	562	331	10247	849	2060	roadmap_epigenomics H3K4me3	NA	NA	H3K4me3	NA	NA	E098-H3K4me3.narrowPeak	1	57291
1	163	roadmap_epigenomics	0	0.29053491525076	897	229	359	415	415	334	9379	964	2928	roadmap_epigenomics H4K5ac	NA	NA	H4K5ac	NA	NA	E008-H4K5ac.narrowPeak	1	136718
1	182	roadmap_epigenomics	0	0.228301142861676	1059	229	633	142	633	335	10493	802	1814	roadmap_epigenomics H3K4me3	NA	NA	H3K4me3	NA	NA	E011-H3K4me3.narrowPeak	1	131844
1	1046	roadmap_epigenomics	0	0.228008610475965	1054	229	634	148	634	337	10478	807	1829	roadmap_epigenomics H3K4me2	NA	NA	H3K4me2	NA	NA	E124-H3K4me2.narrowPeak	1	77302
1	449	roadmap_epigenomics	0	0.2432217406053	981	229	525	261	525	338	10103	880	2204	roadmap_epigenomics H3K9ac	NA	NA	H3K9ac	NA	NA	E047-H3K9ac.narrowPeak	1	147914
1	1015	roadmap_epigenomics	0	0.256396656282037	925	229	446	347	446	341	9772	936	2535	roadmap_epigenomics H2A.Z	NA	NA	H2A.Z	NA	NA	E122-H2A.Z.narrowPeak	1	124665
1	475	roadmap_epigenomics	0	0.208393091333194	1293	229	777	20	777	342	11275	568	1032	roadmap_epigenomics	NA	NA	NA	NA	NA	E051-DNase.macs2.narrowPeak	1	314537
1	797	roadmap_epigenomics	0	0.214005158439652	1190	229	744	53	744	342	10982	671	1325	roadmap_epigenomics H3K4me1	NA	NA	H3K4me1	NA	NA	E096-H3K4me1.narrowPeak	1	317595
1	353	roadmap_epigenomics	0	0.285752458771626	887	229	367	432	432	343	9368	974	2939	roadmap_epigenomics	NA	NA	NA	NA	NA	E033-DNase.hotspot.all.peaks.bed	1	89092
1	916	roadmap_epigenomics	0	0.207127488519754	1299	229	782	18	782	343	11295	562	1012	roadmap_epigenomics H3K4me1	NA	NA	H3K4me1	NA	NA	E113-H3K4me1.narrowPeak	1	347200
1	1049	roadmap_epigenomics	0	0.244532236847707	965	229	515	285	515	343	10030	896	2277	roadmap_epigenomics H3K9ac	NA	NA	H3K9ac	NA	NA	E124-H3K9ac.narrowPeak	1	72690
1	114	roadmap_epigenomics	0	0.206817592191916	1290	229	783	22	783	345	11275	571	1032	roadmap_epigenomics	NA	NA	NA	NA	NA	E007-DNase.macs2.narrowPeak	1	408460
1	435	roadmap_epigenomics	0	0.289179358477805	881	229	362	445	445	345	9312	980	2995	roadmap_epigenomics	NA	NA	NA	NA	NA	E046-DNase.hotspot.all.peaks.bed	1	88265
1	1101	roadmap_epigenomics	0	0.24738925066283	939	229	498	314	498	347	9902	922	2405	roadmap_epigenomics H2A.Z	NA	NA	H2A.Z	NA	NA	E129-H2A.Z.narrowPeak	1	144805
1	130	roadmap_epigenomics	0	0.232577039904739	1009	229	611	207	611	349	10287	852	2020	roadmap_epigenomics H3K79me1	NA	NA	H3K79me1	NA	NA	E007-H3K79me1.narrowPeak	1	189229
1	517	roadmap_epigenomics	0	0.219045477750904	1074	229	693	124	693	349	10605	787	1702	roadmap_epigenomics	NA	NA	NA	NA	NA	E057-DNase.hotspot.fdr0.01.peaks.bed	1	209886
1	935	roadmap_epigenomics	0	0.275484981083482	886	229	384	435	435	349	9444	975	2863	roadmap_epigenomics H3K4me1	NA	NA	H3K4me1	NA	NA	E115-H3K4me1.narrowPeak	1	130919
1	336	roadmap_epigenomics	0	0.234992072135771	997	229	591	232	591	351	10225	864	2082	roadmap_epigenomics H3K4me1	NA	NA	H3K4me1	NA	NA	E030-H3K4me1.narrowPeak	1	116739
1	68	roadmap_epigenomics	0	0.260368418264787	904	229	428	399	428	352	9648	957	2659	roadmap_epigenomics H2AK5ac	NA	NA	H2AK5ac	NA	NA	E005-H2AK5ac.narrowPeak	1	229817
1	758	roadmap_epigenomics	0	0.212844664206821	1150	229	749	77	749	352	10876	711	1431	roadmap_epigenomics H3K4me1	NA	NA	H3K4me1	NA	NA	E091-H3K4me1.narrowPeak	1	214541
1	41	roadmap_epigenomics	0	0.201965442114786	1367	229	820	10	820	353	11470	494	837	roadmap_epigenomics H4K8ac	NA	NA	H4K8ac	NA	NA	E003-H4K8ac.narrowPeak	1	371476
1	341	roadmap_epigenomics	0	0.23801960480144	980	229	567	264	567	353	10138	881	2169	roadmap_epigenomics H3K4me1	NA	NA	H3K4me1	NA	NA	E031-H3K4me1.narrowPeak	1	93412
1	88	roadmap_epigenomics	0	0.243977358250028	941	229	523	309	523	354	9937	920	2370	roadmap_epigenomics H4K91ac	NA	NA	H4K91ac	NA	NA	E005-H4K91ac.narrowPeak	1	249666
1	344	roadmap_epigenomics	0	0.297409744244119	855	229	343	490	490	354	9117	1006	3190	roadmap_epigenomics	NA	NA	NA	NA	NA	E032-DNase.hotspot.all.peaks.bed	1	81799
1	442	roadmap_epigenomics	0	0.309053194272207	845	229	326	510	510	355	8973	1016	3334	roadmap_epigenomics H3K4me3	NA	NA	H3K4me3	NA	NA	E046-H3K4me3.narrowPeak	1	33250
1	1034	roadmap_epigenomics	0	0.269306436272743	888	229	406	431	431	355	9503	973	2804	roadmap_epigenomics H3K4me3	NA	NA	H3K4me3	NA	NA	E123-H3K4me3.narrowPeak	1	62691
1	978	roadmap_epigenomics	0	0.208524048954273	1177	229	776	63	776	356	10977	684	1330	roadmap_epigenomics	NA	NA	NA	NA	NA	E119-DNase.macs2.narrowPeak	1	292840
1	1045	roadmap_epigenomics	0	0.21493423669895	1099	229	733	107	733	356	10711	762	1596	roadmap_epigenomics H3K4me1	NA	NA	H3K4me1	NA	NA	E124-H3K4me1.narrowPeak	1	127405
1	45	roadmap_epigenomics	0	0.203277464943698	1244	229	809	32	809	357	11180	617	1127	roadmap_epigenomics	NA	NA	NA	NA	NA	E004-DNase.macs2.narrowPeak	1	365365
1	380	roadmap_epigenomics	0	0.288813057932999	861	229	363	479	479	357	9216	1000	3091	roadmap_epigenomics H3K27ac	NA	NA	H3K27ac	NA	NA	E037-H3K27ac.narrowPeak	1	75646
1	325	roadmap_epigenomics	0	0.294611391568515	852	229	346	498	498	358	9124	1009	3183	roadmap_epigenomics	NA	NA	NA	NA	NA	E029-DNase.hotspot.all.peaks.bed	1	102960
1	44	roadmap_epigenomics	0	0.209918327888752	1146	229	768	81	768	359	10882	715	1425	roadmap_epigenomics	NA	NA	NA	NA	NA	E004-DNase.hotspot.fdr0.01.peaks.bed	1	238986
1	116	roadmap_epigenomics	0	0.330153688920315	821	229	295	554	554	359	8678	1040	3629	roadmap_epigenomics H2BK120ac	NA	NA	H2BK120ac	NA	NA	E007-H2BK120ac.narrowPeak	1	114993
1	136	roadmap_epigenomics	0	0.214068067662294	1105	229	743	104	743	359	10735	756	1572	roadmap_epigenomics	NA	NA	NA	NA	NA	E008-DNase.hotspot.fdr0.01.peaks.bed	1	189915
1	137	roadmap_epigenomics	0	0.205156383264679	1181	229	797	60	797	362	11007	680	1300	roadmap_epigenomics	NA	NA	NA	NA	NA	E008-DNase.macs2.narrowPeak	1	244359
1	55	roadmap_epigenomics	0	0.245892977613785	920	229	505	356	505	363	9834	941	2473	roadmap_epigenomics H3K4ac	NA	NA	H3K4ac	NA	NA	E004-H3K4ac.narrowPeak	1	176127
1	752	roadmap_epigenomics	0	0.251261699414175	908	229	474	390	474	364	9739	953	2568	roadmap_epigenomics	NA	NA	NA	NA	NA	E091-DNase.hotspot.all.peaks.bed	1	111776
1	201	roadmap_epigenomics	0	0.216161069989127	1052	229	715	150	715	365	10553	809	1754	roadmap_epigenomics H3K4me3	NA	NA	H3K4me3	NA	NA	E014-H3K4me3.narrowPeak	1	79278
1	66	roadmap_epigenomics	0	0.21227816297191	1085	229	753	119	753	367	10685	776	1622	roadmap_epigenomics	NA	NA	NA	NA	NA	E005-DNase.macs2.narrowPeak	1	271969
1	79	roadmap_epigenomics	0	0.211404446860111	1087	229	759	117	759	368	10697	774	1610	roadmap_epigenomics H3K4me1	NA	NA	H3K4me1	NA	NA	E005-H3K4me1.narrowPeak	1	297165
1	269	roadmap_epigenomics	0	0.22299872706998	1009	229	668	207	668	368	10357	852	1950	roadmap_epigenomics	NA	NA	NA	NA	NA	E021-DNase.hotspot.all.peaks.bed	1	111181
1	332	roadmap_epigenomics	0	0.313295982443955	820	229	319	556	556	368	8805	1041	3502	roadmap_epigenomics H3K4me3	NA	NA	H3K4me3	NA	NA	E029-H3K4me3.narrowPeak	1	29579
1	942	roadmap_epigenomics	0	0.206502563529907	1129	229	789	89	789	369	10854	732	1453	roadmap_epigenomics	NA	NA	NA	NA	NA	E116-DNase.macs2.narrowPeak	1	271082
1	363	roadmap_epigenomics	0	0.198570037840336	1240	229	848	34	848	370	11194	621	1113	roadmap_epigenomics	NA	NA	NA	NA	NA	E034-DNase.macs2.narrowPeak	1	416560
1	455	roadmap_epigenomics	0	0.278018982711978	851	229	377	503	503	370	9254	1010	3053	roadmap_epigenomics H3K4me3	NA	NA	H3K4me3	NA	NA	E048-H3K4me3.narrowPeak	1	54009
1	1003	roadmap_epigenomics	0	0.219728983454606	1021	229	688	193	688	370	10423	840	1884	roadmap_epigenomics H2A.Z	NA	NA	H2A.Z	NA	NA	E121-H2A.Z.narrowPeak	1	153394
1	754	roadmap_epigenomics	0	0.195204406348399	1365	229	871	12	871	371	11492	496	815	roadmap_epigenomics	NA	NA	NA	NA	NA	E091-DNase.macs2.narrowPeak	1	494002
1	1027	roadmap_epigenomics	0	0.200904102824981	1187	229	826	58	826	371	11047	674	1260	roadmap_epigenomics	NA	NA	NA	NA	NA	E123-DNase.macs2.narrowPeak	1	341769
1	128	roadmap_epigenomics	0	0.20500300079806	1138	229	799	87	799	372	10889	723	1418	roadmap_epigenomics H3K4me2	NA	NA	H3K4me2	NA	NA	E007-H3K4me2.narrowPeak	1	143005
1	368	roadmap_epigenomics	0	0.275484563094711	851	229	385	503	503	372	9275	1010	3032	roadmap_epigenomics H3K4me3	NA	NA	H3K4me3	NA	NA	E034-H3K4me3.narrowPeak	1	37067
1	438	roadmap_epigenomics	0	0.360244234633599	786	229	273	617	617	373	8245	1075	4062	roadmap_epigenomics H3K27ac	NA	NA	H3K27ac	NA	NA	E046-H3K27ac.narrowPeak	1	68379
1	811	roadmap_epigenomics	0	0.198281614310123	1224	229	850	40	850	373	11156	637	1151	roadmap_epigenomics	NA	NA	NA	NA	NA	E098-DNase.macs2.narrowPeak	1	349441
1	8	roadmap_epigenomics	0	0.338434952521428	793	229	287	606	606	374	8454	1068	3853	roadmap_epigenomics H3K36me3	NA	NA	H3K36me3	NA	NA	E002-H3K36me3.narrowPeak	1	284615
1	84	roadmap_epigenomics	0	0.270653051595635	854	229	399	494	494	374	9330	1007	2977	roadmap_epigenomics H3K9ac	NA	NA	H3K9ac	NA	NA	E005-H3K9ac.narrowPeak	1	76244
1	127	roadmap_epigenomics	0	0.232908353764139	965	229	607	285	607	374	10119	896	2188	roadmap_epigenomics H3K4me1	NA	NA	H3K4me1	NA	NA	E007-H3K4me1.narrowPeak	1	262404
1	149	roadmap_epigenomics	0	0.242735698615468	918	229	531	363	531	374	9851	943	2456	roadmap_epigenomics H3K27ac	NA	NA	H3K27ac	NA	NA	E008-H3K27ac.narrowPeak	1	220688
1	451	roadmap_epigenomics	0	0.308918155680105	817	229	327	566	566	374	8824	1044	3483	roadmap_epigenomics H3K27ac	NA	NA	H3K27ac	NA	NA	E048-H3K27ac.narrowPeak	1	60881
1	28	roadmap_epigenomics	0	0.585167613126166	759	229	235	664	664	376	6654	1102	5653	roadmap_epigenomics H3K27me3	NA	NA	H3K27me3	NA	NA	E003-H3K27me3.narrowPeak	1	123423
1	943	roadmap_epigenomics	0	0.269710221807505	853	229	403	497	497	376	9333	1008	2974	roadmap_epigenomics H2A.Z	NA	NA	H2A.Z	NA	NA	E116-H2A.Z.narrowPeak	1	84270
1	26	roadmap_epigenomics	0	0.246175018917861	904	229	504	399	504	377	9763	957	2544	roadmap_epigenomics H3K23me2	NA	NA	H3K23me2	NA	NA	E003-H3K23me2.narrowPeak	1	95590
1	390	roadmap_epigenomics	0	0.267770684860695	855	229	412	490	490	377	9359	1006	2948	roadmap_epigenomics H3K4me3	NA	NA	H3K4me3	NA	NA	E038-H3K4me3.narrowPeak	1	51910
1	794	roadmap_epigenomics	0	0.215237998887524	1032	229	727	176	727	377	10493	829	1814	roadmap_epigenomics H3K27ac	NA	NA	H3K27ac	NA	NA	E096-H3K27ac.narrowPeak	1	220045
1	1112	ucsc_features	0	0.275979877087594	840	229	383	518	518	377	9216	1021	3091	UCSC CpG islands	NA	NA	NA	NA	NA	cpgIslandExt.bed	1	28633
1	111	roadmap_epigenomics	0	0.211226443908625	1059	229	762	142	762	378	10610	802	1697	roadmap_epigenomics H4K91ac	NA	NA	H4K91ac	NA	NA	E006-H4K91ac.narrowPeak	1	234539
1	278	roadmap_epigenomics	0	0.218260086053894	1009	229	699	207	699	378	10392	852	1915	roadmap_epigenomics	NA	NA	NA	NA	NA	E022-DNase.hotspot.all.peaks.bed	1	119252
1	518	roadmap_epigenomics	0	0.198916617781976	1174	229	842	64	842	378	11024	687	1283	roadmap_epigenomics	NA	NA	NA	NA	NA	E057-DNase.macs2.narrowPeak	1	290255
1	740	roadmap_epigenomics	0	0.201737134922048	1143	229	823	83	823	378	10923	718	1384	roadmap_epigenomics H3K4me1	NA	NA	H3K4me1	NA	NA	E089-H3K4me1.narrowPeak	1	234241
1	467	roadmap_epigenomics	0	0.264717134066307	856	229	419	488	488	379	9389	1005	2918	roadmap_epigenomics H3K27ac	NA	NA	H3K27ac	NA	NA	E050-H3K27ac.narrowPeak	1	105551
1	96	roadmap_epigenomics	0	0.267462587114342	852	229	414	498	498	380	9347	1009	2960	roadmap_epigenomics H2BK5ac	NA	NA	H2BK5ac	NA	NA	E006-H2BK5ac.narrowPeak	1	169022
1	361	roadmap_epigenomics	0	0.276904059683898	835	229	381	529	529	380	9183	1026	3124	roadmap_epigenomics	NA	NA	NA	NA	NA	E034-DNase.hotspot.all.peaks.bed	1	81127
1	285	roadmap_epigenomics	0	0.212393049924351	1047	229	752	161	752	381	10563	814	1744	roadmap_epigenomics H3K4me3	NA	NA	H3K4me3	NA	NA	E022-H3K4me3.narrowPeak	1	75387
1	67	roadmap_epigenomics	0	0.201624691005829	1125	229	824	94	824	382	10873	736	1434	roadmap_epigenomics H2A.Z	NA	NA	H2A.Z	NA	NA	E005-H2A.Z.narrowPeak	1	202104
1	397	roadmap_epigenomics	0	0.242189746156098	912	229	535	381	535	382	9830	949	2477	roadmap_epigenomics H3K4me3	NA	NA	H3K4me3	NA	NA	E039-H3K4me3.narrowPeak	1	51115
1	351	roadmap_epigenomics	0	0.2924783450053	817	229	353	566	566	383	8959	1044	3348	roadmap_epigenomics H3K4me3	NA	NA	H3K4me3	NA	NA	E032-H3K4me3.narrowPeak	1	31423
1	13	roadmap_epigenomics	0	0.21914341011154	997	229	691	232	691	384	10343	864	1964	roadmap_epigenomics	NA	NA	NA	NA	NA	E003-DNase.hotspot.all.peaks.bed	1	111055
1	72	roadmap_epigenomics	0	0.230572990801924	947	229	622	301	622	384	10067	914	2240	roadmap_epigenomics H3K14ac	NA	NA	H3K14ac	NA	NA	E005-H3K14ac.narrowPeak	1	204548
1	755	roadmap_epigenomics	0	0.278434853124252	825	229	376	548	548	384	9119	1036	3188	roadmap_epigenomics H3K27ac	NA	NA	H3K27ac	NA	NA	E091-H3K27ac.narrowPeak	1	113281
1	148	roadmap_epigenomics	0	0.20741944522578	1051	229	779	151	779	386	10611	810	1696	roadmap_epigenomics H3K23me2	NA	NA	H3K23me2	NA	NA	E008-H3K23me2.narrowPeak	1	123622
1	771	roadmap_epigenomics	0	0.218022956788754	998	229	701	229	701	386	10355	863	1952	roadmap_epigenomics	NA	NA	NA	NA	NA	E093-DNase.hotspot.fdr0.01.peaks.bed	1	133624
1	1036	roadmap_epigenomics	0	0.311443427565845	792	229	322	607	607	386	8665	1069	3642	roadmap_epigenomics H3K9ac	NA	NA	H3K9ac	NA	NA	E123-H3K9ac.narrowPeak	1	48136
1	860	roadmap_epigenomics	0	0.192038343244062	1215	229	888	44	888	387	11167	646	1140	roadmap_epigenomics H3K27ac	NA	NA	H3K27ac	NA	NA	E105-H3K27ac.narrowPeak	1	294261
1	384	roadmap_epigenomics	0	0.266536122502105	840	229	416	518	518	388	9296	1021	3011	roadmap_epigenomics H3K4me3	NA	NA	H3K4me3	NA	NA	E037-H3K4me3.narrowPeak	1	49554
1	409	roadmap_epigenomics	0	0.244059379408205	897	229	521	415	521	388	9750	964	2557	roadmap_epigenomics H3K4me3	NA	NA	H3K4me3	NA	NA	E041-H3K4me3.narrowPeak	1	57727
1	364	roadmap_epigenomics	0	0.336249977168794	766	229	290	647	647	389	8312	1095	3995	roadmap_epigenomics H3K27ac	NA	NA	H3K27ac	NA	NA	E034-H3K27ac.narrowPeak	1	78882
1	770	roadmap_epigenomics	0	0.252746488755112	865	229	463	474	474	389	9533	996	2774	roadmap_epigenomics	NA	NA	NA	NA	NA	E093-DNase.hotspot.all.peaks.bed	1	86221
1	1042	roadmap_epigenomics	0	0.261994606247924	844	229	426	512	512	389	9354	1017	2953	roadmap_epigenomics H3K27ac	NA	NA	H3K27ac	NA	NA	E124-H3K27ac.narrowPeak	1	154618
1	275	roadmap_epigenomics	0	0.273821270704109	822	229	389	551	551	390	9143	1039	3164	roadmap_epigenomics H3K4me1	NA	NA	H3K4me1	NA	NA	E021-H3K4me1.narrowPeak	1	187283
1	810	roadmap_epigenomics	0	0.21657219395777	1000	229	714	226	714	390	10373	861	1934	roadmap_epigenomics	NA	NA	NA	NA	NA	E098-DNase.hotspot.fdr0.01.peaks.bed	1	150516
1	915	roadmap_epigenomics	0	0.219811185552838	987	229	687	253	687	390	10302	874	2005	roadmap_epigenomics H3K36me3	NA	NA	H3K36me3	NA	NA	E113-H3K36me3.narrowPeak	1	279691
1	448	roadmap_epigenomics	0	0.26387060133993	838	229	420	524	524	391	9309	1023	2998	roadmap_epigenomics H3K4me3	NA	NA	H3K4me3	NA	NA	E047-H3K4me3.narrowPeak	1	39614
1	936	roadmap_epigenomics	0	0.282231563273103	812	229	369	576	576	391	9019	1049	3288	roadmap_epigenomics H3K4me2	NA	NA	H3K4me2	NA	NA	E115-H3K4me2.narrowPeak	1	70834
1	342	roadmap_epigenomics	0	0.296232486019619	794	229	344	603	603	392	8803	1067	3504	roadmap_epigenomics H3K4me3	NA	NA	H3K4me3	NA	NA	E031-H3K4me3.narrowPeak	1	39890
1	477	roadmap_epigenomics	0	0.334637415447372	763	229	293	654	654	392	8307	1098	4000	roadmap_epigenomics H3K36me3	NA	NA	H3K36me3	NA	NA	E051-H3K36me3.narrowPeak	1	355912
1	692	roadmap_epigenomics	0	0.211262106968952	1027	229	761	185	761	392	10505	834	1802	roadmap_epigenomics	NA	NA	NA	NA	NA	E084-DNase.hotspot.fdr0.01.peaks.bed	1	168261
1	837	roadmap_epigenomics	0	0.20486201010729	1057	229	802	144	802	392	10648	804	1659	roadmap_epigenomics H3K4me3	NA	NA	H3K4me3	NA	NA	E101-H3K4me3.narrowPeak	1	96726
1	844	roadmap_epigenomics	0	0.209652170326415	1031	229	770	177	770	392	10530	830	1777	roadmap_epigenomics H3K4me3	NA	NA	H3K4me3	NA	NA	E102-H3K4me3.narrowPeak	1	83775
1	991	roadmap_epigenomics	0	0.235983036270526	918	229	585	363	585	392	9906	943	2401	roadmap_epigenomics H2A.Z	NA	NA	H2A.Z	NA	NA	E120-H2A.Z.narrowPeak	1	101641
1	920	roadmap_epigenomics	0	0.250143640897347	868	229	481	470	481	393	9569	993	2738	roadmap_epigenomics H2A.Z	NA	NA	H2A.Z	NA	NA	E114-H2A.Z.narrowPeak	1	88217
1	378	roadmap_epigenomics	0	0.226873244348562	941	229	643	309	643	394	10073	920	2234	roadmap_epigenomics H3K4me3	NA	NA	H3K4me3	NA	NA	E036-H3K4me3.narrowPeak	1	56252
1	931	roadmap_epigenomics	0	0.314811170629692	775	229	316	636	636	394	8540	1086	3767	roadmap_epigenomics H2A.Z	NA	NA	H2A.Z	NA	NA	E115-H2A.Z.narrowPeak	1	84931
1	318	roadmap_epigenomics	0	0.209248918918899	1028	229	773	184	773	395	10523	833	1784	roadmap_epigenomics	NA	NA	NA	NA	NA	E028-DNase.hotspot.fdr0.01.peaks.bed	1	186595
1	405	roadmap_epigenomics	0	0.274068296233954	816	229	388	568	568	395	9110	1045	3197	roadmap_epigenomics H3K27ac	NA	NA	H3K27ac	NA	NA	E041-H3K27ac.narrowPeak	1	106442
1	629	roadmap_epigenomics	0	0.20184610185662	1066	229	822	135	822	395	10697	795	1610	roadmap_epigenomics H3K4me3	NA	NA	H3K4me3	NA	NA	E075-H3K4me3.narrowPeak	1	84678
1	691	roadmap_epigenomics	0	0.259055646295766	839	229	435	522	522	395	9355	1022	2952	roadmap_epigenomics	NA	NA	NA	NA	NA	E084-DNase.hotspot.all.peaks.bed	1	97138
1	815	roadmap_epigenomics	0	0.189054662308744	1191	229	905	52	905	395	11124	670	1183	roadmap_epigenomics H3K4me1	NA	NA	H3K4me1	NA	NA	E098-H3K4me1.narrowPeak	1	293089
1	454	roadmap_epigenomics	0	0.227524382574121	936	229	637	322	637	396	10048	925	2259	roadmap_epigenomics H3K4me1	NA	NA	H3K4me1	NA	NA	E048-H3K4me1.narrowPeak	1	144692
1	549	roadmap_epigenomics	0	0.246546022643144	876	229	503	455	503	396	9636	985	2671	roadmap_epigenomics H3K4me3	NA	NA	H3K4me3	NA	NA	E062-H3K4me3.narrowPeak	1	34361
1	143	roadmap_epigenomics	0	0.360613436140769	739	229	272	691	691	397	7953	1122	4354	roadmap_epigenomics H2BK20ac	NA	NA	H2BK20ac	NA	NA	E008-H2BK20ac.narrowPeak	1	115394
1	319	roadmap_epigenomics	0	0.196243265493512	1108	229	863	99	863	397	10859	753	1448	roadmap_epigenomics	NA	NA	NA	NA	NA	E028-DNase.macs2.narrowPeak	1	247966
1	479	roadmap_epigenomics	0	0.200012582906001	1073	229	834	127	834	397	10731	788	1576	roadmap_epigenomics H3K4me3	NA	NA	H3K4me3	NA	NA	E051-H3K4me3.narrowPeak	1	94048
1	220	roadmap_epigenomics	0	0.186713677768538	1216	229	921	43	921	398	11198	645	1109	roadmap_epigenomics	NA	NA	NA	NA	NA	E017-DNase.macs2.narrowPeak	1	398131
1	296	roadmap_epigenomics	0	0.209824450959686	1017	229	769	197	769	398	10482	844	1825	roadmap_epigenomics H3K4me3	NA	NA	H3K4me3	NA	NA	E024-H3K4me3.narrowPeak	1	73602
1	347	roadmap_epigenomics	0	0.376672924480916	735	229	264	700	700	398	7804	1126	4503	roadmap_epigenomics H3K27ac	NA	NA	H3K27ac	NA	NA	E032-H3K27ac.narrowPeak	1	65724
1	1065	roadmap_epigenomics	0	0.27175908668702	816	229	396	568	568	398	9130	1045	3177	roadmap_epigenomics H2A.Z	NA	NA	H2A.Z	NA	NA	E126-H2A.Z.narrowPeak	1	69033
1	415	roadmap_epigenomics	0	0.245719576374149	874	229	506	463	506	399	9634	987	2673	roadmap_epigenomics H3K4me3	NA	NA	H3K4me3	NA	NA	E042-H3K4me3.narrowPeak	1	58292
1	759	roadmap_epigenomics	0	0.255917978974027	841	229	451	516	516	399	9392	1020	2915	roadmap_epigenomics H3K4me3	NA	NA	H3K4me3	NA	NA	E091-H3K4me3.narrowPeak	1	33481
1	773	roadmap_epigenomics	0	0.268475924191293	820	229	411	556	556	399	9179	1041	3128	roadmap_epigenomics H3K27ac	NA	NA	H3K27ac	NA	NA	E093-H3K27ac.narrowPeak	1	114812
1	870	roadmap_epigenomics	0	0.234568112023211	914	229	594	375	594	399	9901	947	2406	roadmap_epigenomics H3K4me3	NA	NA	H3K4me3	NA	NA	E106-H3K4me3.narrowPeak	1	68861
1	642	roadmap_epigenomics	0	0.19727957796026	1092	229	857	113	857	400	10806	769	1501	roadmap_epigenomics H3K4me3	NA	NA	H3K4me3	NA	NA	E077-H3K4me3.narrowPeak	1	105842
1	512	roadmap_epigenomics	0	0.214118234076703	997	229	741	232	741	401	10381	864	1926	roadmap_epigenomics H3K36me3	NA	NA	H3K36me3	NA	NA	E056-H3K36me3.narrowPeak	1	339193
1	565	roadmap_epigenomics	0	0.236793741801168	906	229	577	398	577	401	9849	955	2458	roadmap_epigenomics H3K27ac	NA	NA	H3K27ac	NA	NA	E066-H3K27ac.narrowPeak	1	117377
1	966	roadmap_epigenomics	0	0.185168075735646	1217	229	932	42	932	401	11209	644	1098	roadmap_epigenomics	NA	NA	NA	NA	NA	E118-DNase.macs2.narrowPeak	1	277975
1	1029	roadmap_epigenomics	0	0.305083416806668	774	229	336	637	637	401	8616	1087	3691	roadmap_epigenomics H3K27ac	NA	NA	H3K27ac	NA	NA	E123-H3K27ac.narrowPeak	1	72757
1	427	roadmap_epigenomics	0	0.235762922070572	908	229	587	390	587	402	9866	953	2441	roadmap_epigenomics H3K4me3	NA	NA	H3K4me3	NA	NA	E044-H3K4me3.narrowPeak	1	48938
1	785	roadmap_epigenomics	0	0.198700032713757	1071	229	845	131	845	402	10734	790	1573	roadmap_epigenomics H3K4me1	NA	NA	H3K4me1	NA	NA	E094-H3K4me1.narrowPeak	1	238260
1	215	roadmap_epigenomics	0	0.206547017473119	1019	229	786	195	786	403	10513	842	1794	roadmap_epigenomics H3K4me3	NA	NA	H3K4me3	NA	NA	E016-H3K4me3.narrowPeak	1	59426
1	350	roadmap_epigenomics	0	0.194699478856871	1102	229	874	105	874	403	10852	759	1455	roadmap_epigenomics H3K4me1	NA	NA	H3K4me1	NA	NA	E032-H3K4me1.narrowPeak	1	167617
1	892	roadmap_epigenomics	0	0.233943456753757	913	229	603	376	603	403	9902	948	2405	roadmap_epigenomics H3K4me3	NA	NA	H3K4me3	NA	NA	E109-H3K4me3.narrowPeak	1	65084
1	171	roadmap_epigenomics	0	0.562150216584935	699	229	239	743	743	404	6362	1162	5945	roadmap_epigenomics H3K9me3	NA	NA	H3K9me3	NA	NA	E009-H3K9me3.narrowPeak	1	190181
1	328	roadmap_epigenomics	0	0.344636460944245	729	229	281	703	703	404	8017	1132	4290	roadmap_epigenomics H3K27ac	NA	NA	H3K27ac	NA	NA	E029-H3K27ac.narrowPeak	1	61033
1	556	roadmap_epigenomics	0	0.202833109073363	1037	229	812	171	812	404	10599	824	1708	roadmap_epigenomics H3K4me3	NA	NA	H3K4me3	NA	NA	E063-H3K4me3.narrowPeak	1	87655
1	937	roadmap_epigenomics	0	0.31202355181165	760	229	321	662	662	404	8476	1101	3831	roadmap_epigenomics H3K4me3	NA	NA	H3K4me3	NA	NA	E115-H3K4me3.narrowPeak	1	45841
1	272	roadmap_epigenomics	0	0.335223965963897	738	229	292	694	694	405	8150	1123	4157	roadmap_epigenomics H3K27ac	NA	NA	H3K27ac	NA	NA	E021-H3K27ac.narrowPeak	1	103584
1	393	roadmap_epigenomics	0	0.288572205342971	783	229	364	622	622	405	8808	1078	3499	roadmap_epigenomics H3K27ac	NA	NA	H3K27ac	NA	NA	E039-H3K27ac.narrowPeak	1	79843
1	1090	roadmap_epigenomics	0	0.266145034409832	816	229	417	568	568	405	9179	1045	3128	roadmap_epigenomics H2A.Z	NA	NA	H2A.Z	NA	NA	E128-H2A.Z.narrowPeak	1	88185
1	403	roadmap_epigenomics	0	0.257361562916569	826	229	442	546	546	406	9306	1035	3001	roadmap_epigenomics H3K4me3	NA	NA	H3K4me3	NA	NA	E040-H3K4me3.narrowPeak	1	63472
1	676	roadmap_epigenomics	0	0.186401279676251	1169	229	923	66	923	406	11084	692	1223	roadmap_epigenomics	NA	NA	NA	NA	NA	E082-DNase.macs2.narrowPeak	1	496530
1	814	roadmap_epigenomics	0	0.236822672059381	899	229	576	412	576	406	9819	962	2488	roadmap_epigenomics H3K36me3	NA	NA	H3K36me3	NA	NA	E098-H3K36me3.narrowPeak	1	278364
1	866	roadmap_epigenomics	0	0.224848405656497	931	229	655	334	655	406	10050	930	2257	roadmap_epigenomics H3K27ac	NA	NA	H3K27ac	NA	NA	E106-H3K27ac.narrowPeak	1	184602
1	63	roadmap_epigenomics	0	0.242852450528471	871	229	528	465	528	407	9645	990	2662	roadmap_epigenomics H4K8ac	NA	NA	H4K8ac	NA	NA	E004-H4K8ac.narrowPeak	1	131576
1	781	roadmap_epigenomics	0	0.207975786432632	1007	229	778	214	778	407	10462	854	1845	roadmap_epigenomics	NA	NA	NA	NA	NA	E094-DNase.macs2.narrowPeak	1	205035
1	386	roadmap_epigenomics	0	0.306716383644656	761	229	333	661	661	408	8527	1100	3780	roadmap_epigenomics H3K27ac	NA	NA	H3K27ac	NA	NA	E038-H3K27ac.narrowPeak	1	50328
1	885	roadmap_epigenomics	0	0.238000878570152	889	229	568	428	568	408	9766	972	2541	roadmap_epigenomics	NA	NA	NA	NA	NA	E109-DNase.hotspot.all.peaks.bed	1	108993
1	951	roadmap_epigenomics	0	0.295946179014932	764	229	345	651	651	408	8637	1097	3670	roadmap_epigenomics H3K9ac	NA	NA	H3K9ac	NA	NA	E116-H3K9ac.narrowPeak	1	50567
1	69	roadmap_epigenomics	0	0.224005456522433	929	229	661	337	661	409	10049	932	2258	roadmap_epigenomics H2BK120ac	NA	NA	H2BK120ac	NA	NA	E005-H2BK120ac.narrowPeak	1	261051
1	295	roadmap_epigenomics	0	0.184573127489296	1179	229	935	62	935	409	11120	682	1187	roadmap_epigenomics H3K4me1	NA	NA	H3K4me1	NA	NA	E024-H3K4me1.narrowPeak	1	357319
1	433	roadmap_epigenomics	0	0.241085285789703	877	229	545	454	545	409	9687	984	2620	roadmap_epigenomics H3K4me3	NA	NA	H3K4me3	NA	NA	E045-H3K4me3.narrowPeak	1	50440
1	19	roadmap_epigenomics	0	0.344641204808819	715	229	280	722	722	410	7928	1146	4379	roadmap_epigenomics H2BK12ac	NA	NA	H2BK12ac	NA	NA	E003-H2BK12ac.narrowPeak	1	175406
1	367	roadmap_epigenomics	0	0.188423735003685	1127	229	910	91	910	410	10962	734	1345	roadmap_epigenomics H3K4me1	NA	NA	H3K4me1	NA	NA	E034-H3K4me1.narrowPeak	1	198110
1	421	roadmap_epigenomics	0	0.235858277735672	895	229	586	419	586	411	9810	966	2497	roadmap_epigenomics H3K4me3	NA	NA	H3K4me3	NA	NA	E043-H3K4me3.narrowPeak	1	41721
1	444	roadmap_epigenomics	0	0.327830433113108	726	229	297	707	707	411	8137	1135	4170	roadmap_epigenomics H3K27ac	NA	NA	H3K27ac	NA	NA	E047-H3K27ac.narrowPeak	1	44461
1	688	roadmap_epigenomics	0	0.236179370902852	894	229	583	421	583	411	9803	967	2504	roadmap_epigenomics H3K4me3	NA	NA	H3K4me3	NA	NA	E083-H3K4me3.narrowPeak	1	112073
1	840	roadmap_epigenomics	0	0.237213009602001	887	229	573	432	573	411	9764	974	2543	roadmap_epigenomics H3K27ac	NA	NA	H3K27ac	NA	NA	E102-H3K27ac.narrowPeak	1	127503
1	939	roadmap_epigenomics	0	0.30461691595666	755	229	337	670	670	412	8510	1106	3797	roadmap_epigenomics H3K9ac	NA	NA	H3K9ac	NA	NA	E115-H3K9ac.narrowPeak	1	45532
1	478	roadmap_epigenomics	0	0.180730851507132	1190	229	956	53	956	413	11169	671	1138	roadmap_epigenomics H3K4me1	NA	NA	H3K4me1	NA	NA	E051-H3K4me1.narrowPeak	1	222976
1	550	roadmap_epigenomics	0	0.201852901161146	1023	229	821	189	821	413	10561	838	1746	roadmap_epigenomics H3K9ac	NA	NA	H3K9ac	NA	NA	E062-H3K9ac.narrowPeak	1	142197
1	191	roadmap_epigenomics	0	0.270849884497261	787	229	398	615	615	414	8986	1074	3321	roadmap_epigenomics H3K27ac	NA	NA	H3K27ac	NA	NA	E013-H3K27ac.narrowPeak	1	139221
1	317	roadmap_epigenomics	0	0.252891885018261	822	229	462	551	551	414	9326	1039	2981	roadmap_epigenomics	NA	NA	NA	NA	NA	E028-DNase.hotspot.all.peaks.bed	1	103263
1	117	roadmap_epigenomics	0	0.358020505255966	700	229	275	742	742	415	7722	1161	4585	roadmap_epigenomics H2BK12ac	NA	NA	H2BK12ac	NA	NA	E007-H2BK12ac.narrowPeak	1	126786
1	519	roadmap_epigenomics	0	0.392899326368284	694	229	262	753	753	415	7411	1167	4896	roadmap_epigenomics H3K27me3	NA	NA	H3K27me3	NA	NA	E057-H3K27me3.narrowPeak	1	98301
1	990	roadmap_epigenomics	0	0.182829037644147	1151	229	941	74	941	415	11060	710	1247	roadmap_epigenomics	NA	NA	NA	NA	NA	E120-DNase.macs2.narrowPeak	1	386665
1	389	roadmap_epigenomics	0	0.21574457197461	948	229	720	299	720	416	10190	913	2117	roadmap_epigenomics H3K4me1	NA	NA	H3K4me1	NA	NA	E038-H3K4me1.narrowPeak	1	143594
1	429	roadmap_epigenomics	0	0.278938265153489	768	229	374	644	644	416	8810	1093	3497	roadmap_epigenomics H3K27ac	NA	NA	H3K27ac	NA	NA	E045-H3K27ac.narrowPeak	1	75442
1	651	roadmap_epigenomics	0	0.232145679047642	902	229	615	403	615	416	9871	959	2436	roadmap_epigenomics H3K27ac	NA	NA	H3K27ac	NA	NA	E079-H3K27ac.narrowPeak	1	156932
1	744	roadmap_epigenomics	0	0.196823740305239	1048	229	860	158	860	416	10677	813	1630	roadmap_epigenomics	NA	NA	NA	NA	NA	E090-DNase.hotspot.fdr0.01.peaks.bed	1	219306
1	251	roadmap_epigenomics	0	0.198707154784445	1031	229	844	177	844	417	10610	830	1697	roadmap_epigenomics H3K4me1	NA	NA	H3K4me1	NA	NA	E018-H3K4me1.narrowPeak	1	334991
1	833	roadmap_epigenomics	0	0.220501240938924	928	229	682	340	682	417	10074	933	2233	roadmap_epigenomics H3K27ac	NA	NA	H3K27ac	NA	NA	E101-H3K27ac.narrowPeak	1	137582
1	932	roadmap_epigenomics	0	0.313701243301501	728	229	317	704	704	417	8270	1133	4037	roadmap_epigenomics H3K27ac	NA	NA	H3K27ac	NA	NA	E115-H3K27ac.narrowPeak	1	105299
1	944	roadmap_epigenomics	0	0.279195474129008	765	229	373	648	648	417	8791	1096	3516	roadmap_epigenomics H3K27ac	NA	NA	H3K27ac	NA	NA	E116-H3K27ac.narrowPeak	1	78915
1	99	roadmap_epigenomics	0	0.187164078024376	1097	229	918	108	918	418	10888	764	1419	roadmap_epigenomics H3K23ac	NA	NA	H3K23ac	NA	NA	E006-H3K23ac.narrowPeak	1	220387
1	399	roadmap_epigenomics	0	0.316816342687215	723	229	310	714	714	418	8212	1138	4095	roadmap_epigenomics H3K27ac	NA	NA	H3K27ac	NA	NA	E040-H3K27ac.narrowPeak	1	50690
1	423	roadmap_epigenomics	0	0.301648438905282	745	229	339	686	686	418	8477	1116	3830	roadmap_epigenomics H3K27ac	NA	NA	H3K27ac	NA	NA	E044-H3K27ac.narrowPeak	1	85187
1	727	roadmap_epigenomics	0	0.170936839732011	1256	229	998	28	998	418	11371	605	936	roadmap_epigenomics	NA	NA	NA	NA	NA	E088-DNase.macs2.narrowPeak	1	530673
1	71	roadmap_epigenomics	0	0.222341285857971	920	229	671	356	671	419	10027	941	2280	roadmap_epigenomics H2BK5ac	NA	NA	H2BK5ac	NA	NA	E005-H2BK5ac.narrowPeak	1	228979
1	105	roadmap_epigenomics	0	0.18832845024639	1087	229	912	117	912	419	10852	774	1455	roadmap_epigenomics H3K4me2	NA	NA	H3K4me2	NA	NA	E006-H3K4me2.narrowPeak	1	170555
1	359	roadmap_epigenomics	0	0.250293758923698	825	229	479	548	548	419	9364	1036	2943	roadmap_epigenomics H3K4me3	NA	NA	H3K4me3	NA	NA	E033-H3K4me3.narrowPeak	1	42864
1	411	roadmap_epigenomics	0	0.292551675981179	751	229	352	675	675	419	8592	1110	3715	roadmap_epigenomics H3K27ac	NA	NA	H3K27ac	NA	NA	E042-H3K27ac.narrowPeak	1	68927
1	649	roadmap_epigenomics	0	0.195294655594263	1048	229	869	158	869	419	10688	813	1619	roadmap_epigenomics H3K4me3	NA	NA	H3K4me3	NA	NA	E078-H3K4me3.narrowPeak	1	74526
1	693	roadmap_epigenomics	0	0.186398687967979	1106	229	924	103	924	419	10918	755	1389	roadmap_epigenomics	NA	NA	NA	NA	NA	E084-DNase.macs2.narrowPeak	1	291379
1	447	roadmap_epigenomics	0	0.20642407972744	993	229	790	241	790	420	10426	868	1881	roadmap_epigenomics H3K4me1	NA	NA	H3K4me1	NA	NA	E047-H3K4me1.narrowPeak	1	124596
1	471	roadmap_epigenomics	0	0.204590622154622	1000	229	806	226	806	420	10464	861	1843	roadmap_epigenomics H3K4me3	NA	NA	H3K4me3	NA	NA	E050-H3K4me3.narrowPeak	1	62120
1	702	roadmap_epigenomics	0	0.197047003380245	1036	229	859	172	859	420	10638	825	1669	roadmap_epigenomics	NA	NA	NA	NA	NA	E085-DNase.macs2.narrowPeak	1	231841
1	864	roadmap_epigenomics	0	0.209349267572975	984	229	772	259	772	420	10372	877	1935	roadmap_epigenomics H3K4me3	NA	NA	H3K4me3	NA	NA	E105-H3K4me3.narrowPeak	1	41900
1	152	roadmap_epigenomics	0	0.3295359072299	705	229	296	739	739	421	7990	1156	4317	roadmap_epigenomics H3K4ac	NA	NA	H3K4ac	NA	NA	E008-H3K4ac.narrowPeak	1	70510
1	886	roadmap_epigenomics	0	0.198250841029405	1029	229	851	182	851	421	10607	832	1700	roadmap_epigenomics	NA	NA	NA	NA	NA	E109-DNase.hotspot.fdr0.01.peaks.bed	1	173129
1	887	roadmap_epigenomics	0	0.175683029104165	1190	229	980	53	980	421	11198	671	1109	roadmap_epigenomics	NA	NA	NA	NA	NA	E109-DNase.macs2.narrowPeak	1	334231
1	516	roadmap_epigenomics	0	0.269616778243634	776	229	404	633	633	422	8938	1085	3369	roadmap_epigenomics	NA	NA	NA	NA	NA	E057-DNase.hotspot.all.peaks.bed	1	102170
1	1052	roadmap_epigenomics	0	0.179960537313412	1150	229	960	77	960	422	11075	711	1232	roadmap_epigenomics	NA	NA	NA	NA	NA	E125-DNase.macs2.narrowPeak	1	363159
1	533	roadmap_epigenomics	0	0.225610490165324	908	229	650	390	650	423	9951	953	2356	roadmap_epigenomics H3K27ac	NA	NA	H3K27ac	NA	NA	E059-H3K27ac.narrowPeak	1	103939
1	954	roadmap_epigenomics	0	0.199308489987264	1015	229	840	200	840	423	10554	846	1753	roadmap_epigenomics	NA	NA	NA	NA	NA	E117-DNase.macs2.narrowPeak	1	206823
1	115	roadmap_epigenomics	0	0.351769031133693	686	229	278	765	765	424	7680	1175	4627	roadmap_epigenomics H2AK5ac	NA	NA	H2AK5ac	NA	NA	E007-H2AK5ac.narrowPeak	1	115306
1	736	roadmap_epigenomics	0	0.168889944626903	1238	229	1007	35	1007	424	11343	623	964	roadmap_epigenomics	NA	NA	NA	NA	NA	E089-DNase.macs2.narrowPeak	1	465721
1	812	roadmap_epigenomics	0	0.245592949850311	832	229	508	536	536	424	9440	1029	2867	roadmap_epigenomics H3K27ac	NA	NA	H3K27ac	NA	NA	E098-H3K27ac.narrowPeak	1	102275
1	907	roadmap_epigenomics	0	0.246815090923661	827	229	500	543	543	424	9405	1034	2902	roadmap_epigenomics H3K27ac	NA	NA	H3K27ac	NA	NA	E112-H3K27ac.narrowPeak	1	123630
1	86	roadmap_epigenomics	0	0.185223178714109	1088	229	931	115	931	425	10876	773	1431	roadmap_epigenomics H4K12ac	NA	NA	H4K12ac	NA	NA	E005-H4K12ac.narrowPeak	1	157052
1	567	roadmap_epigenomics	0	0.29084007866477	741	229	358	689	689	425	8549	1120	3758	roadmap_epigenomics H3K36me3	NA	NA	H3K36me3	NA	NA	E066-H3K36me3.narrowPeak	1	303329
1	1	roadmap_epigenomics	0	0.649610124560195	654	229	223	827	827	426	5597	1207	6710	roadmap_epigenomics H3K27me3	NA	NA	H3K27me3	NA	NA	E001-H3K27me3.narrowPeak	1	93339
1	470	roadmap_epigenomics	0	0.170364309385038	1199	229	1001	48	1001	426	11249	662	1058	roadmap_epigenomics H3K4me1	NA	NA	H3K4me1	NA	NA	E050-H3K4me1.narrowPeak	1	180375
1	802	roadmap_epigenomics	0	0.166062476541662	1248	229	1020	30	1020	426	11379	613	928	roadmap_epigenomics	NA	NA	NA	NA	NA	E097-DNase.macs2.narrowPeak	1	492363
1	208	roadmap_epigenomics	0	0.195508056293365	1027	229	868	185	868	427	10621	834	1686	roadmap_epigenomics H3K4me3	NA	NA	H3K4me3	NA	NA	E015-H3K4me3.narrowPeak	1	70722
1	312	roadmap_epigenomics	0	0.252105426016644	806	229	466	587	587	427	9254	1055	3053	roadmap_epigenomics H3K36me3	NA	NA	H3K36me3	NA	NA	E027-H3K36me3.narrowPeak	1	455177
1	395	roadmap_epigenomics	0	0.299886723990143	725	229	340	711	711	427	8373	1136	3934	roadmap_epigenomics H3K36me3	NA	NA	H3K36me3	NA	NA	E039-H3K36me3.narrowPeak	1	205683
1	545	roadmap_epigenomics	0	0.33305307930918	690	229	294	757	757	427	7863	1171	4444	roadmap_epigenomics H3K27ac	NA	NA	H3K27ac	NA	NA	E062-H3K27ac.narrowPeak	1	51862
1	113	roadmap_epigenomics	0	0.204191851225655	990	229	808	248	808	428	10433	871	1874	roadmap_epigenomics	NA	NA	NA	NA	NA	E007-DNase.hotspot.fdr0.01.peaks.bed	1	135081
1	762	roadmap_epigenomics	0	0.18332171723915	1088	229	939	115	939	428	10889	773	1418	roadmap_epigenomics	NA	NA	NA	NA	NA	E092-DNase.hotspot.fdr0.01.peaks.bed	1	194389
1	349	roadmap_epigenomics	0	0.338059793281945	684	229	288	770	770	429	7781	1177	4526	roadmap_epigenomics H3K36me3	NA	NA	H3K36me3	NA	NA	E032-H3K36me3.narrowPeak	1	342847
1	532	roadmap_epigenomics	0	0.172599185542627	1156	229	988	71	988	429	11135	705	1172	roadmap_epigenomics	NA	NA	NA	NA	NA	E059-DNase.macs2.narrowPeak	1	281326
1	658	roadmap_epigenomics	0	0.179696126178729	1111	229	961	96	961	429	10976	750	1331	roadmap_epigenomics	NA	NA	NA	NA	NA	E080-DNase.hotspot.fdr0.01.peaks.bed	1	215699
1	247	roadmap_epigenomics	0	0.247156330798265	819	229	499	561	561	430	9363	1042	2944	roadmap_epigenomics H4K8ac	NA	NA	H4K8ac	NA	NA	E017-H4K8ac.narrowPeak	1	220315
1	252	roadmap_epigenomics	0	0.195260000282388	1022	229	870	192	870	430	10607	839	1700	roadmap_epigenomics H3K4me3	NA	NA	H3K4me3	NA	NA	E018-H3K4me3.narrowPeak	1	76986
1	373	roadmap_epigenomics	0	0.22138040296668	912	229	679	381	679	430	10003	949	2304	roadmap_epigenomics H3K4me3	NA	NA	H3K4me3	NA	NA	E035-H3K4me3.narrowPeak	1	47602
1	266	roadmap_epigenomics	0	0.190422569770875	1041	229	896	167	896	431	10702	820	1605	roadmap_epigenomics H3K4me3	NA	NA	H3K4me3	NA	NA	E020-H3K4me3.narrowPeak	1	88728
1	376	roadmap_epigenomics	0	0.3195312930819	690	229	307	757	757	431	7980	1171	4327	roadmap_epigenomics H3K36me3	NA	NA	H3K36me3	NA	NA	E036-H3K36me3.narrowPeak	1	328921
1	531	roadmap_epigenomics	0	0.194259534697252	1025	229	877	187	877	431	10624	836	1683	roadmap_epigenomics	NA	NA	NA	NA	NA	E059-DNase.hotspot.fdr0.01.peaks.bed	1	188414
1	1002	roadmap_epigenomics	0	0.16048429546461	1267	229	1040	25	1040	431	11446	594	861	roadmap_epigenomics	NA	NA	NA	NA	NA	E121-DNase.macs2.narrowPeak	1	476154
1	104	roadmap_epigenomics	0	0.166647917508258	1198	229	1017	49	1017	432	11268	663	1039	roadmap_epigenomics H3K4me1	NA	NA	H3K4me1	NA	NA	E006-H3K4me1.narrowPeak	1	392101
1	315	roadmap_epigenomics	0	0.171364304166361	1152	229	995	73	995	432	11133	709	1174	roadmap_epigenomics H3K9ac	NA	NA	H3K9ac	NA	NA	E027-H3K9ac.narrowPeak	1	217726
1	625	roadmap_epigenomics	0	0.227038032319861	890	229	641	427	641	432	9864	971	2443	roadmap_epigenomics H3K27ac	NA	NA	H3K27ac	NA	NA	E075-H3K27ac.narrowPeak	1	146119
1	659	roadmap_epigenomics	0	0.161783938686508	1244	229	1036	32	1036	432	11393	617	914	roadmap_epigenomics	NA	NA	NA	NA	NA	E080-DNase.macs2.narrowPeak	1	420510
1	735	roadmap_epigenomics	0	0.186962185966361	1056	229	920	146	920	432	10772	805	1535	roadmap_epigenomics	NA	NA	NA	NA	NA	E089-DNase.hotspot.fdr0.01.peaks.bed	1	210689
1	5	roadmap_epigenomics	0	0.195982818945506	1010	229	865	206	865	433	10563	851	1744	roadmap_epigenomics H3K9ac	NA	NA	H3K9ac	NA	NA	E001-H3K9ac.narrowPeak	1	67397
1	135	roadmap_epigenomics	0	0.217105571507369	919	229	709	361	709	433	10067	942	2240	roadmap_epigenomics	NA	NA	NA	NA	NA	E008-DNase.hotspot.all.peaks.bed	1	106443
1	263	roadmap_epigenomics	0	0.566106792767172	647	229	238	833	833	433	5968	1214	6339	roadmap_epigenomics H3K27me3	NA	NA	H3K27me3	NA	NA	E020-H3K27me3.narrowPeak	1	96382
1	602	roadmap_epigenomics	0	0.191398515189277	1030	229	890	180	890	433	10661	831	1646	roadmap_epigenomics H3K4me3	NA	NA	H3K4me3	NA	NA	E071-H3K4me3.narrowPeak	1	77102
1	668	roadmap_epigenomics	0	0.177785742182495	1107	229	968	102	968	433	10978	754	1329	roadmap_epigenomics	NA	NA	NA	NA	NA	E081-DNase.macs2.narrowPeak	1	402299
1	700	roadmap_epigenomics	0	0.234160880774889	868	229	599	470	599	433	9707	993	2600	roadmap_epigenomics	NA	NA	NA	NA	NA	E085-DNase.hotspot.all.peaks.bed	1	101917
1	806	roadmap_epigenomics	0	0.219020528015799	913	229	694	376	694	433	10027	948	2280	roadmap_epigenomics H3K4me1	NA	NA	H3K4me1	NA	NA	E097-H3K4me1.narrowPeak	1	316356
1	32	roadmap_epigenomics	0	0.174080362676381	1127	229	983	91	983	434	11054	734	1253	roadmap_epigenomics H3K4me2	NA	NA	H3K4me2	NA	NA	E003-H3K4me2.narrowPeak	1	217090
1	396	roadmap_epigenomics	0	0.19595101227943	1009	229	866	207	866	434	10560	852	1747	roadmap_epigenomics H3K4me1	NA	NA	H3K4me1	NA	NA	E039-H3K4me1.narrowPeak	1	159065
1	630	roadmap_epigenomics	0	0.194605310249812	1017	229	875	197	875	434	10596	844	1711	roadmap_epigenomics H3K9ac	NA	NA	H3K9ac	NA	NA	E075-H3K9ac.narrowPeak	1	109949
1	694	roadmap_epigenomics	0	0.228572665814837	883	229	632	442	632	434	9821	978	2486	roadmap_epigenomics H3K27ac	NA	NA	H3K27ac	NA	NA	E084-H3K27ac.narrowPeak	1	121559
1	377	roadmap_epigenomics	0	0.177789902362663	1094	229	967	109	967	435	10943	767	1364	roadmap_epigenomics H3K4me1	NA	NA	H3K4me1	NA	NA	E036-H3K4me1.narrowPeak	1	232778
1	469	roadmap_epigenomics	0	0.315462367633576	688	229	314	762	762	435	8003	1173	4304	roadmap_epigenomics H3K36me3	NA	NA	H3K36me3	NA	NA	E050-H3K36me3.narrowPeak	1	262839
1	975	roadmap_epigenomics	0	0.2513639472329	794	229	473	603	603	435	9200	1067	3107	roadmap_epigenomics H3K9ac	NA	NA	H3K9ac	NA	NA	E118-H3K9ac.narrowPeak	1	55292
1	969	roadmap_epigenomics	0	0.439001645252922	655	229	259	824	824	437	6806	1206	5501	roadmap_epigenomics H3K27me3	NA	NA	H3K27me3	NA	NA	E118-H3K27me3.narrowPeak	1	110851
1	1044	roadmap_epigenomics	0	0.344132285272331	666	229	282	799	799	437	7609	1195	4698	roadmap_epigenomics H3K36me3	NA	NA	H3K36me3	NA	NA	E124-H3K36me3.narrowPeak	1	195147
1	3	roadmap_epigenomics	0	0.215694259474821	918	229	722	363	722	438	10075	943	2232	roadmap_epigenomics H3K4me1	NA	NA	H3K4me1	NA	NA	E001-H3K4me1.narrowPeak	1	308728
1	87	roadmap_epigenomics	0	0.194254172156024	1009	229	878	207	878	438	10573	852	1734	roadmap_epigenomics H4K8ac	NA	NA	H4K8ac	NA	NA	E005-H4K8ac.narrowPeak	1	197762
1	140	roadmap_epigenomics	0	0.268739099776902	750	229	407	677	677	438	8803	1111	3504	roadmap_epigenomics H2BK120ac	NA	NA	H2BK120ac	NA	NA	E008-H2BK120ac.narrowPeak	1	97781
1	547	roadmap_epigenomics	0	0.307935655110431	693	229	331	755	755	438	8102	1168	4205	roadmap_epigenomics H3K36me3	NA	NA	H3K36me3	NA	NA	E062-H3K36me3.narrowPeak	1	253984
1	690	roadmap_epigenomics	0	0.476966246858312	652	229	254	830	830	438	6531	1209	5776	roadmap_epigenomics H3K9me3	NA	NA	H3K9me3	NA	NA	E083-H3K9me3.narrowPeak	1	79957
1	710	roadmap_epigenomics	0	0.185486775493427	1050	229	929	155	929	438	10765	811	1542	roadmap_epigenomics	NA	NA	NA	NA	NA	E086-DNase.hotspot.fdr0.01.peaks.bed	1	178680
1	414	roadmap_epigenomics	0	0.195585792176835	1002	229	867	222	867	439	10540	859	1767	roadmap_epigenomics H3K4me1	NA	NA	H3K4me1	NA	NA	E042-H3K4me1.narrowPeak	1	160756
1	845	roadmap_epigenomics	0	0.21269039676102	929	229	750	337	750	439	10143	932	2164	roadmap_epigenomics H3K9ac	NA	NA	H3K9ac	NA	NA	E102-H3K9ac.narrowPeak	1	85154
1	1053	roadmap_epigenomics	0	0.22152871952138	900	229	678	409	678	439	9953	961	2354	roadmap_epigenomics H2A.Z	NA	NA	H2A.Z	NA	NA	E125-H2A.Z.narrowPeak	1	96604
1	230	roadmap_epigenomics	0	0.262359959687069	758	229	425	666	666	440	8907	1103	3400	roadmap_epigenomics H3K18ac	NA	NA	H3K18ac	NA	NA	E017-H3K18ac.narrowPeak	1	266971
1	417	roadmap_epigenomics	0	0.306315768998863	690	229	335	757	757	440	8098	1171	4209	roadmap_epigenomics H3K27ac	NA	NA	H3K27ac	NA	NA	E043-H3K27ac.narrowPeak	1	65032
1	784	roadmap_epigenomics	0	0.225671689277942	882	229	648	443	648	440	9842	979	2465	roadmap_epigenomics H3K36me3	NA	NA	H3K36me3	NA	NA	E094-H3K36me3.narrowPeak	1	243020
1	358	roadmap_epigenomics	0	0.25749087811178	763	229	441	654	654	441	8980	1098	3327	roadmap_epigenomics H3K4me1	NA	NA	H3K4me1	NA	NA	E033-H3K4me1.narrowPeak	1	131462
1	413	roadmap_epigenomics	0	0.278914216345827	719	229	375	719	719	441	8529	1142	3778	roadmap_epigenomics H3K36me3	NA	NA	H3K36me3	NA	NA	E042-H3K36me3.narrowPeak	1	199452
1	745	roadmap_epigenomics	0	0.155888617296901	1200	229	1047	47	1047	441	11334	661	973	roadmap_epigenomics	NA	NA	NA	NA	NA	E090-DNase.macs2.narrowPeak	1	506090
1	888	roadmap_epigenomics	0	0.209467682277655	934	229	771	327	771	442	10189	927	2118	roadmap_epigenomics H3K27ac	NA	NA	H3K27ac	NA	NA	E109-H3K27ac.narrowPeak	1	194782
1	910	roadmap_epigenomics	0	0.233869223799551	854	229	604	494	604	442	9647	1007	2660	roadmap_epigenomics H3K4me1	NA	NA	H3K4me1	NA	NA	E112-H3K4me1.narrowPeak	1	124560
1	583	roadmap_epigenomics	0	0.188601702606463	1020	229	907	194	907	443	10651	841	1656	roadmap_epigenomics H3K4me3	NA	NA	H3K4me3	NA	NA	E068-H3K4me3.narrowPeak	1	89967
1	763	roadmap_epigenomics	0	0.160347049723659	1186	229	1041	59	1041	443	11278	675	1029	roadmap_epigenomics	NA	NA	NA	NA	NA	E092-DNase.macs2.narrowPeak	1	354211
1	4	roadmap_epigenomics	0	0.191906370649581	1004	229	889	218	889	445	10575	857	1732	roadmap_epigenomics H3K4me3	NA	NA	H3K4me3	NA	NA	E001-H3K4me3.narrowPeak	1	92429
1	50	roadmap_epigenomics	0	0.236480323717067	836	229	580	527	580	445	9541	1025	2766	roadmap_epigenomics H3K18ac	NA	NA	H3K18ac	NA	NA	E004-H3K18ac.narrowPeak	1	141200
1	73	roadmap_epigenomics	0	0.20083303548447	967	229	827	279	827	445	10380	894	1927	roadmap_epigenomics H3K18ac	NA	NA	H3K18ac	NA	NA	E005-H3K18ac.narrowPeak	1	251380
1	200	roadmap_epigenomics	0	0.202665541405343	954	229	814	293	814	445	10319	907	1988	roadmap_epigenomics H3K4me1	NA	NA	H3K4me1	NA	NA	E014-H3K4me1.narrowPeak	1	314776
1	207	roadmap_epigenomics	0	0.192779455732446	1003	229	885	221	885	445	10565	858	1742	roadmap_epigenomics H3K4me1	NA	NA	H3K4me1	NA	NA	E015-H3K4me1.narrowPeak	1	327376
1	425	roadmap_epigenomics	0	0.298904091116915	686	229	341	765	765	445	8140	1175	4167	roadmap_epigenomics H3K36me3	NA	NA	H3K36me3	NA	NA	E044-H3K36me3.narrowPeak	1	227711
1	792	roadmap_epigenomics	0	0.224301996597115	878	229	656	450	656	445	9837	983	2470	roadmap_epigenomics H3K4me3	NA	NA	H3K4me3	NA	NA	E095-H3K4me3.narrowPeak	1	41750
1	949	roadmap_epigenomics	0	0.244217001763662	806	229	518	587	587	445	9326	1055	2981	roadmap_epigenomics H3K4me3	NA	NA	H3K4me3	NA	NA	E116-H3K4me3.narrowPeak	1	76167
1	1078	roadmap_epigenomics	0	0.247561729553367	790	229	495	611	611	445	9215	1071	3092	roadmap_epigenomics H3K27ac	NA	NA	H3K27ac	NA	NA	E127-H3K27ac.narrowPeak	1	94902
1	608	roadmap_epigenomics	0	0.191390900235515	1004	229	891	218	891	446	10579	857	1728	roadmap_epigenomics H3K4me3	NA	NA	H3K4me3	NA	NA	E072-H3K4me3.narrowPeak	1	82143
1	911	roadmap_epigenomics	0	0.23263585335071	852	229	610	498	610	446	9649	1009	2658	roadmap_epigenomics H3K4me3	NA	NA	H3K4me3	NA	NA	E112-H3K4me3.narrowPeak	1	28758
1	684	roadmap_epigenomics	0	0.152259176767893	1188	229	1056	57	1056	447	11330	673	977	roadmap_epigenomics	NA	NA	NA	NA	NA	E083-DNase.macs2.narrowPeak	1	517786
1	47	roadmap_epigenomics	0	0.256070237927309	757	229	449	667	667	448	8961	1104	3346	roadmap_epigenomics H2BK120ac	NA	NA	H2BK120ac	NA	NA	E004-H2BK120ac.narrowPeak	1	149531
1	159	roadmap_epigenomics	0	0.187130772399757	1018	229	919	196	919	448	10656	843	1651	roadmap_epigenomics H3K9ac	NA	NA	H3K9ac	NA	NA	E008-H3K9ac.narrowPeak	1	146401
1	419	roadmap_epigenomics	0	0.34062991410624	652	229	285	830	830	448	7543	1209	4764	roadmap_epigenomics H3K36me3	NA	NA	H3K36me3	NA	NA	E043-H3K36me3.narrowPeak	1	194645
1	701	roadmap_epigenomics	0	0.191335090560754	1002	229	892	222	892	448	10573	859	1734	roadmap_epigenomics	NA	NA	NA	NA	NA	E085-DNase.hotspot.fdr0.01.peaks.bed	1	161983
1	955	roadmap_epigenomics	0	0.244662264134527	798	229	514	601	601	448	9282	1063	3025	roadmap_epigenomics H2A.Z	NA	NA	H2A.Z	NA	NA	E117-H2A.Z.narrowPeak	1	87564
1	1064	roadmap_epigenomics	0	0.161917322764462	1149	229	1034	80	1034	448	11185	712	1122	roadmap_epigenomics	NA	NA	NA	NA	NA	E126-DNase.macs2.narrowPeak	1	406203
1	726	roadmap_epigenomics	0	0.175877608286647	1062	229	978	139	978	449	10869	799	1438	roadmap_epigenomics	NA	NA	NA	NA	NA	E088-DNase.hotspot.fdr0.01.peaks.bed	1	243016
1	809	roadmap_epigenomics	0	0.229044229337446	858	229	631	486	631	449	9708	1003	2599	roadmap_epigenomics	NA	NA	NA	NA	NA	E098-DNase.hotspot.all.peaks.bed	1	99617
1	852	roadmap_epigenomics	0	0.202184354655477	949	229	819	298	819	449	10305	912	2002	roadmap_epigenomics H3K9ac	NA	NA	H3K9ac	NA	NA	E103-H3K9ac.narrowPeak	1	111468
1	31	roadmap_epigenomics	0	0.214807568093659	910	229	734	386	734	450	10051	951	2256	roadmap_epigenomics H3K4me1	NA	NA	H3K4me1	NA	NA	E003-H3K4me1.narrowPeak	1	223118
1	34	roadmap_epigenomics	0	0.277503463871068	699	229	378	743	743	450	8422	1162	3885	roadmap_epigenomics H3K56ac	NA	NA	H3K56ac	NA	NA	E003-H3K56ac.narrowPeak	1	86476
1	40	roadmap_epigenomics	0	0.248628008053537	777	229	488	632	632	450	9138	1084	3169	roadmap_epigenomics H4K5ac	NA	NA	H4K5ac	NA	NA	E003-H4K5ac.narrowPeak	1	130639
1	526	roadmap_epigenomics	0	0.271574894141737	714	229	397	725	725	450	8569	1147	3738	roadmap_epigenomics H3K36me3	NA	NA	H3K36me3	NA	NA	E058-H3K36me3.narrowPeak	1	288215
1	660	roadmap_epigenomics	0	0.216666550659585	901	229	713	407	713	450	9999	960	2308	roadmap_epigenomics H3K27ac	NA	NA	H3K27ac	NA	NA	E080-H3K27ac.narrowPeak	1	158539
1	731	roadmap_epigenomics	0	0.215398779818945	907	229	726	395	726	450	10034	954	2273	roadmap_epigenomics H3K4me3	NA	NA	H3K4me3	NA	NA	E088-H3K4me3.narrowPeak	1	96360
1	1014	roadmap_epigenomics	0	0.190537669062724	1001	229	895	225	895	450	10576	860	1731	roadmap_epigenomics	NA	NA	NA	NA	NA	E122-DNase.macs2.narrowPeak	1	241268
1	161	roadmap_epigenomics	0	0.306529250256491	671	229	334	789	789	451	7973	1190	4334	roadmap_epigenomics H3T11ph	NA	NA	H3T11ph	NA	NA	E008-H3T11ph.narrowPeak	1	108647
1	314	roadmap_epigenomics	0	0.194709645984439	989	229	873	250	873	451	10504	872	1803	roadmap_epigenomics H3K4me3	NA	NA	H3K4me3	NA	NA	E027-H3K4me3.narrowPeak	1	61082
1	703	roadmap_epigenomics	0	0.215632399436795	904	229	724	399	724	451	10020	957	2287	roadmap_epigenomics H3K27ac	NA	NA	H3K27ac	NA	NA	E085-H3K27ac.narrowPeak	1	130166
1	776	roadmap_epigenomics	0	0.167066414218446	1094	229	1014	109	1014	451	11017	767	1290	roadmap_epigenomics H3K4me1	NA	NA	H3K4me1	NA	NA	E093-H3K4me1.narrowPeak	1	250705
1	65	roadmap_epigenomics	0	0.211954558406104	916	229	756	370	756	452	10099	945	2208	roadmap_epigenomics	NA	NA	NA	NA	NA	E005-DNase.hotspot.fdr0.01.peaks.bed	1	152235
1	282	roadmap_epigenomics	0	0.448104170022696	620	229	257	869	869	452	6488	1241	5819	roadmap_epigenomics H3K27me3	NA	NA	H3K27me3	NA	NA	E022-H3K27me3.narrowPeak	1	68203
1	801	roadmap_epigenomics	0	0.199717133444765	959	229	837	289	837	452	10361	902	1946	roadmap_epigenomics	NA	NA	NA	NA	NA	E097-DNase.hotspot.fdr0.01.peaks.bed	1	154095
1	155	roadmap_epigenomics	0	0.199741773794958	952	229	836	294	836	453	10336	909	1971	roadmap_epigenomics H3K4me3	NA	NA	H3K4me3	NA	NA	E008-H3K4me3.narrowPeak	1	59360
1	657	roadmap_epigenomics	0	0.204709208533602	934	229	803	327	803	453	10229	927	2078	roadmap_epigenomics	NA	NA	NA	NA	NA	E080-DNase.hotspot.all.peaks.bed	1	118437
1	720	roadmap_epigenomics	0	0.307534610909587	666	229	332	799	799	453	7931	1195	4376	roadmap_epigenomics H3K36me3	NA	NA	H3K36me3	NA	NA	E087-H3K36me3.narrowPeak	1	101681
1	780	roadmap_epigenomics	0	0.198244046456103	967	229	852	279	852	453	10401	894	1906	roadmap_epigenomics	NA	NA	NA	NA	NA	E094-DNase.hotspot.fdr0.01.peaks.bed	1	165153
1	934	roadmap_epigenomics	0	0.307971005452573	666	229	330	799	799	453	7927	1195	4380	roadmap_epigenomics H3K36me3	NA	NA	H3K36me3	NA	NA	E115-H3K36me3.narrowPeak	1	329592
1	102	roadmap_epigenomics	0	0.185733453646972	1011	229	928	204	928	454	10645	850	1662	roadmap_epigenomics H3K36me3	NA	NA	H3K36me3	NA	NA	E006-H3K36me3.narrowPeak	1	368481
1	366	roadmap_epigenomics	0	0.32228407809308	650	229	302	832	832	454	7690	1211	4617	roadmap_epigenomics H3K36me3	NA	NA	H3K36me3	NA	NA	E034-H3K36me3.narrowPeak	1	302239
1	509	roadmap_epigenomics	0	0.143170784542341	1190	229	1080	53	1080	454	11388	671	919	roadmap_epigenomics	NA	NA	NA	NA	NA	E056-DNase.macs2.narrowPeak	1	397102
1	548	roadmap_epigenomics	0	0.210420964222193	917	229	765	368	765	454	10116	944	2191	roadmap_epigenomics H3K4me1	NA	NA	H3K4me1	NA	NA	E062-H3K4me1.narrowPeak	1	122182
1	777	roadmap_epigenomics	0	0.23002006858403	847	229	625	507	625	454	9650	1014	2657	roadmap_epigenomics H3K4me3	NA	NA	H3K4me3	NA	NA	E093-H3K4me3.narrowPeak	1	37401
1	800	roadmap_epigenomics	0	0.23537058454144	827	229	589	543	589	454	9509	1034	2798	roadmap_epigenomics	NA	NA	NA	NA	NA	E097-DNase.hotspot.all.peaks.bed	1	99584
1	826	roadmap_epigenomics	0	0.135570183200113	1235	229	1098	36	1098	454	11516	626	791	roadmap_epigenomics	NA	NA	NA	NA	NA	E100-DNase.macs2.narrowPeak	1	441628
1	22	roadmap_epigenomics	0	0.24283722446237	792	229	529	607	607	455	9269	1069	3038	roadmap_epigenomics H2BK5ac	NA	NA	H2BK5ac	NA	NA	E003-H2BK5ac.narrowPeak	1	151346
1	91	roadmap_epigenomics	0	0.164499451764866	1093	229	1024	112	1024	455	11032	768	1275	roadmap_epigenomics	NA	NA	NA	NA	NA	E006-DNase.macs2.narrowPeak	1	343835
1	259	roadmap_epigenomics	0	0.192990330941258	987	229	884	253	884	455	10511	874	1796	roadmap_epigenomics H3K4me3	NA	NA	H3K4me3	NA	NA	E019-H3K4me3.narrowPeak	1	61693
1	615	roadmap_epigenomics	0	0.189151952668869	997	229	903	232	903	455	10574	864	1733	roadmap_epigenomics H3K4me3	NA	NA	H3K4me3	NA	NA	E073-H3K4me3.narrowPeak	1	75872
1	851	roadmap_epigenomics	0	0.184489034269104	1015	229	936	200	936	455	10667	846	1640	roadmap_epigenomics H3K4me3	NA	NA	H3K4me3	NA	NA	E103-H3K4me3.narrowPeak	1	93750
1	335	roadmap_epigenomics	0	0.341878796712176	626	229	284	859	859	457	7350	1235	4957	roadmap_epigenomics H3K36me3	NA	NA	H3K36me3	NA	NA	E030-H3K36me3.narrowPeak	1	180397
1	576	roadmap_epigenomics	0	0.196209873174492	968	229	864	278	864	457	10421	893	1886	roadmap_epigenomics H3K4me3	NA	NA	H3K4me3	NA	NA	E067-H3K4me3.narrowPeak	1	70953
1	530	roadmap_epigenomics	0	0.24135426133393	799	229	544	600	600	458	9318	1062	2989	roadmap_epigenomics	NA	NA	NA	NA	NA	E059-DNase.hotspot.all.peaks.bed	1	97681
1	590	roadmap_epigenomics	0	0.190674029843473	989	229	894	250	894	458	10536	872	1771	roadmap_epigenomics H3K4me3	NA	NA	H3K4me3	NA	NA	E069-H3K4me3.narrowPeak	1	79806
1	322	roadmap_epigenomics	0	0.169326836978985	1057	229	1005	144	1005	459	10903	804	1404	roadmap_epigenomics H3K4me1	NA	NA	H3K4me1	NA	NA	E028-H3K4me1.narrowPeak	1	354089
1	779	roadmap_epigenomics	0	0.22424356130186	855	229	657	490	657	459	9738	1006	2569	roadmap_epigenomics	NA	NA	NA	NA	NA	E094-DNase.hotspot.all.peaks.bed	1	111695
1	788	roadmap_epigenomics	0	0.234301885990462	823	229	598	550	598	459	9500	1038	2807	roadmap_epigenomics H3K27ac	NA	NA	H3K27ac	NA	NA	E095-H3K27ac.narrowPeak	1	153453
1	938	roadmap_epigenomics	0	0.367791492730281	614	229	269	880	880	459	7045	1247	5262	roadmap_epigenomics H3K79me2	NA	NA	H3K79me2	NA	NA	E115-H3K79me2.narrowPeak	1	200232
1	1048	roadmap_epigenomics	0	0.325810833758014	631	229	299	850	850	459	7527	1230	4780	roadmap_epigenomics H3K79me2	NA	NA	H3K79me2	NA	NA	E124-H3K79me2.narrowPeak	1	259630
1	70	roadmap_epigenomics	0	0.242782578729925	784	229	530	621	621	460	9229	1077	3078	roadmap_epigenomics H2BK12ac	NA	NA	H2BK12ac	NA	NA	E005-H2BK12ac.narrowPeak	1	257315
1	124	roadmap_epigenomics	0	0.527464242049704	585	229	243	907	907	460	5723	1276	6584	roadmap_epigenomics H3K27me3	NA	NA	H3K27me3	NA	NA	E007-H3K27me3.narrowPeak	1	54468
1	709	roadmap_epigenomics	0	0.20302327267566	928	229	811	340	811	460	10221	933	2086	roadmap_epigenomics	NA	NA	NA	NA	NA	E086-DNase.hotspot.all.peaks.bed	1	106536
1	185	roadmap_epigenomics	0	0.244096243333214	776	229	520	633	633	461	9176	1085	3131	roadmap_epigenomics H3K27ac	NA	NA	H3K27ac	NA	NA	E012-H3K27ac.narrowPeak	1	157402
1	391	roadmap_epigenomics	0	0.237437422168257	808	229	571	582	582	461	9399	1053	2908	roadmap_epigenomics H3K9ac	NA	NA	H3K9ac	NA	NA	E038-H3K9ac.narrowPeak	1	68708
1	420	roadmap_epigenomics	0	0.176392000301897	1030	229	975	180	975	461	10774	831	1533	roadmap_epigenomics H3K4me1	NA	NA	H3K4me1	NA	NA	E043-H3K4me1.narrowPeak	1	154217
1	524	roadmap_epigenomics	0	0.215122752073425	892	229	729	426	729	461	9976	969	2331	roadmap_epigenomics H3K27ac	NA	NA	H3K27ac	NA	NA	E058-H3K27ac.narrowPeak	1	155109
1	628	roadmap_epigenomics	0	0.165000283336908	1071	229	1022	131	1022	461	10972	790	1335	roadmap_epigenomics H3K4me1	NA	NA	H3K4me1	NA	NA	E075-H3K4me1.narrowPeak	1	196719
1	1073	roadmap_epigenomics	0	0.259412223662133	715	229	432	722	722	461	8693	1146	3614	roadmap_epigenomics H3K9ac	NA	NA	H3K9ac	NA	NA	E126-H3K9ac.narrowPeak	1	50757
1	1082	roadmap_epigenomics	0	0.172379011660013	1045	229	989	165	989	461	10847	816	1460	roadmap_epigenomics H3K4me2	NA	NA	H3K4me2	NA	NA	E127-H3K4me2.narrowPeak	1	129570
1	570	roadmap_epigenomics	0	0.219126134396484	870	229	692	466	692	462	9849	991	2458	roadmap_epigenomics H3K9ac	NA	NA	H3K9ac	NA	NA	E066-H3K9ac.narrowPeak	1	109594
1	1085	roadmap_epigenomics	0	0.221980326287167	859	229	673	484	673	462	9776	1002	2531	roadmap_epigenomics H3K9ac	NA	NA	H3K9ac	NA	NA	E127-H3K9ac.narrowPeak	1	78312
1	273	roadmap_epigenomics	0	0.439479345363481	590	229	258	902	902	463	6322	1271	5985	roadmap_epigenomics H3K27me3	NA	NA	H3K27me3	NA	NA	E021-H3K27me3.narrowPeak	1	95847
1	500	roadmap_epigenomics	0	0.127504002624779	1198	229	1110	49	1110	463	11496	663	811	roadmap_epigenomics	NA	NA	NA	NA	NA	E055-DNase.macs2.narrowPeak	1	447741
1	948	roadmap_epigenomics	0	0.197248307584387	947	229	858	301	858	463	10339	914	1968	roadmap_epigenomics H3K4me2	NA	NA	H3K4me2	NA	NA	E116-H3K4me2.narrowPeak	1	124500
1	1023	roadmap_epigenomics	0	0.240197271019894	792	229	553	607	607	463	9294	1069	3013	roadmap_epigenomics H3K9ac	NA	NA	H3K9ac	NA	NA	E122-H3K9ac.narrowPeak	1	64234
1	407	roadmap_epigenomics	0	0.317214136386184	627	229	308	854	854	464	7577	1234	4730	roadmap_epigenomics H3K36me3	NA	NA	H3K36me3	NA	NA	E041-H3K36me3.narrowPeak	1	202854
1	858	roadmap_epigenomics	0	0.203088419734505	922	229	810	352	810	464	10198	939	2109	roadmap_epigenomics H3K4me3	NA	NA	H3K4me3	NA	NA	E104-H3K4me3.narrowPeak	1	42254
1	246	roadmap_epigenomics	0	0.237090009134861	802	229	574	593	593	465	9373	1059	2934	roadmap_epigenomics H4K5ac	NA	NA	H4K5ac	NA	NA	E017-H4K5ac.narrowPeak	1	228064
1	541	roadmap_epigenomics	0	0.259560111109953	706	229	430	736	736	465	8639	1155	3668	roadmap_epigenomics H3K36me3	NA	NA	H3K36me3	NA	NA	E061-H3K36me3.narrowPeak	1	295294
1	383	roadmap_epigenomics	0	0.193839192756094	958	229	880	290	880	466	10406	903	1901	roadmap_epigenomics H3K4me1	NA	NA	H3K4me1	NA	NA	E037-H3K4me1.narrowPeak	1	143294
1	402	roadmap_epigenomics	0	0.181898639659388	1002	229	946	222	946	466	10647	859	1660	roadmap_epigenomics H3K4me1	NA	NA	H3K4me1	NA	NA	E040-H3K4me1.narrowPeak	1	147396
1	664	roadmap_epigenomics	0	0.210221370172249	903	229	767	402	767	466	10063	958	2244	roadmap_epigenomics H3K4me3	NA	NA	H3K4me3	NA	NA	E080-H3K4me3.narrowPeak	1	34321
1	897	roadmap_epigenomics	0	0.220216829545975	859	229	686	484	686	466	9792	1002	2515	roadmap_epigenomics H3K4me3	NA	NA	H3K4me3	NA	NA	E110-H3K4me3.narrowPeak	1	51758
1	97	roadmap_epigenomics	0	0.227916332611947	832	229	635	536	635	467	9601	1029	2706	roadmap_epigenomics H3K14ac	NA	NA	H3K14ac	NA	NA	E006-H3K14ac.narrowPeak	1	124581
1	118	roadmap_epigenomics	0	0.353132780016772	599	229	277	896	896	467	7057	1262	5250	roadmap_epigenomics H2BK15ac	NA	NA	H2BK15ac	NA	NA	E007-H2BK15ac.narrowPeak	1	91360
1	854	roadmap_epigenomics	0	0.23530398424232	808	229	590	582	590	467	9419	1053	2888	roadmap_epigenomics H3K27ac	NA	NA	H3K27ac	NA	NA	E104-H3K27ac.narrowPeak	1	154086
1	1089	roadmap_epigenomics	0	0.161601908052236	1067	229	1037	134	1037	467	10986	794	1321	roadmap_epigenomics	NA	NA	NA	NA	NA	E128-DNase.macs2.narrowPeak	1	363287
1	313	roadmap_epigenomics	0	0.142051464685906	1128	229	1085	90	1085	468	11267	733	1040	roadmap_epigenomics H3K4me1	NA	NA	H3K4me1	NA	NA	E027-H3K4me1.narrowPeak	1	374655
1	527	roadmap_epigenomics	0	0.142874759611069	1125	229	1082	94	1082	468	11255	736	1052	roadmap_epigenomics H3K4me1	NA	NA	H3K4me1	NA	NA	E058-H3K4me1.narrowPeak	1	289473
1	555	roadmap_epigenomics	0	0.132086061595994	1151	229	1102	74	1102	468	11380	710	927	roadmap_epigenomics H3K4me1	NA	NA	H3K4me1	NA	NA	E063-H3K4me1.narrowPeak	1	260722
1	408	roadmap_epigenomics	0	0.169386200620855	1034	229	1004	174	1004	469	10839	827	1468	roadmap_epigenomics H3K4me1	NA	NA	H3K4me1	NA	NA	E041-H3K4me1.narrowPeak	1	159193
1	514	roadmap_epigenomics	0	0.144141934463202	1108	229	1078	99	1078	469	11209	753	1098	roadmap_epigenomics H3K4me3	NA	NA	H3K4me3	NA	NA	E056-H3K4me3.narrowPeak	1	152592
1	663	roadmap_epigenomics	0	0.12747066070888	1167	229	1111	68	1111	469	11440	694	867	roadmap_epigenomics H3K4me1	NA	NA	H3K4me1	NA	NA	E080-H3K4me1.narrowPeak	1	279457
1	768	roadmap_epigenomics	0	0.202502981307469	918	229	815	363	815	469	10188	943	2119	roadmap_epigenomics H3K4me3	NA	NA	H3K4me3	NA	NA	E092-H3K4me3.narrowPeak	1	39260
1	256	roadmap_epigenomics	0	0.477766248160742	570	229	253	928	928	470	5911	1291	6396	roadmap_epigenomics H3K27me3	NA	NA	H3K27me3	NA	NA	E019-H3K27me3.narrowPeak	1	67306
1	520	roadmap_epigenomics	0	0.282832410717861	659	229	368	814	814	470	8119	1202	4188	roadmap_epigenomics H3K36me3	NA	NA	H3K36me3	NA	NA	E057-H3K36me3.narrowPeak	1	239831
1	643	roadmap_epigenomics	0	0.204693317899585	913	229	804	376	804	470	10150	948	2157	roadmap_epigenomics H3K9ac	NA	NA	H3K9ac	NA	NA	E077-H3K9ac.narrowPeak	1	96957
1	968	roadmap_epigenomics	0	0.2686753812391	682	229	409	771	771	470	8404	1179	3903	roadmap_epigenomics H3K27ac	NA	NA	H3K27ac	NA	NA	E118-H3K27ac.narrowPeak	1	71755
1	972	roadmap_epigenomics	0	0.188392465826831	974	229	911	271	911	470	10505	887	1802	roadmap_epigenomics H3K4me2	NA	NA	H3K4me2	NA	NA	E118-H3K4me2.narrowPeak	1	96755
1	835	roadmap_epigenomics	0	0.250497722908812	726	229	477	707	707	471	8844	1135	3463	roadmap_epigenomics H3K36me3	NA	NA	H3K36me3	NA	NA	E101-H3K36me3.narrowPeak	1	322521
1	27	roadmap_epigenomics	0	0.222274635807816	841	229	672	516	672	472	9694	1020	2613	roadmap_epigenomics H3K27ac	NA	NA	H3K27ac	NA	NA	E003-H3K27ac.narrowPeak	1	166837
1	186	roadmap_epigenomics	0	0.50900092792417	565	229	248	938	938	472	5678	1296	6629	roadmap_epigenomics H3K27me3	NA	NA	H3K27me3	NA	NA	E012-H3K27me3.narrowPeak	1	75931
1	253	roadmap_epigenomics	0	0.166635050845465	1038	229	1018	170	1018	472	10871	823	1436	roadmap_epigenomics H3K9ac	NA	NA	H3K9ac	NA	NA	E018-H3K9ac.narrowPeak	1	148075
1	301	roadmap_epigenomics	0	0.177125114564337	1007	229	972	214	972	472	10700	854	1607	roadmap_epigenomics H3K4me3	NA	NA	H3K4me3	NA	NA	E025-H3K4me3.narrowPeak	1	104434
1	330	roadmap_epigenomics	0	0.319817690765242	613	229	306	881	881	472	7454	1248	4853	roadmap_epigenomics H3K36me3	NA	NA	H3K36me3	NA	NA	E029-H3K36me3.narrowPeak	1	235858
1	426	roadmap_epigenomics	0	0.187291349902023	974	229	917	271	917	472	10514	887	1793	roadmap_epigenomics H3K4me1	NA	NA	H3K4me1	NA	NA	E044-H3K4me1.narrowPeak	1	150223
1	431	roadmap_epigenomics	0	0.321653562956218	612	229	304	884	884	472	7430	1249	4877	roadmap_epigenomics H3K36me3	NA	NA	H3K36me3	NA	NA	E045-H3K36me3.narrowPeak	1	196705
1	508	roadmap_epigenomics	0	0.166538382969516	1041	229	1019	167	1019	472	10880	820	1427	roadmap_epigenomics	NA	NA	NA	NA	NA	E056-DNase.hotspot.fdr0.01.peaks.bed	1	223698
1	98	roadmap_epigenomics	0	0.231207331977453	815	229	618	572	618	473	9491	1046	2816	roadmap_epigenomics H3K18ac	NA	NA	H3K18ac	NA	NA	E006-H3K18ac.narrowPeak	1	207264
1	142	roadmap_epigenomics	0	0.343824584448149	585	229	283	907	907	473	7033	1276	5274	roadmap_epigenomics H2BK15ac	NA	NA	H2BK15ac	NA	NA	E008-H2BK15ac.narrowPeak	1	52204
1	820	roadmap_epigenomics	0	0.253298557489873	709	229	460	730	730	473	8719	1152	3588	roadmap_epigenomics H3K36me3	NA	NA	H3K36me3	NA	NA	E099-H3K36me3.narrowPeak	1	192233
1	1098	roadmap_epigenomics	0	0.2408112707105	772	229	548	641	641	473	9187	1089	3120	roadmap_epigenomics H3K9ac	NA	NA	H3K9ac	NA	NA	E128-H3K9ac.narrowPeak	1	50400
1	248	roadmap_epigenomics	0	0.245416821548318	747	229	509	683	683	474	9010	1114	3297	roadmap_epigenomics H4K91ac	NA	NA	H4K91ac	NA	NA	E017-H4K91ac.narrowPeak	1	263787
1	825	roadmap_epigenomics	0	0.181383751057749	993	229	951	241	951	474	10623	868	1684	roadmap_epigenomics	NA	NA	NA	NA	NA	E100-DNase.hotspot.fdr0.01.peaks.bed	1	170766
1	863	roadmap_epigenomics	0	0.150498371328428	1072	229	1064	128	1064	474	11080	789	1227	roadmap_epigenomics H3K4me1	NA	NA	H3K4me1	NA	NA	E105-H3K4me1.narrowPeak	1	309072
1	898	roadmap_epigenomics	0	0.190177735141882	950	229	899	295	899	474	10409	911	1898	roadmap_epigenomics H3K9ac	NA	NA	H3K9ac	NA	NA	E110-H3K9ac.narrowPeak	1	89018
1	782	roadmap_epigenomics	0	0.233058955827518	803	229	606	591	606	475	9416	1058	2891	roadmap_epigenomics H3K27ac	NA	NA	H3K27ac	NA	NA	E094-H3K27ac.narrowPeak	1	98193
1	290	roadmap_epigenomics	0	0.183989202596396	982	229	938	260	938	476	10567	879	1740	roadmap_epigenomics H3K4me3	NA	NA	H3K4me3	NA	NA	E023-H3K4me3.narrowPeak	1	116720
1	775	roadmap_epigenomics	0	0.272979982243266	660	229	392	811	811	477	8223	1201	4084	roadmap_epigenomics H3K36me3	NA	NA	H3K36me3	NA	NA	E093-H3K36me3.narrowPeak	1	312106
1	842	roadmap_epigenomics	0	0.255966033193613	695	229	450	751	751	477	8610	1166	3697	roadmap_epigenomics H3K36me3	NA	NA	H3K36me3	NA	NA	E102-H3K36me3.narrowPeak	1	305308
1	973	roadmap_epigenomics	0	0.20039926505775	915	229	830	373	830	477	10195	946	2112	roadmap_epigenomics H3K4me3	NA	NA	H3K4me3	NA	NA	E118-H3K4me3.narrowPeak	1	58435
1	53	roadmap_epigenomics	0	0.552863769180809	544	229	240	964	964	478	5263	1317	7044	roadmap_epigenomics H3K27me3	NA	NA	H3K27me3	NA	NA	E004-H3K27me3.narrowPeak	1	77713
1	82	roadmap_epigenomics	0	0.214951924267169	867	229	732	472	732	478	9874	994	2433	roadmap_epigenomics H3K79me1	NA	NA	H3K79me1	NA	NA	E005-H3K79me1.narrowPeak	1	225880
1	179	roadmap_epigenomics	0	0.6352713438668	530	229	225	980	980	478	4742	1331	7565	roadmap_epigenomics H3K27me3	NA	NA	H3K27me3	NA	NA	E011-H3K27me3.narrowPeak	1	107312
1	212	roadmap_epigenomics	0	0.516763194575102	547	229	245	960	960	478	5491	1314	6816	roadmap_epigenomics H3K27me3	NA	NA	H3K27me3	NA	NA	E016-H3K27me3.narrowPeak	1	84150
1	528	roadmap_epigenomics	0	0.184458102302563	977	229	937	268	937	478	10547	884	1760	roadmap_epigenomics H3K4me3	NA	NA	H3K4me3	NA	NA	E058-H3K4me3.narrowPeak	1	45445
1	653	roadmap_epigenomics	0	0.217340991812196	852	229	706	498	706	478	9788	1009	2519	roadmap_epigenomics H3K36me3	NA	NA	H3K36me3	NA	NA	E079-H3K36me3.narrowPeak	1	264229
1	1080	roadmap_epigenomics	0	0.259108649879481	682	229	434	771	771	478	8500	1179	3807	roadmap_epigenomics H3K36me3	NA	NA	H3K36me3	NA	NA	E127-H3K36me3.narrowPeak	1	328717
1	882	roadmap_epigenomics	0	0.175946997270261	997	229	977	232	977	479	10679	864	1628	roadmap_epigenomics H3K4me3	NA	NA	H3K4me3	NA	NA	E108-H3K4me3.narrowPeak	1	92210
1	43	roadmap_epigenomics	0	0.21191758071601	876	229	757	455	757	480	9939	985	2368	roadmap_epigenomics	NA	NA	NA	NA	NA	E004-DNase.hotspot.all.peaks.bed	1	114500
1	75	roadmap_epigenomics	0	0.244418234673114	738	229	516	694	694	480	8971	1123	3336	roadmap_epigenomics H3K27ac	NA	NA	H3K27ac	NA	NA	E005-H3K27ac.narrowPeak	1	123614
1	189	roadmap_epigenomics	0	0.196810595724852	923	229	861	351	861	480	10256	938	2051	roadmap_epigenomics H3K4me3	NA	NA	H3K4me3	NA	NA	E012-H3K4me3.narrowPeak	1	42211
1	440	roadmap_epigenomics	0	0.315698041488414	598	229	313	897	897	480	7384	1263	4923	roadmap_epigenomics H3K36me3	NA	NA	H3K36me3	NA	NA	E046-H3K36me3.narrowPeak	1	269244
1	510	roadmap_epigenomics	0	0.124234979636795	1109	229	1114	97	1114	480	11351	752	956	roadmap_epigenomics H3K27ac	NA	NA	H3K27ac	NA	NA	E056-H3K27ac.narrowPeak	1	271197
1	707	roadmap_epigenomics	0	0.193837211603706	933	229	881	331	881	480	10318	928	1989	roadmap_epigenomics H3K4me3	NA	NA	H3K4me3	NA	NA	E085-H3K4me3.narrowPeak	1	43543
1	151	roadmap_epigenomics	0	0.214580339616182	861	229	736	479	736	481	9852	1000	2455	roadmap_epigenomics H3K36me3	NA	NA	H3K36me3	NA	NA	E008-H3K36me3.narrowPeak	1	287294
1	235	roadmap_epigenomics	0	0.242352297144324	749	229	534	679	679	481	9051	1112	3256	roadmap_epigenomics H3K4ac	NA	NA	H3K4ac	NA	NA	E017-H3K4ac.narrowPeak	1	243193
1	675	roadmap_epigenomics	0	0.194602634435997	929	229	876	337	876	481	10297	932	2010	roadmap_epigenomics	NA	NA	NA	NA	NA	E082-DNase.hotspot.fdr0.01.peaks.bed	1	195020
1	1107	roadmap_epigenomics	0	0.188442529954495	944	229	909	305	909	481	10403	917	1904	roadmap_epigenomics H3K4me3	NA	NA	H3K4me3	NA	NA	E129-H3K4me3.narrowPeak	1	73663
1	64	roadmap_epigenomics	0	0.234561746824539	783	229	595	622	622	482	9303	1078	3004	roadmap_epigenomics	NA	NA	NA	NA	NA	E005-DNase.hotspot.all.peaks.bed	1	102999
1	645	roadmap_epigenomics	0	0.234150784161046	785	229	600	618	618	482	9317	1076	2990	roadmap_epigenomics H3K27ac	NA	NA	H3K27ac	NA	NA	E078-H3K27ac.narrowPeak	1	97341
1	796	roadmap_epigenomics	0	0.234045303020469	787	229	602	615	615	482	9328	1074	2979	roadmap_epigenomics H3K36me3	NA	NA	H3K36me3	NA	NA	E096-H3K36me3.narrowPeak	1	338349
1	1083	roadmap_epigenomics	0	0.182814401762735	971	229	942	276	942	482	10541	890	1766	roadmap_epigenomics H3K4me3	NA	NA	H3K4me3	NA	NA	E127-H3K4me3.narrowPeak	1	83151
1	1091	roadmap_epigenomics	0	0.242049156124364	749	229	537	679	679	482	9054	1112	3253	roadmap_epigenomics H3K27ac	NA	NA	H3K27ac	NA	NA	E128-H3K27ac.narrowPeak	1	84016
1	219	roadmap_epigenomics	0	0.187740589517152	944	229	916	305	916	483	10409	917	1898	roadmap_epigenomics	NA	NA	NA	NA	NA	E017-DNase.hotspot.fdr0.01.peaks.bed	1	185164
1	499	roadmap_epigenomics	0	0.153460794654021	1041	229	1052	167	1052	483	10980	820	1327	roadmap_epigenomics	NA	NA	NA	NA	NA	E055-DNase.hotspot.fdr0.01.peaks.bed	1	232786
1	641	roadmap_epigenomics	0	0.143417622317364	1060	229	1079	141	1079	483	11104	801	1203	roadmap_epigenomics H3K4me1	NA	NA	H3K4me1	NA	NA	E077-H3K4me1.narrowPeak	1	231713
1	1106	roadmap_epigenomics	0	0.164748172923321	1017	229	1023	197	1023	483	10827	844	1480	roadmap_epigenomics H3K4me2	NA	NA	H3K4me2	NA	NA	E129-H3K4me2.narrowPeak	1	131837
1	154	roadmap_epigenomics	0	0.177574264767332	987	229	970	253	970	484	10635	874	1672	roadmap_epigenomics H3K4me2	NA	NA	H3K4me2	NA	NA	E008-H3K4me2.narrowPeak	1	111374
1	501	roadmap_epigenomics	0	0.130782589832411	1081	229	1103	120	1103	484	11246	780	1061	roadmap_epigenomics H3K27ac	NA	NA	H3K27ac	NA	NA	E055-H3K27ac.narrowPeak	1	274023
1	618	roadmap_epigenomics	0	0.198628104695261	913	229	847	376	847	484	10203	948	2104	roadmap_epigenomics H3K27ac	NA	NA	H3K27ac	NA	NA	E074-H3K27ac.narrowPeak	1	158702
1	371	roadmap_epigenomics	0	0.326530615806312	570	229	298	928	928	485	7075	1291	5232	roadmap_epigenomics H3K36me3	NA	NA	H3K36me3	NA	NA	E035-H3K36me3.narrowPeak	1	184716
1	640	roadmap_epigenomics	0	0.248516127198433	706	229	491	736	736	485	8750	1155	3557	roadmap_epigenomics H3K36me3	NA	NA	H3K36me3	NA	NA	E077-H3K36me3.narrowPeak	1	271474
1	734	roadmap_epigenomics	0	0.215997193938005	845	229	717	510	717	485	9770	1016	2537	roadmap_epigenomics	NA	NA	NA	NA	NA	E089-DNase.hotspot.all.peaks.bed	1	103433
1	632	roadmap_epigenomics	0	0.215850592337746	844	229	718	512	718	486	9767	1017	2540	roadmap_epigenomics H3K27ac	NA	NA	H3K27ac	NA	NA	E076-H3K27ac.narrowPeak	1	142168
1	698	roadmap_epigenomics	0	0.19831517552578	912	229	849	381	849	486	10202	949	2105	roadmap_epigenomics H3K4me3	NA	NA	H3K4me3	NA	NA	E084-H3K4me3.narrowPeak	1	40136
1	984	roadmap_epigenomics	0	0.168199352778492	1004	229	1012	218	1012	486	10762	857	1545	roadmap_epigenomics H3K4me2	NA	NA	H3K4me2	NA	NA	E119-H3K4me2.narrowPeak	1	119229
1	706	roadmap_epigenomics	0	0.147262675034465	1047	229	1070	161	1070	487	11043	814	1264	roadmap_epigenomics H3K4me1	NA	NA	H3K4me1	NA	NA	E085-H3K4me1.narrowPeak	1	285846
1	896	roadmap_epigenomics	0	0.152212981113644	1033	229	1057	175	1057	487	10969	828	1338	roadmap_epigenomics H3K4me1	NA	NA	H3K4me1	NA	NA	E110-H3K4me1.narrowPeak	1	214877
1	1081	roadmap_epigenomics	0	0.173676012753681	990	229	985	248	985	487	10676	871	1631	roadmap_epigenomics H3K4me1	NA	NA	H3K4me1	NA	NA	E127-H3K4me1.narrowPeak	1	199886
1	29	roadmap_epigenomics	0	0.236198455881928	763	229	582	654	654	488	9185	1098	3122	roadmap_epigenomics H3K36me3	NA	NA	H3K36me3	NA	NA	E003-H3K36me3.narrowPeak	1	323310
1	388	roadmap_epigenomics	0	0.325678576909204	567	229	300	935	935	488	7060	1294	5247	roadmap_epigenomics H3K36me3	NA	NA	H3K36me3	NA	NA	E038-H3K36me3.narrowPeak	1	143872
1	232	roadmap_epigenomics	0	0.224219911575798	809	229	658	580	658	489	9529	1052	2778	roadmap_epigenomics H3K27ac	NA	NA	H3K27ac	NA	NA	E017-H3K27ac.narrowPeak	1	179168
1	697	roadmap_epigenomics	0	0.153487434475077	1025	229	1051	187	1051	489	10938	836	1369	roadmap_epigenomics H3K4me1	NA	NA	H3K4me1	NA	NA	E084-H3K4me1.narrowPeak	1	247694
1	767	roadmap_epigenomics	0	0.142047171425583	1051	229	1086	151	1086	489	11093	810	1214	roadmap_epigenomics H3K4me1	NA	NA	H3K4me1	NA	NA	E092-H3K4me1.narrowPeak	1	275943
1	805	roadmap_epigenomics	0	0.242430515884217	728	229	533	704	704	489	8936	1133	3371	roadmap_epigenomics H3K36me3	NA	NA	H3K36me3	NA	NA	E097-H3K36me3.narrowPeak	1	343116
1	78	roadmap_epigenomics	0	0.223771386721528	810	229	662	579	662	490	9538	1051	2769	roadmap_epigenomics H3K4ac	NA	NA	H3K4ac	NA	NA	E005-H3K4ac.narrowPeak	1	228267
1	228	roadmap_epigenomics	0	0.241786716683934	733	229	540	702	702	490	8970	1128	3337	roadmap_epigenomics H2BK5ac	NA	NA	H2BK5ac	NA	NA	E017-H2BK5ac.narrowPeak	1	166186
1	274	roadmap_epigenomics	0	0.232899636993736	776	229	608	633	633	490	9284	1085	3023	roadmap_epigenomics H3K36me3	NA	NA	H3K36me3	NA	NA	E021-H3K36me3.narrowPeak	1	189937
1	461	roadmap_epigenomics	0	0.179094229898665	967	229	962	279	962	490	10559	894	1748	roadmap_epigenomics H3K4me3	NA	NA	H3K4me3	NA	NA	E049-H3K4me3.narrowPeak	1	76569
1	774	roadmap_epigenomics	0	0.54486681734625	509	229	241	1000	1000	490	5029	1352	7278	roadmap_epigenomics H3K27me3	NA	NA	H3K27me3	NA	NA	E093-H3K27me3.narrowPeak	1	90546
1	838	roadmap_epigenomics	0	0.200057930808391	900	229	833	409	833	490	10141	961	2166	roadmap_epigenomics H3K9ac	NA	NA	H3K9ac	NA	NA	E101-H3K9ac.narrowPeak	1	104171
1	294	roadmap_epigenomics	0	0.231076140116209	781	229	619	625	625	491	9327	1080	2980	roadmap_epigenomics H3K36me3	NA	NA	H3K36me3	NA	NA	E024-H3K36me3.narrowPeak	1	291581
1	372	roadmap_epigenomics	0	0.188284877619817	933	229	913	331	913	491	10366	928	1941	roadmap_epigenomics H3K4me1	NA	NA	H3K4me1	NA	NA	E035-H3K4me1.narrowPeak	1	126220
1	761	roadmap_epigenomics	0	0.205104641489998	881	229	798	445	798	491	10021	980	2286	roadmap_epigenomics	NA	NA	NA	NA	NA	E092-DNase.hotspot.all.peaks.bed	1	92888
1	822	roadmap_epigenomics	0	0.215023155265264	842	229	730	514	730	491	9766	1019	2541	roadmap_epigenomics H3K4me3	NA	NA	H3K4me3	NA	NA	E099-H3K4me3.narrowPeak	1	38242
1	83	roadmap_epigenomics	0	0.214464072060045	847	229	739	507	739	492	9793	1014	2514	roadmap_epigenomics H3K79me2	NA	NA	H3K79me2	NA	NA	E005-H3K79me2.narrowPeak	1	154809
1	165	roadmap_epigenomics	0	0.291351611321862	607	229	357	889	889	492	7683	1254	4624	roadmap_epigenomics H4K91ac	NA	NA	H4K91ac	NA	NA	E008-H4K91ac.narrowPeak	1	81358
1	234	roadmap_epigenomics	0	0.242953061497694	718	229	526	720	720	492	8875	1143	3432	roadmap_epigenomics H3K36me3	NA	NA	H3K36me3	NA	NA	E017-H3K36me3.narrowPeak	1	352022
1	459	roadmap_epigenomics	0	0.255626566152565	669	229	453	794	794	492	8456	1192	3851	roadmap_epigenomics H3K36me3	NA	NA	H3K36me3	NA	NA	E049-H3K36me3.narrowPeak	1	236300
1	667	roadmap_epigenomics	0	0.189178241997061	927	229	902	344	902	492	10337	934	1970	roadmap_epigenomics	NA	NA	NA	NA	NA	E081-DNase.hotspot.fdr0.01.peaks.bed	1	206920
1	737	roadmap_epigenomics	0	0.230871900913198	781	229	621	625	625	492	9329	1080	2978	roadmap_epigenomics H3K27ac	NA	NA	H3K27ac	NA	NA	E089-H3K27ac.narrowPeak	1	114750
1	749	roadmap_epigenomics	0	0.140108595182741	1051	229	1095	151	1095	492	11108	810	1199	roadmap_epigenomics H3K4me1	NA	NA	H3K4me1	NA	NA	E090-H3K4me1.narrowPeak	1	268484
1	803	roadmap_epigenomics	0	0.21797680790896	826	229	702	546	702	492	9667	1035	2640	roadmap_epigenomics H3K27ac	NA	NA	H3K27ac	NA	NA	E097-H3K27ac.narrowPeak	1	194850
1	672	roadmap_epigenomics	0	0.258873660648593	659	229	437	814	814	493	8360	1202	3947	roadmap_epigenomics H3K4me3	NA	NA	H3K4me3	NA	NA	E081-H3K4me3.narrowPeak	1	47518
1	950	roadmap_epigenomics	0	0.313602150482111	568	229	318	933	933	493	7181	1293	5126	roadmap_epigenomics H3K79me2	NA	NA	H3K79me2	NA	NA	E116-H3K79me2.narrowPeak	1	158037
1	980	roadmap_epigenomics	0	0.240476757623845	737	229	551	698	698	493	9005	1124	3302	roadmap_epigenomics H3K27ac	NA	NA	H3K27ac	NA	NA	E119-H3K27ac.narrowPeak	1	94592
1	1035	roadmap_epigenomics	0	0.322091114256733	559	229	303	946	946	493	7032	1302	5275	roadmap_epigenomics H3K79me2	NA	NA	H3K79me2	NA	NA	E123-H3K79me2.narrowPeak	1	112209
1	229	roadmap_epigenomics	0	0.246766790310088	695	229	502	751	751	494	8704	1166	3603	roadmap_epigenomics H3K14ac	NA	NA	H3K14ac	NA	NA	E017-H3K14ac.narrowPeak	1	195264
1	323	roadmap_epigenomics	0	0.214490292475519	842	229	738	514	738	494	9771	1019	2536	roadmap_epigenomics H3K4me3	NA	NA	H3K4me3	NA	NA	E028-H3K4me3.narrowPeak	1	54966
1	513	roadmap_epigenomics	0	0.118494185800201	1070	229	1120	133	1120	494	11316	791	991	roadmap_epigenomics H3K4me1	NA	NA	H3K4me1	NA	NA	E056-H3K4me1.narrowPeak	1	303644
1	125	roadmap_epigenomics	0	0.237697902322047	745	229	570	686	686	495	9076	1116	3231	roadmap_epigenomics H3K36me3	NA	NA	H3K36me3	NA	NA	E007-H3K36me3.narrowPeak	1	177693
1	198	roadmap_epigenomics	0	0.498503193286754	501	229	250	1006	1006	495	5230	1360	7077	roadmap_epigenomics H3K27me3	NA	NA	H3K27me3	NA	NA	E014-H3K27me3.narrowPeak	1	90298
1	239	roadmap_epigenomics	0	0.247510551531976	689	229	497	760	760	495	8661	1172	3646	roadmap_epigenomics H3K56ac	NA	NA	H3K56ac	NA	NA	E017-H3K56ac.narrowPeak	1	109751
1	831	roadmap_epigenomics	0	0.199930728712408	894	229	835	421	835	495	10119	967	2188	roadmap_epigenomics H3K4me3	NA	NA	H3K4me3	NA	NA	E100-H3K4me3.narrowPeak	1	39238
1	843	roadmap_epigenomics	0	0.155451647282546	1009	229	1048	207	1048	495	10879	852	1428	roadmap_epigenomics H3K4me1	NA	NA	H3K4me1	NA	NA	E102-H3K4me1.narrowPeak	1	236074
1	112	roadmap_epigenomics	0	0.204866608118012	875	229	801	458	801	496	9999	986	2308	roadmap_epigenomics	NA	NA	NA	NA	NA	E007-DNase.hotspot.all.peaks.bed	1	89801
1	460	roadmap_epigenomics	0	0.135389360827505	1047	229	1099	161	1099	496	11135	814	1172	roadmap_epigenomics H3K4me1	NA	NA	H3K4me1	NA	NA	E049-H3K4me1.narrowPeak	1	260639
1	505	roadmap_epigenomics	0	0.139228071131764	1046	229	1096	164	1096	496	11103	815	1204	roadmap_epigenomics H3K4me3	NA	NA	H3K4me3	NA	NA	E055-H3K4me3.narrowPeak	1	115193
1	568	roadmap_epigenomics	0	0.124302231932651	1056	229	1113	146	1113	496	11242	805	1065	roadmap_epigenomics H3K4me1	NA	NA	H3K4me1	NA	NA	E066-H3K4me1.narrowPeak	1	233359
1	683	roadmap_epigenomics	0	0.164233205878138	997	229	1026	232	1026	496	10774	864	1533	roadmap_epigenomics	NA	NA	NA	NA	NA	E083-DNase.hotspot.fdr0.01.peaks.bed	1	218413
1	790	roadmap_epigenomics	0	0.249371005311863	681	229	486	774	774	496	8594	1180	3713	roadmap_epigenomics H3K36me3	NA	NA	H3K36me3	NA	NA	E095-H3K36me3.narrowPeak	1	283237
1	209	roadmap_epigenomics	0	0.170337517267504	981	229	1002	261	1002	497	10676	880	1631	roadmap_epigenomics H3K9ac	NA	NA	H3K9ac	NA	NA	E015-H3K9ac.narrowPeak	1	116131
1	432	roadmap_epigenomics	0	0.188449571515852	921	229	908	353	908	497	10322	940	1985	roadmap_epigenomics H3K4me1	NA	NA	H3K4me1	NA	NA	E045-H3K4me1.narrowPeak	1	132617
1	716	roadmap_epigenomics	0	0.23464805755575	756	229	593	668	668	497	9164	1105	3143	roadmap_epigenomics H3K9ac	NA	NA	H3K9ac	NA	NA	E086-H3K9ac.narrowPeak	1	45031
1	764	roadmap_epigenomics	0	0.191269438969069	916	229	893	370	893	497	10279	945	2028	roadmap_epigenomics H3K27ac	NA	NA	H3K27ac	NA	NA	E092-H3K27ac.narrowPeak	1	135058
1	539	roadmap_epigenomics	0	0.142228928663882	1029	229	1084	182	1084	498	11038	832	1269	roadmap_epigenomics H3K27ac	NA	NA	H3K27ac	NA	NA	E061-H3K27ac.narrowPeak	1	199363
1	909	roadmap_epigenomics	0	0.301738932956086	570	229	338	928	928	498	7311	1291	4996	roadmap_epigenomics H3K36me3	NA	NA	H3K36me3	NA	NA	E112-H3K36me3.narrowPeak	1	202936
1	240	roadmap_epigenomics	0	0.2542905395839	660	229	458	811	811	499	8414	1201	3893	roadmap_epigenomics H3K79me1	NA	NA	H3K79me1	NA	NA	E017-H3K79me1.narrowPeak	1	390673
1	498	roadmap_epigenomics	0	0.206269196761642	863	229	793	477	793	500	9937	998	2370	roadmap_epigenomics	NA	NA	NA	NA	NA	E055-DNase.hotspot.all.peaks.bed	1	120443
1	542	roadmap_epigenomics	0	0.123943788007742	1050	229	1115	155	1115	500	11232	811	1075	roadmap_epigenomics H3K4me1	NA	NA	H3K4me1	NA	NA	E061-H3K4me1.narrowPeak	1	294530
1	662	roadmap_epigenomics	0	0.234490451279258	751	229	597	675	675	500	9140	1110	3167	roadmap_epigenomics H3K36me3	NA	NA	H3K36me3	NA	NA	E080-H3K36me3.narrowPeak	1	296790
1	862	roadmap_epigenomics	0	0.2065449668411	860	229	787	483	787	500	9922	1001	2385	roadmap_epigenomics H3K36me3	NA	NA	H3K36me3	NA	NA	E105-H3K36me3.narrowPeak	1	267060
1	306	roadmap_epigenomics	0	0.258137699742143	646	229	439	834	834	501	8285	1215	4022	roadmap_epigenomics H3K36me3	NA	NA	H3K36me3	NA	NA	E026-H3K36me3.narrowPeak	1	262442
1	103	roadmap_epigenomics	0	0.217555442001208	815	229	705	572	705	502	9621	1046	2686	roadmap_epigenomics H3K4ac	NA	NA	H3K4ac	NA	NA	E006-H3K4ac.narrowPeak	1	187901
1	168	roadmap_epigenomics	0	0.252457080601253	659	229	464	814	814	502	8427	1202	3880	roadmap_epigenomics H3K36me3	NA	NA	H3K36me3	NA	NA	E009-H3K36me3.narrowPeak	1	389216
1	522	roadmap_epigenomics	0	0.184850633583413	927	229	933	344	933	502	10375	934	1932	roadmap_epigenomics H3K4me3	NA	NA	H3K4me3	NA	NA	E057-H3K4me3.narrowPeak	1	48504
1	554	roadmap_epigenomics	0	0.244015291799945	692	229	522	756	756	502	8715	1169	3592	roadmap_epigenomics H3K36me3	NA	NA	H3K36me3	NA	NA	E063-H3K36me3.narrowPeak	1	257192
1	673	roadmap_epigenomics	0	0.589891383244728	442	229	233	1044	1044	502	4253	1419	8054	roadmap_epigenomics H3K9me3	NA	NA	H3K9me3	NA	NA	E081-H3K9me3.narrowPeak	1	24119
1	967	roadmap_epigenomics	0	0.365691519092748	498	229	270	1007	1007	502	6151	1363	6156	roadmap_epigenomics H2A.Z	NA	NA	H2A.Z	NA	NA	E118-H2A.Z.narrowPeak	1	24224
1	987	roadmap_epigenomics	0	0.223372945639692	788	229	665	613	665	502	9437	1073	2870	roadmap_epigenomics H3K9ac	NA	NA	H3K9ac	NA	NA	E119-H3K9ac.narrowPeak	1	82070
1	42	roadmap_epigenomics	0	0.293698684226271	568	229	348	933	933	503	7376	1293	4931	roadmap_epigenomics H4K91ac	NA	NA	H4K91ac	NA	NA	E003-H4K91ac.narrowPeak	1	106820
1	299	roadmap_epigenomics	0	0.250023065864992	666	229	482	799	799	503	8496	1195	3811	roadmap_epigenomics H3K36me3	NA	NA	H3K36me3	NA	NA	E025-H3K36me3.narrowPeak	1	257733
1	504	roadmap_epigenomics	0	0.107733380612141	1048	229	1122	158	1122	503	11358	813	949	roadmap_epigenomics H3K4me1	NA	NA	H3K4me1	NA	NA	E055-H3K4me1.narrowPeak	1	338865
1	623	roadmap_epigenomics	0	0.197287911795514	893	229	856	424	856	503	10139	968	2168	roadmap_epigenomics H3K9ac	NA	NA	H3K9ac	NA	NA	E074-H3K9ac.narrowPeak	1	124462
1	636	roadmap_epigenomics	0	0.184736117722727	925	229	934	347	934	503	10369	936	1938	roadmap_epigenomics H3K4me3	NA	NA	H3K4me3	NA	NA	E076-H3K4me3.narrowPeak	1	72243
1	875	roadmap_epigenomics	0	0.177992887665062	938	229	965	316	965	503	10473	923	1834	roadmap_epigenomics H3K4me3	NA	NA	H3K4me3	NA	NA	E107-H3K4me3.narrowPeak	1	80526
1	289	roadmap_epigenomics	0	0.140512537813304	1023	229	1094	189	1094	504	11037	838	1270	roadmap_epigenomics H3K4me1	NA	NA	H3K4me1	NA	NA	E023-H3K4me1.narrowPeak	1	307369
1	446	roadmap_epigenomics	0	0.308363559046472	552	229	328	956	956	504	7109	1309	5198	roadmap_epigenomics H3K36me3	NA	NA	H3K36me3	NA	NA	E047-H3K36me3.narrowPeak	1	150951
1	17	roadmap_epigenomics	0	0.316598277276241	537	229	311	976	976	505	6912	1324	5395	roadmap_epigenomics H2AK5ac	NA	NA	H2AK5ac	NA	NA	E003-H2AK5ac.narrowPeak	1	102280
1	807	roadmap_epigenomics	0	0.204213121959365	862	229	807	478	807	505	9952	999	2355	roadmap_epigenomics H3K4me3	NA	NA	H3K4me3	NA	NA	E097-H3K4me3.narrowPeak	1	41526
1	836	roadmap_epigenomics	0	0.154319759748842	996	229	1049	238	1049	505	10853	865	1454	roadmap_epigenomics H3K4me1	NA	NA	H3K4me1	NA	NA	E101-H3K4me1.narrowPeak	1	208728
1	110	roadmap_epigenomics	0	0.18029820514859	931	229	958	334	958	507	10429	930	1878	roadmap_epigenomics H4K8ac	NA	NA	H4K8ac	NA	NA	E006-H4K8ac.narrowPeak	1	209112
1	174	roadmap_epigenomics	0	0.248776011877239	665	229	487	804	804	507	8503	1196	3804	roadmap_epigenomics H3K36me3	NA	NA	H3K36me3	NA	NA	E010-H3K36me3.narrowPeak	1	378468
1	238	roadmap_epigenomics	0	0.200730067338722	872	229	828	464	828	507	10025	989	2282	roadmap_epigenomics H3K4me3	NA	NA	H3K4me3	NA	NA	E017-H3K4me3.narrowPeak	1	42408
1	304	roadmap_epigenomics	0	0.232899025378759	747	229	609	683	683	507	9135	1114	3172	roadmap_epigenomics H3K27ac	NA	NA	H3K27ac	NA	NA	E026-H3K27ac.narrowPeak	1	107716
1	746	roadmap_epigenomics	0	0.208811031280409	840	229	775	518	775	507	9816	1021	2491	roadmap_epigenomics H3K27ac	NA	NA	H3K27ac	NA	NA	E090-H3K27ac.narrowPeak	1	148419
1	824	roadmap_epigenomics	0	0.217775910086724	804	229	703	589	703	507	9568	1057	2739	roadmap_epigenomics	NA	NA	NA	NA	NA	E100-DNase.hotspot.all.peaks.bed	1	100209
1	827	roadmap_epigenomics	0	0.212573778286388	829	229	751	541	751	507	9732	1032	2575	roadmap_epigenomics H3K27ac	NA	NA	H3K27ac	NA	NA	E100-H3K27ac.narrowPeak	1	163031
1	881	roadmap_epigenomics	0	0.111330816126943	1036	229	1121	172	1121	507	11305	825	1002	roadmap_epigenomics H3K4me1	NA	NA	H3K4me1	NA	NA	E108-H3K4me1.narrowPeak	1	272216
1	914	roadmap_epigenomics	0	0.52313097189005	438	229	244	1048	1048	507	4559	1423	7748	roadmap_epigenomics H3K27me3	NA	NA	H3K27me3	NA	NA	E113-H3K27me3.narrowPeak	1	57437
1	1066	roadmap_epigenomics	0	0.252425606815316	654	229	465	827	827	507	8396	1207	3911	roadmap_epigenomics H3K27ac	NA	NA	H3K27ac	NA	NA	E126-H3K27ac.narrowPeak	1	91265
1	123	roadmap_epigenomics	0	0.24469321534693	675	229	513	781	781	508	8607	1186	3700	roadmap_epigenomics H3K27ac	NA	NA	H3K27ac	NA	NA	E007-H3K27ac.narrowPeak	1	78132
1	237	roadmap_epigenomics	0	0.163794459963107	977	229	1028	268	1028	508	10719	884	1588	roadmap_epigenomics H3K4me2	NA	NA	H3K4me2	NA	NA	E017-H3K4me2.narrowPeak	1	177688
1	340	roadmap_epigenomics	0	0.359963155322414	477	229	274	1020	1020	508	6020	1384	6287	roadmap_epigenomics H3K36me3	NA	NA	H3K36me3	NA	NA	E031-H3K36me3.narrowPeak	1	119677
1	357	roadmap_epigenomics	0	0.321224365745944	518	229	305	990	990	508	6715	1343	5592	roadmap_epigenomics H3K36me3	NA	NA	H3K36me3	NA	NA	E033-H3K36me3.narrowPeak	1	134198
1	598	roadmap_epigenomics	0	0.162708276979412	979	229	1030	266	1030	508	10734	882	1573	roadmap_epigenomics H3K27ac	NA	NA	H3K27ac	NA	NA	E071-H3K27ac.narrowPeak	1	152169
1	783	roadmap_epigenomics	0	0.603888099147933	402	229	231	1065	1065	508	3856	1459	8451	roadmap_epigenomics H3K27me3	NA	NA	H3K27me3	NA	NA	E094-H3K27me3.narrowPeak	1	42768
1	847	roadmap_epigenomics	0	0.22562049831129	767	229	649	645	649	508	9311	1094	2996	roadmap_epigenomics H3K27ac	NA	NA	H3K27ac	NA	NA	E103-H3K27ac.narrowPeak	1	119896
1	904	roadmap_epigenomics	0	0.165174264872055	972	229	1021	274	1021	508	10692	889	1615	roadmap_epigenomics H3K4me3	NA	NA	H3K4me3	NA	NA	E111-H3K4me3.narrowPeak	1	90969
1	126	roadmap_epigenomics	0	0.33988463857864	484	229	286	1011	1011	509	6257	1377	6050	roadmap_epigenomics H3K4ac	NA	NA	H3K4ac	NA	NA	E007-H3K4ac.narrowPeak	1	45590
1	401	roadmap_epigenomics	0	0.312467575039876	533	229	320	978	978	509	6920	1328	5387	roadmap_epigenomics H3K36me3	NA	NA	H3K36me3	NA	NA	E040-H3K36me3.narrowPeak	1	157464
1	507	roadmap_epigenomics	0	0.210758269970918	833	229	764	534	764	509	9767	1028	2540	roadmap_epigenomics	NA	NA	NA	NA	NA	E056-DNase.hotspot.all.peaks.bed	1	117994
1	637	roadmap_epigenomics	0	0.230915599277976	749	229	620	679	679	509	9165	1112	3142	roadmap_epigenomics H3K9ac	NA	NA	H3K9ac	NA	NA	E076-H3K9ac.narrowPeak	1	60918
1	868	roadmap_epigenomics	0	0.239921582984781	704	229	558	741	741	509	8827	1157	3480	roadmap_epigenomics H3K36me3	NA	NA	H3K36me3	NA	NA	E106-H3K36me3.narrowPeak	1	291154
1	300	roadmap_epigenomics	0	0.141769454482129	1008	229	1088	213	1088	510	10989	853	1318	roadmap_epigenomics H3K4me1	NA	NA	H3K4me1	NA	NA	E025-H3K4me1.narrowPeak	1	312578
1	321	roadmap_epigenomics	0	0.270341407365083	592	229	400	901	901	510	7792	1269	4515	roadmap_epigenomics H3K36me3	NA	NA	H3K36me3	NA	NA	E028-H3K36me3.narrowPeak	1	214696
1	33	roadmap_epigenomics	0	0.189886177825007	902	229	900	403	900	511	10240	959	2067	roadmap_epigenomics H3K4me3	NA	NA	H3K4me3	NA	NA	E003-H3K4me3.narrowPeak	1	42133
1	188	roadmap_epigenomics	0	0.151906371837902	991	229	1060	244	1060	511	10859	870	1448	roadmap_epigenomics H3K4me1	NA	NA	H3K4me1	NA	NA	E012-H3K4me1.narrowPeak	1	258735
1	453	roadmap_epigenomics	0	0.310316059722321	529	229	324	981	981	511	6909	1332	5398	roadmap_epigenomics H3K36me3	NA	NA	H3K36me3	NA	NA	E048-H3K36me3.narrowPeak	1	130411
1	1020	roadmap_epigenomics	0	0.181531965350665	920	229	949	356	949	511	10380	941	1927	roadmap_epigenomics H3K4me2	NA	NA	H3K4me2	NA	NA	E122-H3K4me2.narrowPeak	1	99492
1	52	roadmap_epigenomics	0	0.227682855423011	755	229	636	670	670	512	9229	1106	3078	roadmap_epigenomics H3K27ac	NA	NA	H3K27ac	NA	NA	E004-H3K27ac.narrowPeak	1	144857
1	743	roadmap_epigenomics	0	0.217676117238655	794	229	704	603	704	512	9522	1067	2785	roadmap_epigenomics	NA	NA	NA	NA	NA	E090-DNase.hotspot.all.peaks.bed	1	99312
1	750	roadmap_epigenomics	0	0.200059554560303	864	229	832	475	832	512	9999	997	2308	roadmap_epigenomics H3K4me3	NA	NA	H3K4me3	NA	NA	E090-H3K4me3.narrowPeak	1	35057
1	818	roadmap_epigenomics	0	0.253234826020444	633	229	461	847	847	512	8253	1228	4054	roadmap_epigenomics H3K27ac	NA	NA	H3K27ac	NA	NA	E099-H3K27ac.narrowPeak	1	75578
1	1016	roadmap_epigenomics	0	0.241611875336701	686	229	541	765	765	512	8705	1175	3602	roadmap_epigenomics H3K27ac	NA	NA	H3K27ac	NA	NA	E122-H3K27ac.narrowPeak	1	71491
1	276	roadmap_epigenomics	0	0.202399808812301	854	229	817	494	817	513	9936	1007	2371	roadmap_epigenomics H3K4me3	NA	NA	H3K4me3	NA	NA	E021-H3K4me3.narrowPeak	1	38867
1	503	roadmap_epigenomics	0	0.212869358250503	818	229	748	562	748	513	9680	1043	2627	roadmap_epigenomics H3K36me3	NA	NA	H3K36me3	NA	NA	E055-H3K36me3.narrowPeak	1	289239
1	559	roadmap_epigenomics	0	0.244298271210918	670	229	517	793	793	513	8581	1191	3726	roadmap_epigenomics H3K27ac	NA	NA	H3K27ac	NA	NA	E065-H3K27ac.narrowPeak	1	141729
1	609	roadmap_epigenomics	0	0.149075643807811	991	229	1067	244	1067	513	10883	870	1424	roadmap_epigenomics H3K9ac	NA	NA	H3K9ac	NA	NA	E072-H3K9ac.narrowPeak	1	165236
1	715	roadmap_epigenomics	0	0.214709169374787	814	229	735	575	735	513	9644	1047	2663	roadmap_epigenomics H3K4me3	NA	NA	H3K4me3	NA	NA	E086-H3K4me3.narrowPeak	1	45257
1	1096	roadmap_epigenomics	0	0.216111854339327	802	229	716	593	716	513	9575	1059	2732	roadmap_epigenomics H3K4me3	NA	NA	H3K4me3	NA	NA	E128-H3K4me3.narrowPeak	1	38014
1	175	roadmap_epigenomics	0	0.153169997365896	985	229	1054	258	1054	514	10832	876	1475	roadmap_epigenomics H3K4me1	NA	NA	H3K4me1	NA	NA	E010-H3K4me1.narrowPeak	1	266556
1	563	roadmap_epigenomics	0	0.229862306011731	746	229	627	685	685	514	9160	1115	3147	roadmap_epigenomics H3K4me3	NA	NA	H3K4me3	NA	NA	E065-H3K4me3.narrowPeak	1	39916
1	281	roadmap_epigenomics	0	0.180919402882203	919	229	955	361	955	515	10382	942	1925	roadmap_epigenomics H3K27ac	NA	NA	H3K27ac	NA	NA	E022-H3K27ac.narrowPeak	1	140357
1	241	roadmap_epigenomics	0	0.255129031916999	625	229	457	863	863	516	8180	1236	4127	roadmap_epigenomics H3K79me2	NA	NA	H3K79me2	NA	NA	E017-H3K79me2.narrowPeak	1	283453
1	308	roadmap_epigenomics	0	0.182683996767497	913	229	943	376	943	516	10345	948	1962	roadmap_epigenomics H3K4me3	NA	NA	H3K4me3	NA	NA	E026-H3K4me3.narrowPeak	1	81465
1	309	roadmap_epigenomics	0	0.217322144515006	788	229	707	613	707	516	9497	1073	2810	roadmap_epigenomics H3K9ac	NA	NA	H3K9ac	NA	NA	E026-H3K9ac.narrowPeak	1	80106
1	557	roadmap_epigenomics	0	0.175772974110925	928	229	979	340	979	516	10459	933	1848	roadmap_epigenomics H3K9ac	NA	NA	H3K9ac	NA	NA	E063-H3K9ac.narrowPeak	1	112712
1	1021	roadmap_epigenomics	0	0.206348910204015	835	229	791	529	791	516	9818	1026	2489	roadmap_epigenomics H3K4me3	NA	NA	H3K4me3	NA	NA	E122-H3K4me3.narrowPeak	1	43730
1	89	roadmap_epigenomics	0	0.221340120022849	772	229	680	641	680	517	9379	1089	2928	roadmap_epigenomics	NA	NA	NA	NA	NA	E006-DNase.hotspot.all.peaks.bed	1	102198
1	496	roadmap_epigenomics	0	0.17095572909812	934	229	996	327	996	517	10522	927	1785	roadmap_epigenomics H3K4me3	NA	NA	H3K4me3	NA	NA	E054-H3K4me3.narrowPeak	1	59260
1	849	roadmap_epigenomics	0	0.236159711067241	705	229	584	739	739	517	8872	1156	3435	roadmap_epigenomics H3K36me3	NA	NA	H3K36me3	NA	NA	E103-H3K36me3.narrowPeak	1	225315
1	997	roadmap_epigenomics	0	0.190373739119356	893	229	897	424	897	517	10202	968	2105	roadmap_epigenomics H3K4me3	NA	NA	H3K4me3	NA	NA	E120-H3K4me3.narrowPeak	1	47100
1	1105	roadmap_epigenomics	0	0.16180789940964	964	229	1035	287	1035	517	10697	897	1610	roadmap_epigenomics H3K4me1	NA	NA	H3K4me1	NA	NA	E129-H3K4me1.narrowPeak	1	237110
1	302	roadmap_epigenomics	0	0.177747629019795	920	229	969	356	969	518	10414	941	1893	roadmap_epigenomics H3K9ac	NA	NA	H3K9ac	NA	NA	E025-H3K9ac.narrowPeak	1	134727
1	1084	roadmap_epigenomics	0	0.276498490013454	563	229	382	943	943	518	7516	1298	4791	roadmap_epigenomics H3K79me2	NA	NA	H3K79me2	NA	NA	E127-H3K79me2.narrowPeak	1	203560
1	218	roadmap_epigenomics	0	0.215166654932602	800	229	728	599	728	519	9575	1061	2732	roadmap_epigenomics	NA	NA	NA	NA	NA	E017-DNase.hotspot.all.peaks.bed	1	116011
1	486	roadmap_epigenomics	0	0.199152269541655	856	229	841	488	841	519	9975	1005	2332	roadmap_epigenomics H3K9ac	NA	NA	H3K9ac	NA	NA	E052-H3K9ac.narrowPeak	1	98792
1	983	roadmap_epigenomics	0	0.164164797972616	947	229	1027	301	1027	519	10624	914	1683	roadmap_epigenomics H3K4me1	NA	NA	H3K4me1	NA	NA	E119-H3K4me1.narrowPeak	1	182438
1	1008	roadmap_epigenomics	0	0.152118460105044	974	229	1058	271	1058	519	10810	887	1497	roadmap_epigenomics H3K4me2	NA	NA	H3K4me2	NA	NA	E121-H3K4me2.narrowPeak	1	137508
1	153	roadmap_epigenomics	0	0.277402371595816	554	229	379	953	953	520	7439	1307	4868	roadmap_epigenomics H3K4me1	NA	NA	H3K4me1	NA	NA	E008-H3K4me1.narrowPeak	1	135771
1	601	roadmap_epigenomics	0	0.119591284344298	1007	229	1118	214	1118	520	11174	854	1133	roadmap_epigenomics H3K4me1	NA	NA	H3K4me1	NA	NA	E071-H3K4me1.narrowPeak	1	226083
1	627	roadmap_epigenomics	0	0.211275879332458	815	229	760	572	760	520	9682	1046	2625	roadmap_epigenomics H3K36me3	NA	NA	H3K36me3	NA	NA	E075-H3K36me3.narrowPeak	1	274849
1	908	roadmap_epigenomics	0	0.478497549773131	334	229	251	1080	1080	520	3861	1527	8446	roadmap_epigenomics H3K27me3	NA	NA	H3K27me3	NA	NA	E112-H3K27me3.narrowPeak	1	44640
1	214	roadmap_epigenomics	0	0.193372659255317	878	229	883	450	883	521	10117	983	2190	roadmap_epigenomics H3K4me1	NA	NA	H3K4me1	NA	NA	E016-H3K4me1.narrowPeak	1	292493
1	712	roadmap_epigenomics	0	0.580334111123006	271	229	236	1099	1099	521	2794	1590	9513	roadmap_epigenomics H3K27me3	NA	NA	H3K27me3	NA	NA	E086-H3K27me3.narrowPeak	1	61387
1	1058	roadmap_epigenomics	0	0.14108109082443	991	229	1091	244	1091	521	10951	870	1356	roadmap_epigenomics H3K4me2	NA	NA	H3K4me2	NA	NA	E125-H3K4me2.narrowPeak	1	125847
1	537	roadmap_epigenomics	0	0.181238961256151	911	229	953	385	953	522	10351	950	1956	roadmap_epigenomics H3K4me3	NA	NA	H3K4me3	NA	NA	E059-H3K4me3.narrowPeak	1	47573
1	729	roadmap_epigenomics	0	0.234759987720186	698	229	592	745	745	522	8847	1163	3460	roadmap_epigenomics H3K36me3	NA	NA	H3K36me3	NA	NA	E088-H3K36me3.narrowPeak	1	301918
1	1102	roadmap_epigenomics	0	0.215570601098292	790	229	725	611	725	522	9524	1071	2783	roadmap_epigenomics H3K27ac	NA	NA	H3K27ac	NA	NA	E129-H3K27ac.narrowPeak	1	145020
1	20	roadmap_epigenomics	0	0.372616409027167	371	229	267	1074	1074	523	4930	1490	7377	roadmap_epigenomics H2BK15ac	NA	NA	H2BK15ac	NA	NA	E003-H2BK15ac.narrowPeak	1	56902
1	543	roadmap_epigenomics	0	0.186327827409728	897	229	925	415	925	523	10254	964	2053	roadmap_epigenomics H3K4me3	NA	NA	H3K4me3	NA	NA	E061-H3K4me3.narrowPeak	1	39368
1	1031	roadmap_epigenomics	0	0.287847615757371	540	229	366	973	973	523	7222	1321	5085	roadmap_epigenomics H3K36me3	NA	NA	H3K36me3	NA	NA	E123-H3K36me3.narrowPeak	1	190856
1	150	roadmap_epigenomics	0	0.456435551390017	309	229	256	1087	1087	524	3738	1552	8569	roadmap_epigenomics H3K27me3	NA	NA	H3K27me3	NA	NA	E008-H3K27me3.narrowPeak	1	38910
1	187	roadmap_epigenomics	0	0.240739102651882	669	229	549	794	794	524	8613	1192	3694	roadmap_epigenomics H3K36me3	NA	NA	H3K36me3	NA	NA	E012-H3K36me3.narrowPeak	1	226301
1	521	roadmap_epigenomics	0	0.172053844084395	924	229	992	350	992	524	10479	937	1828	roadmap_epigenomics H3K4me1	NA	NA	H3K4me1	NA	NA	E057-H3K4me1.narrowPeak	1	212997
1	813	roadmap_epigenomics	0	0.511104374735701	288	229	247	1097	1097	524	3246	1573	9061	roadmap_epigenomics H3K27me3	NA	NA	H3K27me3	NA	NA	E098-H3K27me3.narrowPeak	1	34318
1	878	roadmap_epigenomics	0	0.2072358072702	818	229	781	562	781	524	9735	1043	2572	roadmap_epigenomics H3K27ac	NA	NA	H3K27ac	NA	NA	E108-H3K27ac.narrowPeak	1	109113
1	985	roadmap_epigenomics	0	0.199411791957847	851	229	839	503	839	524	9952	1010	2355	roadmap_epigenomics H3K4me3	NA	NA	H3K4me3	NA	NA	E119-H3K4me3.narrowPeak	1	41290
1	90	roadmap_epigenomics	0	0.176506467543716	915	229	974	373	974	525	10408	946	1899	roadmap_epigenomics	NA	NA	NA	NA	NA	E006-DNase.hotspot.fdr0.01.peaks.bed	1	174991
1	265	roadmap_epigenomics	0	0.182647566568165	902	229	944	403	944	525	10306	959	2001	roadmap_epigenomics H3K4me1	NA	NA	H3K4me1	NA	NA	E020-H3K4me1.narrowPeak	1	289288
1	484	roadmap_epigenomics	0	0.149118672732108	967	229	1066	279	1066	525	10816	894	1491	roadmap_epigenomics H3K4me2	NA	NA	H3K4me2	NA	NA	E052-H3K4me2.narrowPeak	1	119840
1	821	roadmap_epigenomics	0	0.150888482835141	966	229	1063	283	1063	525	10798	895	1509	roadmap_epigenomics H3K4me1	NA	NA	H3K4me1	NA	NA	E099-H3K4me1.narrowPeak	1	176837
1	77	roadmap_epigenomics	0	0.210290503044324	808	229	766	582	766	526	9660	1053	2647	roadmap_epigenomics H3K36me3	NA	NA	H3K36me3	NA	NA	E005-H3K36me3.narrowPeak	1	277210
1	236	roadmap_epigenomics	0	0.158999185403408	945	229	1044	304	1044	526	10664	916	1643	roadmap_epigenomics H3K4me1	NA	NA	H3K4me1	NA	NA	E017-H3K4me1.narrowPeak	1	328152
1	382	roadmap_epigenomics	0	0.316884239844991	443	229	309	1041	1041	526	6110	1418	6197	roadmap_epigenomics H3K36me3	NA	NA	H3K36me3	NA	NA	E037-H3K36me3.narrowPeak	1	97050
1	584	roadmap_epigenomics	0	0.145370118731848	972	229	1075	274	1075	526	10863	889	1444	roadmap_epigenomics H3K9ac	NA	NA	H3K9ac	NA	NA	E068-H3K9ac.narrowPeak	1	183791
1	757	roadmap_epigenomics	0	0.243373927417136	655	229	524	824	824	526	8499	1206	3808	roadmap_epigenomics H3K36me3	NA	NA	H3K36me3	NA	NA	E091-H3K36me3.narrowPeak	1	240653
1	1108	roadmap_epigenomics	0	0.259443259685277	579	229	431	917	917	526	7817	1282	4490	roadmap_epigenomics H3K79me2	NA	NA	H3K79me2	NA	NA	E129-H3K79me2.narrowPeak	1	217609
1	579	roadmap_epigenomics	0	0.162223891395901	937	229	1033	319	1033	527	10610	924	1697	roadmap_epigenomics H3K27ac	NA	NA	H3K27ac	NA	NA	E068-H3K27ac.narrowPeak	1	214725
1	900	roadmap_epigenomics	0	0.218034383171922	764	229	700	651	700	527	9373	1097	2934	roadmap_epigenomics H3K27ac	NA	NA	H3K27ac	NA	NA	E111-H3K27ac.narrowPeak	1	102045
1	144	roadmap_epigenomics	0	0.25936117518321	574	229	433	923	923	528	7782	1287	4525	roadmap_epigenomics H2BK5ac	NA	NA	H2BK5ac	NA	NA	E008-H2BK5ac.narrowPeak	1	66830
1	686	roadmap_epigenomics	0	0.227056535014973	720	229	640	716	716	528	9051	1141	3256	roadmap_epigenomics H3K36me3	NA	NA	H3K36me3	NA	NA	E083-H3K36me3.narrowPeak	1	221146
1	925	roadmap_epigenomics	0	0.152416597243299	948	229	1055	299	1055	528	10732	913	1575	roadmap_epigenomics H3K4me2	NA	NA	H3K4me2	NA	NA	E114-H3K4me2.narrowPeak	1	103473
1	180	roadmap_epigenomics	0	0.24831431113377	623	229	492	866	866	529	8241	1238	4066	roadmap_epigenomics H3K36me3	NA	NA	H3K36me3	NA	NA	E011-H3K36me3.narrowPeak	1	271169
1	535	roadmap_epigenomics	0	0.269898600777575	550	229	401	958	958	529	7489	1311	4818	roadmap_epigenomics H3K36me3	NA	NA	H3K36me3	NA	NA	E059-H3K36me3.narrowPeak	1	98754
1	971	roadmap_epigenomics	0	0.2001758387919	836	229	831	527	831	529	9882	1025	2425	roadmap_epigenomics H3K4me1	NA	NA	H3K4me1	NA	NA	E118-H3K4me1.narrowPeak	1	142346
1	596	roadmap_epigenomics	0	0.187881890897927	880	229	914	447	914	530	10176	981	2131	roadmap_epigenomics H3K4me3	NA	NA	H3K4me3	NA	NA	E070-H3K4me3.narrowPeak	1	41846
1	1059	roadmap_epigenomics	0	0.177833521456139	907	229	966	395	966	530	10368	954	1939	roadmap_epigenomics H3K4me3	NA	NA	H3K4me3	NA	NA	E125-H3K4me3.narrowPeak	1	70898
1	491	roadmap_epigenomics	0	0.18861641041345	875	229	906	458	906	531	10150	986	2157	roadmap_epigenomics H3K4me3	NA	NA	H3K4me3	NA	NA	E053-H3K4me3.narrowPeak	1	36677
1	582	roadmap_epigenomics	0	0.127735655822514	986	229	1109	256	1109	531	11054	875	1253	roadmap_epigenomics H3K4me1	NA	NA	H3K4me1	NA	NA	E068-H3K4me1.narrowPeak	1	279154
1	723	roadmap_epigenomics	0	0.216670538603946	764	229	712	651	712	531	9387	1097	2920	roadmap_epigenomics H3K9ac	NA	NA	H3K9ac	NA	NA	E087-H3K9ac.narrowPeak	1	62354
1	107	roadmap_epigenomics	0	0.237401464672588	668	229	572	796	796	532	8643	1193	3664	roadmap_epigenomics H3K79me1	NA	NA	H3K79me1	NA	NA	E006-H3K79me1.narrowPeak	1	327815
1	258	roadmap_epigenomics	0	0.190287089695549	869	229	898	468	898	532	10111	992	2196	roadmap_epigenomics H3K4me1	NA	NA	H3K4me1	NA	NA	E019-H3K4me1.narrowPeak	1	213365
1	741	roadmap_epigenomics	0	0.201219749317702	829	229	825	541	825	532	9842	1032	2465	roadmap_epigenomics H3K4me3	NA	NA	H3K4me3	NA	NA	E089-H3K4me3.narrowPeak	1	32241
1	829	roadmap_epigenomics	0	0.256084218176678	578	229	448	920	920	532	7847	1283	4460	roadmap_epigenomics H3K36me3	NA	NA	H3K36me3	NA	NA	E100-H3K36me3.narrowPeak	1	160205
1	485	roadmap_epigenomics	0	0.181529882680352	895	229	950	419	950	533	10291	966	2016	roadmap_epigenomics H3K4me3	NA	NA	H3K4me3	NA	NA	E052-H3K4me3.narrowPeak	1	77026
1	689	roadmap_epigenomics	0	0.152001880872824	940	229	1059	312	1059	533	10712	921	1595	roadmap_epigenomics H3K9ac	NA	NA	H3K9ac	NA	NA	E083-H3K9ac.narrowPeak	1	110500
1	926	roadmap_epigenomics	0	0.17435275002569	909	229	982	388	982	533	10407	952	1900	roadmap_epigenomics H3K4me3	NA	NA	H3K4me3	NA	NA	E114-H3K4me3.narrowPeak	1	76182
1	1011	roadmap_epigenomics	0	0.20554563763693	812	229	795	576	795	533	9725	1049	2582	roadmap_epigenomics H3K9ac	NA	NA	H3K9ac	NA	NA	E121-H3K9ac.narrowPeak	1	104079
1	21	roadmap_epigenomics	0	0.371878867064711	260	229	268	1104	1104	534	3741	1601	8566	roadmap_epigenomics H2BK20ac	NA	NA	H2BK20ac	NA	NA	E003-H2BK20ac.narrowPeak	1	71225
1	696	roadmap_epigenomics	0	0.226565852146462	709	229	644	730	730	534	8996	1152	3311	roadmap_epigenomics H3K36me3	NA	NA	H3K36me3	NA	NA	E084-H3K36me3.narrowPeak	1	327499
1	876	roadmap_epigenomics	0	0.142496078394405	958	229	1083	290	1083	534	10850	903	1457	roadmap_epigenomics H3K9ac	NA	NA	H3K9ac	NA	NA	E107-H3K9ac.narrowPeak	1	144247
1	946	roadmap_epigenomics	0	0.291414376777896	479	229	356	1016	1016	534	6686	1382	5621	roadmap_epigenomics H3K36me3	NA	NA	H3K36me3	NA	NA	E116-H3K36me3.narrowPeak	1	165402
1	141	roadmap_epigenomics	0	0.308092474109975	439	229	329	1047	1047	535	6160	1422	6147	roadmap_epigenomics H2BK12ac	NA	NA	H2BK12ac	NA	NA	E008-H2BK12ac.narrowPeak	1	46023
1	242	roadmap_epigenomics	0	0.185884096117624	879	229	926	449	926	535	10191	982	2116	roadmap_epigenomics H3K9ac	NA	NA	H3K9ac	NA	NA	E017-H3K9ac.narrowPeak	1	130449
1	552	roadmap_epigenomics	0	0.205404730311637	809	229	796	580	796	535	9713	1052	2594	roadmap_epigenomics H3K27ac	NA	NA	H3K27ac	NA	NA	E063-H3K27ac.narrowPeak	1	123465
1	561	roadmap_epigenomics	0	0.273136088815215	522	229	391	986	986	535	7237	1339	5070	roadmap_epigenomics H3K36me3	NA	NA	H3K36me3	NA	NA	E065-H3K36me3.narrowPeak	1	104024
1	857	roadmap_epigenomics	0	0.18532942534745	880	229	930	447	930	535	10200	981	2107	roadmap_epigenomics H3K4me1	NA	NA	H3K4me1	NA	NA	E104-H3K4me1.narrowPeak	1	271842
1	945	roadmap_epigenomics	0	0.404426091504251	163	229	261	1114	1114	535	2361	1698	9946	roadmap_epigenomics H3K27me3	NA	NA	H3K27me3	NA	NA	E116-H3K27me3.narrowPeak	1	17339
1	61	roadmap_epigenomics	0	0.182882018064278	884	229	940	440	940	536	10238	977	2069	roadmap_epigenomics H3K9ac	NA	NA	H3K9ac	NA	NA	E004-H3K9ac.narrowPeak	1	93600
1	674	roadmap_epigenomics	0	0.212100946317165	782	229	754	624	754	536	9521	1079	2786	roadmap_epigenomics	NA	NA	NA	NA	NA	E082-DNase.hotspot.all.peaks.bed	1	115791
1	725	roadmap_epigenomics	0	0.198694399295517	834	229	846	532	846	536	9888	1027	2419	roadmap_epigenomics	NA	NA	NA	NA	NA	E088-DNase.hotspot.all.peaks.bed	1	112194
1	923	roadmap_epigenomics	0	0.248567401607206	605	229	489	890	890	536	8118	1256	4189	roadmap_epigenomics H3K36me3	NA	NA	H3K36me3	NA	NA	E114-H3K36me3.narrowPeak	1	218138
1	1071	roadmap_epigenomics	0	0.215012314158861	765	229	731	648	731	536	9409	1096	2898	roadmap_epigenomics H3K4me3	NA	NA	H3K4me3	NA	NA	E126-H3K4me3.narrowPeak	1	53066
1	462	roadmap_epigenomics	0	0.173280539912199	907	229	987	395	987	537	10410	954	1897	roadmap_epigenomics H3K9ac	NA	NA	H3K9ac	NA	NA	E049-H3K9ac.narrowPeak	1	107453
1	1104	roadmap_epigenomics	0	0.247534999966769	611	229	496	887	887	537	8170	1250	4137	roadmap_epigenomics H3K36me3	NA	NA	H3K36me3	NA	NA	E129-H3K36me3.narrowPeak	1	239707
1	705	roadmap_epigenomics	0	0.185761971919962	875	229	927	458	927	538	10177	986	2130	roadmap_epigenomics H3K36me3	NA	NA	H3K36me3	NA	NA	E085-H3K36me3.narrowPeak	1	359487
1	1009	roadmap_epigenomics	0	0.181788030776719	885	229	947	437	947	538	10252	976	2055	roadmap_epigenomics H3K4me3	NA	NA	H3K4me3	NA	NA	E121-H3K4me3.narrowPeak	1	69233
1	1070	roadmap_epigenomics	0	0.169830879731733	912	229	1003	381	1003	538	10459	949	1848	roadmap_epigenomics H3K4me2	NA	NA	H3K4me2	NA	NA	E126-H3K4me2.narrowPeak	1	115042
1	1117	ucsc_features	0	0.335300554425299	292	229	291	1095	1095	538	4393	1569	7914	UCSC Microsatellites	NA	NA	NA	NA	NA	microsat.bed	1	41258
1	483	roadmap_epigenomics	0	0.140611272862454	950	229	1093	295	1093	539	10845	911	1462	roadmap_epigenomics H3K4me1	NA	NA	H3K4me1	NA	NA	E052-H3K4me1.narrowPeak	1	247579
1	591	roadmap_epigenomics	0	0.15938495846394	925	229	1042	347	1042	539	10598	936	1709	roadmap_epigenomics H3K9ac	NA	NA	H3K9ac	NA	NA	E069-H3K9ac.narrowPeak	1	133007
1	921	roadmap_epigenomics	0	0.218927767029671	739	229	696	691	696	539	9237	1122	3070	roadmap_epigenomics H3K27ac	NA	NA	H3K27ac	NA	NA	E114-H3K27ac.narrowPeak	1	69512
1	956	roadmap_epigenomics	0	0.21900478425037	738	229	695	694	695	539	9231	1123	3076	roadmap_epigenomics H3K27ac	NA	NA	H3K27ac	NA	NA	E117-H3K27ac.narrowPeak	1	68992
1	9	roadmap_epigenomics	0	0.257344753079778	557	229	443	948	948	540	7680	1304	4627	roadmap_epigenomics H3K4me1	NA	NA	H3K4me1	NA	NA	E002-H3K4me1.narrowPeak	1	155088
1	620	roadmap_epigenomics	0	0.248284835051303	593	229	493	898	898	540	8039	1268	4268	roadmap_epigenomics H3K36me3	NA	NA	H3K36me3	NA	NA	E074-H3K36me3.narrowPeak	1	154097
1	730	roadmap_epigenomics	0	0.127748988089231	966	229	1108	283	1108	540	11005	895	1302	roadmap_epigenomics H3K4me1	NA	NA	H3K4me1	NA	NA	E088-H3K4me1.narrowPeak	1	291610
1	947	roadmap_epigenomics	0	0.221727695771189	720	229	676	716	716	540	9107	1141	3200	roadmap_epigenomics H3K4me1	NA	NA	H3K4me1	NA	NA	E116-H3K4me1.narrowPeak	1	129094
1	169	roadmap_epigenomics	0	0.15327507705231	928	229	1053	340	1053	541	10664	933	1643	roadmap_epigenomics H3K4me1	NA	NA	H3K4me1	NA	NA	E009-H3K4me1.narrowPeak	1	280630
1	223	roadmap_epigenomics	0	0.211685085758516	774	229	758	637	758	541	9487	1087	2820	roadmap_epigenomics H2AK9ac	NA	NA	H2AK9ac	NA	NA	E017-H2AK9ac.narrowPeak	1	85385
1	267	roadmap_epigenomics	0	0.168456620830146	910	229	1010	386	1010	542	10465	951	1842	roadmap_epigenomics H3K9ac	NA	NA	H3K9ac	NA	NA	E020-H3K9ac.narrowPeak	1	108554
1	611	roadmap_epigenomics	0	0.150381420026756	933	229	1065	331	1065	542	10706	928	1601	roadmap_epigenomics H3K27ac	NA	NA	H3K27ac	NA	NA	E073-H3K27ac.narrowPeak	1	206720
1	883	roadmap_epigenomics	0	0.146410036771708	935	229	1072	324	1072	542	10749	926	1558	roadmap_epigenomics H3K9ac	NA	NA	H3K9ac	NA	NA	E108-H3K9ac.narrowPeak	1	129620
1	986	roadmap_epigenomics	0	0.256367793062642	556	229	447	949	949	542	7684	1305	4623	roadmap_epigenomics H3K79me2	NA	NA	H3K79me2	NA	NA	E119-H3K79me2.narrowPeak	1	189409
1	577	roadmap_epigenomics	0	0.157574924701545	921	229	1046	353	1046	543	10602	940	1705	roadmap_epigenomics H3K9ac	NA	NA	H3K9ac	NA	NA	E067-H3K9ac.narrowPeak	1	146266
1	961	roadmap_epigenomics	0	0.198717996162586	820	229	843	556	843	543	9828	1041	2479	roadmap_epigenomics H3K4me3	NA	NA	H3K4me3	NA	NA	E117-H3K4me3.narrowPeak	1	60631
1	80	roadmap_epigenomics	0	0.187785964592794	857	229	915	487	915	544	10088	1004	2219	roadmap_epigenomics H3K4me2	NA	NA	H3K4me2	NA	NA	E005-H3K4me2.narrowPeak	1	62053
1	880	roadmap_epigenomics	0	0.229713612261881	678	229	628	776	776	544	8786	1183	3521	roadmap_epigenomics H3K36me3	NA	NA	H3K36me3	NA	NA	E108-H3K36me3.narrowPeak	1	243209
1	1095	roadmap_epigenomics	0	0.166701638391864	909	229	1016	388	1016	544	10478	952	1829	roadmap_epigenomics H3K4me2	NA	NA	H3K4me2	NA	NA	E128-H3K4me2.narrowPeak	1	118811
1	147	roadmap_epigenomics	0	0.246789095457887	586	229	501	905	905	545	8008	1275	4299	roadmap_epigenomics H3K23ac	NA	NA	H3K23ac	NA	NA	E008-H3K23ac.narrowPeak	1	83775
1	216	roadmap_epigenomics	0	0.176528652242718	887	229	973	432	973	545	10309	974	1998	roadmap_epigenomics H3K9ac	NA	NA	H3K9ac	NA	NA	E016-H3K9ac.narrowPeak	1	82706
1	291	roadmap_epigenomics	0	0.177307571297265	886	229	971	435	971	545	10298	975	2009	roadmap_epigenomics H3K9ac	NA	NA	H3K9ac	NA	NA	E023-H3K9ac.narrowPeak	1	124570
1	589	roadmap_epigenomics	0	0.126399999805226	950	229	1112	295	1112	545	10977	911	1330	roadmap_epigenomics H3K4me1	NA	NA	H3K4me1	NA	NA	E069-H3K4me1.narrowPeak	1	263106
1	647	roadmap_epigenomics	0	0.224129240743262	696	229	659	748	748	545	8950	1165	3357	roadmap_epigenomics H3K36me3	NA	NA	H3K36me3	NA	NA	E078-H3K36me3.narrowPeak	1	225957
1	666	roadmap_epigenomics	0	0.212910413638759	762	229	747	658	747	545	9416	1099	2891	roadmap_epigenomics	NA	NA	NA	NA	NA	E081-DNase.hotspot.all.peaks.bed	1	115426
1	339	roadmap_epigenomics	0	0.336839252528105	89	229	289	1120	1120	546	1597	1772	10710	roadmap_epigenomics H3K27me3	NA	NA	H3K27me3	NA	NA	E031-H3K27me3.narrowPeak	1	10222
1	621	roadmap_epigenomics	0	0.140978145383294	938	229	1092	316	1092	546	10808	923	1499	roadmap_epigenomics H3K4me1	NA	NA	H3K4me1	NA	NA	E074-H3K4me1.narrowPeak	1	266870
1	732	roadmap_epigenomics	0	0.181247102519552	875	229	952	458	952	546	10220	986	2087	roadmap_epigenomics H3K9ac	NA	NA	H3K9ac	NA	NA	E088-H3K9ac.narrowPeak	1	113769
1	30	roadmap_epigenomics	0	0.311092585414158	302	229	323	1089	1089	547	4723	1559	7584	roadmap_epigenomics H3K4ac	NA	NA	H3K4ac	NA	NA	E003-H3K4ac.narrowPeak	1	34100
1	202	roadmap_epigenomics	0	0.20460788409613	792	229	805	607	805	547	9644	1069	2663	roadmap_epigenomics H3K9ac	NA	NA	H3K9ac	NA	NA	E014-H3K9ac.narrowPeak	1	74747
1	670	roadmap_epigenomics	0	0.282054839346999	443	229	370	1041	1041	547	6468	1418	5839	roadmap_epigenomics H3K36me3	NA	NA	H3K36me3	NA	NA	E081-H3K36me3.narrowPeak	1	55931
1	902	roadmap_epigenomics	0	0.240145586157315	626	229	554	859	859	547	8351	1235	3956	roadmap_epigenomics H3K36me3	NA	NA	H3K36me3	NA	NA	E111-H3K36me3.narrowPeak	1	219857
1	1060	roadmap_epigenomics	0	0.252008894562075	561	229	468	945	945	547	7770	1300	4537	roadmap_epigenomics H3K79me2	NA	NA	H3K79me2	NA	NA	E125-H3K79me2.narrowPeak	1	204517
1	36	roadmap_epigenomics	0	0.249905536919258	569	229	484	931	931	548	7852	1292	4455	roadmap_epigenomics H3K79me2	NA	NA	H3K79me2	NA	NA	E003-H3K79me2.narrowPeak	1	125042
1	307	roadmap_epigenomics	0	0.157922155752254	916	229	1045	370	1045	548	10583	945	1724	roadmap_epigenomics H3K4me1	NA	NA	H3K4me1	NA	NA	E026-H3K4me1.narrowPeak	1	233572
1	891	roadmap_epigenomics	0	0.17338598381856	889	229	986	428	986	548	10346	972	1961	roadmap_epigenomics H3K4me1	NA	NA	H3K4me1	NA	NA	E109-H3K4me1.narrowPeak	1	214385
1	94	roadmap_epigenomics	0	0.206323650325487	779	229	792	627	792	549	9566	1082	2741	roadmap_epigenomics H2BK120ac	NA	NA	H2BK120ac	NA	NA	E006-H2BK120ac.narrowPeak	1	168326
1	170	roadmap_epigenomics	0	0.196714643341525	820	229	862	556	862	549	9848	1041	2459	roadmap_epigenomics H3K4me3	NA	NA	H3K4me3	NA	NA	E009-H3K4me3.narrowPeak	1	38823
1	193	roadmap_epigenomics	0	0.223467934710556	694	229	664	753	753	549	8946	1167	3361	roadmap_epigenomics H3K36me3	NA	NA	H3K36me3	NA	NA	E013-H3K36me3.narrowPeak	1	304339
1	903	roadmap_epigenomics	0	0.128939244553171	940	229	1105	312	1105	549	10927	921	1380	roadmap_epigenomics H3K4me1	NA	NA	H3K4me1	NA	NA	E111-H3K4me1.narrowPeak	1	225429
1	996	roadmap_epigenomics	0	0.169052250487166	899	229	1006	412	1006	549	10422	962	1885	roadmap_epigenomics H3K4me2	NA	NA	H3K4me2	NA	NA	E120-H3K4me2.narrowPeak	1	121927
1	262	roadmap_epigenomics	0	0.221843412305515	696	229	674	748	748	550	8975	1165	3332	roadmap_epigenomics H3K27ac	NA	NA	H3K27ac	NA	NA	E020-H3K27ac.narrowPeak	1	100851
1	718	roadmap_epigenomics	0	0.236515622553641	641	229	579	843	843	550	8487	1220	3820	roadmap_epigenomics H3K27ac	NA	NA	H3K27ac	NA	NA	E087-H3K27ac.narrowPeak	1	71309
1	874	roadmap_epigenomics	0	0.123004351542051	944	229	1116	305	1116	550	10994	917	1313	roadmap_epigenomics H3K4me1	NA	NA	H3K4me1	NA	NA	E107-H3K4me1.narrowPeak	1	238000
1	895	roadmap_epigenomics	0	0.251966265039942	554	229	469	953	953	550	7719	1307	4588	roadmap_epigenomics H3K36me3	NA	NA	H3K36me3	NA	NA	E110-H3K36me3.narrowPeak	1	86270
1	2	roadmap_epigenomics	0	0.236941480720992	631	229	575	850	850	551	8419	1230	3888	roadmap_epigenomics H3K36me3	NA	NA	H3K36me3	NA	NA	E001-H3K36me3.narrowPeak	1	187250
1	490	roadmap_epigenomics	0	0.132677841666071	935	229	1100	324	1100	551	10878	926	1429	roadmap_epigenomics H3K4me1	NA	NA	H3K4me1	NA	NA	E053-H3K4me1.narrowPeak	1	185030
1	873	roadmap_epigenomics	0	0.230011609892325	666	229	626	799	799	551	8712	1195	3595	roadmap_epigenomics H3K36me3	NA	NA	H3K36me3	NA	NA	E107-H3K36me3.narrowPeak	1	192945
1	1004	roadmap_epigenomics	0	0.207316816947166	770	229	780	643	780	551	9513	1091	2794	roadmap_epigenomics H3K27ac	NA	NA	H3K27ac	NA	NA	E121-H3K27ac.narrowPeak	1	117985
1	11	roadmap_epigenomics	0	0.269508121252359	474	229	405	1022	1022	552	6881	1387	5426	roadmap_epigenomics H3K9ac	NA	NA	H3K9ac	NA	NA	E002-H3K9ac.narrowPeak	1	18733
1	39	roadmap_epigenomics	0	0.168220897626928	897	229	1011	415	1011	552	10423	964	1884	roadmap_epigenomics H4K20me1	NA	NA	H4K20me1	NA	NA	E003-H4K20me1.narrowPeak	1	266490
1	494	roadmap_epigenomics	0	0.242543801463513	600	229	532	895	895	552	8152	1261	4155	roadmap_epigenomics H3K36me3	NA	NA	H3K36me3	NA	NA	E054-H3K36me3.narrowPeak	1	221911
1	671	roadmap_epigenomics	0	0.14635351636849	921	229	1073	353	1073	552	10708	940	1599	roadmap_epigenomics H3K4me1	NA	NA	H3K4me1	NA	NA	E081-H3K4me1.narrowPeak	1	160582
1	680	roadmap_epigenomics	0	0.176354142852449	878	229	976	450	976	552	10278	983	2029	roadmap_epigenomics H3K4me3	NA	NA	H3K4me3	NA	NA	E082-H3K4me3.narrowPeak	1	40821
1	1057	roadmap_epigenomics	0	0.130655143180515	936	229	1104	322	1104	552	10900	925	1407	roadmap_epigenomics H3K4me1	NA	NA	H3K4me1	NA	NA	E125-H3K4me1.narrowPeak	1	233552
1	48	roadmap_epigenomics	0	0.293262799134191	329	229	350	1081	1081	553	5203	1532	7104	roadmap_epigenomics H2BK15ac	NA	NA	H2BK15ac	NA	NA	E004-H2BK15ac.narrowPeak	1	83199
1	49	roadmap_epigenomics	0	0.291788219184394	351	229	354	1077	1077	553	5457	1510	6850	roadmap_epigenomics H2BK5ac	NA	NA	H2BK5ac	NA	NA	E004-H2BK5ac.narrowPeak	1	64664
1	213	roadmap_epigenomics	0	0.23930483327813	623	229	563	866	866	553	8341	1238	3966	roadmap_epigenomics H3K36me3	NA	NA	H3K36me3	NA	NA	E016-H3K36me3.narrowPeak	1	237501
1	257	roadmap_epigenomics	0	0.253599982518419	541	229	459	970	970	553	7603	1320	4704	roadmap_epigenomics H3K36me3	NA	NA	H3K36me3	NA	NA	E019-H3K36me3.narrowPeak	1	162030
1	713	roadmap_epigenomics	0	0.267048260664873	480	229	415	1014	1014	553	6960	1381	5347	roadmap_epigenomics H3K36me3	NA	NA	H3K36me3	NA	NA	E086-H3K36me3.narrowPeak	1	98059
1	482	roadmap_epigenomics	0	0.239834737847935	619	229	560	872	872	554	8309	1242	3998	roadmap_epigenomics H3K36me3	NA	NA	H3K36me3	NA	NA	E052-H3K36me3.narrowPeak	1	253308
1	960	roadmap_epigenomics	0	0.189275564629302	834	229	901	532	901	554	9981	1027	2326	roadmap_epigenomics H3K4me2	NA	NA	H3K4me2	NA	NA	E117-H3K4me2.narrowPeak	1	85197
1	998	roadmap_epigenomics	0	0.269711401374881	460	229	402	1030	1030	554	6757	1401	5550	roadmap_epigenomics H3K79me2	NA	NA	H3K79me2	NA	NA	E120-H3K79me2.narrowPeak	1	153900
1	1054	roadmap_epigenomics	0	0.212004917942032	750	229	755	677	755	554	9366	1111	2941	roadmap_epigenomics H3K27ac	NA	NA	H3K27ac	NA	NA	E125-H3K27ac.narrowPeak	1	117634
1	58	roadmap_epigenomics	0	0.208910128120623	760	229	774	662	774	555	9448	1101	2859	roadmap_epigenomics H3K4me3	NA	NA	H3K4me3	NA	NA	E004-H3K4me3.narrowPeak	1	41020
1	206	roadmap_epigenomics	0	0.232433685133697	656	229	614	822	822	555	8625	1205	3682	roadmap_epigenomics H3K36me3	NA	NA	H3K36me3	NA	NA	E015-H3K36me3.narrowPeak	1	252828
1	204	roadmap_epigenomics	0	0.222389222871486	685	229	670	768	768	556	8907	1176	3400	roadmap_epigenomics H3K27ac	NA	NA	H3K27ac	NA	NA	E015-H3K27ac.narrowPeak	1	106159
1	288	roadmap_epigenomics	0	0.240099132216601	612	229	555	884	884	556	8260	1249	4047	roadmap_epigenomics H3K36me3	NA	NA	H3K36me3	NA	NA	E023-H3K36me3.narrowPeak	1	228728
1	562	roadmap_epigenomics	0	0.248547436490466	556	229	490	949	949	556	7773	1305	4534	roadmap_epigenomics H3K4me1	NA	NA	H3K4me1	NA	NA	E065-H3K4me1.narrowPeak	1	190844
1	600	roadmap_epigenomics	0	0.216933736866413	710	229	710	729	729	556	9105	1151	3202	roadmap_epigenomics H3K36me3	NA	NA	H3K36me3	NA	NA	E071-H3K36me3.narrowPeak	1	193688
1	905	roadmap_epigenomics	0	0.206776636928384	763	229	784	654	784	556	9485	1098	2822	roadmap_epigenomics H3K9ac	NA	NA	H3K9ac	NA	NA	E111-H3K9ac.narrowPeak	1	73574
1	457	roadmap_epigenomics	0	0.20269119824591	778	229	813	628	813	557	9599	1083	2708	roadmap_epigenomics H3K27ac	NA	NA	H3K27ac	NA	NA	E049-H3K27ac.narrowPeak	1	126902
1	594	roadmap_epigenomics	0	0.250178774880154	546	229	480	961	961	557	7680	1315	4627	roadmap_epigenomics H3K36me3	NA	NA	H3K36me3	NA	NA	E070-H3K36me3.narrowPeak	1	132982
1	648	roadmap_epigenomics	0	0.12801878510072	931	229	1107	334	1107	557	10912	930	1395	roadmap_epigenomics H3K4me1	NA	NA	H3K4me1	NA	NA	E078-H3K4me1.narrowPeak	1	192644
1	60	roadmap_epigenomics	0	0.267591681497628	454	229	413	1032	1032	558	6728	1407	5579	roadmap_epigenomics H3K79me2	NA	NA	H3K79me2	NA	NA	E004-H3K79me2.narrowPeak	1	172076
1	766	roadmap_epigenomics	0	0.197546722949925	804	229	855	589	855	558	9770	1057	2537	roadmap_epigenomics H3K36me3	NA	NA	H3K36me3	NA	NA	E092-H3K36me3.narrowPeak	1	329663
1	1010	roadmap_epigenomics	0	0.249400334514379	546	229	485	961	961	558	7689	1315	4618	roadmap_epigenomics H3K79me2	NA	NA	H3K79me2	NA	NA	E121-H3K79me2.narrowPeak	1	258600
1	260	roadmap_epigenomics	0	0.18003372076144	855	229	959	490	959	559	10156	1006	2151	roadmap_epigenomics H3K9ac	NA	NA	H3K9ac	NA	NA	E019-H3K9ac.narrowPeak	1	72277
1	722	roadmap_epigenomics	0	0.197716466489095	801	229	853	595	853	559	9755	1060	2552	roadmap_epigenomics H3K4me3	NA	NA	H3K4me3	NA	NA	E087-H3K4me3.narrowPeak	1	35931
1	1097	roadmap_epigenomics	0	0.256989606103075	502	229	444	1005	1005	559	7258	1359	5049	roadmap_epigenomics H3K79me2	NA	NA	H3K79me2	NA	NA	E128-H3K79me2.narrowPeak	1	160134
1	37	roadmap_epigenomics	0	0.171919047333361	875	229	993	458	993	560	10310	986	1997	roadmap_epigenomics H3K9ac	NA	NA	H3K9ac	NA	NA	E003-H3K9ac.narrowPeak	1	90295
1	199	roadmap_epigenomics	0	0.237772054772567	613	229	569	881	881	560	8293	1248	4014	roadmap_epigenomics H3K36me3	NA	NA	H3K36me3	NA	NA	E014-H3K36me3.narrowPeak	1	224149
1	59	roadmap_epigenomics	0	0.263248037977295	453	229	421	1033	1033	561	6769	1408	5538	roadmap_epigenomics H3K79me1	NA	NA	H3K79me1	NA	NA	E004-H3K79me1.narrowPeak	1	133659
1	748	roadmap_epigenomics	0	0.219447450541151	687	229	690	763	763	561	8951	1174	3356	roadmap_epigenomics H3K36me3	NA	NA	H3K36me3	NA	NA	E090-H3K36me3.narrowPeak	1	278916
1	999	roadmap_epigenomics	0	0.225529125836636	665	229	651	804	804	561	8756	1196	3551	roadmap_epigenomics H3K9ac	NA	NA	H3K9ac	NA	NA	E120-H3K9ac.narrowPeak	1	64681
1	74	roadmap_epigenomics	0	0.292961487708328	232	229	351	1107	1107	562	4026	1629	8281	roadmap_epigenomics H3K23ac	NA	NA	H3K23ac	NA	NA	E005-H3K23ac.narrowPeak	1	26230
1	604	roadmap_epigenomics	0	0.162558583495707	889	229	1031	428	1031	563	10450	972	1857	roadmap_epigenomics H3K27ac	NA	NA	H3K27ac	NA	NA	E072-H3K27ac.narrowPeak	1	177783
1	607	roadmap_epigenomics	0	0.14713717434487	908	229	1071	390	1071	563	10661	953	1646	roadmap_epigenomics H3K4me1	NA	NA	H3K4me1	NA	NA	E072-H3K4me1.narrowPeak	1	211846
1	18	roadmap_epigenomics	0	0.289739611756255	259	229	360	1105	1105	565	4408	1602	7899	roadmap_epigenomics H2BK120ac	NA	NA	H2BK120ac	NA	NA	E003-H2BK120ac.narrowPeak	1	62846
1	250	roadmap_epigenomics	0	0.225116118951871	659	229	653	814	814	565	8725	1202	3582	roadmap_epigenomics H3K36me3	NA	NA	H3K36me3	NA	NA	E018-H3K36me3.narrowPeak	1	167069
1	574	roadmap_epigenomics	0	0.221628021570496	671	229	677	789	789	565	8835	1190	3472	roadmap_epigenomics H3K36me3	NA	NA	H3K36me3	NA	NA	E067-H3K36me3.narrowPeak	1	195810
1	963	roadmap_epigenomics	0	0.199535587486421	778	229	838	628	838	565	9632	1083	2675	roadmap_epigenomics H3K9ac	NA	NA	H3K9ac	NA	NA	E117-H3K9ac.narrowPeak	1	64430
1	581	roadmap_epigenomics	0	0.213175137733812	715	229	746	722	746	566	9173	1146	3134	roadmap_epigenomics H3K36me3	NA	NA	H3K36me3	NA	NA	E068-H3K36me3.narrowPeak	1	230963
1	588	roadmap_epigenomics	0	0.215647192928911	697	229	723	746	746	566	9049	1164	3258	roadmap_epigenomics H3K36me3	NA	NA	H3K36me3	NA	NA	E069-H3K36me3.narrowPeak	1	210227
1	606	roadmap_epigenomics	0	0.213600963875871	714	229	745	725	745	566	9163	1147	3144	roadmap_epigenomics H3K36me3	NA	NA	H3K36me3	NA	NA	E072-H3K36me3.narrowPeak	1	221904
1	791	roadmap_epigenomics	0	0.162494265891332	885	229	1032	437	1032	566	10437	976	1870	roadmap_epigenomics H3K4me1	NA	NA	H3K4me1	NA	NA	E095-H3K4me1.narrowPeak	1	268306
1	890	roadmap_epigenomics	0	0.23037346218561	633	229	623	847	847	566	8506	1228	3801	roadmap_epigenomics H3K36me3	NA	NA	H3K36me3	NA	NA	E109-H3K36me3.narrowPeak	1	171676
1	54	roadmap_epigenomics	0	0.289241457232296	223	229	361	1110	1110	567	3939	1638	8368	roadmap_epigenomics H3K36me3	NA	NA	H3K36me3	NA	NA	E004-H3K36me3.narrowPeak	1	16189
1	255	roadmap_epigenomics	0	0.250929924601894	513	229	475	996	996	567	7417	1348	4890	roadmap_epigenomics H3K27ac	NA	NA	H3K27ac	NA	NA	E019-H3K27ac.narrowPeak	1	53191
1	982	roadmap_epigenomics	0	0.249948121531057	518	229	483	990	990	567	7468	1343	4839	roadmap_epigenomics H3K36me3	NA	NA	H3K36me3	NA	NA	E119-H3K36me3.narrowPeak	1	199445
1	95	roadmap_epigenomics	0	0.200634803609809	767	229	829	645	829	568	9569	1094	2738	roadmap_epigenomics H2BK12ac	NA	NA	H2BK12ac	NA	NA	E006-H2BK12ac.narrowPeak	1	286658
1	195	roadmap_epigenomics	0	0.181101753612579	839	229	954	522	954	568	10083	1022	2224	roadmap_epigenomics H3K4me3	NA	NA	H3K4me3	NA	NA	E013-H3K4me3.narrowPeak	1	28003
1	992	roadmap_epigenomics	0	0.222880836086907	663	229	669	807	807	568	8774	1198	3533	roadmap_epigenomics H3K27ac	NA	NA	H3K27ac	NA	NA	E120-H3K27ac.narrowPeak	1	89677
1	634	roadmap_epigenomics	0	0.233191722327182	616	229	605	874	874	569	8365	1245	3942	roadmap_epigenomics H3K36me3	NA	NA	H3K36me3	NA	NA	E076-H3K36me3.narrowPeak	1	180209
1	1019	roadmap_epigenomics	0	0.160817291780085	884	229	1039	440	1039	569	10450	977	1857	roadmap_epigenomics H3K4me1	NA	NA	H3K4me1	NA	NA	E122-H3K4me1.narrowPeak	1	142277
1	1068	roadmap_epigenomics	0	0.264771354907308	412	229	418	1060	1060	569	6373	1449	5934	roadmap_epigenomics H3K36me3	NA	NA	H3K36me3	NA	NA	E126-H3K36me3.narrowPeak	1	102513
1	23	roadmap_epigenomics	0	0.272304166388412	307	229	393	1088	1088	570	5175	1554	7132	roadmap_epigenomics H3K14ac	NA	NA	H3K14ac	NA	NA	E003-H3K14ac.narrowPeak	1	30274
1	46	roadmap_epigenomics	0	0.279466618531464	229	229	372	1108	1108	570	4114	1632	8193	roadmap_epigenomics H2AK5ac	NA	NA	H2AK5ac	NA	NA	E004-H2AK5ac.narrowPeak	1	52932
1	100	roadmap_epigenomics	0	0.218843417791407	673	229	698	784	784	570	8878	1188	3429	roadmap_epigenomics H3K27ac	NA	NA	H3K27ac	NA	NA	E006-H3K27ac.narrowPeak	1	144157
1	176	roadmap_epigenomics	0	0.192371246459679	801	229	886	595	886	570	9810	1060	2497	roadmap_epigenomics H3K4me3	NA	NA	H3K4me3	NA	NA	E010-H3K4me3.narrowPeak	1	37746
1	586	roadmap_epigenomics	0	0.167178400226732	869	229	1013	468	1013	570	10335	992	1972	roadmap_epigenomics H3K27ac	NA	NA	H3K27ac	NA	NA	E069-H3K27ac.narrowPeak	1	169793
1	994	roadmap_epigenomics	0	0.255496213042847	468	229	454	1027	1027	570	6991	1393	5316	roadmap_epigenomics H3K36me3	NA	NA	H3K36me3	NA	NA	E120-H3K36me3.narrowPeak	1	156848
1	1061	roadmap_epigenomics	0	0.17851643897201	840	229	964	518	964	570	10113	1021	2194	roadmap_epigenomics H3K9ac	NA	NA	H3K9ac	NA	NA	E125-H3K9ac.narrowPeak	1	92035
1	495	roadmap_epigenomics	0	0.144624906424487	899	229	1076	412	1076	572	10658	962	1649	roadmap_epigenomics H3K4me1	NA	NA	H3K4me1	NA	NA	E054-H3K4me1.narrowPeak	1	191253
1	616	roadmap_epigenomics	0	0.168798305639013	861	229	1008	479	1008	572	10290	1000	2017	roadmap_epigenomics H3K9ac	NA	NA	H3K9ac	NA	NA	E073-H3K9ac.narrowPeak	1	108381
1	1056	roadmap_epigenomics	0	0.240509057405137	565	229	550	938	938	572	7932	1296	4375	roadmap_epigenomics H3K36me3	NA	NA	H3K36me3	NA	NA	E125-H3K36me3.narrowPeak	1	248840
1	962	roadmap_epigenomics	0	0.241431778914254	556	229	543	949	949	574	7856	1305	4451	roadmap_epigenomics H3K79me2	NA	NA	H3K79me2	NA	NA	E117-H3K79me2.narrowPeak	1	176874
1	1022	roadmap_epigenomics	0	0.252097894184385	469	229	467	1026	1026	574	7040	1392	5267	roadmap_epigenomics H3K79me2	NA	NA	H3K79me2	NA	NA	E122-H3K79me2.narrowPeak	1	181682
1	231	roadmap_epigenomics	0	0.215774394968507	676	229	719	780	780	576	8930	1185	3377	roadmap_epigenomics H3K23ac	NA	NA	H3K23ac	NA	NA	E017-H3K23ac.narrowPeak	1	154412
1	489	roadmap_epigenomics	0	0.23871402941857	564	229	565	941	941	578	7946	1297	4361	roadmap_epigenomics H3K36me3	NA	NA	H3K36me3	NA	NA	E053-H3K36me3.narrowPeak	1	193840
1	614	roadmap_epigenomics	0	0.119205630921939	908	229	1119	390	1119	579	10939	953	1368	roadmap_epigenomics H3K4me1	NA	NA	H3K4me1	NA	NA	E073-H3K4me1.narrowPeak	1	233560
1	941	roadmap_epigenomics	0	0.244893747410994	506	229	511	1001	1001	580	7433	1355	4874	roadmap_epigenomics H4K20me1	NA	NA	H4K20me1	NA	NA	E115-H4K20me1.narrowPeak	1	156894
1	928	roadmap_epigenomics	0	0.180298792096972	820	229	957	556	957	581	10015	1041	2292	roadmap_epigenomics H3K9ac	NA	NA	H3K9ac	NA	NA	E114-H3K9ac.narrowPeak	1	71993
1	157	roadmap_epigenomics	0	0.234091034985261	579	229	601	917	917	582	8106	1282	4201	roadmap_epigenomics H3K79me1	NA	NA	H3K79me1	NA	NA	E008-H3K79me1.narrowPeak	1	120353
1	264	roadmap_epigenomics	0	0.230067338553621	603	229	624	893	893	582	8316	1258	3991	roadmap_epigenomics H3K36me3	NA	NA	H3K36me3	NA	NA	E020-H3K36me3.narrowPeak	1	225893
1	572	roadmap_epigenomics	0	0.168639679498043	847	229	1009	507	1009	582	10240	1014	2067	roadmap_epigenomics H3K27ac	NA	NA	H3K27ac	NA	NA	E067-H3K27ac.narrowPeak	1	171902
1	613	roadmap_epigenomics	0	0.20653435631119	709	229	788	730	788	582	9215	1152	3092	roadmap_epigenomics H3K36me3	NA	NA	H3K36me3	NA	NA	E073-H3K36me3.narrowPeak	1	202192
1	51	roadmap_epigenomics	0	0.223127406330663	627	229	667	854	854	583	8552	1234	3755	roadmap_epigenomics H3K23ac	NA	NA	H3K23ac	NA	NA	E004-H3K23ac.narrowPeak	1	111604
1	222	roadmap_epigenomics	0	0.214078418917747	677	229	742	778	778	583	8955	1184	3352	roadmap_epigenomics H2AK5ac	NA	NA	H2AK5ac	NA	NA	E017-H2AK5ac.narrowPeak	1	296165
1	678	roadmap_epigenomics	0	0.225103491354111	624	229	654	865	865	583	8510	1237	3797	roadmap_epigenomics H3K36me3	NA	NA	H3K36me3	NA	NA	E082-H3K36me3.narrowPeak	1	205425
1	682	roadmap_epigenomics	0	0.193829338616529	774	229	882	637	882	583	9674	1087	2633	roadmap_epigenomics	NA	NA	NA	NA	NA	E083-DNase.hotspot.all.peaks.bed	1	98445
1	181	roadmap_epigenomics	0	0.172326138299983	833	229	990	534	990	584	10149	1028	2158	roadmap_epigenomics H3K4me1	NA	NA	H3K4me1	NA	NA	E011-H3K4me1.narrowPeak	1	274844
1	687	roadmap_epigenomics	0	0.128159186331844	894	229	1106	421	1106	585	10809	967	1498	roadmap_epigenomics H3K4me1	NA	NA	H3K4me1	NA	NA	E083-H3K4me1.narrowPeak	1	190314
1	739	roadmap_epigenomics	0	0.220470160084437	636	229	683	846	846	586	8639	1225	3668	roadmap_epigenomics H3K36me3	NA	NA	H3K36me3	NA	NA	E089-H3K36me3.narrowPeak	1	233424
1	1007	roadmap_epigenomics	0	0.154197328607064	861	229	1050	479	1050	586	10438	1000	1869	roadmap_epigenomics H3K4me1	NA	NA	H3K4me1	NA	NA	E121-H3K4me1.narrowPeak	1	248336
1	211	roadmap_epigenomics	0	0.204999357293805	708	229	800	734	800	588	9227	1153	3080	roadmap_epigenomics H3K27ac	NA	NA	H3K27ac	NA	NA	E016-H3K27ac.narrowPeak	1	111185
1	869	roadmap_epigenomics	0	0.186566320415052	785	229	922	618	922	590	9801	1076	2506	roadmap_epigenomics H3K4me1	NA	NA	H3K4me1	NA	NA	E106-H3K4me1.narrowPeak	1	133631
1	1072	roadmap_epigenomics	0	0.24421060287552	468	229	519	1027	1027	592	7127	1393	5180	roadmap_epigenomics H3K79me2	NA	NA	H3K79me2	NA	NA	E126-H3K79me2.narrowPeak	1	155850
1	183	roadmap_epigenomics	0	0.194162316558404	755	229	879	670	879	593	9582	1106	2725	roadmap_epigenomics H3K9ac	NA	NA	H3K9ac	NA	NA	E011-H3K9ac.narrowPeak	1	58328
1	575	roadmap_epigenomics	0	0.120858752110007	885	229	1117	437	1117	594	10860	976	1447	roadmap_epigenomics H3K4me1	NA	NA	H3K4me1	NA	NA	E067-H3K4me1.narrowPeak	1	240432
1	158	roadmap_epigenomics	0	0.251623663727782	318	229	471	1084	1084	595	5542	1543	6765	roadmap_epigenomics H3K79me2	NA	NA	H3K79me2	NA	NA	E008-H3K79me2.narrowPeak	1	81576
1	1093	roadmap_epigenomics	0	0.240326061261284	496	229	552	1008	1008	596	7408	1365	4899	roadmap_epigenomics H3K36me3	NA	NA	H3K36me3	NA	NA	E128-H3K36me3.narrowPeak	1	129078
1	57	roadmap_epigenomics	0	0.18237912259857	785	229	945	618	945	597	9846	1076	2461	roadmap_epigenomics H3K4me2	NA	NA	H3K4me2	NA	NA	E004-H3K4me2.narrowPeak	1	59056
1	139	roadmap_epigenomics	0	0.255714960810325	208	229	452	1111	1111	597	4059	1653	8248	roadmap_epigenomics H2AK5ac	NA	NA	H2AK5ac	NA	NA	E008-H2AK5ac.narrowPeak	1	27211
1	959	roadmap_epigenomics	0	0.170940400363597	816	229	997	568	997	598	10097	1045	2210	roadmap_epigenomics H3K4me1	NA	NA	H3K4me1	NA	NA	E117-H3K4me1.narrowPeak	1	156415
1	197	roadmap_epigenomics	0	0.174970948119922	807	229	981	586	981	599	10018	1054	2289	roadmap_epigenomics H3K27ac	NA	NA	H3K27ac	NA	NA	E014-H3K27ac.narrowPeak	1	149273
1	1006	roadmap_epigenomics	0	0.223679957326021	584	229	663	910	910	601	8265	1277	4042	roadmap_epigenomics H3K36me3	NA	NA	H3K36me3	NA	NA	E121-H3K36me3.narrowPeak	1	200978
1	635	roadmap_epigenomics	0	0.143089247211963	852	229	1081	498	1081	603	10524	1009	1783	roadmap_epigenomics H3K4me1	NA	NA	H3K4me1	NA	NA	E076-H3K4me1.narrowPeak	1	178997
1	1018	roadmap_epigenomics	0	0.241947591083571	442	229	538	1044	1044	604	6927	1419	5380	roadmap_epigenomics H3K36me3	NA	NA	H3K36me3	NA	NA	E122-H3K36me3.narrowPeak	1	156941
1	56	roadmap_epigenomics	0	0.238445901433474	478	229	566	1019	1019	605	7283	1383	5024	roadmap_epigenomics H3K4me1	NA	NA	H3K4me1	NA	NA	E004-H3K4me1.narrowPeak	1	125993
1	970	roadmap_epigenomics	0	0.2388879697709	472	229	564	1024	1024	606	7227	1389	5080	roadmap_epigenomics H3K36me3	NA	NA	H3K36me3	NA	NA	E118-H3K36me3.narrowPeak	1	168886
1	35	roadmap_epigenomics	0	0.226046221145556	555	229	647	952	952	609	8034	1306	4273	roadmap_epigenomics H3K79me1	NA	NA	H3K79me1	NA	NA	E003-H3K79me1.narrowPeak	1	133190
1	224	roadmap_epigenomics	0	0.231598322654131	518	229	617	990	990	612	7690	1343	4617	roadmap_epigenomics H2BK120ac	NA	NA	H2BK120ac	NA	NA	E017-H2BK120ac.narrowPeak	1	223563
1	974	roadmap_epigenomics	0	0.241522499212261	381	229	542	1070	1070	614	6350	1480	5957	roadmap_epigenomics H3K79me2	NA	NA	H3K79me2	NA	NA	E118-H3K79me2.narrowPeak	1	97080
1	927	roadmap_epigenomics	0	0.229414066365943	519	229	630	989	989	616	7725	1342	4582	roadmap_epigenomics H3K79me2	NA	NA	H3K79me2	NA	NA	E114-H3K79me2.narrowPeak	1	178908
1	194	roadmap_epigenomics	0	0.141622616328929	832	229	1089	536	1089	618	10473	1029	1834	roadmap_epigenomics H3K4me1	NA	NA	H3K4me1	NA	NA	E013-H3K4me1.narrowPeak	1	275053
1	25	roadmap_epigenomics	0	0.24097756356142	266	229	546	1102	1102	626	5034	1595	7273	roadmap_epigenomics H3K23ac	NA	NA	H3K23ac	NA	NA	E003-H3K23ac.narrowPeak	1	29392
1	721	roadmap_epigenomics	0	0.220967394977096	540	229	681	973	973	628	7989	1321	4318	roadmap_epigenomics H3K4me1	NA	NA	H3K4me1	NA	NA	E087-H3K4me1.narrowPeak	1	167584
1	226	roadmap_epigenomics	0	0.232517521283634	407	229	613	1062	1062	635	6723	1454	5584	roadmap_epigenomics H2BK15ac	NA	NA	H2BK15ac	NA	NA	E017-H2BK15ac.narrowPeak	1	218402
1	958	roadmap_epigenomics	0	0.214314494611282	567	229	740	935	935	635	8265	1294	4042	roadmap_epigenomics H3K36me3	NA	NA	H3K36me3	NA	NA	E117-H3K36me3.narrowPeak	1	316270
1	924	roadmap_epigenomics	0	0.137036617607294	795	229	1097	602	1097	643	10397	1066	1910	roadmap_epigenomics H3K4me1	NA	NA	H3K4me1	NA	NA	E114-H3K4me1.narrowPeak	1	202029
1	965	roadmap_epigenomics	0	0.20238265697842	604	229	818	891	891	646	8660	1257	3647	roadmap_epigenomics H4K20me1	NA	NA	H4K20me1	NA	NA	E117-H4K20me1.narrowPeak	1	124987
1	227	roadmap_epigenomics	0	0.226495658267564	311	229	645	1086	1086	653	5781	1550	6526	roadmap_epigenomics H2BK20ac	NA	NA	H2BK20ac	NA	NA	E017-H2BK20ac.narrowPeak	1	200922
1	679	roadmap_epigenomics	0	0.132346529228144	778	229	1101	628	1101	653	10393	1083	1914	roadmap_epigenomics H3K4me1	NA	NA	H3K4me1	NA	NA	E082-H3K4me1.narrowPeak	1	167812
1	178	roadmap_epigenomics	0	0.1740328846972	696	229	984	748	984	654	9531	1165	2776	roadmap_epigenomics H3K27ac	NA	NA	H3K27ac	NA	NA	E011-H3K27ac.narrowPeak	1	157674
1	225	roadmap_epigenomics	0	0.220375224290015	422	229	684	1055	1055	656	7027	1439	5280	roadmap_epigenomics H2BK12ac	NA	NA	H2BK12ac	NA	NA	E017-H2BK12ac.narrowPeak	1	250249
1	850	roadmap_epigenomics	0	0.159305577665477	735	229	1043	700	1043	657	9893	1126	2414	roadmap_epigenomics H3K4me1	NA	NA	H3K4me1	NA	NA	E103-H3K4me1.narrowPeak	1	172034
1	714	roadmap_epigenomics	0	0.210873847433485	529	229	763	981	981	658	8039	1332	4268	roadmap_epigenomics H3K4me1	NA	NA	H3K4me1	NA	NA	E086-H3K4me1.narrowPeak	1	91722
1	1037	roadmap_epigenomics	0	0.227432410461709	234	229	638	1106	1106	658	4768	1627	7539	roadmap_epigenomics H3K9me1	NA	NA	H3K9me1	NA	NA	E123-H3K9me1.narrowPeak	1	22183
1	536	roadmap_epigenomics	0	0.189102112538884	629	229	904	852	904	662	8981	1232	3326	roadmap_epigenomics H3K4me1	NA	NA	H3K4me1	NA	NA	E059-H3K4me1.narrowPeak	1	104649
1	830	roadmap_epigenomics	0	0.163050836568367	711	229	1029	728	1029	662	9739	1150	2568	roadmap_epigenomics H3K4me1	NA	NA	H3K4me1	NA	NA	E100-H3K4me1.narrowPeak	1	196301
1	595	roadmap_epigenomics	0	0.171822224492598	671	229	994	789	994	671	9433	1190	2874	roadmap_epigenomics H3K4me1	NA	NA	H3K4me1	NA	NA	E070-H3K4me1.narrowPeak	1	107068
1	995	roadmap_epigenomics	0	0.14877542075309	713	229	1068	727	1068	675	9929	1148	2378	roadmap_epigenomics H3K4me1	NA	NA	H3K4me1	NA	NA	E120-H3K4me1.narrowPeak	1	205504
1	1075	roadmap_epigenomics	0	0.206703440827862	463	229	785	1029	1029	681	7578	1398	4729	roadmap_epigenomics H4K20me1	NA	NA	H4K20me1	NA	NA	E126-H4K20me1.narrowPeak	1	91092
1	1069	roadmap_epigenomics	0	0.181637196999391	612	229	948	884	948	687	8979	1249	3328	roadmap_epigenomics H3K4me1	NA	NA	H3K4me1	NA	NA	E126-H3K4me1.narrowPeak	1	191388
1	1051	roadmap_epigenomics	0	0.206013940178604	394	229	794	1068	1068	697	6965	1467	5342	roadmap_epigenomics H4K20me1	NA	NA	H4K20me1	NA	NA	E124-H4K20me1.narrowPeak	1	157666
1	1094	roadmap_epigenomics	0	0.16673563504142	632	229	1015	849	1015	698	9294	1229	3013	roadmap_epigenomics H3K4me1	NA	NA	H3K4me1	NA	NA	E128-H3K4me1.narrowPeak	1	167405
1	93	roadmap_epigenomics	0	0.195076371706947	447	229	872	1038	1038	713	7611	1414	4696	roadmap_epigenomics H2AK5ac	NA	NA	H2AK5ac	NA	NA	E006-H2AK5ac.narrowPeak	1	168829
1	1039	roadmap_epigenomics	0	0.202476075016191	266	229	816	1102	1102	716	5559	1595	6748	roadmap_epigenomics H4K20me1	NA	NA	H4K20me1	NA	NA	E123-H4K20me1.narrowPeak	1	56074
1	1110	roadmap_epigenomics	0	0.192253144998429	413	229	887	1058	1058	725	7352	1448	4955	roadmap_epigenomics H4K20me1	NA	NA	H4K20me1	NA	NA	E129-H4K20me1.narrowPeak	1	157676
1	243	roadmap_epigenomics	0	0.172151940752215	544	229	991	964	991	728	8687	1317	3620	roadmap_epigenomics H3K9me1	NA	NA	H3K9me1	NA	NA	E017-H3K9me1.narrowPeak	1	209146
1	953	roadmap_epigenomics	0	0.197671506233092	101	229	854	1119	1119	734	2769	1760	9538	roadmap_epigenomics H4K20me1	NA	NA	H4K20me1	NA	NA	E116-H4K20me1.narrowPeak	1	13628
1	930	roadmap_epigenomics	0	0.178559968542591	316	229	963	1085	1085	759	6571	1545	5736	roadmap_epigenomics H4K20me1	NA	NA	H4K20me1	NA	NA	E114-H4K20me1.narrowPeak	1	69077
1	1063	roadmap_epigenomics	0	0.170719201304181	429	229	999	1053	1053	760	7840	1432	4467	roadmap_epigenomics H4K20me1	NA	NA	H4K20me1	NA	NA	E125-H4K20me1.narrowPeak	1	167649
1	1013	roadmap_epigenomics	0	0.170718880653057	326	229	1000	1083	1083	771	6823	1535	5484	roadmap_epigenomics H4K20me1	NA	NA	H4K20me1	NA	NA	E121-H4K20me1.narrowPeak	1	116908
1	1086	roadmap_epigenomics	0	0.164479849115299	302	229	1025	1089	1089	781	6656	1559	5651	roadmap_epigenomics H3K9me1	NA	NA	H3K9me1	NA	NA	E127-H3K9me1.narrowPeak	1	49792
1	245	roadmap_epigenomics	0	0.151257030909728	344	229	1062	1078	1078	790	7383	1517	4924	roadmap_epigenomics H4K20me1	NA	NA	H4K20me1	NA	NA	E017-H4K20me1.narrowPeak	1	192735
1	977	roadmap_epigenomics	0	0.160932659590623	112	229	1038	1118	1118	795	3503	1749	8804	roadmap_epigenomics H4K20me1	NA	NA	H4K20me1	NA	NA	E118-H4K20me1.narrowPeak	1	34450
1	1026	roadmap_epigenomics	0	0.151603372266891	135	229	1061	1117	1117	802	4189	1726	8118	roadmap_epigenomics H4K20me1	NA	NA	H4K20me1	NA	NA	E122-H4K20me1.narrowPeak	1	49461
1	1088	roadmap_epigenomics	0	0.147989619982933	228	229	1069	1109	1109	802	5975	1633	6332	roadmap_epigenomics H4K20me1	NA	NA	H4K20me1	NA	NA	E127-H4K20me1.narrowPeak	1	66330
1	1100	roadmap_epigenomics	0	0.145636553498885	140	229	1074	1115	1115	806	4411	1721	7896	roadmap_epigenomics H4K20me1	NA	NA	H4K20me1	NA	NA	E128-H4K20me1.narrowPeak	1	29799
1	1024	roadmap_epigenomics	0	0.144513707501729	139	229	1077	1116	1116	807	4411	1722	7896	roadmap_epigenomics H3K9me1	NA	NA	H3K9me1	NA	NA	E122-H3K9me1.narrowPeak	1	25444
1	1001	roadmap_epigenomics	0	0.141352434941617	189	229	1090	1112	1112	810	5469	1672	6838	roadmap_epigenomics H4K20me1	NA	NA	H4K20me1	NA	NA	E120-H4K20me1.narrowPeak	1	47891
1	989	roadmap_epigenomics	0	0.141800923203383	75	229	1087	1121	1121	812	2812	1786	9495	roadmap_epigenomics H4K20me1	NA	NA	H4K20me1	NA	NA	E119-H4K20me1.narrowPeak	1	17540
1	1123	ucsc_features	0	0	0	229	1123	1123	1123	825	252	1861	12055	UCSC Vista enhancers	NA	NA	NA	NA	NA	vistaEnhancers.bed	1	1339
