userSet	dbSet	collection	pValueLog	oddsRatio	support	rnkPV	rnkOR	rnkSup	maxRnk	meanRnk	b	c	d	description	cellType	tissue	antibody	treatment	dataSource	filename	qValue	size
2	504	roadmap_epigenomics	287.671278402685	9.32858504845809	11501	1	2	21	21	8	905	1016	746	roadmap_epigenomics H3K4me1	NA	NA	H3K4me1	NA	NA	E055-H3K4me1.narrowPeak	4.78774872442063e-285	338865
2	575	roadmap_epigenomics	286.82681571827	7.98782993422782	10969	2	8	130	130	46.7	776	1548	875	roadmap_epigenomics H3K4me1	NA	NA	H3K4me1	NA	NA	E067-H3K4me1.narrowPeak	1.67326234563435e-284	240432
2	614	roadmap_epigenomics	285.760551079962	8.09440981039598	11051	3	7	100	100	36.7	796	1466	855	roadmap_epigenomics H3K4me1	NA	NA	H3K4me1	NA	NA	E073-H3K4me1.narrowPeak	1.2993837082219e-283	233560
2	874	roadmap_epigenomics	282.222963996697	8.12899842538852	11121	4	6	83	83	31	817	1396	834	roadmap_epigenomics H3K4me1	NA	NA	H3K4me1	NA	NA	E107-H3K4me1.narrowPeak	3.36035967078026e-280	238000
2	924	roadmap_epigenomics	280.791783462401	7.32336684027697	10505	5	23	282	282	103	687	2012	964	roadmap_epigenomics H3K4me1	NA	NA	H3K4me1	NA	NA	E114-H3K4me1.narrowPeak	7.25531520852716e-279	202029
2	679	roadmap_epigenomics	278.675374309764	7.25800869204933	10485	6	27	289	289	107	686	2032	965	roadmap_epigenomics H3K4me1	NA	NA	H3K4me1	NA	NA	E082-H3K4me1.narrowPeak	7.90467815100434e-277	167812
2	687	roadmap_epigenomics	278.215754519607	7.69858667348976	10925	7	11	142	142	53.3	778	1592	873	roadmap_epigenomics H3K4me1	NA	NA	H3K4me1	NA	NA	E083-H3K4me1.narrowPeak	1.95234782208815e-276	190314
2	881	roadmap_epigenomics	274.644866518529	8.71817959394249	11436	8	4	27	27	13	905	1081	746	roadmap_epigenomics H3K4me1	NA	NA	H3K4me1	NA	NA	E108-H3K4me1.narrowPeak	6.35994333734354e-273	272216
2	513	roadmap_epigenomics	274.052254389123	8.81886227148338	11471	9	3	25	25	12.3	915	1046	736	roadmap_epigenomics H3K4me1	NA	NA	H3K4me1	NA	NA	E056-H3K4me1.narrowPeak	2.21265066893716e-272	303644
2	903	roadmap_epigenomics	269.373395619256	7.662537283467	11049	10	12	101	101	41	818	1468	833	roadmap_epigenomics H3K4me1	NA	NA	H3K4me1	NA	NA	E111-H3K4me1.narrowPeak	9.50635728429837e-268	225429
2	648	roadmap_epigenomics	268.982015199777	7.61944004874769	11029	11	15	104	104	43.3	814	1488	837	roadmap_epigenomics H3K4me1	NA	NA	H3K4me1	NA	NA	E078-H3K4me1.narrowPeak	2.12814819466908e-267	192644
2	1057	roadmap_epigenomics	265.211217530646	7.50702566771184	11019	12	17	106	106	45	817	1498	834	roadmap_epigenomics H3K4me1	NA	NA	H3K4me1	NA	NA	E125-H3K4me1.narrowPeak	1.15082947165564e-263	233552
2	995	roadmap_epigenomics	261.011216325979	6.59667625128155	10018	13	52	415	415	160	624	2499	1027	roadmap_epigenomics H3K4me1	NA	NA	H3K4me1	NA	NA	E120-H3K4me1.narrowPeak	1.68364325044926e-259	205504
2	601	roadmap_epigenomics	260.53505682352	7.92618487160232	11293	14	9	53	53	25.3	888	1224	763	roadmap_epigenomics H3K4me1	NA	NA	H3K4me1	NA	NA	E071-H3K4me1.narrowPeak	4.67977413469273e-259	226083
2	589	roadmap_epigenomics	259.85305241284	7.48348052881144	11087	15	20	95	95	43.3	840	1430	811	roadmap_epigenomics H3K4me1	NA	NA	H3K4me1	NA	NA	E069-H3K4me1.narrowPeak	2.10022623914758e-258	263106
2	194	roadmap_epigenomics	258.471528873954	6.82686626155321	10573	16	39	254	254	103	732	1944	919	roadmap_epigenomics H3K4me1	NA	NA	H3K4me1	NA	NA	E013-H3K4me1.narrowPeak	4.73980958985e-257	275053
2	730	roadmap_epigenomics	258.327135660857	7.50494544168337	11121	17	18	83	83	39.3	850	1396	801	roadmap_epigenomics H3K4me1	NA	NA	H3K4me1	NA	NA	E088-H3K4me1.narrowPeak	6.22049821346341e-257	291610
2	490	roadmap_epigenomics	257.209086348135	7.2621831404121	10991	18	25	119	119	54	822	1526	829	roadmap_epigenomics H3K4me1	NA	NA	H3K4me1	NA	NA	E053-H3K4me1.narrowPeak	7.70993823134725e-256	185030
2	635	roadmap_epigenomics	255.884824554178	6.81247285552079	10629	19	40	233	233	97.3	747	1888	904	roadmap_epigenomics H3K4me1	NA	NA	H3K4me1	NA	NA	E076-H3K4me1.narrowPeak	1.54110275489307e-254	178997
2	582	roadmap_epigenomics	254.018066424574	7.49051345293792	11172	20	19	71	71	36.7	868	1345	783	roadmap_epigenomics H3K4me1	NA	NA	H3K4me1	NA	NA	E068-H3K4me1.narrowPeak	1.0772421343088e-252	279154
2	568	roadmap_epigenomics	249.168080814347	7.82752830423043	11374	21	10	40	40	23.7	924	1143	727	roadmap_epigenomics H3K4me1	NA	NA	H3K4me1	NA	NA	E066-H3K4me1.narrowPeak	7.26289294724861e-248	233359
2	510	roadmap_epigenomics	248.480389097194	8.19531593304898	11502	22	5	20	22	15.7	958	1015	693	roadmap_epigenomics H3K27ac	NA	NA	H3K27ac	NA	NA	E056-H3K27ac.narrowPeak	3.37752034632028e-247	271197
2	483	roadmap_epigenomics	248.442928001	7.00934764153049	10966	23	34	133	133	63.3	829	1551	822	roadmap_epigenomics H3K4me1	NA	NA	H3K4me1	NA	NA	E052-H3K4me1.narrowPeak	3.52171263036415e-247	247579
2	876	roadmap_epigenomics	247.89702581663	7.00985157368907	10976	24	33	124	124	60.3	832	1541	819	roadmap_epigenomics H3K9ac	NA	NA	H3K9ac	NA	NA	E107-H3K9ac.narrowPeak	1.18624035299398e-246	144247
2	542	roadmap_epigenomics	244.537960270294	7.65626905629596	11356	25	13	44	44	27.3	926	1161	725	roadmap_epigenomics H3K4me1	NA	NA	H3K4me1	NA	NA	E061-H3K4me1.narrowPeak	2.60321161277648e-243	294530
2	611	roadmap_epigenomics	244.431894298272	6.74265159357247	10833	26	43	162	162	77	806	1684	845	roadmap_epigenomics H3K27ac	NA	NA	H3K27ac	NA	NA	E073-H3K27ac.narrowPeak	3.19552416198275e-243	206720
2	495	roadmap_epigenomics	242.554006430971	6.62107119059922	10763	27	48	187	187	87.3	794	1754	857	roadmap_epigenomics H3K4me1	NA	NA	H3K4me1	NA	NA	E054-H3K4me1.narrowPeak	2.32294836756747e-241	191253
2	505	roadmap_epigenomics	241.784263234691	7.32672775845388	11246	28	22	62	62	37.3	903	1271	748	roadmap_epigenomics H3K4me3	NA	NA	H3K4me3	NA	NA	E055-H3K4me3.narrowPeak	1.31822178911648e-240	115193
2	607	roadmap_epigenomics	240.974772741988	6.59204775868108	10771	29	54	184	184	89	798	1746	853	roadmap_epigenomics H3K4me1	NA	NA	H3K4me1	NA	NA	E072-H3K4me1.narrowPeak	8.20803145414193e-240	211846
2	1094	roadmap_epigenomics	240.713599337957	6.03141185268288	9379	30	89	575	575	231	547	3138	1104	roadmap_epigenomics H3K4me1	NA	NA	H3K4me1	NA	NA	E128-H3K4me1.narrowPeak	1.44773528451737e-239	167405
2	671	roadmap_epigenomics	239.688319987402	6.61396308169977	10819	31	50	165	165	82	810	1698	841	roadmap_epigenomics H3K4me1	NA	NA	H3K4me1	NA	NA	E081-H3K4me1.narrowPeak	1.4850055292044e-238	160582
2	883	roadmap_epigenomics	239.404937318739	6.65911427391622	10864	32	45	151	151	76	820	1653	831	roadmap_epigenomics H3K9ac	NA	NA	H3K9ac	NA	NA	E108-H3K9ac.narrowPeak	2.76262829053961e-238	129620
2	850	roadmap_epigenomics	238.512394135468	6.05105162332487	9978	33	88	423	423	181	650	2539	1001	roadmap_epigenomics H3K4me1	NA	NA	H3K4me1	NA	NA	E103-H3K4me1.narrowPeak	2.09171098206868e-237	172034
2	749	roadmap_epigenomics	238.277163850568	7.24545824401992	11250	34	28	61	61	41	909	1267	742	roadmap_epigenomics H3K4me1	NA	NA	H3K4me1	NA	NA	E090-H3K4me1.narrowPeak	3.48953038522356e-237	268484
2	1058	roadmap_epigenomics	237.398729779389	6.89904818036384	11073	35	37	97	97	56.3	869	1444	782	roadmap_epigenomics H3K4me2	NA	NA	H3K4me2	NA	NA	E125-H3K4me2.narrowPeak	2.56219351820811e-236	125847
2	830	roadmap_epigenomics	235.950043462986	5.95400609171377	9823	36	93	475	475	201	627	2694	1024	roadmap_epigenomics H3K4me1	NA	NA	H3K4me1	NA	NA	E100-H3K4me1.narrowPeak	6.99944794730674e-235	196301
2	539	roadmap_epigenomics	235.198820711127	7.01449961492317	11172	37	32	71	71	46.7	895	1345	756	roadmap_epigenomics H3K27ac	NA	NA	H3K27ac	NA	NA	E061-H3K27ac.narrowPeak	3.84049599660457e-234	199363
2	501	roadmap_epigenomics	234.875565947246	7.46446135214121	11381	38	21	38	38	32.3	946	1136	705	roadmap_epigenomics H3K27ac	NA	NA	H3K27ac	NA	NA	E055-H3K27ac.narrowPeak	7.87154908712895e-234	274023
2	621	roadmap_epigenomics	234.461770866593	6.59640038600566	10909	39	53	143	143	78.3	837	1608	814	roadmap_epigenomics H3K4me1	NA	NA	H3K4me1	NA	NA	E074-H3K4me1.narrowPeak	1.98872291680953e-233	266870
2	460	roadmap_epigenomics	234.376262548047	7.17551996315525	11264	40	31	57	57	42.7	918	1253	733	roadmap_epigenomics H3K4me1	NA	NA	H3K4me1	NA	NA	E049-H3K4me1.narrowPeak	2.360952298607e-233	260639
2	689	roadmap_epigenomics	232.365646727564	6.4523306244085	10829	41	60	163	163	88	823	1688	828	roadmap_epigenomics H3K9ac	NA	NA	H3K9ac	NA	NA	E083-H3K9ac.narrowPeak	2.3603650078211e-231	110500
2	178	roadmap_epigenomics	231.295270187873	5.81627881762069	9626	42	109	513	513	221	601	2891	1050	roadmap_epigenomics H3K27ac	NA	NA	H3K27ac	NA	NA	E011-H3K27ac.narrowPeak	2.70950697695764e-230	157674
2	245	roadmap_epigenomics	231.027132549621	6.6578379158972	7430	43	46	812	812	300	297	5087	1354	roadmap_epigenomics H4K20me1	NA	NA	H4K20me1	NA	NA	E017-H4K20me1.narrowPeak	4.90691739238002e-230	192735
2	1007	roadmap_epigenomics	230.088540190619	6.13262897201303	10533	44	77	268	268	130	766	1984	885	roadmap_epigenomics H3K4me1	NA	NA	H3K4me1	NA	NA	E121-H3K4me1.narrowPeak	4.16310040079248e-229	248336
2	300	roadmap_epigenomics	230.05072457231	6.77779457789471	11109	45	41	85	85	57	888	1408	763	roadmap_epigenomics H3K4me1	NA	NA	H3K4me1	NA	NA	E025-H3K4me1.narrowPeak	4.44091709695759e-229	312578
2	604	roadmap_epigenomics	229.778122823773	6.15020369837159	10566	46	76	257	257	126	773	1951	878	roadmap_epigenomics H3K27ac	NA	NA	H3K27ac	NA	NA	E072-H3K27ac.narrowPeak	8.13821382625697e-229	177783
2	484	roadmap_epigenomics	229.232106481795	6.50292766875071	10933	47	58	139	139	81.3	850	1584	801	roadmap_epigenomics H3K4me2	NA	NA	H3K4me2	NA	NA	E052-H3K4me2.narrowPeak	2.80030549230796e-228	119840
2	1019	roadmap_epigenomics	229.125372415183	6.13158301235065	10561	48	78	261	261	129	773	1956	878	roadmap_epigenomics H3K4me1	NA	NA	H3K4me1	NA	NA	E122-H3K4me1.narrowPeak	3.50587235105053e-228	142277
2	767	roadmap_epigenomics	229.003519439473	6.96435949555241	11227	49	35	64	64	49.3	917	1290	734	roadmap_epigenomics H3K4me1	NA	NA	H3K4me1	NA	NA	E092-H3K4me1.narrowPeak	4.54667835880115e-228	275943
2	1008	roadmap_epigenomics	228.564408250336	6.48719118977887	10933	50	59	139	139	82.7	851	1584	800	roadmap_epigenomics H3K4me2	NA	NA	H3K4me2	NA	NA	E121-H3K4me2.narrowPeak	1.22470501790513e-227	137508
2	925	roadmap_epigenomics	228.24730932895	6.37621017893642	10847	51	64	158	158	91	833	1670	818	roadmap_epigenomics H3K4me2	NA	NA	H3K4me2	NA	NA	E114-H3K4me2.narrowPeak	2.49189791595499e-227	103473
2	169	roadmap_epigenomics	228.006568281519	6.29344419382772	10774	52	69	183	183	101	818	1743	833	roadmap_epigenomics H3K4me1	NA	NA	H3K4me1	NA	NA	E009-H3K4me1.narrowPeak	4.25439810723445e-227	280630
2	641	roadmap_epigenomics	227.181001609283	6.94643487589231	11241	53	36	63	63	50.7	923	1276	728	roadmap_epigenomics H3K4me1	NA	NA	H3K4me1	NA	NA	E077-H3K4me1.narrowPeak	2.79339449566387e-226	231713
2	584	roadmap_epigenomics	227.054889119222	6.50348862266497	10973	54	57	127	127	79.3	862	1544	789	roadmap_epigenomics H3K9ac	NA	NA	H3K9ac	NA	NA	E068-H3K9ac.narrowPeak	3.66544639748153e-226	183791
2	586	roadmap_epigenomics	226.55344367845	5.99528289653853	10449	55	92	304	304	150	755	2068	896	roadmap_epigenomics H3K27ac	NA	NA	H3K27ac	NA	NA	E069-H3K27ac.narrowPeak	1.14183508658313e-225	169793
2	514	roadmap_epigenomics	226.228355605423	7.19357443268822	11363	56	30	42	56	42.7	954	1154	697	roadmap_epigenomics H3K4me3	NA	NA	H3K4me3	NA	NA	E056-H3K4me3.narrowPeak	2.37064279198447e-225	152592
2	1063	roadmap_epigenomics	225.70741777991	6.10649756426431	7907	57	82	764	764	301	362	4610	1289	roadmap_epigenomics H4K20me1	NA	NA	H4K20me1	NA	NA	E125-H4K20me1.narrowPeak	7.72888982233962e-225	167649
2	572	roadmap_epigenomics	225.171070835399	5.90446347213094	10349	58	99	334	334	164	738	2168	913	roadmap_epigenomics H3K27ac	NA	NA	H3K27ac	NA	NA	E067-H3K27ac.narrowPeak	2.61162563557272e-224	171902
2	595	roadmap_epigenomics	223.513019957255	5.62691687179688	9510	59	126	533	533	239	594	3007	1057	roadmap_epigenomics H3K4me1	NA	NA	H3K4me1	NA	NA	E070-H3K4me1.narrowPeak	1.16825536206422e-222	107068
2	591	roadmap_epigenomics	223.387836911784	6.12685598562406	10711	60	79	204	204	114	812	1806	839	roadmap_epigenomics H3K9ac	NA	NA	H3K9ac	NA	NA	E069-H3K9ac.narrowPeak	1.53257448080015e-222	133007
2	307	roadmap_epigenomics	223.32838456298	6.10736232371599	10691	61	81	211	211	118	808	1826	843	roadmap_epigenomics H3K4me1	NA	NA	H3K4me1	NA	NA	E026-H3K4me1.narrowPeak	1.72860336439116e-222	233572
2	609	roadmap_epigenomics	223.028326707904	6.4448405068387	11000	62	61	115	115	79.3	874	1517	777	roadmap_epigenomics H3K9ac	NA	NA	H3K9ac	NA	NA	E072-H3K9ac.narrowPeak	3.39383992608074e-222	165236
2	577	roadmap_epigenomics	222.601034010309	6.10807635097272	10710	63	80	207	207	117	813	1807	838	roadmap_epigenomics H3K9ac	NA	NA	H3K9ac	NA	NA	E067-H3K9ac.narrowPeak	8.93377873843809e-222	146266
2	289	roadmap_epigenomics	222.406938097211	6.66204599603565	11151	64	44	78	78	62	909	1366	742	roadmap_epigenomics H3K4me1	NA	NA	H3K4me1	NA	NA	E023-H3K4me1.narrowPeak	1.37496511863937e-221	307369
2	821	roadmap_epigenomics	220.871237121535	6.27479168101257	10907	65	71	144	144	93.3	857	1610	794	roadmap_epigenomics H3K4me1	NA	NA	H3K4me1	NA	NA	E099-H3K4me1.narrowPeak	4.64792673575082e-220	176837
2	579	roadmap_epigenomics	219.532387382207	6.05336907093379	10726	66	87	199	199	117	821	1791	830	roadmap_epigenomics H3K27ac	NA	NA	H3K27ac	NA	NA	E068-H3K27ac.narrowPeak	9.98799771162066e-219	214725
2	236	roadmap_epigenomics	219.237456987518	6.09576427278646	10777	67	83	180	180	110	832	1740	819	roadmap_epigenomics H3K4me1	NA	NA	H3K4me1	NA	NA	E017-H3K4me1.narrowPeak	1.94034055838273e-218	328152
2	959	roadmap_epigenomics	218.829969197588	5.68740576377692	10194	68	118	373	373	186	719	2323	932	roadmap_epigenomics H3K4me1	NA	NA	H3K4me1	NA	NA	E117-H3K4me1.narrowPeak	4.88575451044777e-218	156415
2	188	roadmap_epigenomics	218.741811866137	6.3100371895607	10975	69	65	125	125	86.3	875	1542	776	roadmap_epigenomics H3K4me1	NA	NA	H3K4me1	NA	NA	E012-H3K4me1.narrowPeak	5.89859794321077e-218	258735
2	1095	roadmap_epigenomics	218.043542033252	5.90550627580904	10591	70	98	249	249	139	796	1926	855	roadmap_epigenomics H3K4me2	NA	NA	H3K4me2	NA	NA	E128-H3K4me2.narrowPeak	2.90248295941362e-217	118811
2	706	roadmap_epigenomics	217.177638290397	6.56588635605133	11169	71	55	75	75	67	921	1348	730	roadmap_epigenomics H3K4me1	NA	NA	H3K4me1	NA	NA	E085-H3K4me1.narrowPeak	2.10142121705563e-216	285846
2	843	roadmap_epigenomics	217.016582284359	6.30908886064174	11004	72	66	111	111	83	884	1513	767	roadmap_epigenomics H3K4me1	NA	NA	H3K4me1	NA	NA	E102-H3K4me1.narrowPeak	3.00258265258758e-216	236074
2	836	roadmap_epigenomics	217.000837289385	6.26630058322511	10972	73	72	128	128	91	877	1545	774	roadmap_epigenomics H3K4me1	NA	NA	H3K4me1	NA	NA	E101-H3K4me1.narrowPeak	3.07078635685882e-216	208728
2	697	roadmap_epigenomics	216.728890616568	6.38802286965685	11065	74	63	99	99	78.7	898	1452	753	roadmap_epigenomics H3K4me1	NA	NA	H3K4me1	NA	NA	E084-H3K4me1.narrowPeak	5.66614149624851e-216	247694
2	791	roadmap_epigenomics	216.710068518525	5.83438295732057	10535	75	106	267	267	149	787	1982	864	roadmap_epigenomics H3K4me1	NA	NA	H3K4me1	NA	NA	E095-H3K4me1.narrowPeak	5.83821346202944e-216	268306
2	663	roadmap_epigenomics	215.263227384332	7.53525464406273	11581	76	16	12	76	34.7	1026	936	625	roadmap_epigenomics H3K4me1	NA	NA	H3K4me1	NA	NA	E080-H3K4me1.narrowPeak	1.61201387406554e-214	279457
2	996	roadmap_epigenomics	215.054929931346	5.7957032836422	10532	77	111	269	269	152	789	1985	862	roadmap_epigenomics H3K4me2	NA	NA	H3K4me2	NA	NA	E120-H3K4me2.narrowPeak	2.57033124414411e-214	121927
2	267	roadmap_epigenomics	214.977625952465	5.82681764309906	10577	78	108	253	253	146	798	1940	853	roadmap_epigenomics H3K9ac	NA	NA	H3K9ac	NA	NA	E020-H3K9ac.narrowPeak	3.03172075401213e-214	108554
2	175	roadmap_epigenomics	214.841553059773	6.1790301852768	10943	79	75	137	137	97	874	1574	777	roadmap_epigenomics H3K4me1	NA	NA	H3K4me1	NA	NA	E010-H3K4me1.narrowPeak	4.09477083026759e-214	266556
2	197	roadmap_epigenomics	214.677332337729	5.56366615693783	10114	80	130	397	397	202	711	2403	940	roadmap_epigenomics H3K27ac	NA	NA	H3K27ac	NA	NA	E014-H3K27ac.narrowPeak	5.90183994138625e-214	149273
2	598	roadmap_epigenomics	214.566804967727	6.0731406154206	10857	81	85	153	153	106	856	1660	795	roadmap_epigenomics H3K27ac	NA	NA	H3K27ac	NA	NA	E071-H3K27ac.narrowPeak	7.51830197526222e-214	152169
2	928	roadmap_epigenomics	214.326023239054	5.55914378905427	10122	82	132	394	394	203	713	2395	938	roadmap_epigenomics H3K9ac	NA	NA	H3K9ac	NA	NA	E114-H3K9ac.narrowPeak	1.29292299772336e-213	71993
2	243	roadmap_epigenomics	214.313498790696	5.466179709297	8740	83	147	674	674	301	491	3777	1160	roadmap_epigenomics H3K9me1	NA	NA	H3K9me1	NA	NA	E017-H3K9me1.narrowPeak	1.31471878674992e-213	209146
2	616	roadmap_epigenomics	213.887704047933	5.67771879857759	10388	84	121	326	326	177	763	2129	888	roadmap_epigenomics H3K9ac	NA	NA	H3K9ac	NA	NA	E073-H3K9ac.narrowPeak	3.46279209906079e-213	108381
2	1105	roadmap_epigenomics	213.747779713476	6.00780323765582	10813	85	90	169	169	115	848	1704	803	roadmap_epigenomics H3K4me1	NA	NA	H3K4me1	NA	NA	E129-H3K4me1.narrowPeak	4.72292569268875e-213	237110
2	181	roadmap_epigenomics	213.36448603536	5.59132465028741	10245	86	128	361	361	192	737	2272	914	roadmap_epigenomics H3K4me1	NA	NA	H3K4me1	NA	NA	E011-H3K4me1.narrowPeak	1.12830175931911e-212	274844
2	555	roadmap_epigenomics	212.769269628444	7.25974481017409	11518	87	26	17	87	43.3	1013	999	638	roadmap_epigenomics H3K4me1	NA	NA	H3K4me1	NA	NA	E063-H3K4me1.narrowPeak	4.39158073109036e-212	260722
2	1069	roadmap_epigenomics	212.224385028056	5.37191996353414	9051	88	165	632	632	295	540	3466	1111	roadmap_epigenomics H3K4me1	NA	NA	H3K4me1	NA	NA	E126-H3K4me1.narrowPeak	1.52244654068415e-211	191388
2	896	roadmap_epigenomics	211.236446233661	6.29546381706904	11090	89	68	94	94	83.7	912	1427	739	roadmap_epigenomics H3K4me1	NA	NA	H3K4me1	NA	NA	E110-H3K4me1.narrowPeak	1.46410934162262e-210	214877
2	500	roadmap_epigenomics	210.459528533582	7.63249198621704	11644	90	14	7	90	37	1050	873	601	roadmap_epigenomics	NA	NA	NA	NA	NA	E055-DNase.macs2.narrowPeak	8.66240947059836e-210	447741
2	1061	roadmap_epigenomics	210.004473783444	5.50524845342302	10216	91	138	367	367	199	737	2301	914	roadmap_epigenomics H3K9ac	NA	NA	H3K9ac	NA	NA	E125-H3K9ac.narrowPeak	2.44283748835653e-209	92035
2	237	roadmap_epigenomics	209.146863564394	5.92787791876047	10836	92	95	161	161	116	860	1681	791	roadmap_epigenomics H3K4me2	NA	NA	H3K4me2	NA	NA	E017-H3K4me2.narrowPeak	1.7408380081702e-208	177688
2	536	roadmap_epigenomics	208.94555863156	5.29508683242548	9063	93	177	627	627	299	547	3454	1104	roadmap_epigenomics H3K4me1	NA	NA	H3K4me1	NA	NA	E059-H3K4me1.narrowPeak	2.73758852512145e-208	104649
2	1070	roadmap_epigenomics	208.396589389992	5.67332868188744	10565	94	122	258	258	158	806	1952	845	roadmap_epigenomics H3K4me2	NA	NA	H3K4me2	NA	NA	E126-H3K4me2.narrowPeak	9.58721591604708e-208	115042
2	983	roadmap_epigenomics	206.480380086378	5.76436223802131	10729	95	114	198	198	136	842	1788	809	roadmap_epigenomics H3K4me1	NA	NA	H3K4me1	NA	NA	E119-H3K4me1.narrowPeak	7.82178835127461e-206	182438
2	462	roadmap_epigenomics	206.24838534028	5.59280710426896	10517	96	127	276	276	166	800	2000	851	roadmap_epigenomics H3K9ac	NA	NA	H3K9ac	NA	NA	E049-H3K9ac.narrowPeak	1.32054491920038e-205	107453
2	499	roadmap_epigenomics	206.058910370269	6.18725652880629	11099	97	74	91	97	87.3	922	1418	729	roadmap_epigenomics	NA	NA	NA	NA	NA	E055-DNase.hotspot.fdr0.01.peaks.bed	2.02175091060314e-205	232786
2	291	roadmap_epigenomics	205.869410350889	5.51389367877509	10405	98	136	316	316	183	779	2112	872	roadmap_epigenomics H3K9ac	NA	NA	H3K9ac	NA	NA	E023-H3K9ac.narrowPeak	3.09580306118874e-205	124570
2	57	roadmap_epigenomics	205.692381788744	5.31034436350279	9937	99	176	434	434	236	694	2580	957	roadmap_epigenomics H3K4me2	NA	NA	H3K4me2	NA	NA	E004-H3K4me2.narrowPeak	4.60673010122979e-205	59056
2	496	roadmap_epigenomics	205.452501146566	5.65988592432968	10632	100	123	231	231	151	824	1885	827	roadmap_epigenomics H3K4me3	NA	NA	H3K4me3	NA	NA	E054-H3K4me3.narrowPeak	7.92334570928494e-205	59260
2	37	roadmap_epigenomics	205.246918020594	5.50051188562049	10405	101	140	316	316	186	780	2112	871	roadmap_epigenomics H3K9ac	NA	NA	H3K9ac	NA	NA	E003-H3K9ac.narrowPeak	1.2594193382089e-204	90295
2	680	roadmap_epigenomics	204.778493909312	5.47609877352823	10380	102	146	329	329	192	776	2137	875	roadmap_epigenomics H3K4me3	NA	NA	H3K4me3	NA	NA	E082-H3K4me3.narrowPeak	3.66704019917891e-204	40821
2	90	roadmap_epigenomics	204.740121369483	5.56220191758631	10520	103	131	274	274	169	803	1997	848	roadmap_epigenomics	NA	NA	NA	NA	NA	E006-DNase.hotspot.fdr0.01.peaks.bed	3.96689913300428e-204	174991
2	926	roadmap_epigenomics	204.63363841277	5.55583442802346	10514	104	133	277	277	171	802	2003	849	roadmap_epigenomics H3K4me3	NA	NA	H3K4me3	NA	NA	E114-H3K4me3.narrowPeak	5.02039628872114e-204	76182
2	195	roadmap_epigenomics	204.269431597938	5.36746049182318	10182	105	166	377	377	216	740	2335	911	roadmap_epigenomics H3K4me3	NA	NA	H3K4me3	NA	NA	E013-H3K4me3.narrowPeak	1.1502410293504e-203	28003
2	904	roadmap_epigenomics	204.128545195812	5.78201770214674	10803	106	113	172	172	130	861	1714	790	roadmap_epigenomics H3K4me3	NA	NA	H3K4me3	NA	NA	E111-H3K4me3.narrowPeak	1.57600899127084e-203	90969
2	863	roadmap_epigenomics	203.960699322049	6.30550413209024	11203	107	67	68	107	80.7	949	1314	702	roadmap_epigenomics H3K4me1	NA	NA	H3K4me1	NA	NA	E105-H3K4me1.narrowPeak	2.29787633326289e-203	309072
2	683	roadmap_epigenomics	203.821593697153	5.86730731820973	10891	108	103	147	147	119	880	1626	771	roadmap_epigenomics	NA	NA	NA	NA	NA	E083-DNase.hotspot.fdr0.01.peaks.bed	3.13611730779712e-203	218413
2	260	roadmap_epigenomics	203.401431325319	5.38237242500481	10256	109	162	355	355	209	755	2261	896	roadmap_epigenomics H3K9ac	NA	NA	H3K9ac	NA	NA	E019-H3K9ac.narrowPeak	8.1762079515775e-203	72277
2	1106	roadmap_epigenomics	202.959260022953	5.91591899895985	10950	110	97	136	136	114	894	1567	757	roadmap_epigenomics H3K4me2	NA	NA	H3K4me2	NA	NA	E129-H3K4me2.narrowPeak	2.24262698605324e-202	131837
2	216	roadmap_epigenomics	202.854648027677	5.4527340841353	10411	111	153	315	315	193	785	2106	866	roadmap_epigenomics H3K9ac	NA	NA	H3K9ac	NA	NA	E016-H3K9ac.narrowPeak	2.82773524843504e-202	82706
2	1059	roadmap_epigenomics	202.653868401754	5.48887565637686	10477	112	142	292	292	182	798	2040	853	roadmap_epigenomics H3K4me3	NA	NA	H3K4me3	NA	NA	E125-H3K4me3.narrowPeak	4.44962413846356e-202	70898
2	537	roadmap_epigenomics	202.576649494033	5.48023128373787	10466	113	144	298	298	185	796	2051	855	roadmap_epigenomics H3K4me3	NA	NA	H3K4me3	NA	NA	E059-H3K4me3.narrowPeak	5.26843728248751e-202	47573
2	527	roadmap_epigenomics	202.278667589863	6.62864140030543	11385	114	47	37	114	66	995	1132	656	roadmap_epigenomics H3K4me1	NA	NA	H3K4me1	NA	NA	E058-H3K4me1.narrowPeak	1.03713982434399e-201	289473
2	521	roadmap_epigenomics	201.863725037075	5.54456591559685	10583	115	134	251	251	167	820	1934	831	roadmap_epigenomics H3K4me1	NA	NA	H3K4me1	NA	NA	E057-H3K4me1.narrowPeak	2.67292562471539e-201	212997
2	302	roadmap_epigenomics	200.877504008643	5.48168885527663	10524	116	143	270	270	176	810	1993	841	roadmap_epigenomics H3K9ac	NA	NA	H3K9ac	NA	NA	E025-H3K9ac.narrowPeak	2.56712936198677e-200	134727
2	242	roadmap_epigenomics	200.660011321377	5.34665891736322	10302	117	169	347	347	211	768	2215	883	roadmap_epigenomics H3K9ac	NA	NA	H3K9ac	NA	NA	E017-H3K9ac.narrowPeak	4.19964488569712e-200	130449
2	313	roadmap_epigenomics	200.605409673768	6.60933110203942	11395	118	51	35	118	68	1000	1122	651	roadmap_epigenomics H3K4me1	NA	NA	H3K4me1	NA	NA	E027-H3K4me1.narrowPeak	4.72191397631673e-200	374655
2	209	roadmap_epigenomics	200.180709574217	5.68384825733027	10792	119	119	175	175	138	865	1725	786	roadmap_epigenomics H3K9ac	NA	NA	H3K9ac	NA	NA	E015-H3K9ac.narrowPeak	1.24495374602411e-199	116131
2	39	roadmap_epigenomics	199.930280759674	5.4526443597832	10511	120	154	281	281	185	809	2006	842	roadmap_epigenomics H4K20me1	NA	NA	H4K20me1	NA	NA	E003-H4K20me1.narrowPeak	2.19759544480616e-199	266490
2	1009	roadmap_epigenomics	199.626119910868	5.35350352908619	10357	121	167	332	332	207	780	2160	871	roadmap_epigenomics H3K4me3	NA	NA	H3K4me3	NA	NA	E121-H3K4me3.narrowPeak	4.39040385213957e-199	69233
2	960	roadmap_epigenomics	198.932523384033	5.21550911435398	10084	122	188	403	403	238	731	2433	920	roadmap_epigenomics H3K4me2	NA	NA	H3K4me2	NA	NA	E117-H3K4me2.narrowPeak	2.15043607600481e-198	85197
2	110	roadmap_epigenomics	198.849677107215	5.45118693667298	10543	123	155	264	264	181	817	1974	834	roadmap_epigenomics H4K8ac	NA	NA	H4K8ac	NA	NA	E006-H4K8ac.narrowPeak	2.58123492881559e-198	209112
2	253	roadmap_epigenomics	198.787349807094	5.88059478488754	10998	124	101	117	124	114	911	1519	740	roadmap_epigenomics H3K9ac	NA	NA	H3K9ac	NA	NA	E018-H3K9ac.narrowPeak	2.95554965170598e-198	148075
2	891	roadmap_epigenomics	198.641546810728	5.37892006249721	10438	125	163	309	309	199	797	2079	854	roadmap_epigenomics H3K4me1	NA	NA	H3K4me1	NA	NA	E109-H3K4me1.narrowPeak	4.10159644665381e-198	214385
2	95	roadmap_epigenomics	198.550507438361	5.09798254096134	9675	126	216	503	503	282	661	2842	990	roadmap_epigenomics H2BK12ac	NA	NA	H2BK12ac	NA	NA	E006-H2BK12ac.narrowPeak	5.01801284233616e-198	286658
2	963	roadmap_epigenomics	198.283834681293	5.10424950040869	9738	127	214	491	491	277	672	2779	979	roadmap_epigenomics H3K9ac	NA	NA	H3K9ac	NA	NA	E117-H3K9ac.narrowPeak	9.19965094724851e-198	64430
2	875	roadmap_epigenomics	197.657260291541	5.45467668498379	10584	128	152	250	250	177	827	1933	824	roadmap_epigenomics H3K4me3	NA	NA	H3K4me3	NA	NA	E107-H3K4me3.narrowPeak	3.86313149171285e-197	80526
2	557	roadmap_epigenomics	196.223942901462	5.40823905060449	10562	129	157	260	260	182	825	1955	826	roadmap_epigenomics H3K9ac	NA	NA	H3K9ac	NA	NA	E063-H3K9ac.narrowPeak	1.03962601898695e-195	112712
2	485	roadmap_epigenomics	195.843754680767	5.29340702307975	10393	130	178	324	324	211	793	2124	858	roadmap_epigenomics H3K4me3	NA	NA	H3K4me3	NA	NA	E052-H3K4me3.narrowPeak	2.47577811067985e-195	77026
2	61	roadmap_epigenomics	195.728573641307	5.26156182248866	10339	131	181	337	337	216	783	2178	868	roadmap_epigenomics H3K9ac	NA	NA	H3K9ac	NA	NA	E004-H3K9ac.narrowPeak	3.20305808965038e-195	93600
2	1020	roadmap_epigenomics	195.353571227815	5.34009722215497	10488	132	170	287	287	196	812	2029	839	roadmap_epigenomics H3K4me2	NA	NA	H3K4me2	NA	NA	E122-H3K4me2.narrowPeak	7.53814683706093e-195	99492
2	682	roadmap_epigenomics	195.102282658384	5.04316431369499	9766	133	230	485	485	283	682	2751	969	roadmap_epigenomics	NA	NA	NA	NA	NA	E083-DNase.hotspot.all.peaks.bed	1.33436749040039e-194	98445
2	732	roadmap_epigenomics	194.822784083827	5.2301286223803	10315	134	186	341	341	220	780	2202	871	roadmap_epigenomics H3K9ac	NA	NA	H3K9ac	NA	NA	E088-H3K9ac.narrowPeak	2.52069830721885e-194	113769
2	461	roadmap_epigenomics	194.794887967982	5.46381692938008	10676	135	150	219	219	168	850	1841	801	roadmap_epigenomics H3K4me3	NA	NA	H3K4me3	NA	NA	E049-H3K4me3.narrowPeak	2.66683961902631e-194	76569
2	984	roadmap_epigenomics	194.791873945101	5.64825810483682	10875	136	124	150	150	137	891	1642	760	roadmap_epigenomics H3K4me2	NA	NA	H3K4me2	NA	NA	E119-H3K4me2.narrowPeak	2.66683961902631e-194	119229
2	408	roadmap_epigenomics	194.646505048548	5.74348666747105	10963	137	116	134	137	129	910	1554	741	roadmap_epigenomics H3K4me1	NA	NA	H3K4me1	NA	NA	E041-H3K4me1.narrowPeak	3.69985016224129e-194	159193
2	826	roadmap_epigenomics	194.108000937627	7.2632837481798	11670	138	24	6	138	56	1081	847	570	roadmap_epigenomics	NA	NA	NA	NA	NA	E100-DNase.macs2.narrowPeak	1.26919901942909e-193	441628
2	281	roadmap_epigenomics	194.018002346443	5.31115982292243	10487	139	175	288	288	201	814	2030	837	roadmap_epigenomics H3K27ac	NA	NA	H3K27ac	NA	NA	E022-H3K27ac.narrowPeak	1.55021739295448e-193	140357
2	543	roadmap_epigenomics	193.992714610025	5.23678984600066	10361	140	184	331	331	218	790	2156	861	roadmap_epigenomics H3K4me3	NA	NA	H3K4me3	NA	NA	E061-H3K4me3.narrowPeak	1.63142497393105e-193	39368
2	1088	roadmap_epigenomics	193.857022684962	6.84880475791407	6007	141	38	875	875	351	196	6510	1455	roadmap_epigenomics H4K20me1	NA	NA	H4K20me1	NA	NA	E127-H4K20me1.narrowPeak	2.21395074321432e-193	66330
2	80	roadmap_epigenomics	193.848413153411	5.15003040467195	10187	142	203	375	375	240	758	2330	893	roadmap_epigenomics H3K4me2	NA	NA	H3K4me2	NA	NA	E005-H3K4me2.narrowPeak	2.24237505811377e-193	62053
2	869	roadmap_epigenomics	193.798928230941	5.04403987582924	9882	143	229	455	455	276	704	2635	947	roadmap_epigenomics H3K4me1	NA	NA	H3K4me1	NA	NA	E106-H3K4me1.narrowPeak	2.49543052667938e-193	133631
2	308	roadmap_epigenomics	193.336443740685	5.27383202948324	10450	144	180	303	303	209	808	2067	843	roadmap_epigenomics H3K4me3	NA	NA	H3K4me3	NA	NA	E026-H3K4me3.narrowPeak	7.18792470514836e-193	81465
2	176	roadmap_epigenomics	192.875535862384	5.03028841806797	9902	145	234	447	447	275	709	2615	942	roadmap_epigenomics H3K4me3	NA	NA	H3K4me3	NA	NA	E010-H3K4me3.narrowPeak	2.06303163362966e-192	37746
2	628	roadmap_epigenomics	192.810110839314	5.87998356131773	11100	146	102	90	146	113	943	1417	708	roadmap_epigenomics H3K4me1	NA	NA	H3K4me1	NA	NA	E075-H3K4me1.narrowPeak	2.38202358282025e-192	196719
2	508	roadmap_epigenomics	192.781645034003	5.74632639044166	11000	147	115	115	147	126	921	1517	730	roadmap_epigenomics	NA	NA	NA	NA	NA	E056-DNase.hotspot.fdr0.01.peaks.bed	2.52608164488022e-192	223698
2	596	roadmap_epigenomics	192.589874925679	5.16558663025697	10279	148	199	353	353	233	777	2238	874	roadmap_epigenomics H3K4me3	NA	NA	H3K4me3	NA	NA	E070-H3K4me3.narrowPeak	3.90187283095583e-192	41846
2	509	roadmap_epigenomics	192.199175769709	6.74576936095248	11531	149	42	14	149	68.3	1047	986	604	roadmap_epigenomics	NA	NA	NA	NA	NA	E056-DNase.macs2.narrowPeak	9.5290084881371e-192	397102
2	997	roadmap_epigenomics	191.958030513462	5.16816440345764	10311	150	196	343	343	230	784	2206	867	roadmap_epigenomics H3K4me3	NA	NA	H3K4me3	NA	NA	E120-H3K4me3.narrowPeak	1.64925564564075e-191	47100
2	183	roadmap_epigenomics	191.638048398307	4.95099070874479	9666	151	257	504	504	304	671	2851	980	roadmap_epigenomics H3K9ac	NA	NA	H3K9ac	NA	NA	E011-H3K9ac.narrowPeak	3.42282272189267e-191	58328
2	491	roadmap_epigenomics	191.282919699586	5.12511743211229	10251	152	210	359	359	240	774	2266	877	roadmap_epigenomics H3K4me3	NA	NA	H3K4me3	NA	NA	E053-H3K4me3.narrowPeak	7.70276173680976e-191	36677
2	705	roadmap_epigenomics	190.721781899688	5.123806382309	10273	153	211	354	354	239	779	2244	872	roadmap_epigenomics H3K36me3	NA	NA	H3K36me3	NA	NA	E085-H3K36me3.narrowPeak	2.7857133240236e-190	359487
2	882	roadmap_epigenomics	190.662471990137	5.47810176326955	10795	154	145	174	174	158	881	1722	770	roadmap_epigenomics H3K4me3	NA	NA	H3K4me3	NA	NA	E108-H3K4me3.narrowPeak	3.1726125726487e-190	92210
2	766	roadmap_epigenomics	190.464603527675	4.97083649800556	9867	155	248	459	459	287	707	2650	944	roadmap_epigenomics H3K36me3	NA	NA	H3K36me3	NA	NA	E092-H3K36me3.narrowPeak	4.97135212972101e-190	329663
2	961	roadmap_epigenomics	190.40666122718	4.98709064977806	9930	156	242	439	439	279	718	2587	933	roadmap_epigenomics H3K4me3	NA	NA	H3K4me3	NA	NA	E117-H3K4me3.narrowPeak	5.6444798419774e-190	60631
2	170	roadmap_epigenomics	190.384122738811	4.99164657792902	9947	157	241	430	430	276	721	2570	930	roadmap_epigenomics H3K4me3	NA	NA	H3K4me3	NA	NA	E009-H3K4me3.narrowPeak	5.90727733636766e-190	38823
2	1089	roadmap_epigenomics	190.373267909148	5.83070305662733	11105	158	107	87	158	117	948	1412	703	roadmap_epigenomics	NA	NA	NA	NA	NA	E128-DNase.macs2.narrowPeak	6.01845137153526e-190	363287
2	1086	roadmap_epigenomics	190.113435556359	5.84063337373971	6687	159	105	855	855	373	271	5830	1380	roadmap_epigenomics H3K9me1	NA	NA	H3K9me1	NA	NA	E127-H3K9me1.narrowPeak	1.08787017731861e-189	49792
2	776	roadmap_epigenomics	190.104650746559	5.89419171072576	11152	160	100	77	160	112	959	1365	692	roadmap_epigenomics H3K4me1	NA	NA	H3K4me1	NA	NA	E093-H3K4me1.narrowPeak	1.1031613120899e-189	250705
2	457	roadmap_epigenomics	190.058152938368	4.92405166027736	9698	161	263	500	500	308	679	2819	972	roadmap_epigenomics H3K27ac	NA	NA	H3K27ac	NA	NA	E049-H3K27ac.narrowPeak	1.22019976643474e-189	126902
2	857	roadmap_epigenomics	188.864682171974	5.09539387593711	10294	162	218	350	350	243	786	2223	865	roadmap_epigenomics H3K4me1	NA	NA	H3K4me1	NA	NA	E104-H3K4me1.narrowPeak	1.89327005282105e-188	271842
2	211	roadmap_epigenomics	188.843955573214	4.85191598142996	9316	163	279	587	587	343	619	3201	1032	roadmap_epigenomics H3K27ac	NA	NA	H3K27ac	NA	NA	E016-H3K27ac.narrowPeak	1.97363380060987e-188	111185
2	432	roadmap_epigenomics	188.735880547478	5.16599504894677	10431	164	198	312	312	225	812	2086	839	roadmap_epigenomics H3K4me1	NA	NA	H3K4me1	NA	NA	E045-H3K4me1.narrowPeak	2.51585354736878e-188	132617
2	930	roadmap_epigenomics	188.63551957275	5.84704023403927	6621	165	104	856	856	375	266	5896	1385	roadmap_epigenomics H4K20me1	NA	NA	H4K20me1	NA	NA	E114-H4K20me1.narrowPeak	3.15069406568177e-188	69077
2	420	roadmap_epigenomics	188.529768343389	5.53415918190207	10898	166	135	145	166	149	906	1619	745	roadmap_epigenomics H3K4me1	NA	NA	H3K4me1	NA	NA	E043-H3K4me1.narrowPeak	3.99515212249077e-188	154217
2	154	roadmap_epigenomics	188.313328058067	5.38388158540358	10747	167	161	191	191	173	875	1770	776	roadmap_epigenomics H3K4me2	NA	NA	H3K4me2	NA	NA	E008-H3K4me2.narrowPeak	6.53680037960738e-188	111374
2	636	roadmap_epigenomics	188.163333949147	5.17917645364743	10473	168	192	295	295	218	821	2044	830	roadmap_epigenomics H3K4me3	NA	NA	H3K4me3	NA	NA	E076-H3K4me3.narrowPeak	9.17839028840067e-188	72243
2	265	roadmap_epigenomics	186.894012414492	5.10936679670599	10399	169	212	322	322	234	809	2118	842	roadmap_epigenomics H3K4me1	NA	NA	H3K4me1	NA	NA	E020-H3K4me1.narrowPeak	1.6963311329794e-186	289288
2	33	roadmap_epigenomics	186.566851949646	5.07246557680878	10343	170	223	336	336	243	799	2174	852	roadmap_epigenomics H3K4me3	NA	NA	H3K4me3	NA	NA	E003-H3K4me3.narrowPeak	3.58186225834626e-186	42133
2	722	roadmap_epigenomics	186.557352459935	4.88490025200826	9846	171	272	470	470	304	710	2671	941	roadmap_epigenomics H3K4me3	NA	NA	H3K4me3	NA	NA	E087-H3K4me3.narrowPeak	3.6396630657316e-186	35931
2	301	roadmap_epigenomics	186.475479495946	5.40592954503527	10815	172	159	168	172	166	892	1702	759	roadmap_epigenomics H3K4me3	NA	NA	H3K4me3	NA	NA	E025-H3K4me3.narrowPeak	4.36919883389657e-186	104434
2	1081	roadmap_epigenomics	186.468484498981	5.37430476288549	10781	173	164	177	177	171	885	1736	766	roadmap_epigenomics H3K4me1	NA	NA	H3K4me1	NA	NA	E127-H3K4me1.narrowPeak	4.41447589596188e-186	199886
2	522	roadmap_epigenomics	186.231598403018	5.14125400425744	10477	174	206	292	292	224	825	2040	826	roadmap_epigenomics H3K4me3	NA	NA	H3K4me3	NA	NA	E057-H3K4me3.narrowPeak	7.57289788334508e-186	48504
2	764	roadmap_epigenomics	186.138079556345	5.0870406233371	10387	175	219	327	327	240	808	2130	843	roadmap_epigenomics H3K27ac	NA	NA	H3K27ac	NA	NA	E092-H3K27ac.narrowPeak	9.33882305714828e-186	135058
2	825	roadmap_epigenomics	186.114497685533	5.32969374681923	10739	176	172	193	193	180	877	1778	774	roadmap_epigenomics	NA	NA	NA	NA	NA	E100-DNase.hotspot.fdr0.01.peaks.bed	9.80391186932665e-186	170766
2	402	roadmap_epigenomics	185.817487778524	5.34683593101033	10766	177	168	185	185	177	883	1751	768	roadmap_epigenomics H3K4me1	NA	NA	H3K4me1	NA	NA	E040-H3K4me1.narrowPeak	1.93174015265613e-185	147396
2	972	roadmap_epigenomics	185.456979671757	5.22416396751743	10624	178	187	235	235	200	855	1893	796	roadmap_epigenomics H3K4me2	NA	NA	H3K4me2	NA	NA	E118-H3K4me2.narrowPeak	4.40565086757171e-185	96755
2	91	roadmap_epigenomics	185.184037459884	5.78712821075417	11157	179	112	76	179	122	968	1360	683	roadmap_epigenomics	NA	NA	NA	NA	NA	E006-DNase.macs2.narrowPeak	8.21332978336361e-185	343835
2	1107	roadmap_epigenomics	185.008642670335	5.1383140954818	10513	180	207	279	279	222	834	2004	817	roadmap_epigenomics H3K4me3	NA	NA	H3K4me3	NA	NA	E129-H3K4me3.narrowPeak	1.22319184361339e-184	73663
2	898	roadmap_epigenomics	184.972173136872	5.14400266159695	10523	181	205	271	271	219	836	1994	815	roadmap_epigenomics H3K9ac	NA	NA	H3K9ac	NA	NA	E110-H3K9ac.narrowPeak	1.32299450444138e-184	89018
2	684	roadmap_epigenomics	184.720984895443	6.39390226916174	11474	182	62	23	182	89	1044	1043	607	roadmap_epigenomics	NA	NA	NA	NA	NA	E083-DNase.macs2.narrowPeak	2.34613753938339e-184	517786
2	322	roadmap_epigenomics	184.469681169277	5.58502752360739	11021	183	129	105	183	139	939	1496	712	roadmap_epigenomics H3K4me1	NA	NA	H3K4me1	NA	NA	E028-H3K4me1.narrowPeak	4.14546455671763e-184	354089
2	372	roadmap_epigenomics	184.469018722591	5.10146626705277	10472	184	215	296	296	232	827	2045	824	roadmap_epigenomics H3K4me1	NA	NA	H3K4me1	NA	NA	E035-H3K4me1.narrowPeak	4.14546455671763e-184	126220
2	258	roadmap_epigenomics	184.27398047019	4.95899150879238	10203	185	251	370	370	269	777	2314	874	roadmap_epigenomics H3K4me1	NA	NA	H3K4me1	NA	NA	E019-H3K4me1.narrowPeak	6.46037240385799e-184	213365
2	486	roadmap_epigenomics	183.74580057118	4.89800517765482	10076	186	270	405	405	287	755	2441	896	roadmap_epigenomics H3K9ac	NA	NA	H3K9ac	NA	NA	E052-H3K9ac.narrowPeak	2.16818450565058e-183	98792
2	1004	roadmap_epigenomics	183.614584077155	4.77503069268818	9608	187	298	517	517	334	675	2909	976	roadmap_epigenomics H3K27ac	NA	NA	H3K27ac	NA	NA	E121-H3K27ac.narrowPeak	2.91731999234984e-183	117985
2	1110	roadmap_epigenomics	183.590602128681	5.1340637667342	7402	188	209	814	814	404	363	5115	1288	roadmap_epigenomics H4K20me1	NA	NA	H4K20me1	NA	NA	E129-H4K20me1.narrowPeak	3.0665480493423e-183	157676
2	741	roadmap_epigenomics	183.082570584588	4.83952420334111	9939	189	282	433	433	301	732	2578	919	roadmap_epigenomics H3K4me3	NA	NA	H3K4me3	NA	NA	E089-H3K4me3.narrowPeak	9.82601365127957e-183	32241
2	426	roadmap_epigenomics	182.942315654401	5.17405258610271	10628	190	194	234	234	206	860	1889	791	roadmap_epigenomics H3K4me1	NA	NA	H3K4me1	NA	NA	E044-H3K4me1.narrowPeak	1.35002091432101e-182	150223
2	528	roadmap_epigenomics	182.921984317112	5.19613499077579	10658	191	189	225	225	202	866	1859	785	roadmap_epigenomics H3K4me3	NA	NA	H3K4me3	NA	NA	E058-H3K4me3.narrowPeak	1.40731743328379e-182	45445
2	985	roadmap_epigenomics	182.899360552966	4.87187378913585	10051	192	276	408	408	292	752	2466	899	roadmap_epigenomics H3K4me3	NA	NA	H3K4me3	NA	NA	E119-H3K4me3.narrowPeak	1.47485039979963e-182	41290
2	667	roadmap_epigenomics	182.619148225392	5.04406700429329	10440	193	228	308	308	243	824	2077	827	roadmap_epigenomics	NA	NA	NA	NA	NA	E081-DNase.hotspot.fdr0.01.peaks.bed	2.7970756823399e-182	206920
2	1013	roadmap_epigenomics	182.602837005837	5.44106133800684	6849	194	156	847	847	399	300	5668	1351	roadmap_epigenomics H4K20me1	NA	NA	H4K20me1	NA	NA	E121-H4K20me1.narrowPeak	2.88915615930686e-182	116908
2	707	roadmap_epigenomics	182.562857579069	5.03655674283972	10429	195	231	313	313	246	822	2088	829	roadmap_epigenomics H3K4me3	NA	NA	H3K4me3	NA	NA	E085-H3K4me3.narrowPeak	3.15150181438622e-182	43543
2	552	roadmap_epigenomics	182.472373479653	4.79273270549115	9811	196	288	477	477	320	711	2706	940	roadmap_epigenomics H3K27ac	NA	NA	H3K27ac	NA	NA	E063-H3K27ac.narrowPeak	3.86171483846755e-182	123465
2	93	roadmap_epigenomics	182.310322399448	4.98262290766144	7661	197	243	793	793	411	397	4856	1254	roadmap_epigenomics H2AK5ac	NA	NA	H2AK5ac	NA	NA	E006-H2AK5ac.narrowPeak	5.57983203992616e-182	168829
2	905	roadmap_epigenomics	182.295504685156	4.74289881963576	9576	198	307	524	524	343	672	2941	979	roadmap_epigenomics H3K9ac	NA	NA	H3K9ac	NA	NA	E111-H3K9ac.narrowPeak	5.74433655029127e-182	73574
2	1083	roadmap_epigenomics	182.211513949609	5.17279200752299	10647	199	195	227	227	207	865	1870	786	roadmap_epigenomics H3K4me3	NA	NA	H3K4me3	NA	NA	E127-H3K4me3.narrowPeak	6.93494028628839e-182	83151
2	1082	roadmap_epigenomics	182.188741632609	5.46431071242746	10962	200	149	135	200	161	930	1555	721	roadmap_epigenomics H3K4me2	NA	NA	H3K4me2	NA	NA	E127-H3K4me2.narrowPeak	7.27173633807223e-182	129570
2	219	roadmap_epigenomics	182.155157548789	5.07946387337735	10514	201	221	277	277	233	839	2003	812	roadmap_epigenomics	NA	NA	NA	NA	NA	E017-DNase.hotspot.fdr0.01.peaks.bed	7.81728860188234e-182	185164
2	214	roadmap_epigenomics	181.718165367376	4.91062371662643	10212	202	265	368	368	278	783	2305	868	roadmap_epigenomics H3K4me1	NA	NA	H3K4me1	NA	NA	E016-H3K4me1.narrowPeak	2.12761486088358e-181	292493
2	222	roadmap_epigenomics	181.661411065649	4.69254278180622	9043	203	325	634	634	387	589	3474	1062	roadmap_epigenomics H2AK5ac	NA	NA	H2AK5ac	NA	NA	E017-H2AK5ac.narrowPeak	2.41269624536775e-181	296165
2	618	roadmap_epigenomics	181.600337311332	4.95549965242704	10314	204	255	342	342	267	802	2203	849	roadmap_epigenomics H3K27ac	NA	NA	H3K27ac	NA	NA	E074-H3K27ac.narrowPeak	2.7633905822747e-181	158702
2	878	roadmap_epigenomics	181.466794851738	4.77847028784643	9836	205	296	472	472	324	717	2681	934	roadmap_epigenomics H3K27ac	NA	NA	H3K27ac	NA	NA	E108-H3K27ac.narrowPeak	3.73990903545968e-181	109113
2	750	roadmap_epigenomics	180.889400742943	4.84831218698499	10099	206	280	401	401	296	764	2418	887	roadmap_epigenomics H3K4me3	NA	NA	H3K4me3	NA	NA	E090-H3K4me3.narrowPeak	1.40650664595611e-180	35057
2	623	roadmap_epigenomics	180.836956920706	4.90590159803701	10242	207	267	362	362	279	790	2275	861	roadmap_epigenomics H3K9ac	NA	NA	H3K9ac	NA	NA	E074-H3K9ac.narrowPeak	1.5793649137904e-180	124462
2	94	roadmap_epigenomics	180.777891802265	4.7255789410509	9657	208	315	509	509	344	688	2860	963	roadmap_epigenomics H2BK120ac	NA	NA	H2BK120ac	NA	NA	E006-H2BK120ac.narrowPeak	1.80075493937877e-180	168326
2	725	roadmap_epigenomics	180.747217051358	4.80431054316655	9979	209	286	422	422	306	743	2538	908	roadmap_epigenomics	NA	NA	NA	NA	NA	E088-DNase.hotspot.all.peaks.bed	1.92329726692889e-180	112194
2	238	roadmap_epigenomics	180.320079823438	4.84737313373842	10127	210	281	391	391	294	770	2390	881	roadmap_epigenomics H3K4me3	NA	NA	H3K4me3	NA	NA	E017-H3K4me3.narrowPeak	5.11812199833301e-180	42408
2	973	roadmap_epigenomics	180.253577411069	4.9244932991812	10307	211	262	345	345	273	803	2210	848	roadmap_epigenomics H3K4me3	NA	NA	H3K4me3	NA	NA	E118-H3K4me3.narrowPeak	5.93676537372294e-180	58435
2	276	roadmap_epigenomics	180.187880313853	4.81164362210872	10036	212	285	412	412	303	754	2481	897	roadmap_epigenomics H3K4me3	NA	NA	H3K4me3	NA	NA	E021-H3K4me3.narrowPeak	6.87374753810665e-180	38867
2	290	roadmap_epigenomics	180.181430620368	5.15134575089966	10675	213	202	221	221	212	874	1842	777	roadmap_epigenomics H3K4me3	NA	NA	H3K4me3	NA	NA	E023-H3K4me3.narrowPeak	6.94383716760474e-180	116720
2	202	roadmap_epigenomics	180.130347855845	4.72767623118688	9734	214	313	496	496	341	702	2783	949	roadmap_epigenomics H3K9ac	NA	NA	H3K9ac	NA	NA	E014-H3K9ac.narrowPeak	7.77406419852934e-180	74747
2	965	roadmap_epigenomics	179.958182412011	4.67265817189097	8720	215	331	676	676	407	544	3797	1107	roadmap_epigenomics H4K20me1	NA	NA	H4K20me1	NA	NA	E117-H4K20me1.narrowPeak	1.15024109577728e-179	124987
2	383	roadmap_epigenomics	179.89005279835	5.03623857073759	10520	216	232	274	274	241	844	1997	807	roadmap_epigenomics H3K4me1	NA	NA	H3K4me1	NA	NA	E037-H3K4me1.narrowPeak	1.33937812732476e-179	143294
2	675	roadmap_epigenomics	179.774865809043	4.96505590417216	10404	217	250	320	320	262	822	2113	829	roadmap_epigenomics	NA	NA	NA	NA	NA	E082-DNase.hotspot.fdr0.01.peaks.bed	1.73813781833246e-179	195020
2	921	roadmap_epigenomics	179.762601017142	4.66374978592351	9338	218	335	582	582	378	638	3179	1013	roadmap_epigenomics H3K27ac	NA	NA	H3K27ac	NA	NA	E114-H3K27ac.narrowPeak	1.77972229579608e-179	69512
2	698	roadmap_epigenomics	178.613003301061	4.89149572731234	10308	219	271	344	344	278	806	2209	845	roadmap_epigenomics H3K4me3	NA	NA	H3K4me3	NA	NA	E084-H3K4me3.narrowPeak	2.50012852987626e-178	40136
2	58	roadmap_epigenomics	178.512319489235	4.65972175881253	9536	220	337	528	528	362	672	2981	979	roadmap_epigenomics H3K4me3	NA	NA	H3K4me3	NA	NA	E004-H3K4me3.narrowPeak	3.13810580218804e-178	41020
2	948	roadmap_epigenomics	178.090630440592	4.95764519330315	10452	221	254	302	302	259	834	2065	817	roadmap_epigenomics H3K4me2	NA	NA	H3K4me2	NA	NA	E116-H3K4me2.narrowPeak	8.24872903654557e-178	124500
2	189	roadmap_epigenomics	178.075722964284	4.90775148542328	10362	222	266	330	330	273	817	2155	834	roadmap_epigenomics H3K4me3	NA	NA	H3K4me3	NA	NA	E012-H3K4me3.narrowPeak	8.49833434317621e-178	42211
2	1054	roadmap_epigenomics	177.952285128929	4.63785144805474	9456	223	344	553	553	373	660	3061	991	roadmap_epigenomics H3K27ac	NA	NA	H3K27ac	NA	NA	E125-H3K27ac.narrowPeak	1.12413833943352e-177	117634
2	1011	roadmap_epigenomics	177.860813941551	4.70080752411314	9817	224	323	476	476	341	720	2700	931	roadmap_epigenomics H3K9ac	NA	NA	H3K9ac	NA	NA	E121-H3K9ac.narrowPeak	1.38149014773597e-177	104079
2	726	roadmap_epigenomics	177.695591790078	5.39457156996269	10988	225	160	120	225	168	943	1529	708	roadmap_epigenomics	NA	NA	NA	NA	NA	E088-DNase.hotspot.fdr0.01.peaks.bed	2.01203459505781e-177	243016
2	971	roadmap_epigenomics	177.62690886569	4.73878895415958	9971	226	310	427	427	321	747	2546	904	roadmap_epigenomics H3K4me1	NA	NA	H3K4me1	NA	NA	E118-H3K4me1.narrowPeak	2.34634811824905e-177	142346
2	231	roadmap_epigenomics	177.376389711158	4.6022911277202	9014	227	350	640	640	406	592	3503	1059	roadmap_epigenomics H3K23ac	NA	NA	H3K23ac	NA	NA	E017-H3K23ac.narrowPeak	4.15905040317514e-177	154412
2	73	roadmap_epigenomics	177.265490978499	4.97066405948136	10502	228	249	284	284	254	845	2015	806	roadmap_epigenomics H3K18ac	NA	NA	H3K18ac	NA	NA	E005-H3K18ac.narrowPeak	5.34544575123288e-177	251380
2	1051	roadmap_epigenomics	177.182784627129	5.14763860422537	7030	229	204	835	835	423	329	5487	1322	roadmap_epigenomics H4K20me1	NA	NA	H4K20me1	NA	NA	E124-H4K20me1.narrowPeak	6.4385732728499e-177	157666
2	956	roadmap_epigenomics	177.126084593519	4.60878536194155	9328	230	348	583	583	387	641	3189	1010	roadmap_epigenomics H3K27ac	NA	NA	H3K27ac	NA	NA	E117-H3K27ac.narrowPeak	7.30461485898388e-177	68992
2	831	roadmap_epigenomics	176.756859903568	4.81330581310974	10220	231	283	365	365	293	793	2297	858	roadmap_epigenomics H3K4me3	NA	NA	H3K4me3	NA	NA	E100-H3K4me3.narrowPeak	1.70191500966153e-176	39238
2	1021	roadmap_epigenomics	176.524012744154	4.69964369167621	9914	232	324	444	444	333	739	2603	912	roadmap_epigenomics H3K4me3	NA	NA	H3K4me3	NA	NA	E122-H3K4me3.narrowPeak	2.89673670831666e-176	43730
2	1102	roadmap_epigenomics	176.481115980469	4.63258587708092	9624	233	345	514	514	364	690	2893	961	roadmap_epigenomics H3K27ac	NA	NA	H3K27ac	NA	NA	E129-H3K27ac.narrowPeak	3.18374188078783e-176	145020
2	851	roadmap_epigenomics	176.165667112843	5.15258665051028	10780	234	201	178	234	204	902	1737	749	roadmap_epigenomics H3K4me3	NA	NA	H3K4me3	NA	NA	E103-H3K4me3.narrowPeak	6.5543070308415e-176	93750
2	4	roadmap_epigenomics	175.929945257177	5.07660001397409	10694	235	222	209	235	222	885	1823	766	roadmap_epigenomics H3K4me3	NA	NA	H3K4me3	NA	NA	E001-H3K4me3.narrowPeak	1.12304363941716e-175	92429
2	615	roadmap_epigenomics	175.693848151365	5.06619700640987	10687	236	226	212	236	225	884	1830	767	roadmap_epigenomics H3K4me3	NA	NA	H3K4me3	NA	NA	E073-H3K4me3.narrowPeak	1.92597035285393e-175	75872
2	801	roadmap_epigenomics	175.63219539675	4.92188028322784	10477	237	264	292	292	264	843	2040	808	roadmap_epigenomics	NA	NA	NA	NA	NA	E097-DNase.hotspot.fdr0.01.peaks.bed	2.21037525055586e-175	154095
2	87	roadmap_epigenomics	175.577749889339	5.07076141652194	10696	238	225	208	238	224	886	1821	765	roadmap_epigenomics H4K8ac	NA	NA	H4K8ac	NA	NA	E005-H4K8ac.narrowPeak	2.49507098314283e-175	197762
2	746	roadmap_epigenomics	175.478595564415	4.67895187443232	9915	239	328	443	443	337	741	2602	910	roadmap_epigenomics H3K27ac	NA	NA	H3K27ac	NA	NA	E090-H3K27ac.narrowPeak	3.12188058290567e-175	148419
2	503	roadmap_epigenomics	175.405285546793	4.64261047312874	9780	240	342	482	482	355	718	2737	933	roadmap_epigenomics H3K36me3	NA	NA	H3K36me3	NA	NA	E055-H3K36me3.narrowPeak	3.68055204627409e-175	289239
2	807	roadmap_epigenomics	175.175913079627	4.71508187838179	10049	241	318	409	409	323	765	2468	886	roadmap_epigenomics H3K4me3	NA	NA	H3K4me3	NA	NA	E097-H3K4me3.narrowPeak	6.21555093464857e-175	41526
2	223	roadmap_epigenomics	174.822367442461	4.59111667729579	9576	242	354	524	524	373	685	2941	966	roadmap_epigenomics H2AK9ac	NA	NA	H2AK9ac	NA	NA	E017-H2AK9ac.narrowPeak	1.39709823335711e-174	85385
2	1064	roadmap_epigenomics	174.60687175488	5.79581931677635	11313	243	110	50	243	134	1021	1204	630	roadmap_epigenomics	NA	NA	NA	NA	NA	E126-DNase.macs2.narrowPeak	2.28523950675045e-174	406203
2	900	roadmap_epigenomics	174.580843708872	4.57098392720488	9469	244	361	546	546	384	668	3048	983	roadmap_epigenomics H3K27ac	NA	NA	H3K27ac	NA	NA	E111-H3K27ac.narrowPeak	2.41644111615505e-174	102045
2	838	roadmap_epigenomics	174.257199496363	4.77159215754668	10240	245	299	363	363	302	801	2277	850	roadmap_epigenomics H3K9ac	NA	NA	H3K9ac	NA	NA	E101-H3K9ac.narrowPeak	5.07042275879005e-174	104171
2	396	roadmap_epigenomics	174.052662346722	5.0287109266126	10683	246	235	215	246	232	886	1834	765	roadmap_epigenomics H3K4me1	NA	NA	H3K4me1	NA	NA	E039-H3K4me1.narrowPeak	8.0874628381357e-174	159065
2	112	roadmap_epigenomics	173.869512367622	4.70636030815212	10098	247	321	402	402	323	776	2419	875	roadmap_epigenomics	NA	NA	NA	NA	NA	E007-DNase.hotspot.all.peaks.bed	1.22800583680335e-173	89801
2	608	roadmap_epigenomics	173.584531491799	5.02737895725868	10694	248	236	209	248	231	889	1823	762	roadmap_epigenomics H3K4me3	NA	NA	H3K4me3	NA	NA	E072-H3K4me3.narrowPeak	2.35736363248324e-173	82143
2	259	roadmap_epigenomics	173.523469475021	4.97345347663427	10623	249	247	237	249	244	875	1894	776	roadmap_epigenomics H3K4me3	NA	NA	H3K4me3	NA	NA	E019-H3K4me3.narrowPeak	2.70234584969075e-173	61693
2	723	roadmap_epigenomics	173.228749896942	4.54497843819372	9479	250	372	544	544	389	672	3038	979	roadmap_epigenomics H3K9ac	NA	NA	H3K9ac	NA	NA	E087-H3K9ac.narrowPeak	5.30542092944111e-173	62354
2	86	roadmap_epigenomics	173.205424925927	5.31958014237074	11009	251	173	109	251	178	955	1508	696	roadmap_epigenomics H4K12ac	NA	NA	H4K12ac	NA	NA	E005-H4K12ac.narrowPeak	5.57585028942047e-173	157052
2	1001	roadmap_epigenomics	173.145008595114	6.6181249732039	5484	252	49	898	898	400	174	7033	1477	roadmap_epigenomics H4K20me1	NA	NA	H4K20me1	NA	NA	E120-H4K20me1.narrowPeak	6.3826439154266e-173	47891
2	498	roadmap_epigenomics	173.091178248017	4.66822261042745	10034	253	332	413	413	333	766	2483	885	roadmap_epigenomics	NA	NA	NA	NA	NA	E055-DNase.hotspot.all.peaks.bed	7.19632854658309e-173	120443
2	745	roadmap_epigenomics	172.938593651086	6.08701577928218	11472	254	84	24	254	121	1062	1045	589	roadmap_epigenomics	NA	NA	NA	NA	NA	E090-DNase.macs2.narrowPeak	1.01855007295785e-172	506090
2	630	roadmap_epigenomics	172.89220747754	5.03171178125666	10718	255	233	202	255	230	895	1799	756	roadmap_epigenomics H3K9ac	NA	NA	H3K9ac	NA	NA	E075-H3K9ac.narrowPeak	1.12891721045305e-172	109949
2	103	roadmap_epigenomics	172.783357406062	4.57750792114916	9723	256	360	499	499	372	713	2794	938	roadmap_epigenomics H3K4ac	NA	NA	H3K4ac	NA	NA	E006-H3K4ac.narrowPeak	1.44481546154341e-172	187901
2	761	roadmap_epigenomics	172.692273530635	4.69099541630233	10120	257	326	395	395	326	782	2397	869	roadmap_epigenomics	NA	NA	NA	NA	NA	E092-DNase.hotspot.all.peaks.bed	1.77501937522791e-172	92888
2	763	roadmap_epigenomics	172.336068200595	5.94322139343055	11415	258	94	32	258	128	1049	1102	602	roadmap_epigenomics	NA	NA	NA	NA	NA	E092-DNase.macs2.narrowPeak	4.01533556386591e-172	354211
2	414	roadmap_epigenomics	172.315671161092	4.97365926085967	10658	259	246	225	259	243	884	1859	767	roadmap_epigenomics H3K4me1	NA	NA	H3K4me1	NA	NA	E042-H3K4me1.narrowPeak	4.19216943048937e-172	160756
2	768	roadmap_epigenomics	172.289280236745	4.75567243310876	10292	260	304	351	351	305	814	2225	837	roadmap_epigenomics H3K4me3	NA	NA	H3K4me3	NA	NA	E092-H3K4me3.narrowPeak	4.43768189088444e-172	39260
2	827	roadmap_epigenomics	172.187719532652	4.59013758354161	9829	261	356	473	473	363	732	2688	919	roadmap_epigenomics H3K27ac	NA	NA	H3K27ac	NA	NA	E100-H3K27ac.narrowPeak	5.58534124222922e-172	163031
2	1014	roadmap_epigenomics	171.486326383453	4.97735675863252	10686	262	245	214	262	240	891	1831	760	roadmap_epigenomics	NA	NA	NA	NA	NA	E122-DNase.macs2.narrowPeak	2.79757718259416e-171	241268
2	674	roadmap_epigenomics	171.482977655292	4.52930919170835	9607	263	377	518	518	386	696	2910	955	roadmap_epigenomics	NA	NA	NA	NA	NA	E082-DNase.hotspot.all.peaks.bed	2.80851241586074e-171	115791
2	627	roadmap_epigenomics	171.330480294105	4.55960006820937	9773	264	369	483	483	372	724	2744	927	roadmap_epigenomics H3K36me3	NA	NA	H3K36me3	NA	NA	E075-H3K36me3.narrowPeak	3.97489381052754e-171	274849
2	507	roadmap_epigenomics	171.327307339205	4.58125436427359	9861	265	358	466	466	363	739	2656	912	roadmap_epigenomics	NA	NA	NA	NA	NA	E056-DNase.hotspot.all.peaks.bed	3.97541675197785e-171	117994
2	100	roadmap_epigenomics	171.327145451837	4.47643308492398	8957	266	402	646	646	438	594	3560	1057	roadmap_epigenomics H3K27ac	NA	NA	H3K27ac	NA	NA	E006-H3K27ac.narrowPeak	3.97541675197785e-171	144157
2	613	roadmap_epigenomics	171.121079860479	4.48164324416786	9280	267	399	592	592	419	644	3237	1007	roadmap_epigenomics H3K36me3	NA	NA	H3K36me3	NA	NA	E073-H3K36me3.narrowPeak	6.36529638095895e-171	202192
2	666	roadmap_epigenomics	171.106889405445	4.5050439837904	9499	268	386	538	538	397	679	3018	972	roadmap_epigenomics	NA	NA	NA	NA	NA	E081-DNase.hotspot.all.peaks.bed	6.55217596719681e-171	115426
2	590	roadmap_epigenomics	171.056374272471	4.93582970490262	10642	269	259	229	269	252	883	1875	768	roadmap_epigenomics H3K4me3	NA	NA	H3K4me3	NA	NA	E069-H3K4me3.narrowPeak	7.33302557143218e-171	79806
2	377	roadmap_epigenomics	171.03039421321	5.33994638611914	11066	270	171	98	270	180	971	1451	680	roadmap_epigenomics H3K4me1	NA	NA	H3K4me1	NA	NA	E036-H3K4me1.narrowPeak	7.7562495662532e-171	232778
2	803	roadmap_epigenomics	170.949218961901	4.55110067118584	9769	271	371	484	484	375	724	2748	927	roadmap_epigenomics H3K27ac	NA	NA	H3K27ac	NA	NA	E097-H3K27ac.narrowPeak	9.31582880823607e-171	194850
2	709	roadmap_epigenomics	170.747204333621	4.74091726950314	10326	272	309	340	340	307	823	2191	828	roadmap_epigenomics	NA	NA	NA	NA	NA	E086-DNase.hotspot.all.peaks.bed	1.47787095622158e-170	106536
2	743	roadmap_epigenomics	170.723498428117	4.51590179845069	9617	273	381	516	516	390	699	2900	952	roadmap_epigenomics	NA	NA	NA	NA	NA	E090-DNase.hotspot.all.peaks.bed	1.5550654654698e-170	99312
2	583	roadmap_epigenomics	170.610375561591	5.02042604847784	10763	274	237	187	274	233	908	1754	743	roadmap_epigenomics H3K4me3	NA	NA	H3K4me3	NA	NA	E068-H3K4me3.narrowPeak	2.01040533242574e-170	89967
2	643	roadmap_epigenomics	170.477633953456	4.70138751663792	10253	275	322	357	357	318	810	2264	841	roadmap_epigenomics H3K9ac	NA	NA	H3K9ac	NA	NA	E077-H3K9ac.narrowPeak	2.71921222853094e-170	96957
2	632	roadmap_epigenomics	170.410396309612	4.56516388282035	9869	276	362	457	457	365	742	2648	909	roadmap_epigenomics H3K27ac	NA	NA	H3K27ac	NA	NA	E076-H3K27ac.narrowPeak	3.16303764158661e-170	142168
2	155	roadmap_epigenomics	170.054395342028	4.78778843121034	10442	277	289	307	307	291	846	2075	805	roadmap_epigenomics H3K4me3	NA	NA	H3K4me3	NA	NA	E008-H3K4me3.narrowPeak	7.15376452705645e-170	59360
2	888	roadmap_epigenomics	170.027370979295	4.71535907935606	10303	278	317	346	346	314	820	2214	831	roadmap_epigenomics H3K27ac	NA	NA	H3K27ac	NA	NA	E109-H3K27ac.narrowPeak	7.58567054289107e-170	194782
2	714	roadmap_epigenomics	169.885265378161	4.54357136427311	8094	279	373	747	747	466	474	4423	1177	roadmap_epigenomics H3K4me1	NA	NA	H3K4me1	NA	NA	E086-H3K4me1.narrowPeak	1.04843176481222e-169	91722
2	858	roadmap_epigenomics	169.712055077119	4.70760662194598	10300	280	320	349	349	316	820	2217	831	roadmap_epigenomics H3K4me3	NA	NA	H3K4me3	NA	NA	E104-H3K4me3.narrowPeak	1.55667031417834e-169	42254
2	218	roadmap_epigenomics	169.670002187444	4.50398735637377	9666	281	388	504	504	391	709	2851	942	roadmap_epigenomics	NA	NA	NA	NA	NA	E017-DNase.hotspot.all.peaks.bed	1.70883938333661e-169	116011
2	32	roadmap_epigenomics	169.654757768018	5.46564573687049	11182	282	148	70	282	167	999	1335	652	roadmap_epigenomics H3K4me2	NA	NA	H3K4me2	NA	NA	E003-H3K4me2.narrowPeak	1.76361131123534e-169	217090
2	710	roadmap_epigenomics	169.59048435076	5.10490934524212	10881	283	213	149	283	215	934	1636	717	roadmap_epigenomics	NA	NA	NA	NA	NA	E086-DNase.hotspot.fdr0.01.peaks.bed	2.03769399516036e-169	178680
2	314	roadmap_epigenomics	169.488711398094	4.88294932280623	10613	284	273	240	284	266	880	1904	771	roadmap_epigenomics H3K4me3	NA	NA	H3K4me3	NA	NA	E027-H3K4me3.narrowPeak	2.56672897817985e-169	61082
2	548	roadmap_epigenomics	169.378629256623	4.66756059474663	10226	285	333	364	364	327	807	2291	844	roadmap_epigenomics H3K4me1	NA	NA	H3K4me1	NA	NA	E062-H3K4me1.narrowPeak	3.29560865919319e-169	122182
2	701	roadmap_epigenomics	169.170049006171	4.92532444267499	10681	286	261	216	286	254	894	1836	757	roadmap_epigenomics	NA	NA	NA	NA	NA	E085-DNase.hotspot.fdr0.01.peaks.bed	5.30877980948304e-169	161983
2	309	roadmap_epigenomics	169.164698181074	4.47989514490749	9588	287	400	523	523	403	697	2929	954	roadmap_epigenomics H3K9ac	NA	NA	H3K9ac	NA	NA	E026-H3K9ac.narrowPeak	5.35586564709537e-169	80106
2	762	roadmap_epigenomics	169.087669858473	5.23448954852365	11014	288	185	107	288	193	963	1503	688	roadmap_epigenomics	NA	NA	NA	NA	NA	E092-DNase.hotspot.fdr0.01.peaks.bed	6.37305117288823e-169	194389
2	822	roadmap_epigenomics	168.804704977697	4.53201904450319	9864	289	376	463	463	376	744	2653	907	roadmap_epigenomics H3K4me3	NA	NA	H3K4me3	NA	NA	E099-H3K4me3.narrowPeak	1.21844780934988e-168	38242
2	1071	roadmap_epigenomics	168.788051022295	4.4577541517327	9492	290	406	540	540	412	682	3025	969	roadmap_epigenomics H3K4me3	NA	NA	H3K4me3	NA	NA	E126-H3K4me3.narrowPeak	1.26171344715739e-168	53066
2	824	roadmap_epigenomics	168.737676120959	4.48471985003663	9662	291	396	508	508	398	710	2855	941	roadmap_epigenomics	NA	NA	NA	NA	NA	E100-DNase.hotspot.all.peaks.bed	1.41201932967465e-168	100209
2	82	roadmap_epigenomics	168.562818110585	4.55971102040257	9977	292	368	424	424	361	764	2540	887	roadmap_epigenomics H3K79me1	NA	NA	H3K79me1	NA	NA	E005-H3K79me1.narrowPeak	2.10479008807157e-168	225880
2	207	roadmap_epigenomics	168.366405734142	4.90340837754109	10674	293	269	222	293	261	894	1843	757	roadmap_epigenomics H3K4me1	NA	NA	H3K4me1	NA	NA	E015-H3K4me1.narrowPeak	3.29713247865974e-168	327376
2	204	roadmap_epigenomics	168.324324440246	4.41419664008559	8988	294	420	644	644	453	604	3529	1047	roadmap_epigenomics H3K27ac	NA	NA	H3K27ac	NA	NA	E015-H3K27ac.narrowPeak	3.62024515730173e-168	106159
2	5	roadmap_epigenomics	168.248515043423	4.90393504909934	10678	295	268	217	295	260	895	1839	756	roadmap_epigenomics H3K9ac	NA	NA	H3K9ac	NA	NA	E001-H3K9ac.narrowPeak	4.29608328900042e-168	67397
2	602	roadmap_epigenomics	168.075848810413	4.97794419708988	10776	296	244	182	296	241	915	1741	736	roadmap_epigenomics H3K4me3	NA	NA	H3K4me3	NA	NA	E071-H3K4me3.narrowPeak	6.37190409414662e-168	77102
2	89	roadmap_epigenomics	168.007177574739	4.43945424613485	9471	297	411	545	545	418	680	3046	971	roadmap_epigenomics	NA	NA	NA	NA	NA	E006-DNase.hotspot.all.peaks.bed	7.43833489899367e-168	102198
2	83	roadmap_epigenomics	167.948521285347	4.52211155423262	9890	298	379	452	452	376	750	2627	901	roadmap_epigenomics H3K79me2	NA	NA	H3K79me2	NA	NA	E005-H3K79me2.narrowPeak	8.48539771038552e-168	154809
2	1096	roadmap_epigenomics	167.899518002556	4.46869991197348	9665	299	403	506	506	403	712	2852	939	roadmap_epigenomics H3K4me3	NA	NA	H3K4me3	NA	NA	E128-H3K4me3.narrowPeak	9.46717839963214e-168	38014
2	668	roadmap_epigenomics	167.850439722441	5.31316704843959	11101	300	174	89	300	188	984	1416	667	roadmap_epigenomics	NA	NA	NA	NA	NA	E081-DNase.macs2.narrowPeak	1.05644957993559e-167	402299
2	252	roadmap_epigenomics	167.784127908538	4.92950355193975	10724	301	260	200	301	254	905	1793	746	roadmap_epigenomics H3K4me3	NA	NA	H3K4me3	NA	NA	E018-H3K4me3.narrowPeak	1.22663498698215e-167	76986
2	958	roadmap_epigenomics	167.702399175083	4.45197425347613	8323	302	408	727	727	479	509	4194	1142	roadmap_epigenomics H3K36me3	NA	NA	H3K36me3	NA	NA	E117-H3K36me3.narrowPeak	1.47571888105051e-167	316270
2	735	roadmap_epigenomics	167.640591818816	5.07082617844634	10889	303	224	148	303	225	939	1628	712	roadmap_epigenomics	NA	NA	NA	NA	NA	E089-DNase.hotspot.fdr0.01.peaks.bed	1.69580263052835e-167	210689
2	992	roadmap_epigenomics	167.568643468953	4.40055695811989	8852	304	424	661	661	463	585	3665	1066	roadmap_epigenomics H3K27ac	NA	NA	H3K27ac	NA	NA	E120-H3K27ac.narrowPeak	1.994769408706e-167	89677
2	159	roadmap_epigenomics	167.472567853313	4.95277938495095	10761	305	256	189	305	250	913	1756	738	roadmap_epigenomics H3K9ac	NA	NA	H3K9ac	NA	NA	E008-H3K9ac.narrowPeak	2.48051615173964e-167	146401
2	266	roadmap_epigenomics	167.247521855956	4.99668372127024	10818	306	240	166	306	237	925	1699	726	roadmap_epigenomics H3K4me3	NA	NA	H3K4me3	NA	NA	E020-H3K4me3.narrowPeak	4.15113129222908e-167	88728
2	193	roadmap_epigenomics	167.237293873548	4.39220683737683	9028	307	426	636	636	456	612	3489	1039	roadmap_epigenomics H3K36me3	NA	NA	H3K36me3	NA	NA	E013-H3K36me3.narrowPeak	4.23621021282745e-167	304339
2	664	roadmap_epigenomics	167.189232341932	4.59914831512525	10166	308	352	381	381	347	800	2351	851	roadmap_epigenomics H3K4me3	NA	NA	H3K4me3	NA	NA	E080-H3K4me3.narrowPeak	4.71657444380336e-167	34321
2	748	roadmap_epigenomics	167.06784125365	4.388720927643	9026	309	427	637	637	458	612	3491	1039	roadmap_epigenomics H3K36me3	NA	NA	H3K36me3	NA	NA	E090-H3K36me3.narrowPeak	6.21741732247134e-167	278916
2	512	roadmap_epigenomics	166.953450678457	4.76627187876593	10513	310	301	279	310	297	865	2004	786	roadmap_epigenomics H3K36me3	NA	NA	H3K36me3	NA	NA	E056-H3K36me3.narrowPeak	8.06487015547255e-167	339193
2	576	roadmap_epigenomics	166.800715496269	4.76865179377473	10522	311	300	272	311	294	867	1995	784	roadmap_epigenomics H3K4me3	NA	NA	H3K4me3	NA	NA	E067-H3K4me3.narrowPeak	1.14270431314153e-166	70953
2	447	roadmap_epigenomics	166.701619811268	4.78218395003363	10547	312	294	262	312	289	872	1970	779	roadmap_epigenomics H3K4me1	NA	NA	H3K4me1	NA	NA	E047-H3K4me1.narrowPeak	1.43098587401108e-166	124596
2	323	roadmap_epigenomics	166.665731748374	4.49005513226935	9865	313	392	462	462	389	748	2652	903	roadmap_epigenomics H3K4me3	NA	NA	H3K4me3	NA	NA	E028-H3K4me3.narrowPeak	1.54929338295264e-166	54966
2	262	roadmap_epigenomics	166.654706139354	4.38076135248668	9054	314	431	630	630	458	617	3463	1034	roadmap_epigenomics H3K27ac	NA	NA	H3K27ac	NA	NA	E020-H3K27ac.narrowPeak	1.58406852410141e-166	100851
2	780	roadmap_epigenomics	166.539186580694	4.75243074131002	10504	315	305	283	315	301	864	2013	787	roadmap_epigenomics	NA	NA	NA	NA	NA	E094-DNase.hotspot.fdr0.01.peaks.bed	2.06021534433652e-166	165153
2	232	roadmap_epigenomics	166.246317613193	4.42927348549804	9629	316	416	512	512	415	709	2888	942	roadmap_epigenomics H3K27ac	NA	NA	H3K27ac	NA	NA	E017-H3K27ac.narrowPeak	4.03092814120266e-166	179168
2	315	roadmap_epigenomics	166.15213199309	5.50738683031089	11262	317	137	58	317	171	1023	1255	628	roadmap_epigenomics H3K9ac	NA	NA	H3K9ac	NA	NA	E027-H3K9ac.narrowPeak	4.99135542913544e-166	217726
2	581	roadmap_epigenomics	166.026372715001	4.37630263712721	9241	318	434	601	601	451	647	3276	1004	roadmap_epigenomics H3K36me3	NA	NA	H3K36me3	NA	NA	E068-H3K36me3.narrowPeak	6.64675876503896e-166	230963
2	606	roadmap_epigenomics	165.714282966598	4.36937847776819	9231	319	436	602	602	452	646	3286	1005	roadmap_epigenomics H3K36me3	NA	NA	H3K36me3	NA	NA	E072-H3K36me3.narrowPeak	1.35936505777102e-165	221904
2	715	roadmap_epigenomics	165.693904890344	4.43871318252012	9731	320	412	497	497	410	727	2786	924	roadmap_epigenomics H3K4me3	NA	NA	H3K4me3	NA	NA	E086-H3K4me3.narrowPeak	1.42021757689791e-165	45257
2	532	roadmap_epigenomics	165.50077274911	5.49860092082735	11266	321	141	56	321	173	1025	1251	626	roadmap_epigenomics	NA	NA	NA	NA	NA	E059-DNase.macs2.narrowPeak	2.20867578821293e-165	281326
2	1075	roadmap_epigenomics	165.417924273498	4.56168247787401	7621	322	366	796	796	495	420	4896	1231	roadmap_epigenomics H4K20me1	NA	NA	H4K20me1	NA	NA	E126-H4K20me1.narrowPeak	2.66458517168609e-165	91092
2	862	roadmap_epigenomics	165.352021142827	4.50581937322212	10007	323	385	417	417	375	775	2510	876	roadmap_epigenomics H3K36me3	NA	NA	H3K36me3	NA	NA	E105-H3K36me3.narrowPeak	3.09161984792887e-165	267060
2	588	roadmap_epigenomics	165.345574701989	4.35606377197465	9117	324	439	618	618	460	629	3400	1022	roadmap_epigenomics H3K36me3	NA	NA	H3K36me3	NA	NA	E069-H3K36me3.narrowPeak	3.12816778887622e-165	210227
2	999	roadmap_epigenomics	164.962932175647	4.34710348720297	8834	325	444	662	662	477	587	3683	1064	roadmap_epigenomics H3K9ac	NA	NA	H3K9ac	NA	NA	E120-H3K9ac.narrowPeak	7.52651991841419e-165	64681
2	734	roadmap_epigenomics	164.903721358929	4.455133009551	9864	326	407	463	463	399	751	2653	900	roadmap_epigenomics	NA	NA	NA	NA	NA	E089-DNase.hotspot.all.peaks.bed	8.5994523210718e-165	103433
2	927	roadmap_epigenomics	164.805124558745	4.49473796465831	7800	327	390	777	777	498	444	4717	1207	roadmap_epigenomics H3K79me2	NA	NA	H3K79me2	NA	NA	E114-H3K79me2.narrowPeak	1.07581461653609e-164	178908
2	845	roadmap_epigenomics	164.735382680939	4.58636582713289	10252	328	357	358	358	348	820	2265	831	roadmap_epigenomics H3K9ac	NA	NA	H3K9ac	NA	NA	E102-H3K9ac.narrowPeak	1.25936966276206e-164	85154
2	847	roadmap_epigenomics	164.714482625396	4.36592955654938	9403	329	437	568	568	445	675	3114	976	roadmap_epigenomics H3K27ac	NA	NA	H3K27ac	NA	NA	E103-H3K27ac.narrowPeak	1.3174411626326e-164	119896
2	102	roadmap_epigenomics	164.688711510326	4.87916266443901	10742	330	275	192	330	266	914	1775	737	roadmap_epigenomics H3K36me3	NA	NA	H3K36me3	NA	NA	E006-H3K36me3.narrowPeak	1.39374814291522e-164	368481
2	208	roadmap_epigenomics	164.455044428265	4.86875033149887	10735	331	277	195	331	268	913	1782	738	roadmap_epigenomics H3K4me3	NA	NA	H3K4me3	NA	NA	E015-H3K4me3.narrowPeak	2.37978284696287e-164	70722
2	852	roadmap_epigenomics	164.387824922216	4.65329053297683	10405	332	340	316	340	329	849	2112	802	roadmap_epigenomics H3K9ac	NA	NA	H3K9ac	NA	NA	E103-H3K9ac.narrowPeak	2.76978938162734e-164	111468
2	657	roadmap_epigenomics	164.174566699541	4.61016620112171	10328	333	346	339	346	339	835	2189	816	roadmap_epigenomics	NA	NA	NA	NA	NA	E080-DNase.hotspot.all.peaks.bed	4.51230886160036e-164	118437
2	77	roadmap_epigenomics	164.039281195747	4.40751958195226	9737	334	421	493	493	416	731	2780	920	roadmap_epigenomics H3K36me3	NA	NA	H3K36me3	NA	NA	E005-H3K36me3.narrowPeak	6.14302226459717e-164	277210
2	250	roadmap_epigenomics	163.840103460499	4.32498072365217	8800	335	449	664	664	483	584	3717	1067	roadmap_epigenomics H3K36me3	NA	NA	H3K36me3	NA	NA	E018-H3K36me3.narrowPeak	9.68861022272726e-164	167069
2	703	roadmap_epigenomics	163.633935916057	4.51302384281263	10125	336	382	393	393	370	799	2392	852	roadmap_epigenomics H3K27ac	NA	NA	H3K27ac	NA	NA	E085-H3K27ac.narrowPeak	1.55286806418892e-163	130166
2	524	roadmap_epigenomics	163.32719423581	4.48956825964349	10077	337	393	404	404	378	791	2440	860	roadmap_epigenomics H3K27ac	NA	NA	H3K27ac	NA	NA	E058-H3K27ac.narrowPeak	3.13751358728328e-163	155109
2	739	roadmap_epigenomics	163.250779218609	4.31703141839267	8704	338	452	681	681	490	571	3813	1080	roadmap_epigenomics H3K36me3	NA	NA	H3K36me3	NA	NA	E089-H3K36me3.narrowPeak	3.73004295402222e-163	233424
2	660	roadmap_epigenomics	163.217559269911	4.49707521577281	10104	339	389	399	399	376	796	2413	855	roadmap_epigenomics H3K27ac	NA	NA	H3K27ac	NA	NA	E080-H3K27ac.narrowPeak	4.01467860720986e-163	158539
2	104	roadmap_epigenomics	162.692568124148	5.68190994819356	11404	340	120	33	340	164	1062	1113	589	roadmap_epigenomics H3K4me1	NA	NA	H3K4me1	NA	NA	E006-H3K4me1.narrowPeak	1.34079601568047e-162	392101
2	367	roadmap_epigenomics	162.603426707448	5.19058839595605	11097	341	190	92	341	208	992	1420	659	roadmap_epigenomics H3K4me1	NA	NA	H3K4me1	NA	NA	E034-H3K4me1.narrowPeak	1.64145380682298e-162	198110
2	649	roadmap_epigenomics	162.259615814383	4.88022560094099	10805	342	274	171	342	262	931	1712	720	roadmap_epigenomics H3K4me3	NA	NA	H3K4me3	NA	NA	E078-H3K4me3.narrowPeak	3.61216708984868e-162	74526
2	947	roadmap_epigenomics	162.061240172716	4.29334655360021	9182	343	460	613	613	472	645	3335	1006	roadmap_epigenomics H3K4me1	NA	NA	H3K4me1	NA	NA	E116-H3K4me1.narrowPeak	5.68689826627858e-162	129094
2	43	roadmap_epigenomics	162.051927537617	4.44851479533031	10030	344	409	414	414	389	785	2487	866	roadmap_epigenomics	NA	NA	NA	NA	NA	E004-DNase.hotspot.all.peaks.bed	5.78522635016611e-162	114500
2	98	roadmap_epigenomics	162.051270301221	4.34078103669059	9595	345	446	522	522	438	711	2922	940	roadmap_epigenomics H3K18ac	NA	NA	H3K18ac	NA	NA	E006-H3K18ac.narrowPeak	5.78522635016611e-162	207264
2	78	roadmap_epigenomics	162.018041074665	4.34657701082337	9631	346	445	511	511	434	717	2886	934	roadmap_epigenomics H3K4ac	NA	NA	H3K4ac	NA	NA	E005-H3K4ac.narrowPeak	6.22719661917119e-162	228267
2	113	roadmap_epigenomics	161.737107379778	4.67879365067164	10543	347	329	264	347	313	880	1974	771	roadmap_epigenomics	NA	NA	NA	NA	NA	E007-DNase.hotspot.fdr0.01.peaks.bed	1.18569475122225e-161	135081
2	718	roadmap_epigenomics	161.635054435226	4.29202206936686	8573	348	461	699	699	503	555	3944	1096	roadmap_epigenomics H3K27ac	NA	NA	H3K27ac	NA	NA	E087-H3K27ac.narrowPeak	1.49546437857803e-161	71309
2	658	roadmap_epigenomics	161.632591452957	5.16518550142343	11094	349	200	93	349	214	993	1423	658	roadmap_epigenomics	NA	NA	NA	NA	NA	E080-DNase.hotspot.fdr0.01.peaks.bed	1.49966022166816e-161	215699
2	600	roadmap_epigenomics	161.043025017047	4.27238760631152	9170	350	467	614	614	477	645	3347	1006	roadmap_epigenomics H3K36me3	NA	NA	H3K36me3	NA	NA	E071-H3K36me3.narrowPeak	5.81188069381154e-161	193688
2	52	roadmap_epigenomics	160.961522881496	4.28170144267414	9316	351	463	587	587	467	668	3201	983	roadmap_epigenomics H3K27ac	NA	NA	H3K27ac	NA	NA	E004-H3K27ac.narrowPeak	6.99165119856818e-161	144857
2	65	roadmap_epigenomics	160.940119777351	4.48848306865895	10198	352	394	372	394	373	817	2319	834	roadmap_epigenomics	NA	NA	NA	NA	NA	E005-DNase.hotspot.fdr0.01.peaks.bed	7.32398272214498e-161	152235
2	802	roadmap_epigenomics	160.88534765679	5.92076581952329	11531	353	96	14	353	154	1096	986	555	roadmap_epigenomics	NA	NA	NA	NA	NA	E097-DNase.macs2.narrowPeak	8.28490226938447e-161	492363
2	31	roadmap_epigenomics	160.778262536494	4.46709720150301	10152	354	404	386	404	381	809	2365	842	roadmap_epigenomics H3K4me1	NA	NA	H3K4me1	NA	NA	E003-H3K4me1.narrowPeak	1.0571678652561e-160	223118
2	625	roadmap_epigenomics	160.697730066388	4.40482520830673	9976	355	422	425	425	401	778	2541	873	roadmap_epigenomics H3K27ac	NA	NA	H3K27ac	NA	NA	E075-H3K27ac.narrowPeak	1.26896993430973e-160	146119
2	550	roadmap_epigenomics	160.605534813389	4.74459622786643	10676	356	306	219	356	294	908	1841	743	roadmap_epigenomics H3K9ac	NA	NA	H3K9ac	NA	NA	E062-H3K9ac.narrowPeak	1.56467787142259e-160	142197
2	350	roadmap_epigenomics	160.535018177562	5.01320556981619	10983	357	239	122	357	239	971	1534	680	roadmap_epigenomics H3K4me1	NA	NA	H3K4me1	NA	NA	E032-H3K4me1.narrowPeak	1.83536885716036e-160	167617
2	574	roadmap_epigenomics	160.530549794586	4.25526501757425	8901	358	473	654	654	495	605	3616	1046	roadmap_epigenomics H3K36me3	NA	NA	H3K36me3	NA	NA	E067-H3K36me3.narrowPeak	1.8491703902189e-160	195810
2	533	roadmap_epigenomics	160.498135562422	4.42991478880772	10065	359	414	406	414	393	794	2452	857	roadmap_epigenomics H3K27ac	NA	NA	H3K27ac	NA	NA	E059-H3K27ac.narrowPeak	1.98691707014956e-160	103939
2	531	roadmap_epigenomics	160.466010361134	4.7820094556392	10730	360	295	197	360	284	919	1787	732	roadmap_epigenomics	NA	NA	NA	NA	NA	E059-DNase.hotspot.fdr0.01.peaks.bed	2.13352084327433e-160	188414
2	954	roadmap_epigenomics	160.28358222335	4.72867948281737	10663	361	311	224	361	299	906	1854	745	roadmap_epigenomics	NA	NA	NA	NA	NA	E117-DNase.macs2.narrowPeak	3.23832420992533e-160	206823
2	389	roadmap_epigenomics	160.281803063989	4.5201281704263	10301	362	380	348	380	363	837	2216	814	roadmap_epigenomics H3K4me1	NA	NA	H3K4me1	NA	NA	E038-H3K4me1.narrowPeak	3.24263538356504e-160	143594
2	1052	roadmap_epigenomics	160.214618987428	5.28238825678382	11205	363	179	67	363	203	1020	1312	631	roadmap_epigenomics	NA	NA	NA	NA	NA	E125-DNase.macs2.narrowPeak	3.77471476123045e-160	363159
2	570	roadmap_epigenomics	159.934477830143	4.38061491120163	9945	364	432	431	432	409	774	2572	877	roadmap_epigenomics H3K9ac	NA	NA	H3K9ac	NA	NA	E066-H3K9ac.narrowPeak	7.17514262311261e-160	109594
2	200	roadmap_epigenomics	159.745178977795	4.5651576027296	10414	365	363	314	365	347	859	2103	792	roadmap_epigenomics H3K4me1	NA	NA	H3K4me1	NA	NA	E014-H3K4me1.narrowPeak	1.10646558321127e-159	314776
2	1085	roadmap_epigenomics	159.703223799603	4.35589777489867	9873	366	440	456	456	421	762	2644	889	roadmap_epigenomics H3K9ac	NA	NA	H3K9ac	NA	NA	E127-H3K9ac.narrowPeak	1.21535979908888e-159	78312
2	740	roadmap_epigenomics	159.676086388083	5.0972891159667	11074	367	217	96	367	227	992	1443	659	roadmap_epigenomics H3K4me1	NA	NA	H3K4me1	NA	NA	E089-H3K4me1.narrowPeak	1.29020077844378e-159	234241
2	1002	roadmap_epigenomics	159.611096363282	6.06535441468862	11598	368	86	11	368	155	1115	919	536	roadmap_epigenomics	NA	NA	NA	NA	NA	E121-DNase.macs2.narrowPeak	1.49439556486884e-159	476154
2	678	roadmap_epigenomics	159.586524169157	4.24890764808237	8575	369	476	698	698	514	559	3942	1092	roadmap_epigenomics H3K36me3	NA	NA	H3K36me3	NA	NA	E082-H3K36me3.narrowPeak	1.57709994506232e-159	205425
2	647	roadmap_epigenomics	159.484001044543	4.23530196857557	9021	370	479	638	638	496	625	3496	1026	roadmap_epigenomics H3K36me3	NA	NA	H3K36me3	NA	NA	E078-H3K36me3.narrowPeak	1.99162231344559e-159	225957
2	27	roadmap_epigenomics	159.345451687658	4.3273001982679	9787	371	447	481	481	433	748	2730	903	roadmap_epigenomics H3K27ac	NA	NA	H3K27ac	NA	NA	E003-H3K27ac.narrowPeak	2.73265090722183e-159	166837
2	987	roadmap_epigenomics	159.265145422994	4.27434414471495	9521	372	466	532	532	457	704	2996	947	roadmap_epigenomics H3K9ac	NA	NA	H3K9ac	NA	NA	E119-H3K9ac.narrowPeak	3.27884879142007e-159	82070
2	833	roadmap_epigenomics	158.995776833328	4.44464390395851	10184	373	410	376	410	386	818	2333	833	roadmap_epigenomics H3K27ac	NA	NA	H3K27ac	NA	NA	E101-H3K27ac.narrowPeak	6.08028710620359e-159	137582
2	471	roadmap_epigenomics	158.823361659771	4.63856454229531	10573	374	343	254	374	324	891	1944	760	roadmap_epigenomics H3K4me3	NA	NA	H3K4me3	NA	NA	E050-H3K4me3.narrowPeak	9.01937595368754e-159	62120
2	696	roadmap_epigenomics	158.734342292438	4.22184392158727	9071	375	485	625	625	495	634	3446	1017	roadmap_epigenomics H3K36me3	NA	NA	H3K36me3	NA	NA	E084-H3K36me3.narrowPeak	1.10417063169196e-158	327499
2	105	roadmap_epigenomics	158.706126838782	4.95789383909454	10968	376	253	131	376	253	971	1549	680	roadmap_epigenomics H3K4me2	NA	NA	H3K4me2	NA	NA	E006-H3K4me2.narrowPeak	1.1751547712862e-158	170555
2	563	roadmap_epigenomics	158.69358588596	4.23095576416068	9245	377	481	600	600	486	661	3272	990	roadmap_epigenomics H3K4me3	NA	NA	H3K4me3	NA	NA	E065-H3K4me3.narrowPeak	1.20637551980661e-158	39916
2	702	roadmap_epigenomics	158.548981761144	4.75627387912082	10748	378	303	190	378	290	926	1769	725	roadmap_epigenomics	NA	NA	NA	NA	NA	E085-DNase.macs2.narrowPeak	1.67855737665168e-158	231841
2	304	roadmap_epigenomics	158.54005836212	4.2263481938197	9224	379	482	604	604	488	658	3293	993	roadmap_epigenomics H3K27ac	NA	NA	H3K27ac	NA	NA	E026-H3K27ac.narrowPeak	1.70888241137448e-158	107716
2	744	roadmap_epigenomics	158.250188703664	4.78375697048794	10790	380	293	176	380	283	935	1727	716	roadmap_epigenomics	NA	NA	NA	NA	NA	E090-DNase.hotspot.fdr0.01.peaks.bed	3.32228933187095e-158	219306
2	866	roadmap_epigenomics	158.215769914566	4.42189214996131	10165	381	419	382	419	394	816	2352	835	roadmap_epigenomics H3K27ac	NA	NA	H3K27ac	NA	NA	E106-H3K27ac.narrowPeak	3.58686359912092e-158	184602
2	251	roadmap_epigenomics	158.207964709191	4.72771344621965	10720	382	312	201	382	298	921	1797	730	roadmap_epigenomics H3K4me1	NA	NA	H3K4me1	NA	NA	E018-H3K4me1.narrowPeak	3.64235003535909e-158	334991
2	794	roadmap_epigenomics	158.115805329948	4.65679431718774	10623	383	338	237	383	319	902	1894	749	roadmap_epigenomics H3K27ac	NA	NA	H3K27ac	NA	NA	E096-H3K27ac.narrowPeak	4.49164731465153e-158	220045
2	897	roadmap_epigenomics	158.009207137745	4.32595723487838	9884	384	448	453	453	428	767	2633	884	roadmap_epigenomics H3K4me3	NA	NA	H3K4me3	NA	NA	E110-H3K4me3.narrowPeak	5.72626430631318e-158	51758
2	1053	roadmap_epigenomics	157.985027717328	4.37779524723427	10056	385	433	407	433	408	797	2461	854	roadmap_epigenomics H2A.Z	NA	NA	H2A.Z	NA	NA	E125-H2A.Z.narrowPeak	6.03839202754987e-158	96604
2	693	roadmap_epigenomics	157.948724748111	5.0161385502099	11037	386	238	102	386	242	987	1480	664	roadmap_epigenomics	NA	NA	NA	NA	NA	E084-DNase.macs2.narrowPeak	6.54783457972664e-158	291379
2	736	roadmap_epigenomics	157.721634698577	5.74149920867724	11490	387	117	22	387	175	1091	1027	560	roadmap_epigenomics	NA	NA	NA	NA	NA	E089-DNase.macs2.narrowPeak	1.10170187440515e-157	465721
2	886	roadmap_epigenomics	157.647356552099	4.7124016505538	10715	388	319	203	388	303	921	1802	730	roadmap_epigenomics	NA	NA	NA	NA	NA	E109-DNase.hotspot.fdr0.01.peaks.bed	1.30383151512077e-157	173129
2	721	roadmap_epigenomics	157.255049040589	4.26698977548924	8040	389	468	754	754	537	489	4477	1162	roadmap_epigenomics H3K4me1	NA	NA	H3K4me1	NA	NA	E087-H3K4me1.narrowPeak	3.20930586664073e-157	167584
2	864	roadmap_epigenomics	157.239474950193	4.55110597783627	10480	390	370	290	390	350	876	2037	775	roadmap_epigenomics H3K4me3	NA	NA	H3K4me3	NA	NA	E105-H3K4me3.narrowPeak	3.31795273192779e-157	41900
2	629	roadmap_epigenomics	157.173516333635	4.78635564394001	10820	391	291	164	391	282	943	1697	708	roadmap_epigenomics H3K4me3	NA	NA	H3K4me3	NA	NA	E075-H3K4me3.narrowPeak	3.85226948825344e-157	84678
2	873	roadmap_epigenomics	157.063428125929	4.18666702571861	8784	392	501	668	668	520	594	3733	1057	roadmap_epigenomics H3K36me3	NA	NA	H3K36me3	NA	NA	E107-H3K36me3.narrowPeak	4.95103001249425e-157	192945
2	97	roadmap_epigenomics	157.015853512935	4.26199850438548	9696	393	469	501	501	454	737	2821	914	roadmap_epigenomics H3K14ac	NA	NA	H3K14ac	NA	NA	E006-H3K14ac.narrowPeak	5.51015338790794e-157	124581
2	990	roadmap_epigenomics	156.933872817357	5.18462680413339	11189	394	191	69	394	218	1022	1328	629	roadmap_epigenomics	NA	NA	NA	NA	NA	E120-DNase.macs2.narrowPeak	6.63805295617811e-157	386665
2	731	roadmap_epigenomics	156.876400245521	4.38207965231924	10129	395	429	390	429	405	812	2388	839	roadmap_epigenomics H3K4me3	NA	NA	H3K4me3	NA	NA	E088-H3K4me3.narrowPeak	7.55809612046729e-157	96360
2	51	roadmap_epigenomics	156.869234502096	4.19009513938335	8610	396	499	694	694	530	569	3907	1082	roadmap_epigenomics H3K23ac	NA	NA	H3K23ac	NA	NA	E004-H3K23ac.narrowPeak	7.66443356111685e-157	111604
2	729	roadmap_epigenomics	156.829419331783	4.18071436446692	8929	397	503	649	649	516	616	3588	1035	roadmap_epigenomics H3K36me3	NA	NA	H3K36me3	NA	NA	E088-H3K36me3.narrowPeak	8.37914900315157e-157	301918
2	135	roadmap_epigenomics	156.773139962438	4.39446876068823	10167	398	425	380	425	401	819	2350	832	roadmap_epigenomics	NA	NA	NA	NA	NA	E008-DNase.hotspot.all.peaks.bed	9.51451636439209e-157	106443
2	99	roadmap_epigenomics	156.648363336846	4.95029326605691	11003	399	258	112	399	256	982	1514	669	roadmap_epigenomics H3K23ac	NA	NA	H3K23ac	NA	NA	E006-H3K23ac.narrowPeak	1.26495046605319e-156	220387
2	792	roadmap_epigenomics	156.365901308736	4.30869717619662	9936	400	456	435	456	430	779	2581	872	roadmap_epigenomics H3K4me3	NA	NA	H3K4me3	NA	NA	E095-H3K4me3.narrowPeak	2.41795632405003e-156	41750
2	737	roadmap_epigenomics	156.132703895992	4.19927865747599	9417	401	493	558	558	484	693	3100	958	roadmap_epigenomics H3K27ac	NA	NA	H3K27ac	NA	NA	E089-H3K27ac.narrowPeak	4.12630649334482e-156	114750
2	880	roadmap_epigenomics	155.878568247183	4.16160767501139	8857	402	508	660	660	523	607	3660	1044	roadmap_epigenomics H3K36me3	NA	NA	H3K36me3	NA	NA	E108-H3K36me3.narrowPeak	7.38950677513125e-156	243209
2	225	roadmap_epigenomics	155.674768659751	4.50644904237587	7079	403	384	834	834	540	370	5438	1281	roadmap_epigenomics H2BK12ac	NA	NA	H2BK12ac	NA	NA	E017-H2BK12ac.narrowPeak	1.17851752771939e-155	250249
2	470	roadmap_epigenomics	155.634817453485	5.46255594330315	11380	404	151	39	404	198	1068	1137	583	roadmap_epigenomics H3K4me1	NA	NA	H3K4me1	NA	NA	E050-H3K4me1.narrowPeak	1.28887539609075e-155	180375
2	206	roadmap_epigenomics	155.574045888954	4.15916089738776	8697	405	509	682	682	532	584	3820	1067	roadmap_epigenomics H3K36me3	NA	NA	H3K36me3	NA	NA	E015-H3K36me3.narrowPeak	1.47879794966112e-155	252828
2	151	roadmap_epigenomics	155.545012221414	4.29195366695188	9933	406	462	437	462	435	780	2584	871	roadmap_epigenomics H3K36me3	NA	NA	H3K36me3	NA	NA	E008-H3K36me3.narrowPeak	1.5771445405467e-155	287294
2	35	roadmap_epigenomics	155.449835680946	4.21838856985933	8090	407	488	749	749	548	499	4427	1152	roadmap_epigenomics H3K79me1	NA	NA	H3K79me1	NA	NA	E003-H3K79me1.narrowPeak	1.95875294189738e-155	133190
2	224	roadmap_epigenomics	155.087603206099	4.27730941244374	7753	408	464	786	786	553	455	4764	1196	roadmap_epigenomics H2BK120ac	NA	NA	H2BK120ac	NA	NA	E017-H2BK120ac.narrowPeak	4.49931482661734e-155	223563
2	637	roadmap_epigenomics	155.007208464065	4.15877822602524	9246	409	510	598	598	506	668	3271	983	roadmap_epigenomics H3K9ac	NA	NA	H3K9ac	NA	NA	E076-H3K9ac.narrowPeak	5.40104728998313e-155	60918
2	556	roadmap_epigenomics	154.963631097888	4.65425770050769	10711	410	339	204	410	318	925	1806	726	roadmap_epigenomics H3K4me3	NA	NA	H3K4me3	NA	NA	E063-H3K4me3.narrowPeak	5.95655007766945e-155	87655
2	215	roadmap_epigenomics	154.88487726111	4.59183937549478	10624	411	353	235	411	333	908	1893	743	roadmap_epigenomics H3K4me3	NA	NA	H3K4me3	NA	NA	E016-H3K4me3.narrowPeak	7.12345473429369e-155	59426
2	645	roadmap_epigenomics	154.823297303199	4.17277295079385	9408	412	505	564	564	494	694	3109	957	roadmap_epigenomics H3K27ac	NA	NA	H3K27ac	NA	NA	E078-H3K27ac.narrowPeak	8.18870512930504e-155	97341
2	264	roadmap_epigenomics	154.786099694094	4.1655658258139	8379	413	506	721	721	547	540	4138	1111	roadmap_epigenomics H3K36me3	NA	NA	H3K36me3	NA	NA	E020-H3K36me3.narrowPeak	8.89938522139208e-155	225893
2	966	roadmap_epigenomics	154.761118844979	5.40657924180952	11361	414	158	43	414	205	1065	1156	586	roadmap_epigenomics	NA	NA	NA	NA	NA	E118-DNase.macs2.narrowPeak	9.40352245202153e-155	277975
2	111	roadmap_epigenomics	154.619103008283	4.66737538105321	10738	415	334	194	415	314	931	1779	720	roadmap_epigenomics H4K91ac	NA	NA	H4K91ac	NA	NA	E006-H4K91ac.narrowPeak	1.30094413318567e-154	234539
2	676	roadmap_epigenomics	154.563222696293	5.17446399051504	11220	416	193	65	416	225	1033	1297	618	roadmap_epigenomics	NA	NA	NA	NA	NA	E082-DNase.macs2.narrowPeak	1.47602503957723e-154	496530
2	1006	roadmap_epigenomics	154.428772146173	4.16475850549305	8317	417	507	729	729	551	532	4200	1119	roadmap_epigenomics H3K36me3	NA	NA	H3K36me3	NA	NA	E121-H3K36me3.narrowPeak	2.00678825584468e-154	200978
2	962	roadmap_epigenomics	154.253781757136	4.2199850962582	7932	418	487	763	763	556	480	4585	1171	roadmap_epigenomics H3K79me2	NA	NA	H3K79me2	NA	NA	E117-H3K79me2.narrowPeak	2.99537853307328e-154	176874
2	788	roadmap_epigenomics	154.113682104601	4.18701090423704	9597	419	500	521	521	480	726	2920	925	roadmap_epigenomics H3K27ac	NA	NA	H3K27ac	NA	NA	E095-H3K27ac.narrowPeak	4.12585180224269e-154	153453
2	781	roadmap_epigenomics	154.062983275892	4.54062417737955	10570	420	374	256	420	350	899	1947	752	roadmap_epigenomics	NA	NA	NA	NA	NA	E094-DNase.macs2.narrowPeak	4.62569704409435e-154	205035
2	777	roadmap_epigenomics	153.993016853582	4.21441911925227	9746	421	490	487	490	466	751	2771	900	roadmap_epigenomics H3K4me3	NA	NA	H3K4me3	NA	NA	E093-H3K4me3.narrowPeak	5.42139189924393e-154	37401
2	779	roadmap_epigenomics	153.922872466344	4.23244469739676	9828	422	480	474	480	459	765	2689	886	roadmap_epigenomics	NA	NA	NA	NA	NA	E094-DNase.hotspot.all.peaks.bed	6.35659928364788e-154	111695
2	785	roadmap_epigenomics	153.865060267578	4.74284035319634	10850	423	308	155	423	295	955	1667	696	roadmap_epigenomics H3K4me1	NA	NA	H3K4me1	NA	NA	E094-H3K4me1.narrowPeak	7.24451168031676e-154	238260
2	148	roadmap_epigenomics	153.840233359242	4.64605886610753	10731	424	341	196	424	320	931	1786	720	roadmap_epigenomics H3K23me2	NA	NA	H3K23me2	NA	NA	E008-H3K23me2.narrowPeak	7.65262683049467e-154	123622
2	1098	roadmap_epigenomics	153.836892461336	4.13921178213141	9283	425	516	591	591	511	676	3234	975	roadmap_epigenomics H3K9ac	NA	NA	H3K9ac	NA	NA	E128-H3K9ac.narrowPeak	7.69357798896163e-154	50400
2	642	roadmap_epigenomics	153.808051641678	4.81203617104091	10927	426	284	141	426	284	971	1590	680	roadmap_epigenomics H3K4me3	NA	NA	H3K4me3	NA	NA	E077-H3K4me3.narrowPeak	8.20254291290245e-154	105842
2	373	roadmap_epigenomics	153.727481650523	4.31108384892997	10102	427	454	400	454	427	813	2415	838	roadmap_epigenomics H3K4me3	NA	NA	H3K4me3	NA	NA	E035-H3K4me3.narrowPeak	9.85145156313809e-154	47602
2	285	roadmap_epigenomics	153.431256321056	4.60552733938151	10687	428	349	212	428	330	923	1830	728	roadmap_epigenomics H3K4me3	NA	NA	H3K4me3	NA	NA	E022-H3K4me3.narrowPeak	1.94405998801127e-153	75387
2	800	roadmap_epigenomics	153.390909664908	4.17488577496729	9607	429	504	518	518	484	729	2910	922	roadmap_epigenomics	NA	NA	NA	NA	NA	E097-DNase.hotspot.all.peaks.bed	2.12834876046223e-153	99584
2	837	roadmap_epigenomics	153.287281654397	4.66149013333872	10766	430	336	185	430	317	939	1751	712	roadmap_epigenomics H3K4me3	NA	NA	H3K4me3	NA	NA	E101-H3K4me3.narrowPeak	2.69562603319501e-153	96726
2	782	roadmap_epigenomics	153.116581624806	4.15308343153269	9506	431	512	535	535	493	713	3011	938	roadmap_epigenomics H3K27ac	NA	NA	H3K27ac	NA	NA	E094-H3K27ac.narrowPeak	3.98428922530444e-153	98193
2	479	roadmap_epigenomics	153.074712641222	4.72453697890922	10848	432	316	156	432	301	956	1669	695	roadmap_epigenomics H3K4me3	NA	NA	H3K4me3	NA	NA	E051-H3K4me3.narrowPeak	4.37737107550665e-153	94048
2	246	roadmap_epigenomics	153.035368594536	4.14606209414561	9468	433	514	547	547	498	707	3049	944	roadmap_epigenomics H4K5ac	NA	NA	H4K5ac	NA	NA	E017-H4K5ac.narrowPeak	4.78138000473585e-153	228064
2	1023	roadmap_epigenomics	152.83991655917	4.13236098901783	9391	434	520	570	570	508	695	3126	956	roadmap_epigenomics H3K9ac	NA	NA	H3K9ac	NA	NA	E122-H3K9ac.narrowPeak	7.48175466746952e-153	64234
2	70	roadmap_epigenomics	152.828393102233	4.12406895002339	9328	435	521	583	583	513	685	3189	966	roadmap_epigenomics H2BK12ac	NA	NA	H2BK12ac	NA	NA	E005-H2BK12ac.narrowPeak	7.66526886638189e-153	257315
2	844	roadmap_epigenomics	152.732818362096	4.56224364607704	10645	436	365	228	436	343	916	1872	735	roadmap_epigenomics H3K4me3	NA	NA	H3K4me3	NA	NA	E102-H3K4me3.narrowPeak	9.53026332556709e-153	83775
2	296	roadmap_epigenomics	152.659824000343	4.52679104220146	10593	437	378	248	437	354	906	1924	745	roadmap_epigenomics H3K4me3	NA	NA	H3K4me3	NA	NA	E024-H3K4me3.narrowPeak	1.12487512895715e-152	73602
2	157	roadmap_epigenomics	152.648062416394	4.1448066151118	8170	438	515	744	744	566	515	4347	1136	roadmap_epigenomics H3K79me1	NA	NA	H3K79me1	NA	NA	E008-H3K79me1.narrowPeak	1.15311660223308e-152	120353
2	653	roadmap_epigenomics	152.577566152254	4.21633050539371	9866	439	489	461	489	463	774	2651	877	roadmap_epigenomics H3K36me3	NA	NA	H3K36me3	NA	NA	E079-H3K36me3.narrowPeak	1.35325325203862e-152	264229
2	1091	roadmap_epigenomics	152.575207538493	4.1041436397124	9146	440	531	615	615	529	657	3371	994	roadmap_epigenomics H3K27ac	NA	NA	H3K27ac	NA	NA	E128-H3K27ac.narrowPeak	1.35753031609428e-152	84016
2	1016	roadmap_epigenomics	152.538719902138	4.095328096936	8788	441	536	666	666	548	603	3729	1048	roadmap_epigenomics H3K27ac	NA	NA	H3K27ac	NA	NA	E122-H3K27ac.narrowPeak	1.47316455273183e-152	71491
2	71	roadmap_epigenomics	152.354954943566	4.2935148806776	10127	442	459	391	459	431	820	2390	831	roadmap_epigenomics H2BK5ac	NA	NA	H2BK5ac	NA	NA	E005-H2BK5ac.narrowPeak	2.24405005032949e-152	228979
2	694	roadmap_epigenomics	152.192234047071	4.22364152406406	9920	443	484	442	484	456	784	2597	867	roadmap_epigenomics H3K27ac	NA	NA	H3K27ac	NA	NA	E084-H3K27ac.narrowPeak	3.25665669058257e-152	121559
2	69	roadmap_epigenomics	152.164836987534	4.29947896942089	10153	444	457	385	457	429	825	2364	826	roadmap_epigenomics H2BK120ac	NA	NA	H2BK120ac	NA	NA	E005-H2BK120ac.narrowPeak	3.46090592418158e-152	261051
2	634	roadmap_epigenomics	152.100681897615	4.1046484240029	8429	445	530	715	715	563	552	4088	1099	roadmap_epigenomics H3K36me3	NA	NA	H3K36me3	NA	NA	E076-H3K36me3.narrowPeak	4.00283642690482e-152	180209
2	295	roadmap_epigenomics	152.037771988319	5.1663516395941	11254	446	197	60	446	234	1045	1263	606	roadmap_epigenomics H3K4me1	NA	NA	H3K4me1	NA	NA	E024-H3K4me1.narrowPeak	4.61639439328765e-152	357319
2	662	roadmap_epigenomics	151.859397089121	4.0955014555198	9221	447	535	606	606	529	670	3296	981	roadmap_epigenomics H3K36me3	NA	NA	H3K36me3	NA	NA	E080-H3K36me3.narrowPeak	6.94552597239819e-152	296790
2	716	roadmap_epigenomics	151.811551597454	4.09663312445624	9246	448	533	598	598	526	674	3271	977	roadmap_epigenomics H3K9ac	NA	NA	H3K9ac	NA	NA	E086-H3K9ac.narrowPeak	7.73713439144958e-152	45031
2	235	roadmap_epigenomics	151.716544681931	4.08715373796087	9142	449	538	617	617	535	658	3375	993	roadmap_epigenomics H3K4ac	NA	NA	H3K4ac	NA	NA	E017-H3K4ac.narrowPeak	9.60768440826544e-152	243193
2	559	roadmap_epigenomics	151.38549384588	4.07542394050389	8664	450	542	687	687	560	587	3853	1064	roadmap_epigenomics H3K27ac	NA	NA	H3K27ac	NA	NA	E065-H3K27ac.narrowPeak	2.05448697498178e-151	141729
2	887	roadmap_epigenomics	151.001974958878	5.25461365420463	11325	451	182	48	451	227	1063	1192	588	roadmap_epigenomics	NA	NA	NA	NA	NA	E109-DNase.macs2.narrowPeak	4.95744895542897e-151	334231
2	860	roadmap_epigenomics	150.912228628287	5.24403373150144	11320	452	183	49	452	228	1062	1197	589	roadmap_epigenomics H3K27ac	NA	NA	H3K27ac	NA	NA	E105-H3K27ac.narrowPeak	6.08194780637284e-151	294261
2	911	roadmap_epigenomics	150.620535404942	4.14930141496033	9744	453	513	489	513	485	757	2773	894	roadmap_epigenomics H3K4me3	NA	NA	H3K4me3	NA	NA	E112-H3K4me3.narrowPeak	1.18788977746041e-150	28758
2	651	roadmap_epigenomics	150.434612688666	4.20625445517179	9976	454	492	425	492	457	797	2541	854	roadmap_epigenomics H3K27ac	NA	NA	H3K27ac	NA	NA	E079-H3K27ac.narrowPeak	1.81861684903945e-150	156932
2	692	roadmap_epigenomics	150.280912245871	4.49421679606832	10617	455	391	239	455	362	915	1900	736	roadmap_epigenomics	NA	NA	NA	NA	NA	E084-DNase.hotspot.fdr0.01.peaks.bed	2.58515215397279e-150	168261
2	391	roadmap_epigenomics	150.238802036162	4.09564515807986	9491	456	534	541	541	510	716	3026	935	roadmap_epigenomics H3K9ac	NA	NA	H3K9ac	NA	NA	E038-H3K9ac.narrowPeak	2.8421230256381e-150	68708
2	659	roadmap_epigenomics	150.209764263943	5.63101194053838	11525	457	125	16	457	199	1112	992	539	roadmap_epigenomics	NA	NA	NA	NA	NA	E080-DNase.macs2.narrowPeak	3.03200063497817e-150	420510
2	228	roadmap_epigenomics	149.937528669954	4.04785674730618	9055	458	549	629	629	545	648	3462	1003	roadmap_epigenomics H2BK5ac	NA	NA	H2BK5ac	NA	NA	E017-H2BK5ac.narrowPeak	5.66259634077744e-150	166186
2	482	roadmap_epigenomics	149.935554295947	4.06409555348041	8379	459	548	721	721	576	549	4138	1102	roadmap_epigenomics H3K36me3	NA	NA	H3K36me3	NA	NA	E052-H3K36me3.narrowPeak	5.67600501417731e-150	253308
2	3	roadmap_epigenomics	149.814332364855	4.25739848640241	10162	460	471	383	471	438	831	2355	820	roadmap_epigenomics H3K4me1	NA	NA	H3K4me1	NA	NA	E001-H3K4me1.narrowPeak	7.48720208810606e-150	308728
2	454	roadmap_epigenomics	149.58354314792	4.24992992437795	10154	461	475	384	475	440	830	2363	821	roadmap_epigenomics H3K4me1	NA	NA	H3K4me1	NA	NA	E048-H3K4me1.narrowPeak	1.27105890786148e-149	144692
2	50	roadmap_epigenomics	149.56722161454	4.10699002997096	9636	462	528	510	528	500	741	2881	910	roadmap_epigenomics H3K18ac	NA	NA	H3K18ac	NA	NA	E004-H3K18ac.narrowPeak	1.31687987847392e-149	141200
2	854	roadmap_epigenomics	149.498548719563	4.08386558244108	9507	463	540	534	540	512	720	3010	931	roadmap_epigenomics H3K27ac	NA	NA	H3K27ac	NA	NA	E104-H3K27ac.narrowPeak	1.53914679152381e-149	154086
2	890	roadmap_epigenomics	149.474259712516	4.04135359969552	8563	464	551	702	702	572	576	3954	1075	roadmap_epigenomics H3K36me3	NA	NA	H3K36me3	NA	NA	E109-H3K36me3.narrowPeak	1.62417214839146e-149	171676
2	318	roadmap_epigenomics	149.039209562286	4.47828100764279	10631	465	401	232	465	366	920	1886	731	roadmap_epigenomics	NA	NA	NA	NA	NA	E028-DNase.hotspot.fdr0.01.peaks.bed	4.41313524199541e-149	186595
2	248	roadmap_epigenomics	148.830853295283	4.02859051573469	9100	466	555	621	621	547	657	3417	994	roadmap_epigenomics H4K91ac	NA	NA	H4K91ac	NA	NA	E017-H4K91ac.narrowPeak	7.11492849775288e-149	263787
2	107	roadmap_epigenomics	148.734912904206	4.02070266324117	8712	467	560	679	679	569	599	3805	1052	roadmap_epigenomics H3K79me1	NA	NA	H3K79me1	NA	NA	E006-H3K79me1.narrowPeak	8.85482468614909e-149	327815
2	72	roadmap_epigenomics	148.678972050114	4.24157245071299	10178	468	478	378	478	441	836	2339	815	roadmap_epigenomics H3K14ac	NA	NA	H3K14ac	NA	NA	E005-H3K14ac.narrowPeak	1.00505967537372e-148	204548
2	809	roadmap_epigenomics	148.385454039292	4.11861697003519	9796	469	523	479	523	490	770	2721	881	roadmap_epigenomics	NA	NA	NA	NA	NA	E098-DNase.hotspot.all.peaks.bed	1.9714368491515e-148	99617
2	849	roadmap_epigenomics	148.364646750615	4.01332607924689	8943	470	565	648	648	561	634	3574	1017	roadmap_epigenomics H3K36me3	NA	NA	H3K36me3	NA	NA	E103-H3K36me3.narrowPeak	2.06378828739209e-148	225315
2	980	roadmap_epigenomics	148.228000841528	4.01613506819697	9086	471	564	623	623	553	656	3431	995	roadmap_epigenomics H3K27ac	NA	NA	H3K27ac	NA	NA	E119-H3K27ac.narrowPeak	2.82090202941088e-148	94592
2	565	roadmap_epigenomics	148.157250168323	4.15699485367825	9957	472	511	429	511	471	798	2560	853	roadmap_epigenomics H3K27ac	NA	NA	H3K27ac	NA	NA	E066-H3K27ac.narrowPeak	3.31297062357196e-148	117377
2	67	roadmap_epigenomics	147.91037764298	4.75938427932793	11001	473	302	114	473	296	997	1516	654	roadmap_epigenomics H2A.Z	NA	NA	H2A.Z	NA	NA	E005-H2A.Z.narrowPeak	5.8367483365074e-148	202104
2	478	roadmap_epigenomics	147.842167914836	5.13473583411526	11297	474	208	52	474	245	1062	1220	589	roadmap_epigenomics H3K4me1	NA	NA	H3K4me1	NA	NA	E051-H3K4me1.narrowPeak	6.81496289207965e-148	222976
2	319	roadmap_epigenomics	147.648548431522	4.72748757112833	10975	475	314	125	475	305	992	1542	659	roadmap_epigenomics	NA	NA	NA	NA	NA	E028-DNase.macs2.narrowPeak	1.06210562958107e-147	247966
2	840	roadmap_epigenomics	147.37257594958	4.11706701114576	9867	476	525	459	525	487	784	2650	867	roadmap_epigenomics H3K27ac	NA	NA	H3K27ac	NA	NA	E102-H3K27ac.narrowPeak	2.00090675147933e-147	127503
2	294	roadmap_epigenomics	147.361129377332	4.02744411473197	9401	477	557	569	569	534	707	3116	944	roadmap_epigenomics H3K36me3	NA	NA	H3K36me3	NA	NA	E024-H3K36me3.narrowPeak	2.05003839762205e-147	291581
2	64	roadmap_epigenomics	147.342784598091	4.02475324045635	9382	478	559	574	574	537	704	3135	947	roadmap_epigenomics	NA	NA	NA	NA	NA	E005-DNase.hotspot.all.peaks.bed	2.13401396548414e-147	102999
2	810	roadmap_epigenomics	147.318509158563	4.35333010991863	10479	479	442	291	479	404	894	2038	757	roadmap_epigenomics	NA	NA	NA	NA	NA	E098-DNase.hotspot.fdr0.01.peaks.bed	2.25198285585902e-147	150516
2	234	roadmap_epigenomics	147.217398948729	3.9912103442034	8955	480	574	647	647	567	638	3562	1013	roadmap_epigenomics H3K36me3	NA	NA	H3K36me3	NA	NA	E017-H3K36me3.narrowPeak	2.83641364417433e-147	352022
2	123	roadmap_epigenomics	147.108935665833	3.98895297123209	8684	481	575	683	683	580	598	3833	1053	roadmap_epigenomics H3K27ac	NA	NA	H3K27ac	NA	NA	E007-H3K27ac.narrowPeak	3.63353217069735e-147	78132
2	229	roadmap_epigenomics	147.095697258346	3.98705129535739	8786	482	578	667	667	576	613	3731	1038	roadmap_epigenomics H3K14ac	NA	NA	H3K14ac	NA	NA	E017-H3K14ac.narrowPeak	3.73822515290287e-147	195264
2	22	roadmap_epigenomics	147.079551860794	4.01712429686221	9360	483	562	578	578	541	701	3157	950	roadmap_epigenomics H2BK5ac	NA	NA	H2BK5ac	NA	NA	E003-H2BK5ac.narrowPeak	3.87178078691645e-147	151346
2	815	roadmap_epigenomics	147.037686452573	5.05967211258258	11260	484	227	59	484	257	1055	1257	596	roadmap_epigenomics H3K4me1	NA	NA	H3K4me1	NA	NA	E098-H3K4me1.narrowPeak	4.25478811757261e-147	293089
2	910	roadmap_epigenomics	146.933214451509	4.07771019965076	9738	485	541	491	541	506	763	2779	888	roadmap_epigenomics H3K4me1	NA	NA	H3K4me1	NA	NA	E112-H3K4me1.narrowPeak	5.40074362673964e-147	124560
2	796	roadmap_epigenomics	146.735469195433	4.01615127534736	9406	486	563	566	566	538	709	3111	942	roadmap_epigenomics H3K36me3	NA	NA	H3K36me3	NA	NA	E096-H3K36me3.narrowPeak	8.4977565947458e-147	338349
2	421	roadmap_epigenomics	146.699230253051	4.1163576596257	9912	487	526	445	526	486	793	2605	858	roadmap_epigenomics H3K4me3	NA	NA	H3K4me3	NA	NA	E043-H3K4me3.narrowPeak	9.21829363177591e-147	41721
2	727	roadmap_epigenomics	146.501447512356	5.50515836867044	11512	488	139	19	488	215	1115	1005	536	roadmap_epigenomics	NA	NA	NA	NA	NA	E088-DNase.macs2.narrowPeak	1.4505824458562e-146	530673
2	530	roadmap_epigenomics	146.298319978737	4.00795680019958	9407	489	567	565	567	540	710	3110	941	roadmap_epigenomics	NA	NA	NA	NA	NA	E059-DNase.hotspot.all.peaks.bed	2.31089873084789e-146	97681
2	923	roadmap_epigenomics	146.289592059305	4.00686140334752	8193	490	568	741	741	600	530	4324	1121	roadmap_epigenomics H3K36me3	NA	NA	H3K36me3	NA	NA	E114-H3K36me3.narrowPeak	2.35299829559075e-146	218138
2	892	roadmap_epigenomics	146.234809957316	4.13478814063614	10005	491	519	418	519	476	810	2512	841	roadmap_epigenomics H3K4me3	NA	NA	H3K4me3	NA	NA	E109-H3K4me3.narrowPeak	2.66390235932312e-146	65084
2	427	roadmap_epigenomics	146.186800624441	4.12324054883024	9970	492	522	428	522	481	804	2547	847	roadmap_epigenomics H3K4me3	NA	NA	H3K4me3	NA	NA	E044-H3K4me3.narrowPeak	2.96923126389544e-146	48938
2	378	roadmap_epigenomics	146.177551986372	4.19184102071544	10174	493	497	379	497	456	840	2343	811	roadmap_epigenomics H3K4me3	NA	NA	H3K4me3	NA	NA	E036-H3K4me3.narrowPeak	3.02698902461258e-146	56252
2	489	roadmap_epigenomics	145.98180295551	4.02560055519203	8005	494	558	758	758	603	505	4512	1146	roadmap_epigenomics H3K36me3	NA	NA	H3K36me3	NA	NA	E053-H3K36me3.narrowPeak	4.74110798968626e-146	193840
2	771	roadmap_epigenomics	145.932025915674	4.31580441083754	10460	495	453	299	495	416	893	2057	758	roadmap_epigenomics	NA	NA	NA	NA	NA	E093-DNase.hotspot.fdr0.01.peaks.bed	5.30613917976321e-146	133624
2	13	roadmap_epigenomics	145.894806457526	4.30929562497449	10449	496	455	304	496	418	891	2068	760	roadmap_epigenomics	NA	NA	NA	NA	NA	E003-DNase.hotspot.all.peaks.bed	5.76928001142689e-146	111055
2	199	roadmap_epigenomics	145.878771089775	3.98280633090331	8353	497	580	725	725	601	553	4164	1098	roadmap_epigenomics H3K36me3	NA	NA	H3K36me3	NA	NA	E014-H3K36me3.narrowPeak	5.97423460915422e-146	224149
2	1066	roadmap_epigenomics	145.775101434273	3.97117574502128	8479	498	584	712	712	598	571	4038	1080	roadmap_epigenomics H3K27ac	NA	NA	H3K27ac	NA	NA	E126-H3K27ac.narrowPeak	7.56970534881187e-146	91265
2	433	roadmap_epigenomics	145.758774328614	4.06726751568152	9790	499	546	480	546	508	774	2727	877	roadmap_epigenomics H3K4me3	NA	NA	H3K4me3	NA	NA	E045-H3K4me3.narrowPeak	7.84395110217299e-146	50440
2	239	roadmap_epigenomics	145.721099972789	3.96031585178891	8741	500	589	673	673	587	609	3776	1042	roadmap_epigenomics H3K56ac	NA	NA	H3K56ac	NA	NA	E017-H3K56ac.narrowPeak	8.5376780691045e-146	109751
2	1003	roadmap_epigenomics	145.617530724586	4.351561758007	10536	501	443	266	501	403	908	1981	743	roadmap_epigenomics H2A.Z	NA	NA	H2A.Z	NA	NA	E121-H2A.Z.narrowPeak	1.08153680072496e-145	153394
2	75	roadmap_epigenomics	145.593260611634	3.96346087717839	9053	502	587	631	631	573	656	3464	995	roadmap_epigenomics H3K27ac	NA	NA	H3K27ac	NA	NA	E005-H3K27ac.narrowPeak	1.14141985582743e-145	123614
2	700	roadmap_epigenomics	145.509130921385	4.06466886302831	9799	503	547	478	547	509	776	2718	875	roadmap_epigenomics	NA	NA	NA	NA	NA	E085-DNase.hotspot.all.peaks.bed	1.38264550309043e-145	101917
2	868	roadmap_epigenomics	145.356631031619	3.95361890199779	8898	504	592	655	655	584	633	3619	1018	roadmap_epigenomics H3K36me3	NA	NA	H3K36me3	NA	NA	E106-H3K36me3.narrowPeak	1.96041575397133e-145	291154
2	185	roadmap_epigenomics	145.348861506951	3.97387589901946	9263	505	583	596	596	561	689	3254	962	roadmap_epigenomics H3K27ac	NA	NA	H3K27ac	NA	NA	E012-H3K27ac.narrowPeak	1.99185108650737e-145	157402
2	991	roadmap_epigenomics	145.210930004869	4.11713258811433	10011	506	524	416	524	482	813	2506	838	roadmap_epigenomics H2A.Z	NA	NA	H2A.Z	NA	NA	E120-H2A.Z.narrowPeak	2.73104735224438e-145	101641
2	975	roadmap_epigenomics	145.175976172521	3.97414279015433	9299	507	581	589	589	559	695	3218	956	roadmap_epigenomics H3K9ac	NA	NA	H3K9ac	NA	NA	E118-H3K9ac.narrowPeak	2.95410290742462e-145	55292
2	907	roadmap_epigenomics	145.067476441638	3.9991182649501	9504	508	571	536	571	538	728	3013	923	roadmap_epigenomics H3K27ac	NA	NA	H3K27ac	NA	NA	E112-H3K27ac.narrowPeak	3.78503237016711e-145	123630
2	278	roadmap_epigenomics	145.060388346696	4.31966830440613	10499	509	451	285	509	415	902	2018	749	roadmap_epigenomics	NA	NA	NA	NA	NA	E022-DNase.hotspot.all.peaks.bed	3.83975595753596e-145	119252
2	942	roadmap_epigenomics	144.805066316283	4.6756083460296	10984	510	330	121	510	320	999	1533	652	roadmap_epigenomics	NA	NA	NA	NA	NA	E116-DNase.macs2.narrowPeak	6.89879531153978e-145	271082
2	269	roadmap_epigenomics	144.70186870791	4.29636378862045	10469	511	458	297	511	422	897	2048	754	roadmap_epigenomics	NA	NA	NA	NA	NA	E021-DNase.hotspot.all.peaks.bed	8.73212901912746e-145	111181
2	784	roadmap_epigenomics	144.121058758626	4.07070538272101	9924	512	544	440	544	499	800	2593	851	roadmap_epigenomics H3K36me3	NA	NA	H3K36me3	NA	NA	E094-H3K36me3.narrowPeak	3.3195638946594e-144	243020
2	247	roadmap_epigenomics	143.890824683905	3.97024340425514	9459	513	586	550	586	550	723	3058	928	roadmap_epigenomics H4K8ac	NA	NA	H4K8ac	NA	NA	E017-H4K8ac.narrowPeak	5.6294725125178e-144	220315
2	29	roadmap_epigenomics	143.828445901578	3.94432344025399	9257	514	595	597	597	569	691	3260	960	roadmap_epigenomics H3K36me3	NA	NA	H3K36me3	NA	NA	E003-H3K36me3.narrowPeak	6.48635525849272e-144	323310
2	174	roadmap_epigenomics	143.263898918608	3.91576248949271	8578	515	607	697	697	606	590	3939	1061	roadmap_epigenomics H3K36me3	NA	NA	H3K36me3	NA	NA	E010-H3K36me3.narrowPeak	2.37521870268943e-143	378468
2	1045	roadmap_epigenomics	143.114999690886	4.50865706042348	10838	516	383	160	516	353	972	1679	679	roadmap_epigenomics H3K4me1	NA	NA	H3K4me1	NA	NA	E124-H3K4me1.narrowPeak	3.34010684461719e-143	127405
2	168	roadmap_epigenomics	143.08923996737	3.91550435503759	8506	517	608	706	706	610	580	4011	1071	roadmap_epigenomics H3K36me3	NA	NA	H3K36me3	NA	NA	E009-H3K36me3.narrowPeak	3.53735984439131e-143	389216
2	220	roadmap_epigenomics	143.054811752579	5.08279923879086	11335	518	220	46	518	261	1079	1182	572	roadmap_epigenomics	NA	NA	NA	NA	NA	E017-DNase.macs2.narrowPeak	3.82180249488556e-143	398131
2	213	roadmap_epigenomics	142.98559314066	3.92012414814387	8399	519	604	719	719	614	565	4118	1086	roadmap_epigenomics H3K36me3	NA	NA	H3K36me3	NA	NA	E016-H3K36me3.narrowPeak	4.47351866205084e-143	237501
2	806	roadmap_epigenomics	142.967636885522	4.1056587859101	10106	520	529	398	529	482	834	2411	817	roadmap_epigenomics H3K4me1	NA	NA	H3K4me1	NA	NA	E097-H3K4me1.narrowPeak	4.65339075589691e-143	316356
2	79	roadmap_epigenomics	142.872894167684	4.48594602805619	10816	521	395	167	521	361	968	1701	683	roadmap_epigenomics H3K4me1	NA	NA	H3K4me1	NA	NA	E005-H3K4me1.narrowPeak	5.776674021575e-143	297165
2	2	roadmap_epigenomics	142.795562824312	3.9113303218192	8474	522	611	713	713	615	576	4043	1075	roadmap_epigenomics H3K36me3	NA	NA	H3K36me3	NA	NA	E001-H3K36me3.narrowPeak	6.88932106242562e-143	187250
2	686	roadmap_epigenomics	142.759412906751	3.91175245513715	9102	523	610	620	620	584	669	3415	982	roadmap_epigenomics H3K36me3	NA	NA	H3K36me3	NA	NA	E083-H3K36me3.narrowPeak	7.47300299493599e-143	221146
2	902	roadmap_epigenomics	142.753636193412	3.91463934421244	8410	524	609	717	717	617	567	4107	1084	roadmap_epigenomics H3K36me3	NA	NA	H3K36me3	NA	NA	E111-H3K36me3.narrowPeak	7.55861580976104e-143	219857
2	955	roadmap_epigenomics	142.64653883709	3.93396457907386	9369	525	599	577	599	567	711	3148	940	roadmap_epigenomics H2A.Z	NA	NA	H2A.Z	NA	NA	E117-H2A.Z.narrowPeak	9.65409596257046e-143	87564
2	336	roadmap_epigenomics	142.431128998166	4.19042598516235	10344	526	498	335	526	453	878	2173	773	roadmap_epigenomics H3K4me1	NA	NA	H3K4me1	NA	NA	E030-H3K4me1.narrowPeak	1.58232252179931e-142	116739
2	494	roadmap_epigenomics	142.406905769236	3.92393634704611	8212	527	601	738	738	622	540	4305	1111	roadmap_epigenomics H3K36me3	NA	NA	H3K36me3	NA	NA	E054-H3K36me3.narrowPeak	1.66991116142235e-142	221911
2	885	roadmap_epigenomics	142.240932140555	4.01847513392717	9862	528	561	465	561	518	793	2655	858	roadmap_epigenomics	NA	NA	NA	NA	NA	E109-DNase.hotspot.all.peaks.bed	2.44255127201419e-142	108993
2	180	roadmap_epigenomics	142.206059174394	3.91048184842412	8310	529	612	731	731	624	554	4207	1097	roadmap_epigenomics H3K36me3	NA	NA	H3K36me3	NA	NA	E011-H3K36me3.narrowPeak	2.64176940073231e-142	271169
2	274	roadmap_epigenomics	142.203972433137	3.92345642867555	9351	530	602	579	602	570	709	3166	942	roadmap_epigenomics H3K36me3	NA	NA	H3K36me3	NA	NA	E021-H3K36me3.narrowPeak	2.64948490287281e-142	189937
2	915	roadmap_epigenomics	142.095798799159	4.21027784977595	10400	531	491	321	531	448	889	2117	762	roadmap_epigenomics H3K36me3	NA	NA	H3K36me3	NA	NA	E113-H3K36me3.narrowPeak	3.39247324840507e-142	279691
2	1056	roadmap_epigenomics	142.052407708811	3.9441448271262	7987	532	596	760	760	629	510	4530	1141	roadmap_epigenomics H3K36me3	NA	NA	H3K36me3	NA	NA	E125-H3K36me3.narrowPeak	3.74188478199814e-142	248840
2	201	roadmap_epigenomics	141.81982478176	4.35526212146295	10665	533	441	223	533	399	940	1852	711	roadmap_epigenomics H3K4me3	NA	NA	H3K4me3	NA	NA	E014-H3K4me3.narrowPeak	6.38054478225165e-142	79278
2	341	roadmap_epigenomics	141.768136115734	4.1390702333891	10255	534	517	356	534	469	863	2262	788	roadmap_epigenomics H3K4me1	NA	NA	H3K4me1	NA	NA	E031-H3K4me1.narrowPeak	7.17352108507909e-142	93412
2	226	roadmap_epigenomics	141.754326042202	4.25696538654985	6772	535	472	851	851	619	358	5745	1293	roadmap_epigenomics H2BK15ac	NA	NA	H2BK15ac	NA	NA	E017-H2BK15ac.narrowPeak	7.39145483811884e-142	218402
2	1093	roadmap_epigenomics	141.752056603446	4.03732924541185	7462	536	552	809	809	632	442	5055	1209	roadmap_epigenomics H3K36me3	NA	NA	H3K36me3	NA	NA	E128-H3K36me3.narrowPeak	7.4163182628064e-142	129078
2	288	roadmap_epigenomics	141.603072105771	3.89768692991071	8316	537	616	730	730	628	556	4201	1095	roadmap_epigenomics H3K36me3	NA	NA	H3K36me3	NA	NA	E023-H3K36me3.narrowPeak	1.04318986833477e-141	228728
2	415	roadmap_epigenomics	141.489146708664	3.9741262662703	9735	538	582	494	582	538	773	2782	878	roadmap_epigenomics H3K4me3	NA	NA	H3K4me3	NA	NA	E042-H3K4me3.narrowPeak	1.35357014750568e-141	58292
2	125	roadmap_epigenomics	141.387549913805	3.88834836120741	9143	539	622	616	622	592	678	3374	973	roadmap_epigenomics H3K36me3	NA	NA	H3K36me3	NA	NA	E007-H3K36me3.narrowPeak	1.7071476042855e-141	177693
2	970	roadmap_epigenomics	141.240241621271	4.07257336991927	7279	540	543	819	819	634	420	5238	1231	roadmap_epigenomics H3K36me3	NA	NA	H3K36me3	NA	NA	E118-H3K36me3.narrowPeak	2.39207267914374e-141	168886
2	40	roadmap_epigenomics	141.177679271643	3.89092872455373	9224	541	621	604	621	589	691	3293	960	roadmap_epigenomics H4K5ac	NA	NA	H4K5ac	NA	NA	E003-H4K5ac.narrowPeak	2.7576123485955e-141	130639
2	1104	roadmap_epigenomics	140.940930499183	3.89146150977867	8235	542	620	735	735	632	546	4282	1105	roadmap_epigenomics H3K36me3	NA	NA	H3K36me3	NA	NA	E129-H3K36me3.narrowPeak	4.74766389691186e-141	239707
2	409	roadmap_epigenomics	140.935545728651	3.99155048081062	9853	543	573	467	573	528	794	2664	857	roadmap_epigenomics H3K4me3	NA	NA	H3K4me3	NA	NA	E041-H3K4me3.narrowPeak	4.7980436396177e-141	57727
2	870	roadmap_epigenomics	140.734566719723	4.02753033741352	9996	544	556	420	556	507	819	2521	832	roadmap_epigenomics H3K4me3	NA	NA	H3K4me3	NA	NA	E106-H3K4me3.narrowPeak	7.60753803761853e-141	68861
2	66	roadmap_epigenomics	140.700908073281	4.4295096517404	10801	545	415	173	545	378	969	1716	682	roadmap_epigenomics	NA	NA	NA	NA	NA	E005-DNase.macs2.narrowPeak	8.20550239105039e-141	271969
2	1060	roadmap_epigenomics	140.533510340306	3.9343262800937	7838	546	598	771	771	638	493	4679	1158	roadmap_epigenomics H3K79me2	NA	NA	H3K79me2	NA	NA	E125-H3K79me2.narrowPeak	1.20422258734002e-140	204517
2	941	roadmap_epigenomics	140.509092913809	4.00185197122342	7491	547	570	804	804	640	448	5026	1203	roadmap_epigenomics H4K20me1	NA	NA	H4K20me1	NA	NA	E115-H4K20me1.narrowPeak	1.27153849233428e-140	156894
2	255	roadmap_epigenomics	140.499715723402	4.00347968144062	7483	548	569	807	807	641	447	5034	1204	roadmap_epigenomics H3K27ac	NA	NA	H3K27ac	NA	NA	E019-H3K27ac.narrowPeak	1.29692084336054e-140	53191
2	299	roadmap_epigenomics	140.457745784919	3.86041949290109	8568	549	630	700	700	626	594	3949	1057	roadmap_epigenomics H3K36me3	NA	NA	H3K36me3	NA	NA	E025-H3K36me3.narrowPeak	1.42590838395656e-140	257733
2	757	roadmap_epigenomics	140.453393691971	3.86058284904189	8561	550	629	704	704	628	593	3956	1058	roadmap_epigenomics H3K36me3	NA	NA	H3K36me3	NA	NA	E091-H3K36me3.narrowPeak	1.43765066794603e-140	240653
2	240	roadmap_epigenomics	140.433332346701	3.863153324601	8491	551	628	708	708	629	583	4026	1068	roadmap_epigenomics H3K79me1	NA	NA	H3K79me1	NA	NA	E017-H3K79me1.narrowPeak	1.50288519554756e-140	390673
2	949	roadmap_epigenomics	140.368224987828	3.89616621190594	9410	552	619	561	619	577	722	3107	929	roadmap_epigenomics H3K4me3	NA	NA	H3K4me3	NA	NA	E116-H3K4me3.narrowPeak	1.74279251629194e-140	76167
2	397	roadmap_epigenomics	139.666349495083	3.98872265838984	9932	553	577	438	577	523	810	2585	841	roadmap_epigenomics H3K4me3	NA	NA	H3K4me3	NA	NA	E039-H3K4me3.narrowPeak	8.75659221464117e-140	51115
2	986	roadmap_epigenomics	139.582219016835	3.9275110415219	7756	554	600	782	782	645	484	4761	1167	roadmap_epigenomics H3K79me2	NA	NA	H3K79me2	NA	NA	E119-H3K79me2.narrowPeak	1.06091592958087e-139	189409
2	812	roadmap_epigenomics	139.451935509954	3.89721474639524	9529	555	617	530	617	567	743	2988	908	roadmap_epigenomics H3K27ac	NA	NA	H3K27ac	NA	NA	E098-H3K27ac.narrowPeak	1.42949045176756e-139	102275
2	549	roadmap_epigenomics	139.441761768286	3.93565901765233	9735	556	597	494	597	549	777	2782	874	roadmap_epigenomics H3K4me3	NA	NA	H3K4me3	NA	NA	E062-H3K4me3.narrowPeak	1.46074090873875e-139	34361
2	554	roadmap_epigenomics	139.409659800027	3.83667852813789	8780	557	638	669	669	621	627	3737	1024	roadmap_epigenomics H3K36me3	NA	NA	H3K36me3	NA	NA	E063-H3K36me3.narrowPeak	1.5699823019117e-139	257192
2	88	roadmap_epigenomics	139.140611990414	4.01326846895807	10047	558	566	410	566	511	831	2470	820	roadmap_epigenomics H4K91ac	NA	NA	H4K91ac	NA	NA	E005-H4K91ac.narrowPeak	2.91181354932263e-139	249666
2	359	roadmap_epigenomics	139.120655507464	3.87918612091262	9457	559	625	551	625	578	732	3060	919	roadmap_epigenomics H3K4me3	NA	NA	H3K4me3	NA	NA	E033-H3K4me3.narrowPeak	3.0432836766711e-139	42864
2	758	roadmap_epigenomics	139.116123260907	4.58070768985155	11011	560	359	108	560	342	1015	1506	636	roadmap_epigenomics H3K4me1	NA	NA	H3K4me1	NA	NA	E091-H3K4me1.narrowPeak	3.06971788136484e-139	214541
2	640	roadmap_epigenomics	139.016224370694	3.82944048658368	8822	561	643	663	663	622	634	3695	1017	roadmap_epigenomics H3K36me3	NA	NA	H3K36me3	NA	NA	E077-H3K36me3.narrowPeak	3.85675916273344e-139	271474
2	1078	roadmap_epigenomics	138.948014238326	3.85610548146832	9298	562	631	590	631	594	707	3219	944	roadmap_epigenomics H3K27ac	NA	NA	H3K27ac	NA	NA	E127-H3K27ac.narrowPeak	4.50463075930845e-139	94902
2	1046	roadmap_epigenomics	138.741974893336	4.25219603339792	10599	563	474	247	563	428	933	1918	718	roadmap_epigenomics H3K4me2	NA	NA	H3K4me2	NA	NA	E124-H3K4me2.narrowPeak	7.22647432048948e-139	77302
2	688	roadmap_epigenomics	138.710799185717	3.95982947222224	9892	564	590	451	590	535	805	2625	846	roadmap_epigenomics H3K4me3	NA	NA	H3K4me3	NA	NA	E083-H3K4me3.narrowPeak	7.75053108140083e-139	112073
2	1024	roadmap_epigenomics	138.643890564267	6.55640515305299	4423	565	56	946	946	522	127	8094	1524	roadmap_epigenomics H3K9me1	NA	NA	H3K9me1	NA	NA	E122-H3K9me1.narrowPeak	9.02548897083646e-139	25444
2	1072	roadmap_epigenomics	138.542479419854	4.03493878390528	7182	566	553	823	823	647	413	5335	1238	roadmap_epigenomics H3K79me2	NA	NA	H3K79me2	NA	NA	E126-H3K79me2.narrowPeak	1.13792568645162e-138	155850
2	805	roadmap_epigenomics	138.53397894933	3.82559300490928	9002	567	645	642	645	618	662	3515	989	roadmap_epigenomics H3K36me3	NA	NA	H3K36me3	NA	NA	E097-H3K36me3.narrowPeak	1.15837117962354e-138	343116
2	1080	roadmap_epigenomics	138.424269570866	3.81987562811293	8582	568	648	696	696	637	600	3935	1051	roadmap_epigenomics H3K36me3	NA	NA	H3K36me3	NA	NA	E127-H3K36me3.narrowPeak	1.48864740722496e-138	328717
2	820	roadmap_epigenomics	138.073653482205	3.81096011241237	8796	569	651	665	665	628	632	3721	1019	roadmap_epigenomics H3K36me3	NA	NA	H3K36me3	NA	NA	E099-H3K36me3.narrowPeak	3.33153210908291e-138	192233
2	835	roadmap_epigenomics	137.751675625912	3.80735621763604	8919	570	652	651	652	624	651	3598	1000	roadmap_epigenomics H3K36me3	NA	NA	H3K36me3	NA	NA	E101-H3K36me3.narrowPeak	6.98006184097105e-138	322521
2	137	roadmap_epigenomics	137.42379642728	4.6861740547356	11142	571	327	80	571	326	1046	1375	605	roadmap_epigenomics	NA	NA	NA	NA	NA	E008-DNase.macs2.narrowPeak	1.48244031254004e-137	244359
2	363	roadmap_epigenomics	137.25529884685	4.95848590386367	11343	572	252	45	572	290	1091	1174	560	roadmap_epigenomics	NA	NA	NA	NA	NA	E034-DNase.macs2.narrowPeak	2.181297372759e-137	416560
2	128	roadmap_epigenomics	137.25221352495	4.5388251420479	11009	573	375	109	573	352	1018	1508	633	roadmap_epigenomics H3K4me2	NA	NA	H3K4me2	NA	NA	E007-H3K4me2.narrowPeak	2.19301501408722e-137	143005
2	187	roadmap_epigenomics	137.076457062317	3.79180757510641	8667	574	658	686	686	639	615	3850	1036	roadmap_epigenomics H3K36me3	NA	NA	H3K36me3	NA	NA	E012-H3K36me3.narrowPeak	3.28126115520269e-137	226301
2	818	roadmap_epigenomics	136.754144576758	3.7994544023416	8320	575	653	728	728	652	566	4197	1085	roadmap_epigenomics H3K27ac	NA	NA	H3K27ac	NA	NA	E099-H3K27ac.narrowPeak	6.88014087043712e-137	75578
2	441	roadmap_epigenomics	136.628175361099	4.42303929288908	10897	576	418	146	576	380	996	1620	655	roadmap_epigenomics H3K4me1	NA	NA	H3K4me1	NA	NA	E046-H3K4me1.narrowPeak	9.17934953477854e-137	167778
2	1039	roadmap_epigenomics	136.362670431335	4.78569525933661	5587	577	292	892	892	587	238	6930	1413	roadmap_epigenomics H4K20me1	NA	NA	H4K20me1	NA	NA	E123-H4K20me1.narrowPeak	1.68874278843687e-136	56074
2	241	roadmap_epigenomics	136.218129206121	3.79421814538913	8248	578	657	734	734	656	557	4269	1094	roadmap_epigenomics H3K79me2	NA	NA	H3K79me2	NA	NA	E017-H3K79me2.narrowPeak	2.35154182382694e-136	283453
2	136	roadmap_epigenomics	136.019346853516	4.37322192736963	10852	579	435	154	579	389	988	1665	663	roadmap_epigenomics	NA	NA	NA	NA	NA	E008-DNase.hotspot.fdr0.01.peaks.bed	3.71008905814539e-136	189915
2	331	roadmap_epigenomics	135.893541475535	4.19746202316203	10602	580	494	246	580	440	939	1915	712	roadmap_epigenomics H3K4me1	NA	NA	H3K4me1	NA	NA	E029-H3K4me1.narrowPeak	4.94812067667232e-136	142027
2	1022	roadmap_epigenomics	135.890156065991	3.99400221700684	7101	581	572	832	832	662	408	5416	1243	roadmap_epigenomics H3K79me2	NA	NA	H3K79me2	NA	NA	E122-H3K79me2.narrowPeak	4.97825975635684e-136	181682
2	68	roadmap_epigenomics	135.73729264984	3.8725620603828	9763	582	626	486	626	565	789	2754	862	roadmap_epigenomics H2AK5ac	NA	NA	H2AK5ac	NA	NA	E005-H2AK5ac.narrowPeak	7.06633328937916e-136	229817
2	1010	roadmap_epigenomics	135.701270133042	3.84502880904776	7745	583	636	787	787	669	490	4772	1161	roadmap_epigenomics H3K79me2	NA	NA	H3K79me2	NA	NA	E121-H3K79me2.narrowPeak	7.66427473455556e-136	258600
2	968	roadmap_epigenomics	135.489630814646	3.76543505935631	8493	584	670	707	707	654	593	4024	1058	roadmap_epigenomics H3K27ac	NA	NA	H3K27ac	NA	NA	E118-H3K27ac.narrowPeak	1.2455641223267e-135	71755
2	1049	roadmap_epigenomics	135.254054357414	3.97101735848068	10140	585	585	388	585	519	855	2377	796	roadmap_epigenomics H3K9ac	NA	NA	H3K9ac	NA	NA	E124-H3K9ac.narrowPeak	2.13894456163515e-135	72690
2	312	roadmap_epigenomics	135.165508424456	3.78984978919354	9339	586	659	581	659	609	721	3178	930	roadmap_epigenomics H3K36me3	NA	NA	H3K36me3	NA	NA	E027-H3K36me3.narrowPeak	2.6182053831291e-135	455177
2	620	roadmap_epigenomics	135.080246110354	3.7854118545666	8094	587	661	747	747	665	538	4423	1113	roadmap_epigenomics H3K36me3	NA	NA	H3K36me3	NA	NA	E074-H3K36me3.narrowPeak	3.18072073709682e-135	154097
2	920	roadmap_epigenomics	134.900183099716	3.83598458322248	9663	588	640	507	640	578	774	2854	877	roadmap_epigenomics H2A.Z	NA	NA	H2A.Z	NA	NA	E114-H2A.Z.narrowPeak	4.8067255527e-135	88217
2	459	roadmap_epigenomics	134.851160716117	3.75166940983576	8526	589	675	705	705	656	599	3991	1052	roadmap_epigenomics H3K36me3	NA	NA	H3K36me3	NA	NA	E049-H3K36me3.narrowPeak	5.37197200823222e-135	236300
2	974	roadmap_epigenomics	134.80251421807	4.22380380649985	6403	590	483	862	862	645	328	6114	1323	roadmap_epigenomics H3K79me2	NA	NA	H3K79me2	NA	NA	E118-H3K79me2.narrowPeak	5.99851186490068e-135	97080
2	306	roadmap_epigenomics	134.758413426698	3.75723611363586	8356	591	673	723	723	662	575	4161	1076	roadmap_epigenomics H3K36me3	NA	NA	H3K36me3	NA	NA	E026-H3K36me3.narrowPeak	6.6284020711805e-135	262442
2	55	roadmap_epigenomics	134.75486331799	3.89703779058209	9934	592	618	436	618	549	820	2583	831	roadmap_epigenomics H3K4ac	NA	NA	H3K4ac	NA	NA	E004-H3K4ac.narrowPeak	6.67151900017445e-135	176127
2	1100	roadmap_epigenomics	134.673835953758	6.27886356657414	4419	593	70	947	947	537	132	8098	1519	roadmap_epigenomics H4K20me1	NA	NA	H4K20me1	NA	NA	E128-H4K20me1.narrowPeak	8.02636868440738e-135	29799
2	317	roadmap_epigenomics	134.639526458302	3.78952540131956	9414	594	660	559	660	604	734	3103	917	roadmap_epigenomics	NA	NA	NA	NA	NA	E028-DNase.hotspot.all.peaks.bed	8.67155231756719e-135	103263
2	1042	roadmap_epigenomics	134.590635595839	3.79461442004857	9457	595	656	551	656	601	741	3060	910	roadmap_epigenomics H3K27ac	NA	NA	H3K27ac	NA	NA	E124-H3K27ac.narrowPeak	9.68851442828872e-135	154618
2	790	roadmap_epigenomics	134.258869956806	3.73732494929053	8656	596	679	688	688	654	619	3861	1032	roadmap_epigenomics H3K36me3	NA	NA	H3K36me3	NA	NA	E095-H3K36me3.narrowPeak	2.07631640519011e-134	283237
2	358	roadmap_epigenomics	134.169480557743	3.74633735561373	9063	597	677	627	677	634	680	3454	971	roadmap_epigenomics H3K4me1	NA	NA	H3K4me1	NA	NA	E033-H3K4me1.narrowPeak	2.5465655700428e-134	131462
2	63	roadmap_epigenomics	133.884075447687	3.83057382358265	9729	598	642	498	642	579	787	2788	864	roadmap_epigenomics H4K8ac	NA	NA	H4K8ac	NA	NA	E004-H4K8ac.narrowPeak	4.9049334611697e-134	131576
2	1073	roadmap_epigenomics	133.704311650901	3.72677556426	8771	599	682	670	682	650	637	3746	1014	roadmap_epigenomics H3K9ac	NA	NA	H3K9ac	NA	NA	E126-H3K9ac.narrowPeak	7.4074934926918e-134	50757
2	541	roadmap_epigenomics	133.651469197587	3.7254057754167	8716	600	683	677	683	653	629	3801	1022	roadmap_epigenomics H3K36me3	NA	NA	H3K36me3	NA	NA	E061-H3K36me3.narrowPeak	8.35197727446286e-134	295294
2	1108	roadmap_epigenomics	133.28600896672	3.77322181235236	7883	601	666	769	769	679	513	4634	1138	roadmap_epigenomics H3K79me2	NA	NA	H3K79me2	NA	NA	E129-H3K79me2.narrowPeak	1.93431105185843e-133	217609
2	811	roadmap_epigenomics	133.144132985197	4.78637755585797	11293	602	290	53	602	315	1087	1224	564	roadmap_epigenomics	NA	NA	NA	NA	NA	E098-DNase.macs2.narrowPeak	2.67719666587588e-133	349441
2	691	roadmap_epigenomics	133.114283504189	3.76633271951349	9451	603	669	555	669	609	743	3066	908	roadmap_epigenomics	NA	NA	NA	NA	NA	E084-DNase.hotspot.all.peaks.bed	2.86291817472533e-133	97138
2	842	roadmap_epigenomics	133.015281700506	3.71321191405696	8680	604	685	685	685	658	625	3837	1026	roadmap_epigenomics H3K36me3	NA	NA	H3K36me3	NA	NA	E102-H3K36me3.narrowPeak	3.5899724256137e-133	305308
2	982	roadmap_epigenomics	132.997764118732	3.82675574881257	7520	605	644	801	801	683	466	4997	1185	roadmap_epigenomics H3K36me3	NA	NA	H3K36me3	NA	NA	E119-H3K36me3.narrowPeak	3.73155853484038e-133	199445
2	413	roadmap_epigenomics	132.868813174999	3.71076105387731	8630	606	686	690	690	661	618	3887	1033	roadmap_epigenomics H3K36me3	NA	NA	H3K36me3	NA	NA	E042-H3K36me3.narrowPeak	5.01330298782223e-133	199452
2	230	roadmap_epigenomics	132.841799306938	3.71733614156822	8993	607	684	643	684	645	672	3524	979	roadmap_epigenomics H3K18ac	NA	NA	H3K18ac	NA	NA	E017-H3K18ac.narrowPeak	5.32625253504171e-133	266971
2	44	roadmap_epigenomics	132.797186160951	4.43792561836156	11003	608	413	112	608	378	1025	1514	626	roadmap_epigenomics	NA	NA	NA	NA	NA	E004-DNase.hotspot.fdr0.01.peaks.bed	5.89277707157971e-133	238986
2	759	roadmap_epigenomics	132.775779949512	3.76491346958766	9484	609	671	543	671	608	749	3033	902	roadmap_epigenomics H3K4me3	NA	NA	H3K4me3	NA	NA	E091-H3K4me3.narrowPeak	6.18034202254365e-133	33481
2	127	roadmap_epigenomics	132.546484409202	3.9456674218353	10211	610	594	369	610	524	873	2306	778	roadmap_epigenomics H3K4me1	NA	NA	H3K4me1	NA	NA	E007-H3K4me1.narrowPeak	1.04615372968379e-132	262404
2	672	roadmap_epigenomics	132.417880748879	3.70718867226188	8429	611	688	715	715	671	590	4088	1061	roadmap_epigenomics H3K4me3	NA	NA	H3K4me3	NA	NA	E081-H3K4me3.narrowPeak	1.40439020827264e-132	47518
2	752	roadmap_epigenomics	132.054036130029	3.82161257962267	9838	612	647	471	647	577	809	2679	842	roadmap_epigenomics	NA	NA	NA	NA	NA	E091-DNase.hotspot.all.peaks.bed	3.24057591417642e-132	111776
2	518	roadmap_epigenomics	131.949156905002	4.56510681293388	11142	613	364	80	613	352	1056	1375	595	roadmap_epigenomics	NA	NA	NA	NA	NA	E057-DNase.macs2.narrowPeak	4.11900550518338e-132	290255
2	149	roadmap_epigenomics	131.931644263977	3.84650634513648	9942	614	635	432	635	560	827	2575	824	roadmap_epigenomics H3K27ac	NA	NA	H3K27ac	NA	NA	E008-H3K27ac.narrowPeak	4.28151151919285e-132	220688
2	517	roadmap_epigenomics	131.790703985045	4.18422983553134	10711	615	502	204	615	440	968	1806	683	roadmap_epigenomics	NA	NA	NA	NA	NA	E057-DNase.hotspot.fdr0.01.peaks.bed	5.91331005457895e-132	209886
2	1097	roadmap_epigenomics	131.552257866723	3.83663947933004	7317	616	639	817	817	691	443	5200	1208	roadmap_epigenomics H3K79me2	NA	NA	H3K79me2	NA	NA	E128-H3K79me2.narrowPeak	1.02228308064554e-131	160134
2	1027	roadmap_epigenomics	131.54892410285	4.59015343901752	11171	617	355	73	617	348	1063	1346	588	roadmap_epigenomics	NA	NA	NA	NA	NA	E123-DNase.macs2.narrowPeak	1.02849097482239e-131	341769
2	47	roadmap_epigenomics	131.136776397757	3.68774544195609	9036	618	694	635	694	649	682	3481	969	roadmap_epigenomics H2BK120ac	NA	NA	H2BK120ac	NA	NA	E004-H2BK120ac.narrowPeak	2.65243578848842e-131	149531
2	770	roadmap_epigenomics	131.118214831504	3.75835290381215	9623	619	672	515	672	602	775	2894	876	roadmap_epigenomics	NA	NA	NA	NA	NA	E093-DNase.hotspot.all.peaks.bed	2.76378510159665e-131	86221
2	1101	roadmap_epigenomics	131.114804572153	3.84849446476408	10002	620	634	419	634	558	839	2515	812	roadmap_epigenomics H2A.Z	NA	NA	H2A.Z	NA	NA	E129-H2A.Z.narrowPeak	2.78108005379798e-131	144805
2	562	roadmap_epigenomics	131.055620051898	3.73484361575406	7820	621	681	774	774	692	509	4697	1142	roadmap_epigenomics H3K4me1	NA	NA	H3K4me1	NA	NA	E065-H3K4me1.narrowPeak	3.1819847935025e-131	190844
2	594	roadmap_epigenomics	131.037684922668	3.7474895142564	7729	622	676	790	790	696	497	4788	1154	roadmap_epigenomics H3K36me3	NA	NA	H3K36me3	NA	NA	E070-H3K36me3.narrowPeak	3.31081142017243e-131	132982
2	56	roadmap_epigenomics	131.033907804344	3.82483017784456	7317	623	646	817	817	695	444	5200	1207	roadmap_epigenomics H3K4me1	NA	NA	H3K4me1	NA	NA	E004-H3K4me1.narrowPeak	3.33437085265251e-131	125993
2	182	roadmap_epigenomics	130.806057687913	4.0974109108088	10603	624	532	245	624	467	949	1914	702	roadmap_epigenomics H3K4me3	NA	NA	H3K4me3	NA	NA	E011-H3K4me3.narrowPeak	5.6255821925988e-131	131844
2	655	roadmap_epigenomics	130.610251036132	3.96062858484475	10339	625	588	337	625	517	900	2178	751	roadmap_epigenomics H3K4me3	NA	NA	H3K4me3	NA	NA	E079-H3K4me3.narrowPeak	8.81614447219059e-131	56303
2	978	roadmap_epigenomics	130.141236783121	4.48208631599702	11103	626	398	88	626	371	1051	1414	600	roadmap_epigenomics	NA	NA	NA	NA	NA	E119-DNase.macs2.narrowPeak	2.59178299209765e-130	292840
2	448	roadmap_epigenomics	129.96903193036	3.70174341276597	9405	627	691	567	691	628	742	3112	909	roadmap_epigenomics H3K4me3	NA	NA	H3K4me3	NA	NA	E047-H3K4me3.narrowPeak	3.84689454135401e-130	39614
2	467	roadmap_epigenomics	129.721085102243	3.70921259473842	9489	628	687	542	687	619	756	3028	895	roadmap_epigenomics H3K27ac	NA	NA	H3K27ac	NA	NA	E050-H3K27ac.narrowPeak	6.79774714184557e-130	105551
2	26	roadmap_epigenomics	129.674233045616	3.78064480677911	9851	629	664	469	664	587	816	2666	835	roadmap_epigenomics H3K23me2	NA	NA	H3K23me2	NA	NA	E003-H3K23me2.narrowPeak	7.56007424985509e-130	95590
2	191	roadmap_epigenomics	129.610151657236	3.66219755609025	9081	630	700	624	700	651	692	3436	959	roadmap_epigenomics H3K27ac	NA	NA	H3K27ac	NA	NA	E013-H3K27ac.narrowPeak	8.74817667354911e-130	139221
2	147	roadmap_epigenomics	129.606403234317	3.67814147307254	8051	631	695	752	752	693	543	4466	1108	roadmap_epigenomics H3K23ac	NA	NA	H3K23ac	NA	NA	E008-H3K23ac.narrowPeak	8.81002535628955e-130	83775
2	814	roadmap_epigenomics	129.336169088353	3.78530650347695	9894	632	662	450	662	581	824	2623	827	roadmap_epigenomics H3K36me3	NA	NA	H3K36me3	NA	NA	E098-H3K36me3.narrowPeak	1.63879105691788e-129	278364
2	130	roadmap_epigenomics	129.316489560973	3.95620603376268	10385	633	591	328	633	517	911	2132	740	roadmap_epigenomics H3K79me1	NA	NA	H3K79me1	NA	NA	E007-H3K79me1.narrowPeak	1.71205014564097e-129	189229
2	129	roadmap_epigenomics	129.24457480699	4.06950706567271	10608	634	545	242	634	474	953	1909	698	roadmap_epigenomics H3K4me3	NA	NA	H3K4me3	NA	NA	E007-H3K4me3.narrowPeak	2.01718480034344e-129	87807
2	403	roadmap_epigenomics	128.797397972902	3.67813820895445	9390	635	696	572	696	634	742	3127	909	roadmap_epigenomics H3K4me3	NA	NA	H3K4me3	NA	NA	E040-H3K4me3.narrowPeak	5.63946692281233e-129	63472
2	816	roadmap_epigenomics	128.281035995201	3.92173646845568	10352	636	603	333	636	524	907	2165	744	roadmap_epigenomics H3K4me3	NA	NA	H3K4me3	NA	NA	E098-H3K4me3.narrowPeak	1.84891370254253e-128	57291
2	405	roadmap_epigenomics	128.201086813531	3.64685148131356	9211	637	703	609	703	650	715	3306	936	roadmap_epigenomics H3K27ac	NA	NA	H3K27ac	NA	NA	E041-H3K27ac.narrowPeak	2.2191338908226e-128	106442
2	1018	roadmap_epigenomics	128.063030887921	3.84407962446954	6963	638	637	838	838	704	406	5554	1245	roadmap_epigenomics H3K36me3	NA	NA	H3K36me3	NA	NA	E122-H3K36me3.narrowPeak	3.04479589399513e-128	156941
2	327	roadmap_epigenomics	127.929766548459	4.04184679458682	10605	639	550	244	639	478	955	1912	696	roadmap_epigenomics	NA	NA	NA	NA	NA	E029-DNase.macs2.narrowPeak	4.13182905530669e-128	209063
2	227	roadmap_epigenomics	127.870289220603	4.32304977025647	5816	640	450	882	882	657	276	6701	1375	roadmap_epigenomics H2BK20ac	NA	NA	H2BK20ac	NA	NA	E017-H2BK20ac.narrowPeak	4.73086502335061e-128	200922
2	913	roadmap_epigenomics	127.738565118727	3.77916042750374	9980	641	665	421	665	576	842	2537	809	roadmap_epigenomics H3K27ac	NA	NA	H3K27ac	NA	NA	E113-H3K27ac.narrowPeak	6.39715102418861e-128	130427
2	384	roadmap_epigenomics	127.414271741947	3.6528076355912	9391	642	702	570	702	638	745	3126	906	roadmap_epigenomics H3K4me3	NA	NA	H3K4me3	NA	NA	E037-H3K4me3.narrowPeak	1.34773026747102e-127	49554
2	473	roadmap_epigenomics	127.337581263993	3.85054790176343	10220	643	633	365	643	547	885	2297	766	roadmap_epigenomics	NA	NA	NA	NA	NA	E051-DNase.hotspot.all.peaks.bed	1.60552663605865e-127	105226
2	979	roadmap_epigenomics	127.039514918646	3.91615376826571	10393	644	606	324	644	525	917	2124	734	roadmap_epigenomics H2A.Z	NA	NA	H2A.Z	NA	NA	E119-H2A.Z.narrowPeak	3.1842632595037e-127	137376
2	257	roadmap_epigenomics	126.760394481651	3.66929095721498	7649	645	699	794	794	713	495	4868	1156	roadmap_epigenomics H3K36me3	NA	NA	H3K36me3	NA	NA	E019-H3K36me3.narrowPeak	6.04582477068431e-127	162030
2	362	roadmap_epigenomics	126.565135120928	3.73605899325829	9902	646	680	447	680	591	831	2615	820	roadmap_epigenomics	NA	NA	NA	NA	NA	E034-DNase.hotspot.fdr0.01.peaks.bed	9.46328921270035e-127	107036
2	786	roadmap_epigenomics	126.470298384531	4.03175267028592	10637	647	554	230	647	477	964	1880	687	roadmap_epigenomics H3K4me3	NA	NA	H3K4me3	NA	NA	E094-H3K4me3.narrowPeak	1.17545792058073e-126	87979
2	429	roadmap_epigenomics	126.41027666009	3.59271257998222	8906	648	715	653	715	672	672	3611	979	roadmap_epigenomics H3K27ac	NA	NA	H3K27ac	NA	NA	E045-H3K27ac.narrowPeak	1.34759095071992e-126	75442
2	1112	ucsc_features	126.314829412437	3.62373031955495	9320	649	707	585	707	647	736	3197	915	UCSC CpG islands	NA	NA	NA	NA	NA	cpgIslandExt.bed	1.67623784902129e-126	28633
2	895	roadmap_epigenomics	126.201194696061	3.64171390128769	7762	650	705	780	780	712	511	4755	1140	roadmap_epigenomics H3K36me3	NA	NA	H3K36me3	NA	NA	E110-H3K36me3.narrowPeak	2.17421105296893e-126	86270
2	9	roadmap_epigenomics	126.08606453809	3.64354791958396	7730	651	704	789	789	715	507	4787	1144	roadmap_epigenomics H3K4me1	NA	NA	H3K4me1	NA	NA	E002-H3K4me1.narrowPeak	2.82985527465382e-126	155088
2	449	roadmap_epigenomics	126.061960741437	3.81913282308393	10200	652	649	371	652	557	884	2317	767	roadmap_epigenomics H3K9ac	NA	NA	H3K9ac	NA	NA	E047-H3K9ac.narrowPeak	2.98676748470011e-126	147914
2	355	roadmap_epigenomics	125.878605741848	4.42462122431017	11136	653	417	82	653	384	1066	1381	585	roadmap_epigenomics	NA	NA	NA	NA	NA	E033-DNase.macs2.narrowPeak	4.54873701458559e-126	279354
2	36	roadmap_epigenomics	125.877253902406	3.61860443427297	7892	654	709	766	766	710	529	4625	1122	roadmap_epigenomics H3K79me2	NA	NA	H3K79me2	NA	NA	E003-H3K79me2.narrowPeak	4.5559411040544e-126	125042
2	270	roadmap_epigenomics	125.791449762475	4.2575580518281	10968	655	470	131	655	419	1031	1549	620	roadmap_epigenomics	NA	NA	NA	NA	NA	E021-DNase.hotspot.fdr0.01.peaks.bed	5.54266575215671e-126	182710
2	1015	roadmap_epigenomics	125.287984984126	3.70403304893587	9869	656	690	457	690	601	828	2648	823	roadmap_epigenomics H2A.Z	NA	NA	H2A.Z	NA	NA	E122-H2A.Z.narrowPeak	1.76409077303902e-125	124665
2	526	roadmap_epigenomics	125.266492639235	3.56571211568337	8647	657	724	689	724	690	636	3870	1015	roadmap_epigenomics H3K36me3	NA	NA	H3K36me3	NA	NA	E058-H3K36me3.narrowPeak	1.85076698251681e-125	288215
2	14	roadmap_epigenomics	125.103228131671	4.2206928021539	10942	658	486	138	658	427	1027	1575	624	roadmap_epigenomics	NA	NA	NA	NA	NA	E003-DNase.hotspot.fdr0.01.peaks.bed	2.69126043430364e-125	181790
2	390	roadmap_epigenomics	125.03670241694	3.61793783535773	9454	659	710	554	710	641	760	3063	891	roadmap_epigenomics H3K4me3	NA	NA	H3K4me3	NA	NA	E038-H3K4me3.narrowPeak	3.13200120439631e-125	51910
2	1090	roadmap_epigenomics	125.032618264474	3.59397939957064	9265	660	714	595	714	656	730	3252	921	roadmap_epigenomics H2A.Z	NA	NA	H2A.Z	NA	NA	E128-H2A.Z.narrowPeak	3.15680351811342e-125	88185
2	24	roadmap_epigenomics	124.904202249009	3.7692743892602	10119	661	668	396	668	575	872	2398	779	roadmap_epigenomics H3K18ac	NA	NA	H3K18ac	NA	NA	E003-H3K18ac.narrowPeak	4.23648861300456e-125	249755
2	11	roadmap_epigenomics	124.859207264325	3.7723167262115	6945	662	667	842	842	724	410	5572	1241	roadmap_epigenomics H3K9ac	NA	NA	H3K9ac	NA	NA	E002-H3K9ac.narrowPeak	4.69185409485154e-125	18733
2	516	roadmap_epigenomics	124.681424391493	3.56671232737723	9021	663	723	638	723	675	693	3496	958	roadmap_epigenomics	NA	NA	NA	NA	NA	E057-DNase.hotspot.all.peaks.bed	7.05459087087284e-125	102170
2	797	roadmap_epigenomics	124.423773451053	4.36376123136554	11109	664	438	85	664	396	1063	1408	588	roadmap_epigenomics H3K4me1	NA	NA	H3K4me1	NA	NA	E096-H3K4me1.narrowPeak	1.27487681036527e-124	317595
2	1033	roadmap_epigenomics	124.374398884068	3.78453134383618	10192	665	663	374	665	567	886	2325	765	roadmap_epigenomics H3K4me2	NA	NA	H3K4me2	NA	NA	E123-H3K4me2.narrowPeak	1.42622886763943e-124	93300
2	221	roadmap_epigenomics	124.216613530966	3.88789164784237	10449	666	623	304	666	531	933	2068	718	roadmap_epigenomics H2A.Z	NA	NA	H2A.Z	NA	NA	E017-H2A.Z.narrowPeak	2.04796246098973e-124	121643
2	1026	roadmap_epigenomics	123.990857840011	5.99902154590758	4196	667	91	967	967	575	128	8321	1523	roadmap_epigenomics H4K20me1	NA	NA	H4K20me1	NA	NA	E122-H4K20me1.narrowPeak	3.43895171416908e-124	49461
2	368	roadmap_epigenomics	123.851138751394	3.58550860151602	9376	668	718	576	718	654	750	3141	901	roadmap_epigenomics H3K4me3	NA	NA	H3K4me3	NA	NA	E034-H3K4me3.narrowPeak	4.73690350727305e-124	37067
2	773	roadmap_epigenomics	123.669970002786	3.56910222101753	9266	669	722	594	722	662	733	3251	918	roadmap_epigenomics H3K27ac	NA	NA	H3K27ac	NA	NA	E093-H3K27ac.narrowPeak	7.17816821317071e-124	114812
2	943	roadmap_epigenomics	123.43853174246	3.5848550636092	9427	670	720	556	720	649	759	3090	892	roadmap_epigenomics H2A.Z	NA	NA	H2A.Z	NA	NA	E116-H2A.Z.narrowPeak	1.22124614762837e-123	84270
2	144	roadmap_epigenomics	123.273675383611	3.57295840622299	7830	671	721	773	773	722	526	4687	1125	roadmap_epigenomics H2BK5ac	NA	NA	H2BK5ac	NA	NA	E008-H2BK5ac.narrowPeak	1.78242739383413e-123	66830
2	1034	roadmap_epigenomics	123.193547359417	3.60836797791161	9603	672	712	520	712	635	788	2914	863	roadmap_epigenomics H3K4me3	NA	NA	H3K4me3	NA	NA	E123-H3K4me3.narrowPeak	2.14039101620189e-123	62691
2	345	roadmap_epigenomics	122.87232687032	3.70586703066852	10038	673	689	411	689	591	862	2479	789	roadmap_epigenomics	NA	NA	NA	NA	NA	E032-DNase.hotspot.fdr0.01.peaks.bed	4.47783222436935e-123	114529
2	1084	roadmap_epigenomics	122.555872618012	3.59004591683545	7584	674	716	799	799	730	495	4933	1156	roadmap_epigenomics H3K79me2	NA	NA	H3K79me2	NA	NA	E127-H3K79me2.narrowPeak	9.265678721371e-123	203560
2	654	roadmap_epigenomics	122.547170965984	4.09321461019128	10848	675	537	156	675	456	1013	1669	638	roadmap_epigenomics H3K4me1	NA	NA	H3K4me1	NA	NA	E079-H3K4me1.narrowPeak	9.43919619622203e-123	257474
2	140	roadmap_epigenomics	122.406774014792	3.51704705996377	8877	676	729	659	729	688	676	3640	975	roadmap_epigenomics H2BK120ac	NA	NA	H2BK120ac	NA	NA	E008-H2BK120ac.narrowPeak	1.302234033126e-122	97781
2	279	roadmap_epigenomics	122.286892722717	4.19341851903809	10979	677	495	123	677	432	1040	1538	611	roadmap_epigenomics	NA	NA	NA	NA	NA	E022-DNase.hotspot.fdr0.01.peaks.bed	1.71367460329869e-122	191448
2	798	roadmap_epigenomics	122.251705186568	3.85530942702316	10460	678	632	299	678	536	939	2057	712	roadmap_epigenomics H3K4me3	NA	NA	H3K4me3	NA	NA	E096-H3K4me3.narrowPeak	1.85555944267217e-122	96300
2	474	roadmap_epigenomics	122.192369926576	3.91633928961866	10582	679	605	252	679	512	962	1935	689	roadmap_epigenomics	NA	NA	NA	NA	NA	E051-DNase.hotspot.fdr0.01.peaks.bed	2.1240759961372e-122	133410
2	354	roadmap_epigenomics	121.995927863859	3.65724964768825	9923	680	701	441	701	607	844	2594	807	roadmap_epigenomics	NA	NA	NA	NA	NA	E033-DNase.hotspot.fdr0.01.peaks.bed	3.3340566543949e-122	108321
2	569	roadmap_epigenomics	121.614543641027	3.75401271984849	10250	681	674	360	681	572	902	2267	749	roadmap_epigenomics H3K4me3	NA	NA	H3K4me3	NA	NA	E066-H3K4me3.narrowPeak	8.01159522408305e-122	92061
2	944	roadmap_epigenomics	121.528987630866	3.50083703164463	8878	682	733	658	733	691	678	3639	973	roadmap_epigenomics H3K27ac	NA	NA	H3K27ac	NA	NA	E116-H3K27ac.narrowPeak	9.74176718705493e-122	78915
2	1077	roadmap_epigenomics	121.246385561605	3.63953985255069	9908	683	706	446	706	612	843	2609	808	roadmap_epigenomics H2A.Z	NA	NA	H2A.Z	NA	NA	E127-H2A.Z.narrowPeak	1.86467645308915e-121	137462
2	346	roadmap_epigenomics	121.015028948514	4.50441647595598	11292	684	387	55	684	375	1109	1225	542	roadmap_epigenomics	NA	NA	NA	NA	NA	E032-DNase.macs2.narrowPeak	3.17193808662358e-121	359211
2	775	roadmap_epigenomics	120.825852825854	3.48796930514438	8289	685	737	733	737	718	594	4228	1057	roadmap_epigenomics H3K36me3	NA	NA	H3K36me3	NA	NA	E093-H3K36me3.narrowPeak	4.8962812294315e-121	312106
2	393	roadmap_epigenomics	120.751350322067	3.48778907332347	8907	686	738	652	738	692	684	3610	967	roadmap_epigenomics H3K27ac	NA	NA	H3K27ac	NA	NA	E039-H3K27ac.narrowPeak	5.80410571697821e-121	79843
2	622	roadmap_epigenomics	120.667108167858	3.90079450867351	10608	687	614	242	687	514	970	1909	681	roadmap_epigenomics H3K4me3	NA	NA	H3K4me3	NA	NA	E074-H3K4me3.narrowPeak	7.03630808834309e-121	90281
2	829	roadmap_epigenomics	120.614882586668	3.51306776440077	7886	688	730	768	768	729	539	4631	1112	roadmap_epigenomics H3K36me3	NA	NA	H3K36me3	NA	NA	E100-H3K36me3.narrowPeak	7.92389527329425e-121	160205
2	436	roadmap_epigenomics	120.606192210254	3.61400925428752	9853	689	711	467	711	622	835	2664	816	roadmap_epigenomics	NA	NA	NA	NA	NA	E046-DNase.hotspot.fdr0.01.peaks.bed	8.07231907153016e-121	109868
2	146	roadmap_epigenomics	120.293424153101	3.68992879799311	10139	690	693	389	693	591	885	2378	766	roadmap_epigenomics H3K18ac	NA	NA	H3K18ac	NA	NA	E008-H3K18ac.narrowPeak	1.65629048934707e-120	148881
2	1065	roadmap_epigenomics	120.28439809232	3.50181833518483	9214	691	732	607	732	677	732	3303	919	roadmap_epigenomics H2A.Z	NA	NA	H2A.Z	NA	NA	E126-H2A.Z.narrowPeak	1.6886265457185e-120	69033
2	361	roadmap_epigenomics	119.598980758564	3.4957915986039	9275	692	735	593	735	673	743	3242	908	roadmap_epigenomics	NA	NA	NA	NA	NA	E034-DNase.hotspot.all.peaks.bed	8.17189727910177e-120	81127
2	520	roadmap_epigenomics	119.26467378599	3.46269009107269	8194	693	742	740	742	725	584	4323	1067	roadmap_epigenomics H3K36me3	NA	NA	H3K36me3	NA	NA	E057-H3K36me3.narrowPeak	1.76198712769735e-119	239831
2	45	roadmap_epigenomics	119.165745957882	4.483171706534	11308	694	397	51	694	381	1116	1209	535	roadmap_epigenomics	NA	NA	NA	NA	NA	E004-DNase.macs2.narrowPeak	2.20955249250972e-119	365365
2	464	roadmap_epigenomics	119.046135666558	3.66937377547301	10147	695	698	387	698	593	889	2370	762	roadmap_epigenomics	NA	NA	NA	NA	NA	E050-DNase.hotspot.all.peaks.bed	2.90595764975443e-119	104134
2	935	roadmap_epigenomics	119.022728676938	3.52216641523526	9543	696	728	527	728	650	787	2974	864	roadmap_epigenomics H3K4me1	NA	NA	H3K4me1	NA	NA	E115-H3K4me1.narrowPeak	3.06246994597172e-119	130919
2	455	roadmap_epigenomics	118.974718292014	3.49321697899145	9349	697	736	580	736	671	756	3168	895	roadmap_epigenomics H3K4me3	NA	NA	H3K4me3	NA	NA	E048-H3K4me3.narrowPeak	3.41553454209287e-119	54009
2	60	roadmap_epigenomics	118.785395840422	3.6714878320428	6780	698	697	850	850	748	402	5737	1249	roadmap_epigenomics H3K79me2	NA	NA	H3K79me2	NA	NA	E004-H3K79me2.narrowPeak	5.27422300707015e-119	172076
2	936	roadmap_epigenomics	118.426577523638	3.45853311758915	9111	699	743	619	743	687	720	3406	931	roadmap_epigenomics H3K4me2	NA	NA	H3K4me2	NA	NA	E115-H3K4me2.narrowPeak	1.20324773419553e-118	70834
2	275	roadmap_epigenomics	118.419660818801	3.46919951000051	9227	700	740	603	740	681	738	3290	913	roadmap_epigenomics H3K4me1	NA	NA	H3K4me1	NA	NA	E021-H3K4me1.narrowPeak	1.2208179132013e-118	187283
2	994	roadmap_epigenomics	118.252634556187	3.59894681509759	7026	701	713	836	836	750	433	5491	1218	roadmap_epigenomics H3K36me3	NA	NA	H3K36me3	NA	NA	E120-H3K36me3.narrowPeak	1.79084161478645e-118	156848
2	535	roadmap_epigenomics	117.82365791286	3.49716972516877	7540	702	734	800	800	745	499	4977	1152	roadmap_epigenomics H3K36me3	NA	NA	H3K36me3	NA	NA	E059-H3K36me3.narrowPeak	4.80191786051745e-118	98754
2	10	roadmap_epigenomics	117.604518886306	3.79586328259055	10522	703	655	272	703	543	960	1995	691	roadmap_epigenomics H3K4me3	NA	NA	H3K4me3	NA	NA	E002-H3K4me3.narrowPeak	7.94210346690843e-118	147544
2	753	roadmap_epigenomics	117.452039774912	4.08575130812443	10972	704	539	128	704	457	1048	1545	603	roadmap_epigenomics	NA	NA	NA	NA	NA	E091-DNase.hotspot.fdr0.01.peaks.bed	1.12667152391802e-117	214514
2	114	roadmap_epigenomics	117.118808210293	4.59977178497985	11420	705	351	30	705	362	1145	1097	506	roadmap_epigenomics	NA	NA	NA	NA	NA	E007-DNase.macs2.narrowPeak	2.42332925162465e-117	408460
2	998	roadmap_epigenomics	116.964366656468	3.62091875575383	6808	706	708	848	848	754	409	5709	1242	roadmap_epigenomics H3K79me2	NA	NA	H3K79me2	NA	NA	E120-H3K79me2.narrowPeak	3.45333248820645e-117	153900
2	411	roadmap_epigenomics	116.940882718355	3.40983380863356	8684	707	748	683	748	713	659	3833	992	roadmap_epigenomics H3K27ac	NA	NA	H3K27ac	NA	NA	E042-H3K27ac.narrowPeak	3.64005226788734e-117	68927
2	395	roadmap_epigenomics	116.916264354934	3.40896513242974	8470	708	749	714	749	724	628	4047	1023	roadmap_epigenomics H3K36me3	NA	NA	H3K36me3	NA	NA	E039-H3K36me3.narrowPeak	3.84691100420939e-117	205683
2	34	roadmap_epigenomics	116.856607205738	3.40762714081256	8490	709	750	710	750	723	631	4027	1020	roadmap_epigenomics H3K56ac	NA	NA	H3K56ac	NA	NA	E003-H3K56ac.narrowPeak	4.40713456282513e-117	86476
2	916	roadmap_epigenomics	116.057815904248	4.6097040539314	11442	710	347	26	710	361	1152	1075	499	roadmap_epigenomics H3K4me1	NA	NA	H3K4me1	NA	NA	E113-H3K4me1.narrowPeak	2.76907997489908e-116	347200
2	96	roadmap_epigenomics	115.678282553586	3.44350396955883	9424	711	744	557	744	671	775	3093	876	roadmap_epigenomics H2BK5ac	NA	NA	H2BK5ac	NA	NA	E006-H2BK5ac.narrowPeak	6.62609407586225e-116	169022
2	84	roadmap_epigenomics	115.643403960147	3.4410664628322	9411	712	745	560	745	672	773	3106	878	roadmap_epigenomics H3K9ac	NA	NA	H3K9ac	NA	NA	E005-H3K9ac.narrowPeak	7.17010966499986e-116	76244
2	475	roadmap_epigenomics	115.50288694596	4.56056161654363	11420	713	367	30	713	370	1148	1097	503	roadmap_epigenomics	NA	NA	NA	NA	NA	E051-DNase.macs2.narrowPeak	9.89539821837498e-116	314537
2	380	roadmap_epigenomics	115.295896550267	3.42279133146482	9318	714	746	586	746	682	759	3199	892	roadmap_epigenomics H3K27ac	NA	NA	H3K27ac	NA	NA	E037-H3K27ac.narrowPeak	1.59153058813759e-115	75646
2	81	roadmap_epigenomics	115.226383858555	3.79695730510965	10613	715	654	240	715	536	982	1904	669	roadmap_epigenomics H3K4me3	NA	NA	H3K4me3	NA	NA	E005-H3K4me3.narrowPeak	1.86517614172497e-115	88854
2	425	roadmap_epigenomics	114.924557087242	3.37757854808553	8228	716	756	736	756	736	598	4289	1053	roadmap_epigenomics H3K36me3	NA	NA	H3K36me3	NA	NA	E044-H3K36me3.narrowPeak	3.73198287628585e-115	227711
2	1032	roadmap_epigenomics	114.045445382885	3.46931309599797	9740	717	739	490	739	649	830	2777	821	roadmap_epigenomics H3K4me1	NA	NA	H3K4me1	NA	NA	E123-H3K4me1.narrowPeak	2.82127365450803e-114	169621
2	59	roadmap_epigenomics	113.934655305753	3.55018881048824	6807	718	726	849	849	764	415	5710	1236	roadmap_epigenomics H3K79me1	NA	NA	H3K79me1	NA	NA	E004-H3K79me1.narrowPeak	3.63605130000756e-114	133659
2	321	roadmap_epigenomics	113.69956515105	3.37945689966025	7837	719	755	772	772	749	547	4680	1104	roadmap_epigenomics H3K36me3	NA	NA	H3K36me3	NA	NA	E028-H3K36me3.narrowPeak	6.23901041325924e-114	214696
2	755	roadmap_epigenomics	113.165408613787	3.37124281499255	9199	720	758	612	758	697	745	3318	906	roadmap_epigenomics H3K27ac	NA	NA	H3K27ac	NA	NA	E091-H3K27ac.narrowPeak	2.13141806182665e-113	113281
2	15	roadmap_epigenomics	112.498250176589	4.4631079844686	11404	721	405	33	721	386	1150	1113	501	roadmap_epigenomics	NA	NA	NA	NA	NA	E003-DNase.macs2.narrowPeak	9.89063808557353e-113	339188
2	353	roadmap_epigenomics	112.329130743811	3.38920715790047	9466	722	754	548	754	675	789	3051	862	roadmap_epigenomics	NA	NA	NA	NA	NA	E033-DNase.hotspot.all.peaks.bed	1.45794724829059e-112	89092
2	465	roadmap_epigenomics	112.056239601734	3.83121136977563	10777	723	641	180	723	515	1020	1740	631	roadmap_epigenomics	NA	NA	NA	NA	NA	E050-DNase.hotspot.fdr0.01.peaks.bed	2.72917794430812e-112	156377
2	417	roadmap_epigenomics	111.951400315234	3.32302228182838	8189	724	765	742	765	744	599	4328	1052	roadmap_epigenomics H3K27ac	NA	NA	H3K27ac	NA	NA	E043-H3K27ac.narrowPeak	3.46953178500225e-112	65032
2	351	roadmap_epigenomics	111.88104656485	3.33501457122282	9051	725	763	632	763	707	725	3466	926	roadmap_epigenomics H3K4me3	NA	NA	H3K4me3	NA	NA	E032-H3K4me3.narrowPeak	4.07403898501314e-112	31423
2	41	roadmap_epigenomics	111.60321053789	4.86389712478797	11632	726	278	9	726	338	1205	885	446	roadmap_epigenomics H4K8ac	NA	NA	H4K8ac	NA	NA	E003-H4K8ac.narrowPeak	7.71369731783015e-112	371476
2	437	roadmap_epigenomics	111.555785874421	3.98351832804953	10998	727	579	117	727	474	1065	1519	586	roadmap_epigenomics	NA	NA	NA	NA	NA	E046-DNase.macs2.narrowPeak	8.59190500440867e-112	287236
2	951	roadmap_epigenomics	111.379874312048	3.30861074220399	8724	728	768	675	768	724	677	3793	974	roadmap_epigenomics H3K9ac	NA	NA	H3K9ac	NA	NA	E116-H3K9ac.narrowPeak	1.28648302632584e-111	50567
2	106	roadmap_epigenomics	111.175362214078	3.81413597581272	10778	729	650	179	729	519	1022	1739	629	roadmap_epigenomics H3K4me3	NA	NA	H3K4me3	NA	NA	E006-H3K4me3.narrowPeak	2.05740603552301e-111	112009
2	337	roadmap_epigenomics	111.172812861443	3.3735745461911	9500	730	757	537	757	675	797	3017	854	roadmap_epigenomics H3K4me3	NA	NA	H3K4me3	NA	NA	E030-H3K4me3.narrowPeak	2.06668377695392e-111	53793
2	423	roadmap_epigenomics	110.940449047876	3.29768110995664	8567	731	769	701	769	734	655	3950	996	roadmap_epigenomics H3K27ac	NA	NA	H3K27ac	NA	NA	E044-H3K27ac.narrowPeak	3.52406026834855e-111	85187
2	172	roadmap_epigenomics	110.934385664607	3.40062336467264	9681	732	752	502	752	662	827	2836	824	roadmap_epigenomics H2A.Z	NA	NA	H2A.Z	NA	NA	E010-H2A.Z.narrowPeak	3.56872436746144e-111	113363
2	158	roadmap_epigenomics	110.526953358753	3.90175482561343	5578	733	613	893	893	746	282	6939	1369	roadmap_epigenomics H3K79me2	NA	NA	H3K79me2	NA	NA	E008-H3K79me2.narrowPeak	9.10651942948528e-111	81576
2	435	roadmap_epigenomics	110.457533504225	3.34745006375427	9409	734	761	563	761	686	784	3108	867	roadmap_epigenomics	NA	NA	NA	NA	NA	E046-DNase.hotspot.all.peaks.bed	1.06703874132985e-110	88265
2	153	roadmap_epigenomics	110.18252129653	3.34654171338354	7485	735	762	805	805	767	508	5032	1143	roadmap_epigenomics H3K4me1	NA	NA	H3K4me1	NA	NA	E008-H3K4me1.narrowPeak	2.00724838107008e-110	135771
2	326	roadmap_epigenomics	109.90641167281	3.39504325436734	9746	736	753	487	753	659	840	2771	811	roadmap_epigenomics	NA	NA	NA	NA	NA	E029-DNase.hotspot.fdr0.01.peaks.bed	3.78547397506224e-110	127216
2	145	roadmap_epigenomics	109.653326069168	3.58546066425671	10394	737	719	323	737	593	953	2123	698	roadmap_epigenomics H3K14ac	NA	NA	H3K14ac	NA	NA	E008-H3K14ac.narrowPeak	6.77042910600569e-110	181023
2	1031	roadmap_epigenomics	109.468033149972	3.36019891507019	7279	738	760	819	819	772	483	5238	1168	roadmap_epigenomics H3K36me3	NA	NA	H3K36me3	NA	NA	E123-H3K36me3.narrowPeak	1.03590574145331e-109	190856
2	42	roadmap_epigenomics	108.804721365555	3.32412995949332	7439	739	764	811	811	771	505	5078	1146	roadmap_epigenomics H4K91ac	NA	NA	H4K91ac	NA	NA	E003-H4K91ac.narrowPeak	4.76479201180395e-109	106820
2	1047	roadmap_epigenomics	108.748816646251	3.527271051985	10289	740	727	352	740	606	936	2228	715	roadmap_epigenomics H3K4me3	NA	NA	H3K4me3	NA	NA	E124-H3K4me3.narrowPeak	5.41204483721369e-109	81682
2	939	roadmap_epigenomics	108.597467711992	3.25506742625183	8600	741	775	695	775	737	665	3917	986	roadmap_epigenomics H3K9ac	NA	NA	H3K9ac	NA	NA	E115-H3K9ac.narrowPeak	7.65814935362509e-109	45532
2	567	roadmap_epigenomics	108.177974098796	3.24775844160751	8621	742	778	692	778	737	669	3896	982	roadmap_epigenomics H3K36me3	NA	NA	H3K36me3	NA	NA	E066-H3K36me3.narrowPeak	2.00923968693563e-108	303329
2	754	roadmap_epigenomics	108.118194503044	4.79449666669395	11643	743	287	8	743	346	1214	874	437	roadmap_epigenomics	NA	NA	NA	NA	NA	E091-DNase.macs2.narrowPeak	2.30264207013246e-108	494002
2	386	roadmap_epigenomics	108.047572178196	3.24534004711243	8619	744	779	693	779	739	669	3898	982	roadmap_epigenomics H3K27ac	NA	NA	H3K27ac	NA	NA	E038-H3K27ac.narrowPeak	2.70560652848022e-108	50328
2	165	roadmap_epigenomics	107.895677553805	3.27318872204236	7743	745	772	788	788	768	547	4774	1104	roadmap_epigenomics H4K91ac	NA	NA	H4K91ac	NA	NA	E008-H4K91ac.narrowPeak	3.8333275054868e-108	81358
2	772	roadmap_epigenomics	107.734342521207	4.38110475169333	11426	746	430	29	746	402	1164	1091	487	roadmap_epigenomics	NA	NA	NA	NA	NA	E093-DNase.macs2.narrowPeak	5.55045266451599e-108	407437
2	466	roadmap_epigenomics	107.683464850012	4.38596399943135	11430	747	428	28	747	401	1165	1087	486	roadmap_epigenomics	NA	NA	NA	NA	NA	E050-DNase.macs2.narrowPeak	6.23195487654524e-108	329554
2	1029	roadmap_epigenomics	107.558587979201	3.23857736098955	8707	748	782	680	782	737	683	3810	968	roadmap_epigenomics H3K27ac	NA	NA	H3K27ac	NA	NA	E123-H3K27ac.narrowPeak	8.29698251493618e-108	72757
2	342	roadmap_epigenomics	107.455726366455	3.24418468688842	8887	749	781	657	781	729	710	3630	941	roadmap_epigenomics H3K4me3	NA	NA	H3K4me3	NA	NA	E031-H3K4me3.narrowPeak	1.05002966263337e-107	39890
2	713	roadmap_epigenomics	107.367710176723	3.36368701437832	6989	750	759	837	837	782	451	5528	1200	roadmap_epigenomics H3K36me3	NA	NA	H3K36me3	NA	NA	E086-H3K36me3.narrowPeak	1.28421669589854e-107	98059
2	451	roadmap_epigenomics	107.329914771092	3.24467732419542	8925	751	780	650	780	727	716	3592	935	roadmap_epigenomics H3K27ac	NA	NA	H3K27ac	NA	NA	E048-H3K27ac.narrowPeak	1.39912025478099e-107	60881
2	919	roadmap_epigenomics	106.826310180343	4.2768321987218	11369	752	465	41	752	419	1153	1148	498	roadmap_epigenomics	NA	NA	NA	NA	NA	E114-DNase.macs2.narrowPeak	4.45534901825147e-107	371330
2	344	roadmap_epigenomics	106.794637460929	3.25811007195061	9211	753	774	609	774	712	761	3306	890	roadmap_epigenomics	NA	NA	NA	NA	NA	E032-DNase.hotspot.all.peaks.bed	4.78605091917682e-107	81799
2	977	roadmap_epigenomics	106.766018024078	6.2631097434929	3518	754	73	1040	1040	622	97	8999	1554	roadmap_epigenomics H4K20me1	NA	NA	H4K20me1	NA	NA	E118-H4K20me1.narrowPeak	5.10528959169148e-107	34450
2	325	roadmap_epigenomics	106.557817232387	3.25419027295552	9214	755	776	607	776	713	762	3303	889	roadmap_epigenomics	NA	NA	NA	NA	NA	E029-DNase.hotspot.all.peaks.bed	8.23465801993406e-107	102960
2	1068	roadmap_epigenomics	106.026490285553	3.46580203258761	6402	756	741	863	863	787	383	6115	1268	roadmap_epigenomics H3K36me3	NA	NA	H3K36me3	NA	NA	E126-H3K36me3.narrowPeak	2.79510206377083e-106	102513
2	934	roadmap_epigenomics	105.925685695305	3.21668480739945	8006	757	785	757	785	766	587	4511	1064	roadmap_epigenomics H3K36me3	NA	NA	H3K36me3	NA	NA	E115-H3K36me3.narrowPeak	3.52069316482158e-106	329592
2	166	roadmap_epigenomics	105.460056322794	3.5105764636099	10405	758	731	316	758	602	964	2112	687	roadmap_epigenomics H2A.Z	NA	NA	H2A.Z	NA	NA	E009-H2A.Z.narrowPeak	1.02726909682779e-105	158512
2	561	roadmap_epigenomics	105.124029374173	3.27098627724413	7268	759	773	821	821	784	491	5249	1160	roadmap_epigenomics H3K36me3	NA	NA	H3K36me3	NA	NA	E065-H3K36me3.narrowPeak	2.22401955671897e-105	104024
2	1040	roadmap_epigenomics	104.991357620635	3.8721369195332	11031	760	627	103	760	497	1085	1486	566	roadmap_epigenomics	NA	NA	NA	NA	NA	E124-DNase.macs2.narrowPeak	3.0146613915016e-105	295595
2	108	roadmap_epigenomics	104.908232153877	3.74126405399087	10860	761	678	152	761	530	1051	1657	600	roadmap_epigenomics H3K9ac	NA	NA	H3K9ac	NA	NA	E006-H3K9ac.narrowPeak	3.64580084516714e-105	193085
2	1036	roadmap_epigenomics	104.325777346033	3.18195118395529	8759	762	786	671	786	740	698	3758	953	roadmap_epigenomics H3K9ac	NA	NA	H3K9ac	NA	NA	E123-H3K9ac.narrowPeak	1.39212244165274e-104	48136
2	25	roadmap_epigenomics	104.203410112931	3.98889152178465	5060	763	576	915	915	751	240	7457	1411	roadmap_epigenomics H3K23ac	NA	NA	H3K23ac	NA	NA	E003-H3K23ac.narrowPeak	1.84278683533156e-104	29392
2	1076	roadmap_epigenomics	103.236592274957	4.1382295802228	11328	764	518	47	764	443	1151	1189	500	roadmap_epigenomics	NA	NA	NA	NA	NA	E127-DNase.macs2.narrowPeak	1.70499895988702e-103	449247
2	932	roadmap_epigenomics	103.235681252568	3.155924390009	8356	765	790	723	790	759	642	4161	1009	roadmap_epigenomics H3K27ac	NA	NA	H3K27ac	NA	NA	E115-H3K27ac.narrowPeak	1.70634586435501e-103	105299
2	950	roadmap_epigenomics	103.006531101949	3.22892002477918	7255	766	783	822	822	790	494	5262	1157	roadmap_epigenomics H3K79me2	NA	NA	H3K79me2	NA	NA	E116-H3K79me2.narrowPeak	2.88835041229784e-103	158037
2	917	roadmap_epigenomics	102.867793049422	3.95305207635978	11170	767	593	74	767	478	1118	1347	533	roadmap_epigenomics H3K4me3	NA	NA	H3K4me3	NA	NA	E113-H3K4me3.narrowPeak	3.97028185151556e-103	195000
2	937	roadmap_epigenomics	102.68999772678	3.14669973082947	8563	768	792	702	792	754	673	3954	978	roadmap_epigenomics H3K4me3	NA	NA	H3K4me3	NA	NA	E115-H3K4me3.narrowPeak	5.97105133706544e-103	45841
2	442	roadmap_epigenomics	102.439465149399	3.16739412128054	9069	769	788	626	788	728	749	3448	902	roadmap_epigenomics H3K4me3	NA	NA	H3K4me3	NA	NA	E046-H3K4me3.narrowPeak	1.06174020400566e-102	33250
2	1037	roadmap_epigenomics	102.390750611285	4.11236888598073	4786	770	527	924	924	740	216	7731	1435	roadmap_epigenomics H3K9me1	NA	NA	H3K9me1	NA	NA	E123-H3K9me1.narrowPeak	1.18622866772195e-102	22183
2	399	roadmap_epigenomics	102.325368139692	3.13971535517001	8299	771	793	732	793	765	636	4218	1015	roadmap_epigenomics H3K27ac	NA	NA	H3K27ac	NA	NA	E040-H3K27ac.narrowPeak	1.3771689872689e-102	50690
2	547	roadmap_epigenomics	100.709902420727	3.11228595810853	8173	772	799	743	799	771	622	4344	1029	roadmap_epigenomics H3K36me3	NA	NA	H3K36me3	NA	NA	E062-H3K36me3.narrowPeak	5.6740091376074e-101	253984
2	1041	roadmap_epigenomics	100.011713618097	3.41876225075401	10433	773	747	310	773	610	981	2084	670	roadmap_epigenomics H2A.Z	NA	NA	H2A.Z	NA	NA	E124-H2A.Z.narrowPeak	2.82824247254235e-100	136897
2	163	roadmap_epigenomics	99.8962308375445	3.16626058103592	9460	774	789	549	789	704	816	3057	835	roadmap_epigenomics H4K5ac	NA	NA	H4K5ac	NA	NA	E008-H4K5ac.narrowPeak	3.68500391586683e-100	136718
2	332	roadmap_epigenomics	99.7497715778277	3.10689657952538	8896	775	800	656	800	744	729	3621	922	roadmap_epigenomics H3K4me3	NA	NA	H3K4me3	NA	NA	E029-H3K4me3.narrowPeak	5.15627974949034e-100	29579
2	909	roadmap_epigenomics	99.0115250665915	3.13430360628117	7364	776	794	816	816	795	517	5153	1134	roadmap_epigenomics H3K36me3	NA	NA	H3K36me3	NA	NA	E112-H3K36me3.narrowPeak	2.81853196210149e-99	202936
2	946	roadmap_epigenomics	99.0044416334479	3.22838577136986	6728	777	784	853	853	805	437	5789	1214	roadmap_epigenomics H3K36me3	NA	NA	H3K36me3	NA	NA	E116-H3K36me3.narrowPeak	2.86119264304309e-99	165402
2	152	roadmap_epigenomics	98.6368997847296	3.07643277102382	8081	778	805	750	805	778	614	4436	1037	roadmap_epigenomics H3K4ac	NA	NA	H3K4ac	NA	NA	E008-H3K4ac.narrowPeak	6.66086099060068e-99	70510
2	122	roadmap_epigenomics	97.8636724817918	3.88364754503336	11212	779	624	66	779	490	1137	1305	514	roadmap_epigenomics H3K23ac	NA	NA	H3K23ac	NA	NA	E007-H3K23ac.narrowPeak	3.94638827795201e-98	240360
2	931	roadmap_epigenomics	97.789733472155	3.06009685055474	8622	780	807	691	807	759	693	3895	958	roadmap_epigenomics H2A.Z	NA	NA	H2A.Z	NA	NA	E115-H2A.Z.narrowPeak	4.67284824430249e-98	84931
2	161	roadmap_epigenomics	96.5957539261119	3.0401106659029	8032	781	810	755	810	782	612	4485	1039	roadmap_epigenomics H3T11ph	NA	NA	H3T11ph	NA	NA	E008-H3T11ph.narrowPeak	7.29465559017053e-97	108647
2	1035	roadmap_epigenomics	96.5626594846211	3.11634320226784	7102	782	798	831	831	804	489	5415	1162	roadmap_epigenomics H3K79me2	NA	NA	H3K79me2	NA	NA	E123-H3K79me2.narrowPeak	7.86218962607954e-97	112209
2	164	roadmap_epigenomics	95.9129319739432	3.10659677927316	9533	783	801	529	801	704	837	2984	814	roadmap_epigenomics H4K8ac	NA	NA	H4K8ac	NA	NA	E008-H4K8ac.narrowPeak	3.50522593150554e-96	139450
2	407	roadmap_epigenomics	95.8372595528578	3.04654094299579	7643	784	809	795	809	796	561	4874	1090	roadmap_epigenomics H3K36me3	NA	NA	H3K36me3	NA	NA	E041-H3K36me3.narrowPeak	4.16710205159828e-96	202854
2	1048	roadmap_epigenomics	94.6772506972859	3.02736456833991	7600	785	811	798	811	798	558	4917	1093	roadmap_epigenomics H3K79me2	NA	NA	H3K79me2	NA	NA	E124-H3K79me2.narrowPeak	6.01574471087509e-95	259630
2	444	roadmap_epigenomics	94.5753002081533	2.99860994458412	8220	786	814	737	814	779	643	4297	1008	roadmap_epigenomics H3K27ac	NA	NA	H3K27ac	NA	NA	E047-H3K27ac.narrowPeak	7.59778496298626e-95	44461
2	670	roadmap_epigenomics	94.2449286720956	3.16799663202481	6492	787	787	860	860	811	419	6025	1232	roadmap_epigenomics H3K36me3	NA	NA	H3K36me3	NA	NA	E081-H3K36me3.narrowPeak	1.62370208167562e-94	55931
2	469	roadmap_epigenomics	94.059310576762	2.99207867877614	8068	788	816	751	816	785	623	4449	1028	roadmap_epigenomics H3K36me3	NA	NA	H3K36me3	NA	NA	E050-H3K36me3.narrowPeak	2.48641122448109e-94	262839
2	23	roadmap_epigenomics	93.8537203802128	3.56367506569696	5207	789	725	906	906	807	275	7310	1376	roadmap_epigenomics H3K14ac	NA	NA	H3K14ac	NA	NA	E003-H3K14ac.narrowPeak	3.98668909782483e-94	30274
2	376	roadmap_epigenomics	93.7944056938498	2.98771349752822	8049	790	818	753	818	787	621	4468	1030	roadmap_epigenomics H3K36me3	NA	NA	H3K36me3	NA	NA	E036-H3K36me3.narrowPeak	4.56432926971495e-94	328921
2	431	roadmap_epigenomics	93.452077337975	3.01191360960216	7495	791	812	803	812	802	547	5022	1104	roadmap_epigenomics H3K36me3	NA	NA	H3K36me3	NA	NA	E045-H3K36me3.narrowPeak	1.00266517350627e-93	196705
2	131	roadmap_epigenomics	93.4198745986051	4.19227700505057	11533	792	496	13	792	434	1216	984	435	roadmap_epigenomics H3K9ac	NA	NA	H3K9ac	NA	NA	E007-H3K9ac.narrowPeak	1.07847472560753e-93	313345
2	156	roadmap_epigenomics	93.0562375009774	3.12547312327635	9900	793	796	449	796	679	904	2617	747	roadmap_epigenomics H3K56ac	NA	NA	H3K56ac	NA	NA	E008-H3K56ac.narrowPeak	2.48827893876874e-93	164562
2	989	roadmap_epigenomics	92.6322388075649	7.22072016982245	2823	794	29	1082	1082	635	64	9694	1587	roadmap_epigenomics H4K20me1	NA	NA	H4K20me1	NA	NA	E119-H4K20me1.narrowPeak	6.59706012067022e-93	17540
2	440	roadmap_epigenomics	92.5106748160251	2.99822462076749	7440	795	815	810	815	807	542	5077	1109	roadmap_epigenomics H3K36me3	NA	NA	H3K36me3	NA	NA	E046-H3K36me3.narrowPeak	8.71701527971017e-93	269244
2	330	roadmap_epigenomics	92.4544731141445	2.99095531710921	7515	796	817	802	817	805	552	5002	1099	roadmap_epigenomics H3K36me3	NA	NA	H3K36me3	NA	NA	E029-H3K36me3.narrowPeak	9.90885720813277e-93	235858
2	364	roadmap_epigenomics	91.6027906931917	2.94465785351677	8402	797	823	718	823	779	676	4115	975	roadmap_epigenomics H3K27ac	NA	NA	H3K27ac	NA	NA	E034-H3K27ac.narrowPeak	7.03332583122855e-92	78882
2	366	roadmap_epigenomics	91.5758639701703	2.95844115384066	7754	798	821	783	821	801	586	4763	1065	roadmap_epigenomics H3K36me3	NA	NA	H3K36me3	NA	NA	E034-H3K36me3.narrowPeak	7.47382441143995e-92	302239
2	545	roadmap_epigenomics	90.4104908828241	2.92863983507784	7939	799	826	762	826	796	614	4578	1037	roadmap_epigenomics H3K27ac	NA	NA	H3K27ac	NA	NA	E062-H3K27ac.narrowPeak	1.09237584873843e-90	51862
2	283	roadmap_epigenomics	90.2099454320522	4.2421947512462	11610	800	477	10	800	429	1240	907	411	roadmap_epigenomics H3K36me3	NA	NA	H3K36me3	NA	NA	E022-H3K36me3.narrowPeak	1.73130798830923e-90	407402
2	141	roadmap_epigenomics	89.7062283820902	3.1246119169737	6204	801	797	870	870	823	395	6313	1256	roadmap_epigenomics H2BK12ac	NA	NA	H2BK12ac	NA	NA	E008-H2BK12ac.narrowPeak	5.51504237559427e-90	46023
2	328	roadmap_epigenomics	89.2262935793499	2.90272664327553	8106	802	827	746	827	792	640	4411	1011	roadmap_epigenomics H3K27ac	NA	NA	H3K27ac	NA	NA	E029-H3K27ac.narrowPeak	1.66318976705844e-89	61033
2	711	roadmap_epigenomics	89.1340743245827	4.40124806301351	11703	803	423	5	803	410	1264	814	387	roadmap_epigenomics	NA	NA	NA	NA	NA	E086-DNase.macs2.narrowPeak	2.05409195698439e-89	654772
2	17	roadmap_epigenomics	88.8519196311785	2.97600532979219	6960	804	819	839	839	821	489	5557	1162	roadmap_epigenomics H2AK5ac	NA	NA	H2AK5ac	NA	NA	E003-H2AK5ac.narrowPeak	3.92856616552885e-89	102280
2	1113	ucsc_features	88.3662739031909	3.25049284239267	10563	805	777	259	805	614	1031	1954	620	UCSC Evo CpG islands	NA	NA	NA	NA	NA	evoCpg.bed	1.20043864612634e-88	129241
2	720	roadmap_epigenomics	88.238329064543	2.8875882722218	7973	806	830	761	830	799	624	4544	1027	roadmap_epigenomics H3K36me3	NA	NA	H3K36me3	NA	NA	E087-H3K36me3.narrowPeak	1.6097026001792e-88	101681
2	446	roadmap_epigenomics	87.8632811977913	2.93458408749276	7146	807	824	824	824	818	515	5371	1136	roadmap_epigenomics H3K36me3	NA	NA	H3K36me3	NA	NA	E047-H3K36me3.narrowPeak	3.81289652440404e-88	150951
2	49	roadmap_epigenomics	87.8156859912173	3.27501650896779	5490	808	771	897	897	825	318	7027	1333	roadmap_epigenomics H2BK5ac	NA	NA	H2BK5ac	NA	NA	E004-H2BK5ac.narrowPeak	4.2492511432824e-88	64664
2	453	roadmap_epigenomics	87.7976606512878	2.95587842191947	6948	809	822	841	841	824	490	5569	1161	roadmap_epigenomics H3K36me3	NA	NA	H3K36me3	NA	NA	E048-H3K36me3.narrowPeak	4.42385189620867e-88	130411
2	401	roadmap_epigenomics	86.7083420426126	2.93226198152511	6959	810	825	840	840	825	494	5558	1157	roadmap_epigenomics H3K36me3	NA	NA	H3K36me3	NA	NA	E040-H3K36me3.narrowPeak	5.42728577968967e-87	157464
2	477	roadmap_epigenomics	85.6023887536856	2.83710543059685	8382	811	834	720	834	788	688	4135	963	roadmap_epigenomics H3K36me3	NA	NA	H3K36me3	NA	NA	E051-H3K36me3.narrowPeak	6.91831200356593e-86	355912
2	116	roadmap_epigenomics	85.3712070869923	2.84487920144479	8756	812	833	672	833	772	743	3761	908	roadmap_epigenomics H2BK120ac	NA	NA	H2BK120ac	NA	NA	E007-H2BK120ac.narrowPeak	1.17664820248443e-85	114993
2	349	roadmap_epigenomics	84.6245727976819	2.82494653633211	7849	813	835	770	835	806	616	4668	1035	roadmap_epigenomics H3K36me3	NA	NA	H3K36me3	NA	NA	E032-H3K36me3.narrowPeak	6.55762244641534e-85	342847
2	115	roadmap_epigenomics	84.2405071293927	2.82110692995458	7761	814	836	781	836	810	605	4756	1046	roadmap_epigenomics H2AK5ac	NA	NA	H2AK5ac	NA	NA	E007-H2AK5ac.narrowPeak	1.58590883170348e-84	115306
2	162	roadmap_epigenomics	84.2362615656937	3.30872904372877	10844	815	767	159	815	580	1093	1673	558	roadmap_epigenomics H4K20me1	NA	NA	H4K20me1	NA	NA	E008-H4K20me1.narrowPeak	1.59952332477699e-84	284568
2	388	roadmap_epigenomics	84.2238737147338	2.8660118257882	7108	816	831	830	831	826	519	5409	1132	roadmap_epigenomics H3K36me3	NA	NA	H3K36me3	NA	NA	E038-H3K36me3.narrowPeak	1.64378827537971e-84	143872
2	335	roadmap_epigenomics	82.9145520893681	2.81505539396659	7414	817	837	813	837	822	562	5103	1089	roadmap_epigenomics H3K36me3	NA	NA	H3K36me3	NA	NA	E030-H3K36me3.narrowPeak	3.34684504906002e-83	180397
2	419	roadmap_epigenomics	82.7614129799666	2.80063127228865	7607	818	840	797	840	818	588	4910	1063	roadmap_epigenomics H3K36me3	NA	NA	H3K36me3	NA	NA	E043-H3K36me3.narrowPeak	4.75601776644206e-83	194645
2	117	roadmap_epigenomics	82.3117237304938	2.78383093653772	7806	819	841	776	841	812	616	4711	1035	roadmap_epigenomics H2BK12ac	NA	NA	H2BK12ac	NA	NA	E007-H2BK12ac.narrowPeak	1.33783366318468e-82	126786
2	438	roadmap_epigenomics	82.0708651602162	2.77371102299969	8340	820	843	726	843	796	691	4177	960	roadmap_epigenomics H3K27ac	NA	NA	H3K27ac	NA	NA	E046-H3K27ac.narrowPeak	2.32664829865399e-82	68379
2	357	roadmap_epigenomics	81.8518539822804	2.85797067249503	6753	821	832	852	852	835	480	5764	1171	roadmap_epigenomics H3K36me3	NA	NA	H3K36me3	NA	NA	E033-H3K36me3.narrowPeak	3.84780108289712e-82	134198
2	19	roadmap_epigenomics	81.7226229928942	2.76821962942997	7999	822	844	759	844	808	644	4518	1007	roadmap_epigenomics H2BK12ac	NA	NA	H2BK12ac	NA	NA	E003-H2BK12ac.narrowPeak	5.17505466273665e-82	175406
2	118	roadmap_epigenomics	81.637047612583	2.81303024757357	7128	823	838	825	838	829	528	5389	1123	roadmap_epigenomics H2BK15ac	NA	NA	H2BK15ac	NA	NA	E007-H2BK15ac.narrowPeak	6.29451545383534e-82	91360
2	1044	roadmap_epigenomics	81.6321892194848	2.77634405977344	7675	824	842	792	842	819	600	4842	1051	roadmap_epigenomics H3K36me3	NA	NA	H3K36me3	NA	NA	E124-H3K36me3.narrowPeak	6.35760176742573e-82	195147
2	371	roadmap_epigenomics	81.0744485063156	2.80296870297839	7117	825	839	827	839	830	528	5400	1123	roadmap_epigenomics H3K36me3	NA	NA	H3K36me3	NA	NA	E035-H3K36me3.narrowPeak	2.29354516650199e-81	184716
2	126	roadmap_epigenomics	80.648928984294	2.89740287159502	6312	826	828	867	867	840	429	6205	1222	roadmap_epigenomics H3K4ac	NA	NA	H3K4ac	NA	NA	E007-H3K4ac.narrowPeak	6.10240068774241e-81	45590
2	382	roadmap_epigenomics	79.2442413561635	2.89623920602582	6141	827	829	871	871	842	412	6376	1239	roadmap_epigenomics H3K36me3	NA	NA	H3K36me3	NA	NA	E037-H3K36me3.narrowPeak	1.54761484253893e-79	97050
2	272	roadmap_epigenomics	79.1026684806961	2.71981119861459	8208	828	847	739	847	805	680	4309	971	roadmap_epigenomics H3K27ac	NA	NA	H3K27ac	NA	NA	E021-H3K27ac.narrowPeak	2.14146477190516e-79	103584
2	121	roadmap_epigenomics	78.9502044677552	3.06041997090163	10545	829	806	263	829	633	1050	1972	601	roadmap_epigenomics H3K18ac	NA	NA	H3K18ac	NA	NA	E007-H3K18ac.narrowPeak	3.0384406216496e-79	252687
2	139	roadmap_epigenomics	78.8734117778522	3.69084483245134	4076	830	692	980	980	834	191	8441	1460	roadmap_epigenomics H2AK5ac	NA	NA	H2AK5ac	NA	NA	E008-H2AK5ac.narrowPeak	3.62176178278265e-79	27211
2	142	roadmap_epigenomics	78.8167320285869	2.76123521716179	7088	831	845	833	845	836	530	5429	1121	roadmap_epigenomics H2BK15ac	NA	NA	H2BK15ac	NA	NA	E008-H2BK15ac.narrowPeak	4.1217030493425e-79	52204
2	48	roadmap_epigenomics	78.1348465178238	3.09611015983961	5222	832	802	904	904	846	310	7295	1341	roadmap_epigenomics H2BK15ac	NA	NA	H2BK15ac	NA	NA	E004-H2BK15ac.narrowPeak	1.97897317696146e-78	83199
2	119	roadmap_epigenomics	77.3630085264231	3.589974619887	11386	833	717	36	833	529	1217	1131	434	roadmap_epigenomics H2BK5ac	NA	NA	H2BK5ac	NA	NA	E007-H2BK5ac.narrowPeak	1.16884311795081e-77	389247
2	1028	roadmap_epigenomics	76.6083410944257	2.76045911515468	9496	834	846	539	846	740	879	3021	772	roadmap_epigenomics H2A.Z	NA	NA	H2A.Z	NA	NA	E123-H2A.Z.narrowPeak	6.63594238732823e-77	128633
2	284	roadmap_epigenomics	76.5401724952056	3.13099246515936	10807	835	795	170	835	600	1104	1710	547	roadmap_epigenomics H3K4me1	NA	NA	H3K4me1	NA	NA	E022-H3K4me1.narrowPeak	7.75444609337233e-77	324422
2	938	roadmap_epigenomics	75.6203335922665	2.69653491337261	7117	836	848	827	848	837	542	5400	1109	roadmap_epigenomics H3K79me2	NA	NA	H3K79me2	NA	NA	E115-H3K79me2.narrowPeak	6.43206910378551e-76	200232
2	30	roadmap_epigenomics	74.1738892371507	3.14801292847866	4756	837	791	927	927	852	269	7761	1382	roadmap_epigenomics H3K4ac	NA	NA	H3K4ac	NA	NA	E003-H3K4ac.narrowPeak	1.79587661839323e-74	34100
2	18	roadmap_epigenomics	73.9303976404925	3.28530397746818	4431	838	770	945	945	851	236	8086	1415	roadmap_epigenomics H2BK120ac	NA	NA	H2BK120ac	NA	NA	E003-H2BK120ac.narrowPeak	3.14231812612471e-74	62846
2	143	roadmap_epigenomics	73.1039886274446	2.61286473801914	8022	839	851	756	851	815	670	4495	981	roadmap_epigenomics H2BK20ac	NA	NA	H2BK20ac	NA	NA	E008-H2BK20ac.narrowPeak	2.10446563555851e-73	115394
2	347	roadmap_epigenomics	72.8608759570505	2.60987015375901	7887	840	852	767	852	820	652	4630	999	roadmap_epigenomics H3K27ac	NA	NA	H3K27ac	NA	NA	E032-H3K27ac.narrowPeak	3.67906786557678e-73	65724
2	46	roadmap_epigenomics	72.6726926276847	3.4021724984864	4134	841	751	974	974	855	209	8383	1442	roadmap_epigenomics H2AK5ac	NA	NA	H2AK5ac	NA	NA	E004-H2AK5ac.narrowPeak	5.66767622785262e-73	52932
2	92	roadmap_epigenomics	71.2881451453997	2.96400875892746	10678	842	820	217	842	626	1093	1839	558	roadmap_epigenomics H2A.Z	NA	NA	H2A.Z	NA	NA	E006-H2A.Z.narrowPeak	1.37226198313298e-71	201531
2	953	roadmap_epigenomics	69.6162257933777	4.77634928157612	2777	843	297	1087	1087	742	93	9740	1558	roadmap_epigenomics H4K20me1	NA	NA	H4K20me1	NA	NA	E116-H4K20me1.narrowPeak	6.43934230241349e-70	13628
2	967	roadmap_epigenomics	69.5754046296635	2.67221531819652	6205	844	850	869	869	854	444	6312	1207	roadmap_epigenomics H2A.Z	NA	NA	H2A.Z	NA	NA	E118-H2A.Z.narrowPeak	7.06558968431533e-70	24224
2	120	roadmap_epigenomics	68.9099236004373	2.68727603101693	9883	845	849	454	849	716	962	2634	689	roadmap_epigenomics H3K14ac	NA	NA	H3K14ac	NA	NA	E007-H3K14ac.narrowPeak	3.26674916262958e-69	184207
2	271	roadmap_epigenomics	66.4576324422225	3.89858791004938	11782	846	615	3	846	488	1328	735	323	roadmap_epigenomics	NA	NA	NA	NA	NA	E021-DNase.macs2.narrowPeak	9.24472292474725e-67	691347
2	8	roadmap_epigenomics	66.128233780294	2.49664553966927	8491	847	858	708	858	804	756	4026	895	roadmap_epigenomics H3K36me3	NA	NA	H3K36me3	NA	NA	E002-H3K36me3.narrowPeak	1.97142436337024e-66	284615
2	856	roadmap_epigenomics	64.8179701609595	3.08067019761767	11145	848	803	79	848	577	1197	1372	454	roadmap_epigenomics H3K36me3	NA	NA	H3K36me3	NA	NA	E104-H3K36me3.narrowPeak	4.02283204275016e-65	300362
2	134	roadmap_epigenomics	63.6515573801922	2.52088102996741	9410	849	856	561	856	755	901	3107	750	roadmap_epigenomics H4K91ac	NA	NA	H4K91ac	NA	NA	E007-H4K91ac.narrowPeak	5.89431641981835e-64	168000
2	519	roadmap_epigenomics	63.6493717637833	2.45186800873726	7482	850	859	808	859	839	623	5035	1028	roadmap_epigenomics H3K27me3	NA	NA	H3K27me3	NA	NA	E057-H3K27me3.narrowPeak	5.91709344748071e-64	98301
2	74	roadmap_epigenomics	62.6300868992621	3.08017182748587	4037	851	804	983	983	879	221	8480	1430	roadmap_epigenomics H3K23ac	NA	NA	H3K23ac	NA	NA	E005-H3K23ac.narrowPeak	6.17850294324804e-63	26230
2	340	roadmap_epigenomics	61.1407166294519	2.51116724630282	6049	852	857	873	873	861	448	6468	1203	roadmap_epigenomics H3K36me3	NA	NA	H3K36me3	NA	NA	E031-H3K36me3.narrowPeak	1.90210834875511e-61	119677
2	54	roadmap_epigenomics	59.3598730674069	3.0068486454797	3943	853	813	996	996	887	219	8574	1432	roadmap_epigenomics H3K36me3	NA	NA	H3K36me3	NA	NA	E004-H3K36me3.narrowPeak	1.14701888876012e-59	16189
2	138	roadmap_epigenomics	56.3867578420384	2.3528717123161	8987	854	863	645	863	787	858	3530	793	roadmap_epigenomics H2A.Z	NA	NA	H2A.Z	NA	NA	E008-H2A.Z.narrowPeak	1.07690686432007e-56	122323
2	20	roadmap_epigenomics	56.0502277995615	2.57280968572513	4965	855	854	920	920	876	336	7552	1315	roadmap_epigenomics H2BK15ac	NA	NA	H2BK15ac	NA	NA	E003-H2BK15ac.narrowPeak	2.33453898355154e-56	56902
2	1117	ucsc_features	51.9442716221412	2.5979712997485	4400	856	853	950	950	886	285	8117	1366	UCSC Microsatellites	NA	NA	NA	NA	NA	microsat.bed	2.97612276537138e-52	41258
2	280	roadmap_epigenomics	49.4490903945269	3.31462326164388	11758	857	766	4	857	542	1360	759	291	roadmap_epigenomics	NA	NA	NA	NA	NA	E022-DNase.macs2.narrowPeak	9.29664384795597e-50	671885
2	133	roadmap_epigenomics	49.2338005967384	2.43836355004946	10432	858	860	311	860	676	1110	2085	541	roadmap_epigenomics H4K8ac	NA	NA	H4K8ac	NA	NA	E007-H4K8ac.narrowPeak	1.52444129236372e-49	223512
2	16	roadmap_epigenomics	47.3824785911479	2.41698677533487	10493	859	862	286	862	669	1126	2024	525	roadmap_epigenomics H2A.Z	NA	NA	H2A.Z	NA	NA	E003-H2A.Z.narrowPeak	1.08125470262618e-47	280604
2	969	roadmap_epigenomics	45.322793191769	2.13102057996967	6862	860	864	846	864	857	599	5655	1052	roadmap_epigenomics H3K27me3	NA	NA	H3K27me3	NA	NA	E118-H3K27me3.narrowPeak	1.23910838068994e-45	110851
2	21	roadmap_epigenomics	44.3302036870739	2.55192570240675	3763	861	855	1019	1019	912	238	8754	1413	roadmap_epigenomics H2BK20ac	NA	NA	H2BK20ac	NA	NA	E003-H2BK20ac.narrowPeak	1.21673294977189e-44	71225
2	1111	ucsc_features	42.6027040762685	2.10818010920967	9011	862	865	641	865	789	907	3506	744	UCSC coriellDelDup table	NA	NA	NA	NA	NA	coriellDelDup.bed	6.48170958139515e-43	864
2	273	roadmap_epigenomics	40.0617630466826	2.05025602747553	6359	863	868	866	868	866	553	6158	1098	roadmap_epigenomics H3K27me3	NA	NA	H3K27me3	NA	NA	E021-H3K27me3.narrowPeak	2.24972178204575e-40	95847
2	282	roadmap_epigenomics	38.2578988236918	2.00667640147245	6527	864	869	859	869	864	581	5990	1070	roadmap_epigenomics H3K27me3	NA	NA	H3K27me3	NA	NA	E022-H3K27me3.narrowPeak	1.43051307207814e-38	68203
2	256	roadmap_epigenomics	36.6585605742769	2.00243892808698	5965	865	870	877	877	871	516	6552	1135	roadmap_epigenomics H3K27me3	NA	NA	H3K27me3	NA	NA	E019-H3K27me3.narrowPeak	5.67975303746664e-37	67306
2	778	roadmap_epigenomics	32.6805648829282	1.96588841639063	9556	866	871	526	871	754	1026	2961	625	roadmap_epigenomics H3K9me3	NA	NA	H3K9me3	NA	NA	E093-H3K9me3.narrowPeak	5.37438016990732e-33	234001
2	186	roadmap_epigenomics	32.4605658001039	1.92684110618065	5739	867	873	884	884	875	504	6778	1147	roadmap_epigenomics H3K27me3	NA	NA	H3K27me3	NA	NA	E012-H3K27me3.narrowPeak	8.90901536850257e-33	75931
2	690	roadmap_epigenomics	31.4962293413898	1.87059360415865	6570	868	875	857	875	867	613	5947	1038	roadmap_epigenomics H3K9me3	NA	NA	H3K9me3	NA	NA	E083-H3K9me3.narrowPeak	8.19726505244165e-32	79957
2	198	roadmap_epigenomics	31.37689965657	1.93460999790713	5279	869	872	902	902	881	452	7238	1199	roadmap_epigenomics H3K27me3	NA	NA	H3K27me3	NA	NA	E014-H3K27me3.narrowPeak	1.07771032177243e-31	90298
2	150	roadmap_epigenomics	30.2834055129434	2.09805305461473	3766	870	866	1017	1017	918	281	8751	1370	roadmap_epigenomics H3K27me3	NA	NA	H3K27me3	NA	NA	E008-H3K27me3.narrowPeak	1.33505799784366e-30	38910
2	908	roadmap_epigenomics	30.204781069127	2.07097062064556	3899	871	867	1002	1002	913	296	8618	1355	roadmap_epigenomics H3K27me3	NA	NA	H3K27me3	NA	NA	E112-H3K27me3.narrowPeak	1.5981925042498e-30	44640
2	212	roadmap_epigenomics	28.9705656582363	1.86204358221116	5544	872	876	894	894	881	494	6973	1157	roadmap_epigenomics H3K27me3	NA	NA	H3K27me3	NA	NA	E016-H3K27me3.narrowPeak	2.7374713196032e-29	84150
2	593	roadmap_epigenomics	27.2524872430194	1.80282502811876	8714	873	877	678	877	809	924	3803	727	roadmap_epigenomics H3K27me3	NA	NA	H3K27me3	NA	NA	E070-H3K27me3.narrowPeak	1.42867562055191e-27	132980
2	945	roadmap_epigenomics	27.0807432650816	2.41743075188383	2378	874	861	1103	1103	946	146	10139	1505	roadmap_epigenomics H3K27me3	NA	NA	H3K27me3	NA	NA	E116-H3K27me3.narrowPeak	2.1192579191927e-27	17339
2	339	roadmap_epigenomics	26.5748125662347	3.05894371588538	1610	875	808	1115	1115	933	76	10907	1575	roadmap_epigenomics H3K27me3	NA	NA	H3K27me3	NA	NA	E031-H3K27me3.narrowPeak	6.78611597180685e-27	10222
2	525	roadmap_epigenomics	24.8877980926604	1.73822873012335	8165	876	881	745	881	834	857	4352	794	roadmap_epigenomics H3K27me3	NA	NA	H3K27me3	NA	NA	E058-H3K27me3.narrowPeak	3.29718316810154e-25	199828
2	774	roadmap_epigenomics	24.3797954063634	1.7851720310344	5081	877	878	911	911	889	457	7436	1194	roadmap_epigenomics H3K27me3	NA	NA	H3K27me3	NA	NA	E093-H3K27me3.narrowPeak	1.06084917257705e-24	90546
2	286	roadmap_epigenomics	23.2828000513781	1.75953344797949	9384	878	880	573	880	777	1040	3133	611	roadmap_epigenomics H3K9me3	NA	NA	H3K9me3	NA	NA	E022-H3K9me3.narrowPeak	1.32482170756991e-23	207447
2	124	roadmap_epigenomics	22.8625364988469	1.71571438210138	5760	879	883	883	883	882	548	6757	1103	roadmap_epigenomics H3K27me3	NA	NA	H3K27me3	NA	NA	E007-H3K27me3.narrowPeak	3.48281160089198e-23	54468
2	914	roadmap_epigenomics	22.3328612892307	1.76975040482993	4590	880	879	938	938	899	407	7927	1244	roadmap_epigenomics H3K27me3	NA	NA	H3K27me3	NA	NA	E113-H3K27me3.narrowPeak	1.17791713867972e-22	57437
2	263	roadmap_epigenomics	22.0518289436412	1.68875784772779	6029	881	885	874	885	880	586	6488	1065	roadmap_epigenomics H3K27me3	NA	NA	H3K27me3	NA	NA	E020-H3K27me3.narrowPeak	2.24728000886119e-22	96382
2	53	roadmap_epigenomics	20.8607441337033	1.68894323634283	5306	882	884	901	901	889	501	7211	1150	roadmap_epigenomics H3K27me3	NA	NA	H3K27me3	NA	NA	E004-H3K27me3.narrowPeak	3.48540020532013e-21	77713
2	28	roadmap_epigenomics	17.6656183435344	1.58010291751837	6715	883	889	854	889	875	698	5802	953	roadmap_epigenomics H3K27me3	NA	NA	H3K27me3	NA	NA	E003-H3K27me3.narrowPeak	5.45006148422406e-18	123423
2	171	roadmap_epigenomics	16.9234873475631	1.56695677485941	6400	884	891	864	891	880	661	6117	990	roadmap_epigenomics H3K9me3	NA	NA	H3K9me3	NA	NA	E009-H3K9me3.narrowPeak	3.00638572287224e-17	190181
2	813	roadmap_epigenomics	16.0598838632142	1.72000753677743	3254	885	882	1057	1057	941	280	9263	1371	roadmap_epigenomics H3K27me3	NA	NA	H3K27me3	NA	NA	E098-H3K27me3.narrowPeak	2.19116170847319e-16	34318
2	673	roadmap_epigenomics	15.4005305219013	1.60422320183697	4290	886	888	958	958	911	405	8227	1246	roadmap_epigenomics H3K9me3	NA	NA	H3K9me3	NA	NA	E081-H3K9me3.narrowPeak	9.97829167676482e-16	24119
2	177	roadmap_epigenomics	14.8187053994768	1.51554959884189	7399	887	895	815	895	866	806	5118	845	roadmap_epigenomics H3K9me3	NA	NA	H3K9me3	NA	NA	E010-H3K9me3.narrowPeak	3.80536520473976e-15	226115
2	1123	ucsc_features	13.6891963473929	Inf	252	888	1	1122	1122	670	0	12265	1651	UCSC Vista enhancers	NA	NA	NA	NA	NA	vistaEnhancers.bed	5.12178049014306e-14	1339
2	712	roadmap_epigenomics	13.3062756854673	1.67764766118277	2821	889	886	1083	1083	953	244	9696	1407	roadmap_epigenomics H3K27me3	NA	NA	H3K27me3	NA	NA	E086-H3K27me3.narrowPeak	1.23279696638706e-13	61387
2	699	roadmap_epigenomics	12.5160777020376	1.47796906310156	8486	890	897	711	897	833	970	4031	681	roadmap_epigenomics H3K9me3	NA	NA	H3K9me3	NA	NA	E084-H3K9me3.narrowPeak	7.58796837797594e-13	236782
2	1	roadmap_epigenomics	12.0880025697297	1.46303874918379	5656	891	899	887	899	892	595	6861	1056	roadmap_epigenomics H3K27me3	NA	NA	H3K27me3	NA	NA	E001-H3K27me3.narrowPeak	2.02879773675457e-12	93339
2	179	roadmap_epigenomics	11.9738994409479	1.48393367398566	4786	892	896	924	924	904	486	7731	1165	roadmap_epigenomics H3K27me3	NA	NA	H3K27me3	NA	NA	E011-H3K27me3.narrowPeak	2.63549217910615e-12	107312
2	356	roadmap_epigenomics	11.557906562524	1.61367971132301	2778	893	887	1086	1086	955	248	9739	1403	roadmap_epigenomics H3K27me3	NA	NA	H3K27me3	NA	NA	E033-H3K27me3.narrowPeak	6.84569176874577e-12	39591
2	452	roadmap_epigenomics	10.9274264352091	1.56227067551508	3008	894	892	1072	1072	953	278	9509	1373	roadmap_epigenomics H3K27me3	NA	NA	H3K27me3	NA	NA	E048-H3K27me3.narrowPeak	2.91063989924349e-11	34760
2	381	roadmap_epigenomics	10.6741026041004	1.55466992392333	2987	895	894	1077	1077	955	277	9530	1374	roadmap_epigenomics H3K27me3	NA	NA	H3K27me3	NA	NA	E037-H3K27me3.narrowPeak	5.19859582603471e-11	36137
2	502	roadmap_epigenomics	10.514247927119	1.41488940388992	7716	896	900	791	900	862	878	4801	773	roadmap_epigenomics H3K27me3	NA	NA	H3K27me3	NA	NA	E055-H3K27me3.narrowPeak	7.50354257630876e-11	302342
2	370	roadmap_epigenomics	10.211081497898	1.5601414611832	2766	897	893	1089	1089	960	254	9751	1397	roadmap_epigenomics H3K27me3	NA	NA	H3K27me3	NA	NA	E035-H3K27me3.narrowPeak	1.50646455697164e-10	55503
2	1067	roadmap_epigenomics	10.2054690589988	1.57025812448588	2679	898	890	1092	1092	960	244	9838	1407	roadmap_epigenomics H3K27me3	NA	NA	H3K27me3	NA	NA	E126-H3K27me3.narrowPeak	1.52439674135194e-10	70203
2	192	roadmap_epigenomics	10.199139379163	1.40783930120545	7809	899	901	775	901	858	893	4708	758	roadmap_epigenomics H3K27me3	NA	NA	H3K27me3	NA	NA	E013-H3K27me3.narrowPeak	1.54509384105767e-10	207227
2	783	roadmap_epigenomics	10.0897453831774	1.467784913616	3872	900	898	1009	1009	936	386	8645	1265	roadmap_epigenomics H3K27me3	NA	NA	H3K27me3	NA	NA	E094-H3K27me3.narrowPeak	1.98553040259964e-10	42768
2	540	roadmap_epigenomics	9.61118956163793	1.39193133338291	7754	901	903	783	903	862	890	4763	761	roadmap_epigenomics H3K27me3	NA	NA	H3K27me3	NA	NA	E061-H3K27me3.narrowPeak	5.95687503251722e-10	303846
2	329	roadmap_epigenomics	8.27915629552742	1.37879582836582	4672	902	904	934	934	913	498	7845	1153	roadmap_epigenomics H3K27me3	NA	NA	H3K27me3	NA	NA	E029-H3K27me3.narrowPeak	0.0000000126717776569843	103373
2	738	roadmap_epigenomics	8.19520423339758	1.34924130667372	6879	903	906	845	906	885	784	5638	867	roadmap_epigenomics H3K27me3	NA	NA	H3K27me3	NA	NA	E089-H3K27me3.narrowPeak	0.0000000153576184909187	221319
2	249	roadmap_epigenomics	8.08467548365782	1.35002049818395	5989	904	905	876	905	895	668	6528	983	roadmap_epigenomics H3K27me3	NA	NA	H3K27me3	NA	NA	E018-H3K27me3.narrowPeak	0.0000000197873388996145	130489
2	387	roadmap_epigenomics	7.9665636536974	1.40555417879214	3668	905	902	1026	1026	944	376	8849	1275	roadmap_epigenomics H3K27me3	NA	NA	H3K27me3	NA	NA	E038-H3K27me3.narrowPeak	0.0000000259438537426505	62829
2	160	roadmap_epigenomics	7.2114797281432	1.32701430611251	7894	906	907	765	907	859	929	4623	722	roadmap_epigenomics H3K9me3	NA	NA	H3K9me3	NA	NA	E008-H3K9me3.narrowPeak	0.000000146825730473941	210217
2	511	roadmap_epigenomics	5.65464665639213	1.27374784432158	6926	907	911	844	911	887	814	5591	837	roadmap_epigenomics H3K27me3	NA	NA	H3K27me3	NA	NA	E056-H3K27me3.narrowPeak	0.00000524752792274518	290583
2	848	roadmap_epigenomics	5.63640159248025	1.27354804509277	6380	908	912	865	912	895	742	6137	909	roadmap_epigenomics H3K27me3	NA	NA	H3K27me3	NA	NA	E103-H3K27me3.narrowPeak	0.00000546691028599204	164869
2	756	roadmap_epigenomics	5.45351157503378	1.28305751639095	4767	909	909	926	926	915	535	7750	1116	roadmap_epigenomics H3K27me3	NA	NA	H3K27me3	NA	NA	E091-H3K27me3.narrowPeak	0.00000832098179039777	114417
2	76	roadmap_epigenomics	5.13110561757062	1.26210994550956	5496	910	913	896	913	906	632	7021	1019	roadmap_epigenomics H3K27me3	NA	NA	H3K27me3	NA	NA	E005-H3K27me3.narrowPeak	0.0000173355899297728	76270
2	1055	roadmap_epigenomics	5.07701856263615	1.27882697029409	4280	911	910	960	960	927	477	8237	1174	roadmap_epigenomics H3K27me3	NA	NA	H3K27me3	NA	NA	E125-H3K27me3.narrowPeak	0.0000196142895484977	199061
2	765	roadmap_epigenomics	4.88227341322054	1.25031268535069	7485	912	914	805	914	877	897	5032	754	roadmap_epigenomics H3K27me3	NA	NA	H3K27me3	NA	NA	E092-H3K27me3.narrowPeak	0.0000306487630126432	273954
2	1115	ucsc_features	4.39308064322572	1.90942666813328	12291	913	874	1	913	596	1595	226	56	UCSC LaminBq	NA	NA	NA	NA	NA	laminB1.bed	0.00009424364502269	2859551
2	205	roadmap_epigenomics	4.0673410990748	1.22623172765349	5186	914	916	907	916	912	604	7331	1047	roadmap_epigenomics H3K27me3	NA	NA	H3K27me3	NA	NA	E015-H3K27me3.narrowPeak	0.000198903387116392	125743
2	819	roadmap_epigenomics	3.88670276286129	1.28748486983441	2535	915	908	1096	1096	973	272	9982	1379	roadmap_epigenomics H3K27me3	NA	NA	H3K27me3	NA	NA	E099-H3K27me3.narrowPeak	0.000300872996963092	40652
2	1043	roadmap_epigenomics	3.74534151880581	1.21407310961581	5132	916	917	910	917	914	601	7385	1050	roadmap_epigenomics H3K27me3	NA	NA	H3K27me3	NA	NA	E124-H3K27me3.narrowPeak	0.000415338287769972	160742
2	1121	ucsc_features	2.98464609761286	1.23391479717047	10456	917	915	301	917	711	1328	2061	323	UCSC Simple repeats	NA	NA	NA	NA	NA	simpleRepeat.bed	0.00237431085814661	958537
2	7	roadmap_epigenomics	2.9758754376057	1.19102219404173	4260	918	919	963	963	933	499	8257	1152	roadmap_epigenomics H3K27me3	NA	NA	H3K27me3	NA	NA	E002-H3K27me3.narrowPeak	0.00242027829980771	95078
2	1092	roadmap_epigenomics	2.97139468194687	1.20249271892287	3592	919	918	1032	1032	956	414	8925	1237	roadmap_epigenomics H3K27me3	NA	NA	H3K27me3	NA	NA	E128-H3K27me3.narrowPeak	0.00244288814638015	130551
2	85	roadmap_epigenomics	2.67753649184013	1.18222508300329	9203	920	920	611	920	817	1158	3314	493	roadmap_epigenomics H3K9me3	NA	NA	H3K9me3	NA	NA	E005-H3K9me3.narrowPeak	0.00478141134215771	286964
2	132	roadmap_epigenomics	2.48389433415991	1.1552757453214	7126	921	925	826	925	891	881	5391	770	roadmap_epigenomics H3K9me3	NA	NA	H3K9me3	NA	NA	E007-H3K9me3.narrowPeak	0.00743775319666649	151755
2	439	roadmap_epigenomics	2.44922670235024	1.16629228438271	4177	922	923	968	968	938	496	8340	1155	roadmap_epigenomics H3K27me3	NA	NA	H3K27me3	NA	NA	E046-H3K27me3.narrowPeak	0.00804769256779446	116582
2	101	roadmap_epigenomics	2.41082430076141	1.18084205738846	3200	923	921	1064	1064	969	372	9317	1279	roadmap_epigenomics H3K27me3	NA	NA	H3K27me3	NA	NA	E006-H3K27me3.narrowPeak	0.0087828649056701	117340
2	12	roadmap_epigenomics	2.39889678782727	1.15078638283364	6269	924	926	868	926	906	769	6248	882	roadmap_epigenomics H3K9me3	NA	NA	H3K9me3	NA	NA	E002-H3K9me3.narrowPeak	0.00901833948307208	304858
2	400	roadmap_epigenomics	2.31247292868971	1.16741923985238	3598	925	922	1030	1030	959	424	8919	1227	roadmap_epigenomics H3K27me3	NA	NA	H3K27me3	NA	NA	E040-H3K27me3.narrowPeak	0.0109819000015046	76554
2	488	roadmap_epigenomics	2.16428456420627	1.16365356646637	3329	926	924	1050	1050	967	392	9188	1259	roadmap_epigenomics H3K27me3	NA	NA	H3K27me3	NA	NA	E053-H3K27me3.narrowPeak	0.0153706102453233	115999
2	964	roadmap_epigenomics	1.57578165512032	1.11182804618406	4930	927	931	921	931	926	609	7587	1042	roadmap_epigenomics H3K9me3	NA	NA	H3K9me3	NA	NA	E117-H3K9me3.narrowPeak	0.0588288206091314	92881
2	685	roadmap_epigenomics	1.57150839391903	1.12870351724958	3134	928	928	1067	1067	974	377	9383	1274	roadmap_epigenomics H3K27me3	NA	NA	H3K27me3	NA	NA	E083-H3K27me3.narrowPeak	0.059351994217005	94590
2	728	roadmap_epigenomics	1.50964215357051	1.11326489348985	4088	929	929	979	979	946	501	8429	1150	roadmap_epigenomics H3K27me3	NA	NA	H3K27me3	NA	NA	E088-H3K27me3.narrowPeak	0.0682369835461146	203560
2	626	roadmap_epigenomics	1.49214948705327	1.10412390172341	5658	930	933	886	933	916	706	6859	945	roadmap_epigenomics H3K27me3	NA	NA	H3K27me3	NA	NA	E075-H3K27me3.narrowPeak	0.0709718426260742	185405
2	1030	roadmap_epigenomics	1.36186796938048	1.11190522860534	3243	931	930	1061	1061	974	395	9274	1256	roadmap_epigenomics H3K27me3	NA	NA	H3K27me3	NA	NA	E123-H3K27me3.narrowPeak	0.0955192462499748	123368
2	597	roadmap_epigenomics	1.31135666998993	1.09300660037258	5596	932	935	890	935	919	702	6921	949	roadmap_epigenomics H3K9me3	NA	NA	H3K9me3	NA	NA	E070-H3K9me3.narrowPeak	0.107195720637304	240503
2	717	roadmap_epigenomics	1.30788179799884	1.11110582103682	3001	933	932	1073	1073	979	365	9516	1286	roadmap_epigenomics H3K9me3	NA	NA	H3K9me3	NA	NA	E086-H3K9me3.narrowPeak	0.107951329979167	29160
2	894	roadmap_epigenomics	1.2806055697032	1.09425491860832	4673	934	934	932	934	933	582	7844	1069	roadmap_epigenomics H3K27me3	NA	NA	H3K27me3	NA	NA	E110-H3K27me3.narrowPeak	0.11461296259672	119289
2	841	roadmap_epigenomics	1.09303106372528	1.0845690809345	3993	935	936	989	989	953	498	8524	1153	roadmap_epigenomics H3K27me3	NA	NA	H3K27me3	NA	NA	E102-H3K27me3.narrowPeak	0.175161372057229	129148
2	468	roadmap_epigenomics	1.06269499036733	1.08191354920544	4041	936	937	982	982	952	505	8476	1146	roadmap_epigenomics H3K27me3	NA	NA	H3K27me3	NA	NA	E050-H3K27me3.narrowPeak	0.186931040025632	188829
2	769	roadmap_epigenomics	1.04050854287071	1.07568818680682	7768	937	938	779	938	885	996	4749	655	roadmap_epigenomics H3K9me3	NA	NA	H3K9me3	NA	NA	E092-H3K9me3.narrowPeak	0.19635116848157	273587
2	1122	ucsc_features	1.01288956293675	1.13279693016188	11516	938	927	18	938	628	1503	1001	148	UCSC Switch DB TSSs	NA	NA	NA	NA	NA	switchDbTss.bed	0.209043120906876	131751
2	1017	roadmap_epigenomics	0.930186290926446	1.0730187099135	3730	939	939	1024	1024	967	468	8787	1183	roadmap_epigenomics H3K27me3	NA	NA	H3K27me3	NA	NA	E122-H3K27me3.narrowPeak	0.251687807963304	176690
2	190	roadmap_epigenomics	0.888851379033244	1.06586181914486	4465	940	941	941	941	941	565	8052	1086	roadmap_epigenomics H3K9me3	NA	NA	H3K9me3	NA	NA	E012-H3K9me3.narrowPeak	0.276555872378807	164404
2	633	roadmap_epigenomics	0.851369315188923	1.06783315183661	3452	941	940	1043	1043	975	434	9065	1217	roadmap_epigenomics H3K27me3	NA	NA	H3K27me3	NA	NA	E076-H3K27me3.narrowPeak	0.301197343854408	65497
2	476	roadmap_epigenomics	0.790792094573896	1.05905143234616	4037	942	942	983	983	956	512	8480	1139	roadmap_epigenomics H3K27me3	NA	NA	H3K27me3	NA	NA	E051-H3K27me3.narrowPeak	0.345622428588211	236036
2	492	roadmap_epigenomics	0.775225984276224	1.05501609360825	4828	943	943	923	943	936	616	7689	1035	roadmap_epigenomics H3K9me3	NA	NA	H3K9me3	NA	NA	E053-H3K9me3.narrowPeak	0.357894806650455	206695
2	348	roadmap_epigenomics	0.70509246485441	1.04902673692114	4673	944	944	932	944	940	598	7844	1053	roadmap_epigenomics H3K27me3	NA	NA	H3K27me3	NA	NA	E032-H3K27me3.narrowPeak	0.419821646381224	178963
2	6	roadmap_epigenomics	0.682276678223686	1.04674419255164	4728	945	945	928	945	939	606	7789	1045	roadmap_epigenomics H3K9me3	NA	NA	H3K9me3	NA	NA	E001-H3K9me3.narrowPeak	0.442047720613577	176553
2	747	roadmap_epigenomics	0.679941130059952	1.04495721941711	5838	946	946	881	946	924	752	6679	899	roadmap_epigenomics H3K27me3	NA	NA	H3K27me3	NA	NA	E090-H3K27me3.narrowPeak	0.444010902903955	283720
2	394	roadmap_epigenomics	0.618580586052401	1.04295017146523	3818	947	947	1012	1012	969	489	8699	1162	roadmap_epigenomics H3K27me3	NA	NA	H3K27me3	NA	NA	E039-H3K27me3.narrowPeak	0.510808427819299	115142
2	952	roadmap_epigenomics	0.59813044811376	1.04133499915089	3652	948	948	1027	1027	974	468	8865	1183	roadmap_epigenomics H3K9me3	NA	NA	H3K9me3	NA	NA	E116-H3K9me3.narrowPeak	0.534027866563223	59492
2	981	roadmap_epigenomics	0.578663205646723	1.03838115734544	3891	949	949	1006	1006	968	500	8626	1151	roadmap_epigenomics H3K27me3	NA	NA	H3K27me3	NA	NA	E119-H3K27me3.narrowPeak	0.557984364451422	181513
2	379	roadmap_epigenomics	0.550276970509096	1.03219060433497	6058	950	951	872	951	924	786	6459	865	roadmap_epigenomics H3K9me3	NA	NA	H3K9me3	NA	NA	E036-H3K9me3.narrowPeak	0.594553792160903	237679
2	430	roadmap_epigenomics	0.53494819280469	1.032775594684	4168	951	950	970	970	957	538	8349	1113	roadmap_epigenomics H3K27me3	NA	NA	H3K27me3	NA	NA	E045-H3K27me3.narrowPeak	0.615335471907207	113136
2	497	roadmap_epigenomics	0.523563679046176	1.03103015442953	4393	952	952	952	952	952	568	8124	1083	roadmap_epigenomics H3K9me3	NA	NA	H3K9me3	NA	NA	E054-H3K9me3.narrowPeak	0.631086468325877	152197
2	708	roadmap_epigenomics	0.522825611952081	1.02925123452744	6451	953	953	861	953	922	839	6066	812	roadmap_epigenomics H3K9me3	NA	NA	H3K9me3	NA	NA	E085-H3K9me3.narrowPeak	0.631567423089598	264076
2	993	roadmap_epigenomics	0.460713797609111	1.02643600546565	3139	954	954	1066	1066	991	406	9378	1245	roadmap_epigenomics H3K27me3	NA	NA	H3K27me3	NA	NA	E120-H3K27me3.narrowPeak	0.722576250214737	126488
2	184	roadmap_epigenomics	0.455765355892111	1.02195559165192	5594	955	955	891	955	934	729	6923	922	roadmap_epigenomics H3K9me3	NA	NA	H3K9me3	NA	NA	E011-H3K9me3.narrowPeak	0.730177914355992	213267
2	1118	ucsc_features	0.408221765315125	1.01879619455907	9527	956	956	531	956	814	1251	2990	400	UCSC Nested repeats	NA	NA	NA	NA	NA	nestedRepeats.bed	0.810887724261591	574736
2	493	roadmap_epigenomics	0.391058016755385	1.01741603668813	2774	957	957	1088	1088	1000	361	9743	1290	roadmap_epigenomics H3K27me3	NA	NA	H3K27me3	NA	NA	E054-H3K27me3.narrowPeak	0.842797577351905	89616
2	695	roadmap_epigenomics	0.38849940564553	1.014357258366	4438	958	958	944	958	953	580	8079	1071	roadmap_epigenomics H3K27me3	NA	NA	H3K27me3	NA	NA	E084-H3K27me3.narrowPeak	0.846995424139274	193037
2	677	roadmap_epigenomics	0.37418214034806	1.01222552753074	4683	959	959	931	959	950	613	7834	1038	roadmap_epigenomics H3K27me3	NA	NA	H3K27me3	NA	NA	E082-H3K27me3.narrowPeak	0.874576640530557	117993
2	912	roadmap_epigenomics	0.302884962460928	1.00239761640072	3114	960	960	1068	1068	996	410	9403	1241	roadmap_epigenomics H3K9me3	NA	NA	H3K9me3	NA	NA	E112-H3K9me3.narrowPeak	1	29697
2	733	roadmap_epigenomics	0.297465398605051	1.00102021958371	4567	961	961	939	961	954	602	7950	1049	roadmap_epigenomics H3K9me3	NA	NA	H3K9me3	NA	NA	E088-H3K9me3.narrowPeak	1	161817
2	233	roadmap_epigenomics	0.286267763186905	0.999302107110545	3895	962	962	1004	1004	976	514	8622	1137	roadmap_epigenomics H3K27me3	NA	NA	H3K27me3	NA	NA	E017-H3K27me3.narrowPeak	1	299272
2	799	roadmap_epigenomics	0.231733704934239	0.988730073599707	9100	963	964	621	964	849	1204	3417	447	roadmap_epigenomics H3K9me3	NA	NA	H3K9me3	NA	NA	E096-H3K9me3.narrowPeak	1	438415
2	669	roadmap_epigenomics	0.230216104541066	0.988937143046579	3535	964	963	1038	1038	988	470	8982	1181	roadmap_epigenomics H3K27me3	NA	NA	H3K27me3	NA	NA	E081-H3K27me3.narrowPeak	1	82305
2	834	roadmap_epigenomics	0.208234536849597	0.985198081701653	4536	965	965	940	965	957	604	7981	1047	roadmap_epigenomics H3K27me3	NA	NA	H3K27me3	NA	NA	E101-H3K27me3.narrowPeak	1	178729
2	940	roadmap_epigenomics	0.201991414808474	0.983733921836766	4245	966	967	964	967	966	566	8272	1085	roadmap_epigenomics H3K9me3	NA	NA	H3K9me3	NA	NA	E115-H3K9me3.narrowPeak	1	191833
2	704	roadmap_epigenomics	0.199747154237024	0.98374611938893	5068	967	966	914	967	949	675	7449	976	roadmap_epigenomics H3K27me3	NA	NA	H3K27me3	NA	NA	E085-H3K27me3.narrowPeak	1	218555
2	293	roadmap_epigenomics	0.189960678543341	0.981812801452193	6941	968	968	843	968	926	923	5576	728	roadmap_epigenomics H3K27me3	NA	NA	H3K27me3	NA	NA	E024-H3K27me3.narrowPeak	1	222597
2	374	roadmap_epigenomics	0.177658831413486	0.978296058474164	4094	969	969	977	977	972	548	8423	1103	roadmap_epigenomics H3K9me3	NA	NA	H3K9me3	NA	NA	E035-H3K9me3.narrowPeak	1	112817
2	472	roadmap_epigenomics	0.0956741118684246	0.95724987472838	5076	970	970	912	970	951	687	7441	964	roadmap_epigenomics H3K9me3	NA	NA	H3K9me3	NA	NA	E050-H3K9me3.narrowPeak	1	253527
2	751	roadmap_epigenomics	0.0879209963613783	0.953302572866236	4344	971	971	953	971	965	591	8173	1060	roadmap_epigenomics H3K9me3	NA	NA	H3K9me3	NA	NA	E090-H3K9me3.narrowPeak	1	163795
2	656	roadmap_epigenomics	0.0782939557214865	0.949827186903183	7795	972	972	778	972	907	1048	4722	603	roadmap_epigenomics H3K9me3	NA	NA	H3K9me3	NA	NA	E079-H3K9me3.narrowPeak	1	258176
2	424	roadmap_epigenomics	0.0769234101907755	0.949804874663105	4700	973	973	930	973	959	640	7817	1011	roadmap_epigenomics H3K27me3	NA	NA	H3K27me3	NA	NA	E044-H3K27me3.narrowPeak	1	189790
2	652	roadmap_epigenomics	0.0589655680655861	0.939542776195001	3887	974	975	1008	1008	986	535	8630	1116	roadmap_epigenomics H3K27me3	NA	NA	H3K27me3	NA	NA	E079-H3K27me3.narrowPeak	1	85895
2	316	roadmap_epigenomics	0.0545303085476567	0.941109106131611	5868	975	974	880	975	943	799	6649	852	roadmap_epigenomics H3K9me3	NA	NA	H3K9me3	NA	NA	E027-H3K9me3.narrowPeak	1	366285
2	534	roadmap_epigenomics	0.0445739540732273	0.929268666875604	3438	976	979	1044	1044	1000	478	9079	1173	roadmap_epigenomics H3K27me3	NA	NA	H3K27me3	NA	NA	E059-H3K27me3.narrowPeak	1	100360
2	681	roadmap_epigenomics	0.0428084116676251	0.930797740593393	3995	977	978	988	988	981	553	8522	1098	roadmap_epigenomics H3K9me3	NA	NA	H3K9me3	NA	NA	E082-H3K9me3.narrowPeak	1	165724
2	546	roadmap_epigenomics	0.0417047086710784	0.931708244106904	4465	978	977	941	978	965	616	8052	1035	roadmap_epigenomics H3K27me3	NA	NA	H3K27me3	NA	NA	E062-H3K27me3.narrowPeak	1	117101
2	334	roadmap_epigenomics	0.0405717418441626	0.933213057932978	5872	979	976	879	979	945	803	6645	848	roadmap_epigenomics H3K27me3	NA	NA	H3K27me3	NA	NA	E030-H3K27me3.narrowPeak	1	255104
2	1119	ucsc_features	0.0318641499499927	0.483209715138466	11	980	1117	1123	1123	1070	3	12506	1648	UCSC Numts assembled	NA	NA	NA	NA	NA	numtSAssembled.bed	1	78
2	320	roadmap_epigenomics	0.0317853123824879	0.926140572484155	5044	981	980	918	981	960	696	7473	955	roadmap_epigenomics H3K27me3	NA	NA	H3K27me3	NA	NA	E028-H3K27me3.narrowPeak	1	124081
2	639	roadmap_epigenomics	0.0295697820571458	0.922450066623216	4340	982	981	954	982	972	603	8177	1048	roadmap_epigenomics H3K27me3	NA	NA	H3K27me3	NA	NA	E077-H3K27me3.narrowPeak	1	151995
2	352	roadmap_epigenomics	0.0273467166934333	0.919147763826788	4005	983	982	987	987	984	559	8512	1092	roadmap_epigenomics H3K9me3	NA	NA	H3K9me3	NA	NA	E032-H3K9me3.narrowPeak	1	126853
2	855	roadmap_epigenomics	0.0256512861894617	0.87465977388441	1142	984	999	1120	1120	1030	170	11375	1481	roadmap_epigenomics H3K27me3	NA	NA	H3K27me3	NA	NA	E104-H3K27me3.narrowPeak	1	18466
2	369	roadmap_epigenomics	0.020902712362803	0.91409164997938	4329	985	984	955	985	975	605	8188	1046	roadmap_epigenomics H3K9me3	NA	NA	H3K9me3	NA	NA	E034-H3K9me3.narrowPeak	1	176448
2	631	roadmap_epigenomics	0.0195294656105577	0.915044644499829	5217	986	983	905	986	958	724	7300	927	roadmap_epigenomics H3K9me3	NA	NA	H3K9me3	NA	NA	E075-H3K9me3.narrowPeak	1	149780
2	412	roadmap_epigenomics	0.0192209125808532	0.910186991629599	3905	987	985	1001	1001	991	549	8612	1102	roadmap_epigenomics H3K27me3	NA	NA	H3K27me3	NA	NA	E042-H3K27me3.narrowPeak	1	132585
2	638	roadmap_epigenomics	0.0149541630819476	0.899883229047405	3250	988	989	1058	1058	1010	463	9267	1188	roadmap_epigenomics H3K9me3	NA	NA	H3K9me3	NA	NA	E076-H3K9me3.narrowPeak	1	64003
2	480	roadmap_epigenomics	0.0145319850434976	0.909107141788899	5527	989	986	895	989	957	768	6990	883	roadmap_epigenomics H3K9me3	NA	NA	H3K9me3	NA	NA	E051-H3K9me3.narrowPeak	1	399600
2	375	roadmap_epigenomics	0.0122091492618387	0.903493974246012	4643	990	987	936	990	971	652	7874	999	roadmap_epigenomics H3K27me3	NA	NA	H3K27me3	NA	NA	E036-H3K27me3.narrowPeak	1	292043
2	795	roadmap_epigenomics	0.0107538975278002	0.888026095714792	2825	991	996	1081	1081	1020	408	9692	1243	roadmap_epigenomics H3K27me3	NA	NA	H3K27me3	NA	NA	E096-H3K27me3.narrowPeak	1	85642
2	899	roadmap_epigenomics	0.0107450262690894	0.888529906427506	2869	992	995	1079	1079	1020	414	9648	1237	roadmap_epigenomics H3K9me3	NA	NA	H3K9me3	NA	NA	E110-H3K9me3.narrowPeak	1	32117
2	808	roadmap_epigenomics	0.0105423024685997	0.902747303105605	5731	993	988	885	993	955	798	6786	853	roadmap_epigenomics H3K9me3	NA	NA	H3K9me3	NA	NA	E097-H3K9me3.narrowPeak	1	165885
2	646	roadmap_epigenomics	0.0104088880958436	0.898503979491281	4229	994	990	965	994	983	598	8288	1053	roadmap_epigenomics H3K27me3	NA	NA	H3K27me3	NA	NA	E078-H3K27me3.narrowPeak	1	107890
2	918	roadmap_epigenomics	0.00998723002339484	0.898116726565095	7754	995	991	783	995	923	1064	4763	587	roadmap_epigenomics H3K9me3	NA	NA	H3K9me3	NA	NA	E113-H3K9me3.narrowPeak	1	275470
2	445	roadmap_epigenomics	0.0093560044802847	0.895692647482666	4103	996	992	976	996	988	582	8414	1069	roadmap_epigenomics H3K27me3	NA	NA	H3K27me3	NA	NA	E047-H3K27me3.narrowPeak	1	175300
2	1050	roadmap_epigenomics	0.00707740965327705	0.893413612206499	4847	997	993	922	997	971	684	7670	967	roadmap_epigenomics H3K9me3	NA	NA	H3K9me3	NA	NA	E124-H3K9me3.narrowPeak	1	220527
2	624	roadmap_epigenomics	0.00691266332347367	0.888874180683291	3958	998	994	994	998	995	565	8559	1086	roadmap_epigenomics H3K9me3	NA	NA	H3K9me3	NA	NA	E074-H3K9me3.narrowPeak	1	150390
2	933	roadmap_epigenomics	0.00535024919826286	0.883577346536652	3891	999	998	1006	1006	1000	558	8626	1093	roadmap_epigenomics H3K27me3	NA	NA	H3K27me3	NA	NA	E115-H3K27me3.narrowPeak	1	239959
2	787	roadmap_epigenomics	0.00416228370625418	0.88550257040869	5626	1000	997	889	1000	962	792	6891	859	roadmap_epigenomics H3K9me3	NA	NA	H3K9me3	NA	NA	E094-H3K9me3.narrowPeak	1	157542
2	929	roadmap_epigenomics	0.00244464989889859	0.869172984541233	3811	1001	1001	1013	1013	1000	553	8706	1098	roadmap_epigenomics H3K9me3	NA	NA	H3K9me3	NA	NA	E114-H3K9me3.narrowPeak	1	103230
2	817	roadmap_epigenomics	0.00220215496398292	0.873273910338648	7109	1002	1000	829	1002	944	992	5408	659	roadmap_epigenomics H3K9me3	NA	NA	H3K9me3	NA	NA	E098-H3K9me3.narrowPeak	1	251390
2	1103	roadmap_epigenomics	0.0016420643392514	0.865307784784431	4175	1003	1002	969	1003	991	605	8342	1046	roadmap_epigenomics H3K27me3	NA	NA	H3K27me3	NA	NA	E129-H3K27me3.narrowPeak	1	309622
2	297	roadmap_epigenomics	0.00108641298443338	0.863132141504481	5055	1004	1005	917	1005	975	726	7462	925	roadmap_epigenomics H3K9me3	NA	NA	H3K9me3	NA	NA	E024-H3K9me3.narrowPeak	1	260267
2	196	roadmap_epigenomics	0.00108492620638279	0.863884658232722	5370	1005	1004	900	1005	970	768	7147	883	roadmap_epigenomics H3K9me3	NA	NA	H3K9me3	NA	NA	E013-H3K9me3.narrowPeak	1	223866
2	665	roadmap_epigenomics	0.00105840006874944	0.864081033813114	5957	1006	1003	878	1006	962	846	6560	805	roadmap_epigenomics H3K9me3	NA	NA	H3K9me3	NA	NA	E080-H3K9me3.narrowPeak	1	218395
2	410	roadmap_epigenomics	0.00101144486398437	0.847246881449013	3079	1007	1010	1070	1070	1030	459	9438	1192	roadmap_epigenomics H3K9me3	NA	NA	H3K9me3	NA	NA	E041-H3K9me3.narrowPeak	1	98944
2	481	roadmap_epigenomics	0.00099996864823598	0.855745273913203	3899	1008	1006	1002	1008	1010	571	8618	1080	roadmap_epigenomics H3K27me3	NA	NA	H3K27me3	NA	NA	E052-H3K27me3.narrowPeak	1	291852
2	404	roadmap_epigenomics	0.000739989910859406	0.842141996899469	3058	1009	1011	1071	1071	1030	458	9459	1193	roadmap_epigenomics H3K9me3	NA	NA	H3K9me3	NA	NA	E040-H3K9me3.narrowPeak	1	108267
2	893	roadmap_epigenomics	0.000661524430218047	0.849109962582903	3828	1010	1009	1011	1011	1010	564	8689	1087	roadmap_epigenomics H3K9me3	NA	NA	H3K9me3	NA	NA	E109-H3K9me3.narrowPeak	1	103033
2	585	roadmap_epigenomics	0.000629163343014382	0.850490520471134	4091	1011	1008	978	1011	999	600	8426	1051	roadmap_epigenomics H3K9me3	NA	NA	H3K9me3	NA	NA	E068-H3K9me3.narrowPeak	1	193456
2	1012	roadmap_epigenomics	0.000605352313711526	0.851965431071067	4400	1012	1007	950	1012	990	642	8117	1009	roadmap_epigenomics H3K9me3	NA	NA	H3K9me3	NA	NA	E121-H3K9me3.narrowPeak	1	138498
2	742	roadmap_epigenomics	0.00031236978129907	0.835781167023303	3531	1013	1013	1039	1039	1020	528	8986	1123	roadmap_epigenomics H3K9me3	NA	NA	H3K9me3	NA	NA	E089-H3K9me3.narrowPeak	1	123393
2	434	roadmap_epigenomics	0.000231501072469411	0.822402090179083	2866	1014	1017	1080	1080	1040	438	9651	1213	roadmap_epigenomics H3K9me3	NA	NA	H3K9me3	NA	NA	E045-H3K9me3.narrowPeak	1	83794
2	418	roadmap_epigenomics	0.000226219616273071	0.835889066445458	3979	1015	1012	991	1015	1010	591	8538	1060	roadmap_epigenomics H3K27me3	NA	NA	H3K27me3	NA	NA	E043-H3K27me3.narrowPeak	1	166658
2	305	roadmap_epigenomics	0.000198674769405407	0.830105947990733	3556	1016	1015	1036	1036	1020	534	8961	1117	roadmap_epigenomics H3K27me3	NA	NA	H3K27me3	NA	NA	E026-H3K27me3.narrowPeak	1	281141
2	406	roadmap_epigenomics	0.00013080405255421	0.830532971495435	4162	1017	1014	972	1017	1000	619	8355	1032	roadmap_epigenomics H3K27me3	NA	NA	H3K27me3	NA	NA	E041-H3K27me3.narrowPeak	1	184455
2	580	roadmap_epigenomics	0.000104700588163108	0.801806470005343	2387	1018	1023	1102	1102	1050	375	10130	1276	roadmap_epigenomics H3K27me3	NA	NA	H3K27me3	NA	NA	E068-H3K27me3.narrowPeak	1	52286
2	167	roadmap_epigenomics	0.000103017564146607	0.82724836843443	4108	1019	1016	975	1019	1000	613	8409	1038	roadmap_epigenomics H3K27me3	NA	NA	H3K27me3	NA	NA	E009-H3K27me3.narrowPeak	1	215158
2	592	roadmap_epigenomics	0.0000626018683933208	0.817040260229163	3649	1020	1019	1028	1028	1020	553	8868	1098	roadmap_epigenomics H3K9me3	NA	NA	H3K9me3	NA	NA	E069-H3K9me3.narrowPeak	1	114493
2	398	roadmap_epigenomics	0.0000404395572339976	0.807523113152157	3299	1021	1022	1055	1055	1030	507	9218	1144	roadmap_epigenomics H3K9me3	NA	NA	H3K9me3	NA	NA	E039-H3K9me3.narrowPeak	1	85095
2	724	roadmap_epigenomics	0.0000352921294582374	0.788477592584481	2401	1022	1034	1101	1101	1050	382	10116	1269	roadmap_epigenomics H3K9me3	NA	NA	H3K9me3	NA	NA	E087-H3K9me3.narrowPeak	1	39484
2	38	roadmap_epigenomics	0.0000304521203519417	0.820205401627971	5644	1023	1018	888	1023	976	826	6873	825	roadmap_epigenomics H3K9me3	NA	NA	H3K9me3	NA	NA	E003-H3K9me3.narrowPeak	1	307462
2	804	roadmap_epigenomics	0.0000302888333583285	0.793882063020486	2708	1024	1030	1091	1091	1050	426	9809	1225	roadmap_epigenomics H3K27me3	NA	NA	H3K27me3	NA	NA	E097-H3K27me3.narrowPeak	1	112268
2	560	roadmap_epigenomics	0.0000248237602750259	0.812565617535727	4273	1025	1020	961	1025	1000	643	8244	1008	roadmap_epigenomics H3K27me3	NA	NA	H3K27me3	NA	NA	E065-H3K27me3.narrowPeak	1	134896
2	456	roadmap_epigenomics	0.0000215364671894175	0.786355030237732	2548	1026	1037	1095	1095	1050	405	9969	1246	roadmap_epigenomics H3K9me3	NA	NA	H3K9me3	NA	NA	E048-H3K9me3.narrowPeak	1	50821
2	1120	ucsc_features	0.000021067248556713	0.51913801463268	12072	1027	1115	2	1115	715	1620	445	31	UCSC Repeat Masker	NA	NA	NA	NA	NA	rmsk.bed	1	5291824
2	443	roadmap_epigenomics	0.0000205512256100502	0.808972050363417	4075	1028	1021	981	1028	1010	617	8442	1034	roadmap_epigenomics H3K9me3	NA	NA	H3K9me3	NA	NA	E046-H3K9me3.narrowPeak	1	220089
2	578	roadmap_epigenomics	0.0000160156159929695	0.798916440904192	3411	1029	1026	1046	1046	1030	527	9106	1124	roadmap_epigenomics H3K9me3	NA	NA	H3K9me3	NA	NA	E067-H3K9me3.narrowPeak	1	97767
2	551	roadmap_epigenomics	0.0000149436500456912	0.795286326600353	3214	1030	1028	1063	1063	1040	500	9303	1151	roadmap_epigenomics H3K9me3	NA	NA	H3K9me3	NA	NA	E062-H3K9me3.narrowPeak	1	97775
2	428	roadmap_epigenomics	0.0000126271206117366	0.793186628113174	3194	1031	1031	1065	1065	1040	498	9323	1153	roadmap_epigenomics H3K9me3	NA	NA	H3K9me3	NA	NA	E044-H3K9me3.narrowPeak	1	145102
2	1079	roadmap_epigenomics	0.0000077474230749868	0.801689161065138	4407	1032	1024	948	1032	1000	667	8110	984	roadmap_epigenomics H3K27me3	NA	NA	H3K27me3	NA	NA	E127-H3K27me3.narrowPeak	1	230204
2	603	roadmap_epigenomics	0.00000674219502078356	0.794399581982358	3751	1033	1029	1020	1033	1030	578	8766	1073	roadmap_epigenomics H3K9me3	NA	NA	H3K9me3	NA	NA	E071-H3K9me3.narrowPeak	1	136353
2	422	roadmap_epigenomics	0.00000604299720998837	0.787715865478576	3328	1034	1036	1051	1051	1040	520	9189	1131	roadmap_epigenomics H3K9me3	NA	NA	H3K9me3	NA	NA	E043-H3K9me3.narrowPeak	1	129594
2	450	roadmap_epigenomics	0.00000596599703400466	0.778421244601954	2813	1035	1043	1084	1084	1050	448	9704	1203	roadmap_epigenomics H3K9me3	NA	NA	H3K9me3	NA	NA	E047-H3K9me3.narrowPeak	1	66663
2	760	roadmap_epigenomics	0.00000585916974347608	0.792885231894703	3739	1036	1032	1022	1036	1030	577	8778	1074	roadmap_epigenomics H3K9me3	NA	NA	H3K9me3	NA	NA	E091-H3K9me3.narrowPeak	1	158209
2	333	roadmap_epigenomics	0.00000544638196971155	0.799752293228761	4638	1037	1025	937	1037	1000	700	7879	951	roadmap_epigenomics H3K9me3	NA	NA	H3K9me3	NA	NA	E029-H3K9me3.narrowPeak	1	223443
2	879	roadmap_epigenomics	0.0000042395996703263	0.795326081191797	4327	1038	1027	956	1038	1010	659	8190	992	roadmap_epigenomics H3K27me3	NA	NA	H3K27me3	NA	NA	E108-H3K27me3.narrowPeak	1	189539
2	587	roadmap_epigenomics	0.00000370771147966375	0.776642042959221	2962	1039	1044	1078	1078	1050	471	9555	1180	roadmap_epigenomics H3K27me3	NA	NA	H3K27me3	NA	NA	E069-H3K27me3.narrowPeak	1	78271
2	463	roadmap_epigenomics	0.00000369978079634888	0.790949808316315	3971	1040	1033	992	1040	1020	611	8546	1040	roadmap_epigenomics H3K9me3	NA	NA	H3K9me3	NA	NA	E049-H3K9me3.narrowPeak	1	233346
2	310	roadmap_epigenomics	0.00000191450321389172	0.780461293449523	3594	1041	1040	1031	1041	1040	562	8923	1089	roadmap_epigenomics H3K9me3	NA	NA	H3K9me3	NA	NA	E026-H3K9me3.narrowPeak	1	170622
2	566	roadmap_epigenomics	0.00000128298277255033	0.755816773038201	2501	1042	1052	1098	1098	1060	410	10016	1241	roadmap_epigenomics H3K27me3	NA	NA	H3K27me3	NA	NA	E066-H3K27me3.narrowPeak	1	107945
2	392	roadmap_epigenomics	0.00000126469547710975	0.752123414003116	2375	1043	1053	1104	1104	1070	392	10142	1259	roadmap_epigenomics H3K9me3	NA	NA	H3K9me3	NA	NA	E038-H3K9me3.narrowPeak	1	43418
2	416	roadmap_epigenomics	0.00000123113854580856	0.758491397372994	2619	1044	1049	1093	1093	1060	427	9898	1224	roadmap_epigenomics H3K9me3	NA	NA	H3K9me3	NA	NA	E042-H3K9me3.narrowPeak	1	78727
2	853	roadmap_epigenomics	0.00000121438884748478	0.778982629846475	3804	1045	1042	1014	1045	1030	593	8713	1058	roadmap_epigenomics H3K9me3	NA	NA	H3K9me3	NA	NA	E103-H3K9me3.narrowPeak	1	100968
2	303	roadmap_epigenomics	0.00000120263892612562	0.779623817749129	3869	1046	1041	1010	1046	1030	602	8648	1049	roadmap_epigenomics H3K9me3	NA	NA	H3K9me3	NA	NA	E025-H3K9me3.narrowPeak	1	216512
2	544	roadmap_epigenomics	0.00000116511678223285	0.788009778798458	5149	1047	1035	908	1047	997	776	7368	875	roadmap_epigenomics H3K9me3	NA	NA	H3K9me3	NA	NA	E061-H3K9me3.narrowPeak	1	269877
2	385	roadmap_epigenomics	0.00000078542845340202	0.749684405343071	2446	1048	1054	1100	1100	1070	404	10071	1247	roadmap_epigenomics H3K9me3	NA	NA	H3K9me3	NA	NA	E037-H3K9me3.narrowPeak	1	66247
2	1038	roadmap_epigenomics	0.000000711029632628555	0.731108045355496	1933	1049	1066	1112	1112	1080	330	10584	1321	roadmap_epigenomics H3K9me3	NA	NA	H3K9me3	NA	NA	E123-H3K9me3.narrowPeak	1	22127
2	268	roadmap_epigenomics	0.000000618106633365019	0.780803336863103	4727	1050	1039	929	1050	1010	722	7790	929	roadmap_epigenomics H3K9me3	NA	NA	H3K9me3	NA	NA	E020-H3K9me3.narrowPeak	1	201977
2	343	roadmap_epigenomics	0.00000050627202361072	0.738160769984756	2206	1051	1060	1109	1109	1070	371	10311	1280	roadmap_epigenomics H3K9me3	NA	NA	H3K9me3	NA	NA	E031-H3K9me3.narrowPeak	1	25266
2	1062	roadmap_epigenomics	0.000000502548398909824	0.780831206140868	5136	1052	1038	909	1052	1000	778	7381	873	roadmap_epigenomics H3K9me3	NA	NA	H3K9me3	NA	NA	E125-H3K9me3.narrowPeak	1	149930
2	644	roadmap_epigenomics	0.000000277347359215347	0.766132773438027	3788	1053	1045	1015	1053	1040	597	8729	1054	roadmap_epigenomics H3K9me3	NA	NA	H3K9me3	NA	NA	E077-H3K9me3.narrowPeak	1	223454
2	619	roadmap_epigenomics	0.000000276532206034206	0.763521390978367	3586	1054	1048	1033	1054	1040	569	8931	1082	roadmap_epigenomics H3K27me3	NA	NA	H3K27me3	NA	NA	E074-H3K27me3.narrowPeak	1	137148
2	610	roadmap_epigenomics	0.000000197207420140854	0.765354872629657	3959	1055	1046	993	1055	1030	622	8558	1029	roadmap_epigenomics H3K9me3	NA	NA	H3K9me3	NA	NA	E072-H3K9me3.narrowPeak	1	143837
2	254	roadmap_epigenomics	0.0000000635806671951963	0.756320389069873	3948	1056	1051	995	1056	1030	625	8569	1026	roadmap_epigenomics H3K9me3	NA	NA	H3K9me3	NA	NA	E018-H3K9me3.narrowPeak	1	188469
2	661	roadmap_epigenomics	0.0000000528774249086286	0.763862592148638	5469	1057	1047	899	1057	1000	832	7048	819	roadmap_epigenomics H3K27me3	NA	NA	H3K27me3	NA	NA	E080-H3K27me3.narrowPeak	1	290737
2	872	roadmap_epigenomics	0.0000000509752015782105	0.758264251100843	4320	1058	1050	957	1058	1020	677	8197	974	roadmap_epigenomics H3K27me3	NA	NA	H3K27me3	NA	NA	E107-H3K27me3.narrowPeak	1	192092
2	298	roadmap_epigenomics	0.0000000243159038183592	0.748772443765058	3914	1059	1055	997	1059	1040	624	8603	1027	roadmap_epigenomics H3K27me3	NA	NA	H3K27me3	NA	NA	E025-H3K27me3.narrowPeak	1	300249
2	846	roadmap_epigenomics	0.0000000158850415240378	0.735431477737914	3216	1060	1061	1062	1062	1060	528	9301	1123	roadmap_epigenomics H3K9me3	NA	NA	H3K9me3	NA	NA	E102-H3K9me3.narrowPeak	1	148364
2	553	roadmap_epigenomics	9.32241775208689e-09	0.742990138519597	4011	1061	1057	986	1061	1030	641	8506	1010	roadmap_epigenomics H3K27me3	NA	NA	H3K27me3	NA	NA	E063-H3K27me3.narrowPeak	1	207798
2	871	roadmap_epigenomics	7.57720448460125e-09	0.738401680525573	3746	1062	1059	1021	1062	1050	605	8771	1046	roadmap_epigenomics H3K9me3	NA	NA	H3K9me3	NA	NA	E106-H3K9me3.narrowPeak	1	167309
2	867	roadmap_epigenomics	6.76378282585293e-09	0.748193072051532	5073	1063	1056	913	1063	1010	787	7444	864	roadmap_epigenomics H3K27me3	NA	NA	H3K27me3	NA	NA	E106-H3K27me3.narrowPeak	1	171804
2	839	roadmap_epigenomics	6.74713511015876e-09	0.731183472591204	3322	1064	1065	1052	1065	1060	546	9195	1105	roadmap_epigenomics H3K9me3	NA	NA	H3K9me3	NA	NA	E101-H3K9me3.narrowPeak	1	120707
2	261	roadmap_epigenomics	6.31934323885887e-09	0.739206347679841	3914	1065	1058	997	1065	1040	629	8603	1022	roadmap_epigenomics H3K9me3	NA	NA	H3K9me3	NA	NA	E019-H3K9me3.narrowPeak	1	217812
2	573	roadmap_epigenomics	4.91934436959729e-09	0.728589858989007	3300	1066	1069	1054	1069	1060	544	9217	1107	roadmap_epigenomics H3K27me3	NA	NA	H3K27me3	NA	NA	E067-H3K27me3.narrowPeak	1	102020
2	650	roadmap_epigenomics	3.0890593072856e-09	0.731361589343704	3680	1067	1064	1025	1067	1050	599	8837	1052	roadmap_epigenomics H3K9me3	NA	NA	H3K9me3	NA	NA	E078-H3K9me3.narrowPeak	1	134778
2	612	roadmap_epigenomics	2.3686115061225e-09	0.731018290911724	3788	1068	1067	1015	1068	1050	615	8729	1036	roadmap_epigenomics H3K27me3	NA	NA	H3K27me3	NA	NA	E073-H3K27me3.narrowPeak	1	123448
2	292	roadmap_epigenomics	1.54484961475085e-09	0.73358347148995	4283	1069	1062	959	1069	1030	685	8234	966	roadmap_epigenomics H3K9me3	NA	NA	H3K9me3	NA	NA	E023-H3K9me3.narrowPeak	1	224057
2	338	roadmap_epigenomics	1.19690705243383e-09	0.729396749438064	4030	1070	1068	985	1070	1040	651	8487	1000	roadmap_epigenomics H3K9me3	NA	NA	H3K9me3	NA	NA	E030-H3K9me3.narrowPeak	1	242870
2	605	roadmap_epigenomics	7.90734829843529e-10	0.717193613763193	3348	1071	1073	1047	1073	1060	557	9169	1094	roadmap_epigenomics H3K27me3	NA	NA	H3K27me3	NA	NA	E072-H3K27me3.narrowPeak	1	109748
2	109	roadmap_epigenomics	5.48445914141764e-10	0.731698868782771	5057	1072	1063	916	1072	1020	794	7460	857	roadmap_epigenomics H3K9me3	NA	NA	H3K9me3	NA	NA	E006-H3K9me3.narrowPeak	1	248522
2	217	roadmap_epigenomics	2.4289702029654e-10	0.724680181745037	4645	1073	1070	935	1073	1030	741	7872	910	roadmap_epigenomics H3K9me3	NA	NA	H3K9me3	NA	NA	E016-H3K9me3.narrowPeak	1	236873
2	558	roadmap_epigenomics	2.28971263777225e-10	0.721421637411243	4264	1074	1072	962	1074	1040	689	8253	962	roadmap_epigenomics H3K9me3	NA	NA	H3K9me3	NA	NA	E063-H3K9me3.narrowPeak	1	232267
2	360	roadmap_epigenomics	2.10294892641176e-10	0.669603292072199	1993	1075	1086	1111	1111	1090	364	10524	1287	roadmap_epigenomics H3K9me3	NA	NA	H3K9me3	NA	NA	E033-H3K9me3.narrowPeak	1	37434
2	617	roadmap_epigenomics	1.99410335655562e-10	0.716856215607962	3914	1076	1074	997	1076	1050	641	8603	1010	roadmap_epigenomics H3K9me3	NA	NA	H3K9me3	NA	NA	E073-H3K9me3.narrowPeak	1	139270
2	210	roadmap_epigenomics	1.3599587213229e-10	0.722973010432505	4999	1077	1071	919	1077	1020	791	7518	860	roadmap_epigenomics H3K9me3	NA	NA	H3K9me3	NA	NA	E015-H3K9me3.narrowPeak	1	342240
2	719	roadmap_epigenomics	2.75731116847801e-11	0.670396983808406	2330	1078	1084	1106	1106	1090	420	10187	1231	roadmap_epigenomics H3K27me3	NA	NA	H3K27me3	NA	NA	E087-H3K27me3.narrowPeak	1	66475
2	1087	roadmap_epigenomics	1.99979819199759e-11	0.694695027491612	3336	1079	1077	1049	1079	1070	567	9181	1084	roadmap_epigenomics H3K9me3	NA	NA	H3K9me3	NA	NA	E127-H3K9me3.narrowPeak	1	155989
2	458	roadmap_epigenomics	8.70599658450367e-12	0.694039987043533	3572	1080	1078	1035	1080	1060	603	8945	1048	roadmap_epigenomics H3K27me3	NA	NA	H3K27me3	NA	NA	E049-H3K27me3.narrowPeak	1	322175
2	244	roadmap_epigenomics	6.30419437989121e-12	0.706213297075064	5236	1081	1075	903	1081	1020	833	7281	818	roadmap_epigenomics H3K9me3	NA	NA	H3K9me3	NA	NA	E017-H3K9me3.narrowPeak	1	418568
2	922	roadmap_epigenomics	3.05923245490442e-12	0.672117642264062	2791	1082	1083	1085	1085	1080	494	9726	1157	roadmap_epigenomics H3K27me3	NA	NA	H3K27me3	NA	NA	E114-H3K27me3.narrowPeak	1	215893
2	988	roadmap_epigenomics	2.39982533327114e-12	0.691765661338528	3907	1083	1080	1000	1083	1050	654	8610	997	roadmap_epigenomics H3K9me3	NA	NA	H3K9me3	NA	NA	E119-H3K9me3.narrowPeak	1	271804
2	365	roadmap_epigenomics	1.72701405985372e-12	0.696451125460429	6541	1084	1076	858	1084	1010	1009	5976	642	roadmap_epigenomics H3K27me3	NA	NA	H3K27me3	NA	NA	E034-H3K27me3.narrowPeak	1	387733
2	828	roadmap_epigenomics	1.54128458979485e-12	0.692310806222794	4163	1085	1079	971	1085	1040	691	8354	960	roadmap_epigenomics H3K27me3	NA	NA	H3K27me3	NA	NA	E100-H3K27me3.narrowPeak	1	119670
2	599	roadmap_epigenomics	1.3252752372862e-12	0.686810457048359	3766	1086	1081	1017	1086	1060	636	8751	1015	roadmap_epigenomics H3K27me3	NA	NA	H3K27me3	NA	NA	E071-H3K27me3.narrowPeak	1	129447
2	1000	roadmap_epigenomics	8.5381553888712e-13	0.629851410389429	1853	1087	1096	1114	1114	1100	357	10664	1294	roadmap_epigenomics H3K9me3	NA	NA	H3K9me3	NA	NA	E120-H3K9me3.narrowPeak	1	18061
2	287	roadmap_epigenomics	3.28546367854829e-13	0.677939349508376	3645	1088	1082	1029	1088	1070	623	8872	1028	roadmap_epigenomics H3K27me3	NA	NA	H3K27me3	NA	NA	E023-H3K27me3.narrowPeak	1	307913
2	277	roadmap_epigenomics	2.83030111433482e-13	0.658729542774941	2760	1089	1089	1090	1090	1090	496	9757	1155	roadmap_epigenomics H3K9me3	NA	NA	H3K9me3	NA	NA	E021-H3K9me3.narrowPeak	1	61601
2	1109	roadmap_epigenomics	1.96144206696983e-13	0.668431789281496	3249	1090	1087	1059	1090	1080	568	9268	1083	roadmap_epigenomics H3K9me3	NA	NA	H3K9me3	NA	NA	E129-H3K9me3.narrowPeak	1	180247
2	901	roadmap_epigenomics	1.40406079130181e-13	0.669958184346426	3417	1091	1085	1045	1091	1070	593	9100	1058	roadmap_epigenomics H3K27me3	NA	NA	H3K27me3	NA	NA	E111-H3K27me3.narrowPeak	1	155817
2	62	roadmap_epigenomics	8.95860216428096e-14	0.659108006258408	2999	1092	1088	1074	1092	1080	534	9518	1117	roadmap_epigenomics H3K9me3	NA	NA	H3K9me3	NA	NA	E004-H3K9me3.narrowPeak	1	65901
2	823	roadmap_epigenomics	4.48412271947281e-15	0.621224457126529	2241	1093	1101	1108	1108	1100	429	10276	1222	roadmap_epigenomics H3K9me3	NA	NA	H3K9me3	NA	NA	E099-H3K9me3.narrowPeak	1	52477
2	832	roadmap_epigenomics	2.89298239965987e-15	0.642962267124478	2999	1094	1093	1074	1094	1090	543	9518	1108	roadmap_epigenomics H3K9me3	NA	NA	H3K9me3	NA	NA	E100-H3K9me3.narrowPeak	1	148038
2	861	roadmap_epigenomics	8.67894719897959e-16	0.645057353689001	3343	1095	1092	1048	1095	1080	596	9174	1055	roadmap_epigenomics H3K27me3	NA	NA	H3K27me3	NA	NA	E105-H3K27me3.narrowPeak	1	139718
2	976	roadmap_epigenomics	4.82163733276644e-16	0.561275216769973	1372	1096	1112	1118	1118	1110	297	11145	1354	roadmap_epigenomics H3K9me3	NA	NA	H3K9me3	NA	NA	E118-H3K9me3.narrowPeak	1	97122
2	523	roadmap_epigenomics	2.89298239965986e-16	0.654621029278342	4401	1097	1090	949	1097	1050	748	8116	903	roadmap_epigenomics H3K9me3	NA	NA	H3K9me3	NA	NA	E057-H3K9me3.narrowPeak	1	247543
2	173	roadmap_epigenomics	2.89298239965986e-16	0.646980784063564	3736	1097	1091	1023	1097	1070	655	8781	996	roadmap_epigenomics H3K27me3	NA	NA	H3K27me3	NA	NA	E010-H3K27me3.narrowPeak	1	251817
2	859	roadmap_epigenomics	9.64327466553287e-17	0.613185692144336	2467	1099	1104	1099	1104	1100	472	10050	1179	roadmap_epigenomics H3K9me3	NA	NA	H3K9me3	NA	NA	E104-H3K9me3.narrowPeak	1	53841
2	906	roadmap_epigenomics	9.64327466553287e-17	0.613701641181386	2504	1099	1103	1097	1103	1100	478	10013	1173	roadmap_epigenomics H3K9me3	NA	NA	H3K9me3	NA	NA	E111-H3K9me3.narrowPeak	1	69918
2	957	roadmap_epigenomics	4.82163733276644e-17	0.613035243590948	2555	1101	1105	1094	1105	1100	487	9962	1164	roadmap_epigenomics H3K27me3	NA	NA	H3K27me3	NA	NA	E117-H3K27me3.narrowPeak	1	219064
2	203	roadmap_epigenomics	0	0.634483621626066	4209	1102	1095	966	1102	1050	733	8308	918	roadmap_epigenomics H3K9me3	NA	NA	H3K9me3	NA	NA	E014-H3K9me3.narrowPeak	1	279334
2	889	roadmap_epigenomics	0	0.626328845625592	4442	1102	1097	943	1102	1050	772	8075	879	roadmap_epigenomics H3K27me3	NA	NA	H3K27me3	NA	NA	E109-H3K27me3.narrowPeak	1	201231
2	529	roadmap_epigenomics	0	0.637550262435499	4154	1102	1094	973	1102	1060	723	8363	928	roadmap_epigenomics H3K9me3	NA	NA	H3K9me3	NA	NA	E058-H3K9me3.narrowPeak	1	301065
2	506	roadmap_epigenomics	0	0.446352519073084	3990	1102	1118	990	1118	1070	845	8527	806	roadmap_epigenomics H3K9me3	NA	NA	H3K9me3	NA	NA	E055-H3K9me3.narrowPeak	1	439063
2	571	roadmap_epigenomics	0	0.606190190838748	3895	1102	1106	1004	1106	1070	705	8622	946	roadmap_epigenomics H3K9me3	NA	NA	H3K9me3	NA	NA	E066-H3K9me3.narrowPeak	1	280982
2	311	roadmap_epigenomics	0	0.621512444525617	3476	1102	1100	1041	1102	1080	631	9041	1020	roadmap_epigenomics H3K27me3	NA	NA	H3K27me3	NA	NA	E027-H3K27me3.narrowPeak	1	319446
2	793	roadmap_epigenomics	0	0.530610581231248	3547	1102	1114	1037	1114	1080	705	8970	946	roadmap_epigenomics H3K9me3	NA	NA	H3K9me3	NA	NA	E095-H3K9me3.narrowPeak	1	192228
2	877	roadmap_epigenomics	0	0.589525254043573	3580	1102	1108	1034	1108	1080	668	8937	983	roadmap_epigenomics H3K9me3	NA	NA	H3K9me3	NA	NA	E107-H3K9me3.narrowPeak	1	110622
2	1005	roadmap_epigenomics	0	0.623716154062763	3472	1102	1099	1042	1102	1080	629	9045	1022	roadmap_epigenomics H3K27me3	NA	NA	H3K27me3	NA	NA	E121-H3K27me3.narrowPeak	1	349372
2	487	roadmap_epigenomics	0	0.62394095556389	2999	1102	1098	1074	1102	1090	554	9518	1097	roadmap_epigenomics H3K9me3	NA	NA	H3K9me3	NA	NA	E052-H3K9me3.narrowPeak	1	148296
2	538	roadmap_epigenomics	0	0.603289498149735	3107	1102	1107	1069	1107	1090	584	9410	1067	roadmap_epigenomics H3K9me3	NA	NA	H3K9me3	NA	NA	E059-H3K9me3.narrowPeak	1	85196
2	564	roadmap_epigenomics	0	0.544996165031913	3321	1102	1113	1053	1113	1090	658	9196	993	roadmap_epigenomics H3K9me3	NA	NA	H3K9me3	NA	NA	E065-H3K9me3.narrowPeak	1	124507
2	789	roadmap_epigenomics	0	0.572100379553085	3247	1102	1110	1060	1110	1090	627	9270	1024	roadmap_epigenomics H3K27me3	NA	NA	H3K27me3	NA	NA	E095-H3K27me3.narrowPeak	1	152210
2	884	roadmap_epigenomics	0	0.614699437986013	3264	1102	1102	1056	1102	1090	602	9253	1049	roadmap_epigenomics H3K9me3	NA	NA	H3K9me3	NA	NA	E108-H3K9me3.narrowPeak	1	125491
2	324	roadmap_epigenomics	0	0.574980818213396	2342	1102	1109	1105	1109	1110	472	10175	1179	roadmap_epigenomics H3K9me3	NA	NA	H3K9me3	NA	NA	E028-H3K9me3.narrowPeak	1	192863
2	515	roadmap_epigenomics	0	0.306227252926691	2098	1102	1123	1110	1123	1110	655	10419	996	roadmap_epigenomics H3K9me3	NA	NA	H3K9me3	NA	NA	E056-H3K9me3.narrowPeak	1	314736
2	865	roadmap_epigenomics	0	0.565177575393443	2315	1102	1111	1107	1111	1110	473	10202	1178	roadmap_epigenomics H3K9me3	NA	NA	H3K9me3	NA	NA	E105-H3K9me3.narrowPeak	1	72720
2	1025	roadmap_epigenomics	0	0.358902922924942	1548	1102	1120	1117	1120	1110	466	10969	1185	roadmap_epigenomics H3K9me3	NA	NA	H3K9me3	NA	NA	E122-H3K9me3.narrowPeak	1	224772
2	1074	roadmap_epigenomics	0	0.501233787208838	1185	1102	1116	1119	1119	1110	285	11332	1366	roadmap_epigenomics H3K9me3	NA	NA	H3K9me3	NA	NA	E126-H3K9me3.narrowPeak	1	12150
2	1099	roadmap_epigenomics	0	0.34558607398664	967	1102	1121	1121	1121	1110	322	11550	1329	roadmap_epigenomics H3K9me3	NA	NA	H3K9me3	NA	NA	E128-H3K9me3.narrowPeak	1	16125
2	1114	ucsc_features	0	0.330392504159	1563	1102	1122	1116	1122	1110	498	10954	1153	UCSC Genomic superdups	NA	NA	NA	NA	NA	genomicSuperDups.bed	1	49852
2	1116	ucsc_features	0	0.408353253436967	1918	1102	1119	1113	1119	1110	507	10599	1144	UCSC LaminB1 Lads	NA	NA	NA	NA	NA	laminB1Lads.bed	1	1296
