userSet	dbSet	collection	pValueLog	oddsRatio	support	rnkPV	rnkOR	rnkSup	maxRnk	meanRnk	b	c	d	description	cellType	tissue	antibody	treatment	dataSource	filename	qValue	size
1	515	roadmap_epigenomics	29.1715847660302	2.14690993808502	686	1	3	722	722	242	590	1077	1989	roadmap_epigenomics H3K9me3	NA	NA	H3K9me3	NA	NA	E056-H3K9me3.narrowPeak	1.73702804711537e-29	314736
1	1114	ucsc_features	21.1071840708508	2.01688921959421	526	2	4	966	966	324	449	1237	2130	UCSC Genomic superdups	NA	NA	NA	NA	NA	genomicSuperDups.bed	1.96946368403751e-21	49852
1	1099	roadmap_epigenomics	20.7853773175178	2.3882059599925	329	3	1	1080	1080	361	226	1434	2353	roadmap_epigenomics H3K9me3	NA	NA	H3K9me3	NA	NA	E128-H3K9me3.narrowPeak	4.12731465963319e-21	16125
1	1025	roadmap_epigenomics	16.5747452649917	1.88505800941102	478	4	5	1011	1011	340	425	1285	2154	roadmap_epigenomics H3K9me3	NA	NA	H3K9me3	NA	NA	E122-H3K9me3.narrowPeak	6.65127332899177e-17	224772
1	506	roadmap_epigenomics	12.5633506772998	1.57020048910645	887	5	7	325	325	112	1011	876	1568	roadmap_epigenomics H3K9me3	NA	NA	H3K9me3	NA	NA	E055-H3K9me3.narrowPeak	6.70137005919612e-13	439063
1	1074	roadmap_epigenomics	7.94510675205322	1.66954520961405	289	6	6	1095	1095	369	271	1474	2308	roadmap_epigenomics H3K9me3	NA	NA	H3K9me3	NA	NA	E126-H3K9me3.narrowPeak	0.0000000271128484332096	12150
1	1116	ucsc_features	5.84043222175807	1.39027880506638	526	7	8	966	966	327	604	1237	1975	UCSC LaminB1 Lads	NA	NA	NA	NA	NA	laminB1Lads.bed	0.00000339605064788223	1296
1	538	roadmap_epigenomics	4.66765679278802	1.31459008376538	613	8	10	859	859	292	744	1150	1835	roadmap_epigenomics H3K9me3	NA	NA	H3K9me3	NA	NA	E059-H3K9me3.narrowPeak	0.0000498229205963671	85196
1	1000	roadmap_epigenomics	3.87714718043872	1.33983356922238	367	9	9	1073	1073	364	423	1396	2156	roadmap_epigenomics H3K9me3	NA	NA	H3K9me3	NA	NA	E120-H3K9me3.narrowPeak	0.000304424695062805	18061
1	324	roadmap_epigenomics	2.75102670917656	1.23294022212397	482	10	11	1008	1008	343	603	1281	1976	roadmap_epigenomics H3K9me3	NA	NA	H3K9me3	NA	NA	E028-H3K9me3.narrowPeak	0.00401671826007188	192863
1	877	roadmap_epigenomics	2.37808747068014	1.18578873285403	693	11	15	718	718	248	911	1070	1668	roadmap_epigenomics H3K9me3	NA	NA	H3K9me3	NA	NA	E107-H3K9me3.narrowPeak	0.00943250671253109	110622
1	823	roadmap_epigenomics	2.36428362884041	1.21345709175335	447	12	12	1030	1030	351	564	1316	2015	roadmap_epigenomics H3K9me3	NA	NA	H3K9me3	NA	NA	E099-H3K9me3.narrowPeak	0.00971763616751925	52477
1	487	roadmap_epigenomics	2.23195780459447	1.18707834948596	567	13	14	925	925	317	736	1196	1843	roadmap_epigenomics H3K9me3	NA	NA	H3K9me3	NA	NA	E052-H3K9me3.narrowPeak	0.0131396629702642	148296
1	564	roadmap_epigenomics	2.16568171973026	1.17370150605809	678	14	16	737	737	256	896	1085	1683	roadmap_epigenomics H3K9me3	NA	NA	H3K9me3	NA	NA	E065-H3K9me3.narrowPeak	0.0152602613131104	124507
1	793	roadmap_epigenomics	1.91229795567461	1.15489799278937	730	15	19	658	658	231	979	1033	1600	roadmap_epigenomics H3K9me3	NA	NA	H3K9me3	NA	NA	E095-H3K9me3.narrowPeak	0.0270531654341923	192228
1	529	roadmap_epigenomics	1.81597039105098	1.1476907856446	754	16	21	617	617	218	1017	1009	1562	roadmap_epigenomics H3K9me3	NA	NA	H3K9me3	NA	NA	E058-H3K9me3.narrowPeak	0.0336386988684778	301065
1	859	roadmap_epigenomics	1.78226709102916	1.16487501896435	483	17	17	1007	1007	347	631	1280	1948	roadmap_epigenomics H3K9me3	NA	NA	H3K9me3	NA	NA	E104-H3K9me3.narrowPeak	0.03624657930294	53841
1	277	roadmap_epigenomics	1.77690232649812	1.16217891435759	502	18	18	995	995	344	658	1261	1921	roadmap_epigenomics H3K9me3	NA	NA	H3K9me3	NA	NA	E021-H3K9me3.narrowPeak	0.0366612669023517	61601
1	62	roadmap_epigenomics	1.67736720033009	1.15050838126173	542	19	20	949	949	329	718	1221	1861	roadmap_epigenomics H3K9me3	NA	NA	H3K9me3	NA	NA	E004-H3K9me3.narrowPeak	0.0460145512317788	65901
1	976	roadmap_epigenomics	1.66380290402752	1.1902551796819	300	20	13	1087	1087	373	379	1463	2200	roadmap_epigenomics H3K9me3	NA	NA	H3K9me3	NA	NA	E118-H3K9me3.narrowPeak	0.0474281739786579	97122
1	311	roadmap_epigenomics	1.57170083490143	1.1341617107685	668	21	22	759	759	267	902	1095	1677	roadmap_epigenomics H3K27me3	NA	NA	H3K27me3	NA	NA	E027-H3K27me3.narrowPeak	0.0585185480902434	319446
1	523	roadmap_epigenomics	1.45629194280478	1.12202533850352	777	22	24	569	569	205	1064	986	1515	roadmap_epigenomics H3K9me3	NA	NA	H3K9me3	NA	NA	E057-H3K9me3.narrowPeak	0.0760356893378667	247543
1	203	roadmap_epigenomics	1.41781099307729	1.1198471315467	749	23	25	625	625	224	1025	1014	1554	roadmap_epigenomics H3K9me3	NA	NA	H3K9me3	NA	NA	E014-H3K9me3.narrowPeak	0.0830000244080379	279334
1	884	roadmap_epigenomics	1.31246057078777	1.11631652489439	624	24	27	842	842	298	849	1139	1730	roadmap_epigenomics H3K9me3	NA	NA	H3K9me3	NA	NA	E108-H3K9me3.narrowPeak	0.105683899973455	125491
1	988	roadmap_epigenomics	1.22292198832906	1.10694288309267	672	25	30	751	751	269	922	1091	1657	roadmap_epigenomics H3K9me3	NA	NA	H3K9me3	NA	NA	E119-H3K9me3.narrowPeak	0.129009010627269	271804
1	906	roadmap_epigenomics	1.21755345298979	1.11687049306436	490	26	26	1001	1001	351	661	1273	1918	roadmap_epigenomics H3K9me3	NA	NA	H3K9me3	NA	NA	E111-H3K9me3.narrowPeak	0.130488425390308	69918
1	957	roadmap_epigenomics	1.19612311807836	1.11339997353696	509	27	28	992	992	349	689	1254	1890	roadmap_epigenomics H3K27me3	NA	NA	H3K27me3	NA	NA	E117-H3K27me3.narrowPeak	0.136826539533302	219064
1	865	roadmap_epigenomics	1.17571440248257	1.11332451200036	486	28	29	1004	1004	354	657	1277	1922	roadmap_epigenomics H3K9me3	NA	NA	H3K9me3	NA	NA	E105-H3K9me3.narrowPeak	0.143272772441099	72720
1	360	roadmap_epigenomics	1.1668419695824	1.12486629231587	371	29	23	1072	1072	375	494	1392	2085	roadmap_epigenomics H3K9me3	NA	NA	H3K9me3	NA	NA	E033-H3K9me3.narrowPeak	0.146090205727783	37434
1	571	roadmap_epigenomics	1.15704039053321	1.0997947737698	728	30	32	662	662	241	1006	1035	1573	roadmap_epigenomics H3K9me3	NA	NA	H3K9me3	NA	NA	E066-H3K9me3.narrowPeak	0.149282217879396	280982
1	343	roadmap_epigenomics	0.984141909792737	1.10384416145394	380	31	31	1069	1069	377	514	1383	2065	roadmap_epigenomics H3K9me3	NA	NA	H3K9me3	NA	NA	E031-H3K9me3.narrowPeak	0.221017789620784	25266
1	244	roadmap_epigenomics	0.770490893580851	1.0628700623382	867	32	34	381	381	149	1229	896	1350	roadmap_epigenomics H3K9me3	NA	NA	H3K9me3	NA	NA	E017-H3K9me3.narrowPeak	0.358414518716396	418568
1	719	roadmap_epigenomics	0.723644941452484	1.06835135384522	437	33	33	1040	1040	369	608	1326	1971	roadmap_epigenomics H3K27me3	NA	NA	H3K27me3	NA	NA	E087-H3K27me3.narrowPeak	0.397741027239802	66475
1	1087	roadmap_epigenomics	0.699631433835086	1.0593104012548	587	34	35	891	891	320	826	1176	1753	roadmap_epigenomics H3K9me3	NA	NA	H3K9me3	NA	NA	E127-H3K9me3.narrowPeak	0.419959166789656	155989
1	1109	roadmap_epigenomics	0.670614911062223	1.05602707515666	583	35	36	899	899	323	822	1180	1757	roadmap_epigenomics H3K9me3	NA	NA	H3K9me3	NA	NA	E129-H3K9me3.narrowPeak	0.447718840165071	180247
1	901	roadmap_epigenomics	0.51032427313464	1.03497140698041	627	36	37	837	837	303	897	1136	1682	roadmap_epigenomics H3K27me3	NA	NA	H3K27me3	NA	NA	E111-H3K27me3.narrowPeak	0.639227927220388	155817
1	1119	ucsc_features	0.48433438689386	2.19592329894213	3	37	2	1122	1122	387	2	1760	2577	UCSC Numts assembled	NA	NA	NA	NA	NA	numtSAssembled.bed	0.676778369334711	78
1	109	roadmap_epigenomics	0.4813335757348	1.02960842545161	816	38	39	494	494	190	1175	947	1404	roadmap_epigenomics H3K9me3	NA	NA	H3K9me3	NA	NA	E006-H3K9me3.narrowPeak	0.680845068983866	248522
1	558	roadmap_epigenomics	0.480360023799308	1.02996500805373	718	39	38	683	683	253	1032	1045	1547	roadmap_epigenomics H3K9me3	NA	NA	H3K9me3	NA	NA	E063-H3K9me3.narrowPeak	0.681746991621883	232267
1	839	roadmap_epigenomics	0.451533768944975	1.02751108073329	562	40	40	928	928	336	807	1201	1772	roadmap_epigenomics H3K9me3	NA	NA	H3K9me3	NA	NA	E101-H3K9me3.narrowPeak	0.727199119911306	120707
1	889	roadmap_epigenomics	0.402116660692974	1.01840260015127	816	41	41	494	494	192	1182	947	1397	roadmap_epigenomics H3K27me3	NA	NA	H3K27me3	NA	NA	E109-H3K27me3.narrowPeak	0.810383800849708	201231
1	292	roadmap_epigenomics	0.381344101137123	1.01551937001484	712	42	42	690	690	258	1032	1051	1547	roadmap_epigenomics H3K9me3	NA	NA	H3K9me3	NA	NA	E023-H3K9me3.narrowPeak	0.849313365124281	224057
1	338	roadmap_epigenomics	0.372788628461923	1.01428424577041	682	43	43	730	730	272	989	1081	1590	roadmap_epigenomics H3K9me3	NA	NA	H3K9me3	NA	NA	E030-H3K9me3.narrowPeak	0.864636976784562	242870
1	789	roadmap_epigenomics	0.344886494892979	1.00975523904852	663	44	44	765	765	284	964	1100	1615	roadmap_epigenomics H3K27me3	NA	NA	H3K27me3	NA	NA	E095-H3K27me3.narrowPeak	0.920338827601166	152210
1	1062	roadmap_epigenomics	0.292354456004708	1.00034416548038	815	45	45	497	497	196	1192	948	1387	roadmap_epigenomics H3K9me3	NA	NA	H3K9me3	NA	NA	E125-H3K9me3.narrowPeak	1	149930
1	912	roadmap_epigenomics	0.282048584247795	0.998472009125972	437	46	46	1040	1040	377	640	1326	1939	roadmap_epigenomics H3K9me3	NA	NA	H3K9me3	NA	NA	E112-H3K9me3.narrowPeak	1	29697
1	760	roadmap_epigenomics	0.281484394196959	0.9983210051463	605	47	47	871	871	322	886	1158	1693	roadmap_epigenomics H3K9me3	NA	NA	H3K9me3	NA	NA	E091-H3K9me3.narrowPeak	1	158209
1	1038	roadmap_epigenomics	0.273224783660731	0.996453242238941	334	48	48	1078	1078	391	490	1429	2089	roadmap_epigenomics H3K9me3	NA	NA	H3K9me3	NA	NA	E123-H3K9me3.narrowPeak	1	22127
1	261	roadmap_epigenomics	0.219897568706855	0.985419339788052	640	49	49	812	812	303	945	1123	1634	roadmap_epigenomics H3K9me3	NA	NA	H3K9me3	NA	NA	E019-H3K9me3.narrowPeak	1	217812
1	617	roadmap_epigenomics	0.219228991857068	0.9853949828342	672	50	50	751	751	284	992	1091	1587	roadmap_epigenomics H3K9me3	NA	NA	H3K9me3	NA	NA	E073-H3K9me3.narrowPeak	1	139270
1	456	roadmap_epigenomics	0.217565686673508	0.983162989555626	415	51	51	1054	1054	385	615	1348	1964	roadmap_epigenomics H3K9me3	NA	NA	H3K9me3	NA	NA	E048-H3K9me3.narrowPeak	1	50821
1	650	roadmap_epigenomics	0.207124741748642	0.982340351905023	619	52	52	852	852	319	916	1144	1663	roadmap_epigenomics H3K9me3	NA	NA	H3K9me3	NA	NA	E078-H3K9me3.narrowPeak	1	134778
1	365	roadmap_epigenomics	0.202002446263234	0.981492695909456	1075	53	53	90	90	65.3	1584	688	995	roadmap_epigenomics H3K27me3	NA	NA	H3K27me3	NA	NA	E034-H3K27me3.narrowPeak	1	387733
1	871	roadmap_epigenomics	0.194458315971493	0.97933230887183	630	54	54	831	831	313	934	1133	1645	roadmap_epigenomics H3K9me3	NA	NA	H3K9me3	NA	NA	E106-H3K9me3.narrowPeak	1	167309
1	398	roadmap_epigenomics	0.185831288518351	0.976205180587889	527	55	55	964	964	358	784	1236	1795	roadmap_epigenomics H3K9me3	NA	NA	H3K9me3	NA	NA	E039-H3K9me3.narrowPeak	1	85095
1	416	roadmap_epigenomics	0.184854201570537	0.974772092001902	444	56	57	1034	1034	382	662	1319	1917	roadmap_epigenomics H3K9me3	NA	NA	H3K9me3	NA	NA	E042-H3K9me3.narrowPeak	1	78727
1	599	roadmap_epigenomics	0.176403271064152	0.975014574799199	671	57	56	753	753	289	997	1092	1582	roadmap_epigenomics H3K27me3	NA	NA	H3K27me3	NA	NA	E071-H3K27me3.narrowPeak	1	129447
1	210	roadmap_epigenomics	0.159527767297072	0.971157472000466	815	58	58	497	497	204	1211	948	1368	roadmap_epigenomics H3K9me3	NA	NA	H3K9me3	NA	NA	E015-H3K9me3.narrowPeak	1	342240
1	450	roadmap_epigenomics	0.152613509915872	0.965507975590123	461	59	60	1023	1023	381	692	1302	1887	roadmap_epigenomics H3K9me3	NA	NA	H3K9me3	NA	NA	E047-H3K9me3.narrowPeak	1	66663
1	217	roadmap_epigenomics	0.140496465266519	0.965528576211877	760	60	59	599	599	239	1134	1003	1445	roadmap_epigenomics H3K9me3	NA	NA	H3K9me3	NA	NA	E016-H3K9me3.narrowPeak	1	236873
1	828	roadmap_epigenomics	0.132835633044021	0.963016493758448	731	61	61	656	656	259	1093	1032	1486	roadmap_epigenomics H3K27me3	NA	NA	H3K27me3	NA	NA	E100-H3K27me3.narrowPeak	1	119670
1	544	roadmap_epigenomics	0.117793114836584	0.958536458262325	812	62	62	503	503	209	1215	951	1364	roadmap_epigenomics H3K9me3	NA	NA	H3K9me3	NA	NA	E061-H3K9me3.narrowPeak	1	269877
1	392	roadmap_epigenomics	0.114594808294115	0.950372105923437	405	63	65	1058	1058	395	616	1358	1963	roadmap_epigenomics H3K9me3	NA	NA	H3K9me3	NA	NA	E038-H3K9me3.narrowPeak	1	43418
1	853	roadmap_epigenomics	0.114114866959236	0.955518748069685	614	64	63	857	857	328	925	1149	1654	roadmap_epigenomics H3K9me3	NA	NA	H3K9me3	NA	NA	E103-H3K9me3.narrowPeak	1	100968
1	385	roadmap_epigenomics	0.113927766555073	0.950413634059175	413	65	64	1056	1056	395	628	1350	1951	roadmap_epigenomics H3K9me3	NA	NA	H3K9me3	NA	NA	E037-H3K9me3.narrowPeak	1	66247
1	846	roadmap_epigenomics	0.0979681143661023	0.947951966266842	543	66	66	948	948	360	824	1220	1755	roadmap_epigenomics H3K9me3	NA	NA	H3K9me3	NA	NA	E102-H3K9me3.narrowPeak	1	148364
1	861	roadmap_epigenomics	0.0895289717601897	0.946271992805324	633	67	67	826	826	320	959	1130	1620	roadmap_epigenomics H3K27me3	NA	NA	H3K27me3	NA	NA	E105-H3K27me3.narrowPeak	1	139718
1	268	roadmap_epigenomics	0.0831387740775012	0.945028216096326	748	68	68	627	627	254	1130	1015	1449	roadmap_epigenomics H3K9me3	NA	NA	H3K9me3	NA	NA	E020-H3K9me3.narrowPeak	1	201977
1	644	roadmap_epigenomics	0.0818984210476592	0.94265927491265	618	69	69	854	854	331	939	1145	1640	roadmap_epigenomics H3K9me3	NA	NA	H3K9me3	NA	NA	E077-H3K9me3.narrowPeak	1	223454
1	587	roadmap_epigenomics	0.0764654539451496	0.936979751669283	500	70	71	997	997	379	766	1263	1813	roadmap_epigenomics H3K27me3	NA	NA	H3K27me3	NA	NA	E069-H3K27me3.narrowPeak	1	78271
1	333	roadmap_epigenomics	0.0743217269826951	0.940933287708179	738	71	70	644	644	262	1118	1025	1461	roadmap_epigenomics H3K9me3	NA	NA	H3K9me3	NA	NA	E029-H3K9me3.narrowPeak	1	223443
1	605	roadmap_epigenomics	0.0646110675546764	0.933580992472809	592	72	72	884	884	343	906	1171	1673	roadmap_epigenomics H3K27me3	NA	NA	H3K27me3	NA	NA	E072-H3K27me3.narrowPeak	1	109748
1	724	roadmap_epigenomics	0.0589997074530682	0.921920994346175	391	73	78	1068	1068	406	609	1372	1970	roadmap_epigenomics H3K9me3	NA	NA	H3K9me3	NA	NA	E087-H3K9me3.narrowPeak	1	39484
1	610	roadmap_epigenomics	0.0583357181370124	0.9313090704216	648	74	74	794	794	314	991	1115	1588	roadmap_epigenomics H3K9me3	NA	NA	H3K9me3	NA	NA	E072-H3K9me3.narrowPeak	1	143837
1	310	roadmap_epigenomics	0.0583152161812602	0.929673241192126	579	75	75	903	903	351	889	1184	1690	roadmap_epigenomics H3K9me3	NA	NA	H3K9me3	NA	NA	E026-H3K9me3.narrowPeak	1	170622
1	551	roadmap_epigenomics	0.0569618383957535	0.926968126405769	520	76	76	977	977	376	802	1243	1777	roadmap_epigenomics H3K9me3	NA	NA	H3K9me3	NA	NA	E062-H3K9me3.narrowPeak	1	97775
1	787	roadmap_epigenomics	0.0551697025625984	0.931469962215285	826	77	73	479	479	210	1254	937	1325	roadmap_epigenomics H3K9me3	NA	NA	H3K9me3	NA	NA	E094-H3K9me3.narrowPeak	1	157542
1	1005	roadmap_epigenomics	0.0451317680696268	0.923386435973425	670	78	77	755	755	303	1029	1093	1550	roadmap_epigenomics H3K27me3	NA	NA	H3K27me3	NA	NA	E121-H3K27me3.narrowPeak	1	349372
1	463	roadmap_epigenomics	0.0439855927615865	0.921637265951839	627	79	79	837	837	332	966	1136	1613	roadmap_epigenomics H3K9me3	NA	NA	H3K9me3	NA	NA	E049-H3K9me3.narrowPeak	1	233346
1	872	roadmap_epigenomics	0.0414005899589403	0.921561644659146	721	80	80	675	675	278	1106	1042	1473	roadmap_epigenomics H3K27me3	NA	NA	H3K27me3	NA	NA	E107-H3K27me3.narrowPeak	1	192092
1	443	roadmap_epigenomics	0.0381767068310699	0.917701694012324	646	81	82	799	799	321	997	1117	1582	roadmap_epigenomics H3K9me3	NA	NA	H3K9me3	NA	NA	E046-H3K9me3.narrowPeak	1	220089
1	38	roadmap_epigenomics	0.0377901766843403	0.919838142720565	858	82	81	400	400	188	1309	905	1270	roadmap_epigenomics H3K9me3	NA	NA	H3K9me3	NA	NA	E003-H3K9me3.narrowPeak	1	307462
1	303	roadmap_epigenomics	0.0337098420760587	0.913293969244174	620	83	84	851	851	339	961	1143	1618	roadmap_epigenomics H3K9me3	NA	NA	H3K9me3	NA	NA	E025-H3K9me3.narrowPeak	1	216512
1	553	roadmap_epigenomics	0.0331939293130798	0.914311109707707	682	84	83	730	730	299	1053	1081	1526	roadmap_epigenomics H3K27me3	NA	NA	H3K27me3	NA	NA	E063-H3K27me3.narrowPeak	1	207798
1	922	roadmap_epigenomics	0.0327895080158823	0.908500580436804	512	85	86	991	991	387	801	1251	1778	roadmap_epigenomics H3K27me3	NA	NA	H3K27me3	NA	NA	E114-H3K27me3.narrowPeak	1	215893
1	428	roadmap_epigenomics	0.0318798567428697	0.907777084895218	515	86	88	986	986	387	806	1248	1773	roadmap_epigenomics H3K9me3	NA	NA	H3K9me3	NA	NA	E044-H3K9me3.narrowPeak	1	145102
1	742	roadmap_epigenomics	0.0305397267008505	0.907831271992494	546	87	87	941	941	372	853	1217	1726	roadmap_epigenomics H3K9me3	NA	NA	H3K9me3	NA	NA	E089-H3K9me3.narrowPeak	1	123393
1	434	roadmap_epigenomics	0.0298516711385037	0.902343345971324	452	88	94	1029	1029	404	713	1311	1866	roadmap_epigenomics H3K9me3	NA	NA	H3K9me3	NA	NA	E045-H3K9me3.narrowPeak	1	83794
1	173	roadmap_epigenomics	0.0280776048455705	0.909753383041631	694	89	85	717	717	297	1074	1069	1505	roadmap_epigenomics H3K27me3	NA	NA	H3K27me3	NA	NA	E010-H3K27me3.narrowPeak	1	251817
1	929	roadmap_epigenomics	0.0270938906274663	0.905112489174783	566	90	91	926	926	369	885	1197	1694	roadmap_epigenomics H3K9me3	NA	NA	H3K9me3	NA	NA	E114-H3K9me3.narrowPeak	1	103230
1	254	roadmap_epigenomics	0.0262999028352478	0.906541910672099	635	91	89	821	821	334	988	1128	1591	roadmap_epigenomics H3K9me3	NA	NA	H3K9me3	NA	NA	E018-H3K9me3.narrowPeak	1	188469
1	580	roadmap_epigenomics	0.0247450829294337	0.892257577177336	394	92	98	1065	1065	418	629	1369	1950	roadmap_epigenomics H3K27me3	NA	NA	H3K27me3	NA	NA	E068-H3K27me3.narrowPeak	1	52286
1	817	roadmap_epigenomics	0.0247415481270883	0.905961712335584	1046	93	90	107	107	96.7	1591	717	988	roadmap_epigenomics H3K9me3	NA	NA	H3K9me3	NA	NA	E098-H3K9me3.narrowPeak	1	251390
1	612	roadmap_epigenomics	0.0245883607032836	0.90504732479118	649	94	92	792	792	326	1010	1114	1569	roadmap_epigenomics H3K27me3	NA	NA	H3K27me3	NA	NA	E073-H3K27me3.narrowPeak	1	123448
1	287	roadmap_epigenomics	0.0243822264481872	0.905020012102443	657	95	93	775	775	321	1022	1106	1557	roadmap_epigenomics H3K27me3	NA	NA	H3K27me3	NA	NA	E023-H3K27me3.narrowPeak	1	307913
1	422	roadmap_epigenomics	0.0202602944141654	0.895693682919458	537	96	96	952	952	381	847	1226	1732	roadmap_epigenomics H3K9me3	NA	NA	H3K9me3	NA	NA	E043-H3K9me3.narrowPeak	1	129594
1	1050	roadmap_epigenomics	0.018194827445523	0.898591315603783	719	97	95	681	681	291	1119	1044	1460	roadmap_epigenomics H3K9me3	NA	NA	H3K9me3	NA	NA	E124-H3K9me3.narrowPeak	1	220527
1	619	roadmap_epigenomics	0.0159190371915305	0.892187140208914	606	98	99	870	870	356	954	1157	1625	roadmap_epigenomics H3K27me3	NA	NA	H3K27me3	NA	NA	E074-H3K27me3.narrowPeak	1	137148
1	298	roadmap_epigenomics	0.0151622001902475	0.892662061971927	660	99	97	771	771	322	1035	1103	1544	roadmap_epigenomics H3K27me3	NA	NA	H3K27me3	NA	NA	E025-H3K27me3.narrowPeak	1	300249
1	832	roadmap_epigenomics	0.0149997301174744	0.888655059415177	557	100	100	932	932	377	882	1206	1697	roadmap_epigenomics H3K9me3	NA	NA	H3K9me3	NA	NA	E100-H3K9me3.narrowPeak	1	148038
1	1120	ucsc_features	0.0146293489671702	0.659660432836284	1728	101	194	1	194	98.7	2545	35	34	UCSC Repeat Masker	NA	NA	NA	NA	NA	rmsk.bed	1	5291824
1	573	roadmap_epigenomics	0.0144583058842077	0.888389186604777	572	102	101	917	917	373	905	1191	1674	roadmap_epigenomics H3K27me3	NA	NA	H3K27me3	NA	NA	E067-H3K27me3.narrowPeak	1	102020
1	899	roadmap_epigenomics	0.0126657030941817	0.876200727643991	430	103	105	1050	1050	419	694	1333	1885	roadmap_epigenomics H3K9me3	NA	NA	H3K9me3	NA	NA	E110-H3K9me3.narrowPeak	1	32117
1	592	roadmap_epigenomics	0.0106492943894099	0.88094193731165	574	104	103	912	912	373	913	1189	1666	roadmap_epigenomics H3K9me3	NA	NA	H3K9me3	NA	NA	E069-H3K9me3.narrowPeak	1	114493
1	458	roadmap_epigenomics	0.0104811431047936	0.883224415034926	643	105	102	807	807	338	1016	1120	1563	roadmap_epigenomics H3K27me3	NA	NA	H3K27me3	NA	NA	E049-H3K27me3.narrowPeak	1	322175
1	566	roadmap_epigenomics	0.00819667830434007	0.865429002401333	433	106	112	1046	1046	421	705	1330	1874	roadmap_epigenomics H3K27me3	NA	NA	H3K27me3	NA	NA	E066-H3K27me3.narrowPeak	1	107945
1	578	roadmap_epigenomics	0.00779107775469463	0.872221254488896	546	107	107	941	941	385	876	1217	1703	roadmap_epigenomics H3K9me3	NA	NA	H3K9me3	NA	NA	E067-H3K9me3.narrowPeak	1	97767
1	867	roadmap_epigenomics	0.00716389514143068	0.877980286274525	830	108	104	470	470	227	1298	933	1281	roadmap_epigenomics H3K27me3	NA	NA	H3K27me3	NA	NA	E106-H3K27me3.narrowPeak	1	171804
1	631	roadmap_epigenomics	0.0065959377629569	0.875568812266575	759	109	106	603	603	273	1195	1004	1384	roadmap_epigenomics H3K9me3	NA	NA	H3K9me3	NA	NA	E075-H3K9me3.narrowPeak	1	149780
1	603	roadmap_epigenomics	0.00651908079282823	0.870640903958991	595	110	108	879	879	366	952	1168	1627	roadmap_epigenomics H3K9me3	NA	NA	H3K9me3	NA	NA	E071-H3K9me3.narrowPeak	1	136353
1	410	roadmap_epigenomics	0.00622715683151872	0.862541090150582	476	111	115	1014	1014	413	774	1287	1805	roadmap_epigenomics H3K9me3	NA	NA	H3K9me3	NA	NA	E041-H3K9me3.narrowPeak	1	98944
1	918	roadmap_epigenomics	0.00553341594331773	0.866903607376606	1120	112	111	62	112	95	1722	643	857	roadmap_epigenomics H3K9me3	NA	NA	H3K9me3	NA	NA	E113-H3K9me3.narrowPeak	1	275470
1	646	roadmap_epigenomics	0.00533071046633492	0.868405992246397	648	113	109	794	794	339	1034	1115	1545	roadmap_epigenomics H3K27me3	NA	NA	H3K27me3	NA	NA	E078-H3K27me3.narrowPeak	1	107890
1	893	roadmap_epigenomics	0.00499620931885526	0.864553031091228	587	114	113	891	891	373	944	1176	1635	roadmap_epigenomics H3K9me3	NA	NA	H3K9me3	NA	NA	E109-H3K9me3.narrowPeak	1	103033
1	661	roadmap_epigenomics	0.00440011000884639	0.867755774724554	894	115	110	312	312	179	1399	869	1180	roadmap_epigenomics H3K27me3	NA	NA	H3K27me3	NA	NA	E080-H3K27me3.narrowPeak	1	290737
1	879	roadmap_epigenomics	0.00381302571012559	0.86329084139977	706	116	114	702	702	311	1125	1057	1454	roadmap_epigenomics H3K27me3	NA	NA	H3K27me3	NA	NA	E108-H3K27me3.narrowPeak	1	189539
1	534	roadmap_epigenomics	0.00299299854018092	0.849658658339715	513	117	116	988	988	407	840	1250	1739	roadmap_epigenomics H3K27me3	NA	NA	H3K27me3	NA	NA	E059-H3K27me3.narrowPeak	1	100360
1	855	roadmap_epigenomics	0.0027648333696263	0.785737721476565	176	118	146	1113	1113	459	319	1587	2260	roadmap_epigenomics H3K27me3	NA	NA	H3K27me3	NA	NA	E104-H3K27me3.narrowPeak	1	18466
1	404	roadmap_epigenomics	0.00219495677361741	0.840419536638713	474	119	120	1017	1017	419	785	1289	1794	roadmap_epigenomics H3K9me3	NA	NA	H3K9me3	NA	NA	E040-H3K9me3.narrowPeak	1	108267
1	418	roadmap_epigenomics	0.00179672467672053	0.846158214549707	621	120	118	848	848	362	1009	1142	1570	roadmap_epigenomics H3K27me3	NA	NA	H3K27me3	NA	NA	E043-H3K27me3.narrowPeak	1	166658
1	665	roadmap_epigenomics	0.00139197614631445	0.846316768176573	894	121	117	312	312	183	1415	869	1164	roadmap_epigenomics H3K9me3	NA	NA	H3K9me3	NA	NA	E080-H3K9me3.narrowPeak	1	218395
1	374	roadmap_epigenomics	0.00137639236059829	0.838969604269968	574	122	122	912	912	385	942	1189	1637	roadmap_epigenomics H3K9me3	NA	NA	H3K9me3	NA	NA	E035-H3K9me3.narrowPeak	1	112817
1	1079	roadmap_epigenomics	0.00132745963669085	0.843807484415487	705	123	119	703	703	315	1138	1058	1441	roadmap_epigenomics H3K27me3	NA	NA	H3K27me3	NA	NA	E127-H3K27me3.narrowPeak	1	230204
1	638	roadmap_epigenomics	0.00101927174909407	0.826615044776688	479	124	127	1009	1009	420	802	1284	1777	roadmap_epigenomics H3K9me3	NA	NA	H3K9me3	NA	NA	E076-H3K9me3.narrowPeak	1	64003
1	480	roadmap_epigenomics	0.000941886350455224	0.839745130779743	803	125	121	525	525	257	1287	960	1292	roadmap_epigenomics H3K9me3	NA	NA	H3K9me3	NA	NA	E051-H3K9me3.narrowPeak	1	399600
1	952	roadmap_epigenomics	0.000798325186590382	0.82290833515025	485	126	128	1006	1006	420	814	1278	1765	roadmap_epigenomics H3K9me3	NA	NA	H3K9me3	NA	NA	E116-H3K9me3.narrowPeak	1	59492
1	375	roadmap_epigenomics	0.000769785314692898	0.834532106561259	699	127	123	709	709	320	1136	1064	1443	roadmap_epigenomics H3K27me3	NA	NA	H3K27me3	NA	NA	E036-H3K27me3.narrowPeak	1	292043
1	472	roadmap_epigenomics	0.000637880027697526	0.83201451936772	717	128	124	684	684	312	1165	1046	1414	roadmap_epigenomics H3K9me3	NA	NA	H3K9me3	NA	NA	E050-H3K9me3.narrowPeak	1	253527
1	196	roadmap_epigenomics	0.000569786541700311	0.831603499819304	794	129	125	543	543	266	1280	969	1299	roadmap_epigenomics H3K9me3	NA	NA	H3K9me3	NA	NA	E013-H3K9me3.narrowPeak	1	223866
1	406	roadmap_epigenomics	0.000554035836102479	0.827795778141934	656	130	126	779	779	345	1076	1107	1503	roadmap_epigenomics H3K27me3	NA	NA	H3K27me3	NA	NA	E041-H3K27me3.narrowPeak	1	184455
1	751	roadmap_epigenomics	0.000416904218888568	0.821399320042098	613	131	129	859	859	373	1015	1150	1564	roadmap_epigenomics H3K9me3	NA	NA	H3K9me3	NA	NA	E090-H3K9me3.narrowPeak	1	163795
1	585	roadmap_epigenomics	0.000365915897556758	0.81966180091274	618	132	130	854	854	372	1024	1145	1555	roadmap_epigenomics H3K9me3	NA	NA	H3K9me3	NA	NA	E068-H3K9me3.narrowPeak	1	193456
1	681	roadmap_epigenomics	0.000330075098164974	0.815696033790787	576	133	132	909	909	391	962	1187	1617	roadmap_epigenomics H3K9me3	NA	NA	H3K9me3	NA	NA	E082-H3K9me3.narrowPeak	1	165724
1	476	roadmap_epigenomics	0.000324790785710344	0.814252523513797	558	134	133	930	930	399	935	1205	1644	roadmap_epigenomics H3K27me3	NA	NA	H3K27me3	NA	NA	E051-H3K27me3.narrowPeak	1	236036
1	316	roadmap_epigenomics	0.000236454820596133	0.818680292856241	832	135	131	461	461	242	1346	931	1233	roadmap_epigenomics H3K9me3	NA	NA	H3K9me3	NA	NA	E027-H3K9me3.narrowPeak	1	366285
1	717	roadmap_epigenomics	0.00014194693922595	0.780805408733808	372	136	148	1071	1071	452	658	1391	1921	roadmap_epigenomics H3K9me3	NA	NA	H3K9me3	NA	NA	E086-H3K9me3.narrowPeak	1	29160
1	1012	roadmap_epigenomics	0.000121355233399331	0.806177426012973	670	137	134	755	755	342	1114	1093	1465	roadmap_epigenomics H3K9me3	NA	NA	H3K9me3	NA	NA	E121-H3K9me3.narrowPeak	1	138498
1	369	roadmap_epigenomics	0.000111858233544861	0.802962184948208	624	138	136	842	842	372	1046	1139	1533	roadmap_epigenomics H3K9me3	NA	NA	H3K9me3	NA	NA	E034-H3K9me3.narrowPeak	1	176448
1	352	roadmap_epigenomics	0.00010870339710623	0.799836797764652	578	139	139	905	905	394	977	1185	1602	roadmap_epigenomics H3K9me3	NA	NA	H3K9me3	NA	NA	E032-H3K9me3.narrowPeak	1	126853
1	795	roadmap_epigenomics	0.000108198283495655	0.786035868784888	434	140	145	1045	1045	443	757	1329	1822	roadmap_epigenomics H3K27me3	NA	NA	H3K27me3	NA	NA	E096-H3K27me3.narrowPeak	1	85642
1	677	roadmap_epigenomics	0.0000966941105146424	0.802402750748069	653	141	137	787	787	355	1091	1110	1488	roadmap_epigenomics H3K27me3	NA	NA	H3K27me3	NA	NA	E082-H3K27me3.narrowPeak	1	117993
1	297	roadmap_epigenomics	0.0000909113020370682	0.804554008860783	744	142	135	631	631	303	1227	1019	1352	roadmap_epigenomics H3K9me3	NA	NA	H3K9me3	NA	NA	E024-H3K9me3.narrowPeak	1	260267
1	624	roadmap_epigenomics	0.0000817620679931582	0.796387376139033	584	143	140	898	898	394	989	1179	1590	roadmap_epigenomics H3K9me3	NA	NA	H3K9me3	NA	NA	E074-H3K9me3.narrowPeak	1	150390
1	808	roadmap_epigenomics	0.0000714965255537178	0.802395688860363	830	144	138	470	470	251	1356	933	1223	roadmap_epigenomics H3K9me3	NA	NA	H3K9me3	NA	NA	E097-H3K9me3.narrowPeak	1	165885
1	656	roadmap_epigenomics	0.0000553666853343193	0.790968581147653	1096	145	143	77	145	122	1741	667	838	roadmap_epigenomics H3K9me3	NA	NA	H3K9me3	NA	NA	E079-H3K9me3.narrowPeak	1	258176
1	560	roadmap_epigenomics	0.000043895219216178	0.79296263989359	671	146	141	753	753	347	1126	1092	1453	roadmap_epigenomics H3K27me3	NA	NA	H3K27me3	NA	NA	E065-H3K27me3.narrowPeak	1	134896
1	804	roadmap_epigenomics	0.000041763904328836	0.775518793903574	454	147	151	1027	1027	442	797	1309	1782	roadmap_epigenomics H3K27me3	NA	NA	H3K27me3	NA	NA	E097-H3K27me3.narrowPeak	1	112268
1	633	roadmap_epigenomics	0.000040071907166106	0.776661033082824	468	148	150	1021	1021	440	819	1295	1760	roadmap_epigenomics H3K27me3	NA	NA	H3K27me3	NA	NA	E076-H3K27me3.narrowPeak	1	65497
1	320	roadmap_epigenomics	0.0000337618690140036	0.792118815035563	750	149	142	623	623	305	1246	1013	1333	roadmap_epigenomics H3K27me3	NA	NA	H3K27me3	NA	NA	E028-H3K27me3.narrowPeak	1	124081
1	669	roadmap_epigenomics	0.0000286580505994952	0.774829718368637	490	150	152	1001	1001	434	856	1273	1723	roadmap_epigenomics H3K27me3	NA	NA	H3K27me3	NA	NA	E081-H3K27me3.narrowPeak	1	82305
1	546	roadmap_epigenomics	0.0000280070636648534	0.78678417111357	656	151	144	779	779	358	1108	1107	1471	roadmap_epigenomics H3K27me3	NA	NA	H3K27me3	NA	NA	E062-H3K27me3.narrowPeak	1	117101
1	468	roadmap_epigenomics	0.0000180763720297981	0.774505752774732	546	152	153	941	941	415	946	1217	1633	roadmap_epigenomics H3K27me3	NA	NA	H3K27me3	NA	NA	E050-H3K27me3.narrowPeak	1	188829
1	379	roadmap_epigenomics	0.0000174851027511954	0.785110112357946	830	153	147	470	470	257	1370	933	1209	roadmap_epigenomics H3K9me3	NA	NA	H3K9me3	NA	NA	E036-H3K9me3.narrowPeak	1	237679
1	293	roadmap_epigenomics	0.0000127252563245373	0.779242935031021	964	154	149	206	206	170	1567	799	1012	roadmap_epigenomics H3K27me3	NA	NA	H3K27me3	NA	NA	E024-H3K27me3.narrowPeak	1	222597
1	652	roadmap_epigenomics	0.00000526829582272803	0.761791594902837	563	155	156	927	927	413	983	1200	1596	roadmap_epigenomics H3K27me3	NA	NA	H3K27me3	NA	NA	E079-H3K27me3.narrowPeak	1	85895
1	445	roadmap_epigenomics	0.00000389830128925445	0.762156861332351	614	156	154	857	857	389	1063	1149	1516	roadmap_epigenomics H3K27me3	NA	NA	H3K27me3	NA	NA	E047-H3K27me3.narrowPeak	1	175300
1	639	roadmap_epigenomics	0.00000335936896455136	0.762132953016312	641	157	155	810	810	374	1105	1122	1474	roadmap_epigenomics H3K27me3	NA	NA	H3K27me3	NA	NA	E077-H3K27me3.narrowPeak	1	151995
1	940	roadmap_epigenomics	0.00000309449894689077	0.757460318018622	581	158	158	900	900	405	1015	1182	1564	roadmap_epigenomics H3K9me3	NA	NA	H3K9me3	NA	NA	E115-H3K9me3.narrowPeak	1	191833
1	481	roadmap_epigenomics	0.00000171943049789592	0.753520306789885	612	159	159	863	863	394	1067	1151	1512	roadmap_epigenomics H3K27me3	NA	NA	H3K27me3	NA	NA	E052-H3K27me3.narrowPeak	1	291852
1	334	roadmap_epigenomics	0.00000138866010750234	0.757716712007037	857	160	157	403	403	240	1432	906	1147	roadmap_epigenomics H3K27me3	NA	NA	H3K27me3	NA	NA	E030-H3K27me3.narrowPeak	1	255104
1	733	roadmap_epigenomics	0.00000089673670595092	0.747481321599319	619	161	160	852	852	391	1083	1144	1496	roadmap_epigenomics H3K9me3	NA	NA	H3K9me3	NA	NA	E088-H3K9me3.narrowPeak	1	161817
1	412	roadmap_epigenomics	0.000000598819237140392	0.740536943324318	576	162	162	909	909	411	1021	1187	1558	roadmap_epigenomics H3K27me3	NA	NA	H3K27me3	NA	NA	E042-H3K27me3.narrowPeak	1	132585
1	305	roadmap_epigenomics	0.000000521690480759025	0.738895494598614	572	163	164	917	917	415	1016	1191	1563	roadmap_epigenomics H3K27me3	NA	NA	H3K27me3	NA	NA	E026-H3K27me3.narrowPeak	1	281141
1	964	roadmap_epigenomics	0.000000461881172965533	0.741787540365122	630	164	161	831	831	385	1105	1133	1474	roadmap_epigenomics H3K9me3	NA	NA	H3K9me3	NA	NA	E117-H3K9me3.narrowPeak	1	92881
1	497	roadmap_epigenomics	0.000000310639692155605	0.73534636826607	589	165	165	888	888	406	1046	1174	1533	roadmap_epigenomics H3K9me3	NA	NA	H3K9me3	NA	NA	E054-H3K9me3.narrowPeak	1	152197
1	933	roadmap_epigenomics	0.000000276363465303013	0.734563696641632	593	166	166	880	880	404	1053	1170	1526	roadmap_epigenomics H3K27me3	NA	NA	H3K27me3	NA	NA	E115-H3K27me3.narrowPeak	1	239959
1	597	roadmap_epigenomics	0.000000247467272013275	0.740442657155965	737	167	163	645	645	325	1270	1026	1309	roadmap_epigenomics H3K9me3	NA	NA	H3K9me3	NA	NA	E070-H3K9me3.narrowPeak	1	240503
1	769	roadmap_epigenomics	0.000000195520618062979	0.731300481997646	1052	168	168	104	168	147	1726	711	853	roadmap_epigenomics H3K9me3	NA	NA	H3K9me3	NA	NA	E092-H3K9me3.narrowPeak	1	273587
1	167	roadmap_epigenomics	0.00000012272772934407	0.730592956639591	645	169	169	802	802	380	1138	1118	1441	roadmap_epigenomics H3K27me3	NA	NA	H3K27me3	NA	NA	E009-H3K27me3.narrowPeak	1	215158
1	799	roadmap_epigenomics	0.000000117447962776642	0.70158033843049	1261	170	177	15	177	121	2016	502	563	roadmap_epigenomics H3K9me3	NA	NA	H3K9me3	NA	NA	E096-H3K9me3.narrowPeak	1	438415
1	184	roadmap_epigenomics	0.0000000898639728740903	0.731852727775688	754	171	167	617	617	318	1303	1009	1276	roadmap_epigenomics H3K9me3	NA	NA	H3K9me3	NA	NA	E011-H3K9me3.narrowPeak	1	213267
1	492	roadmap_epigenomics	0.0000000673650373006337	0.725117368260752	640	172	170	812	812	385	1135	1123	1444	roadmap_epigenomics H3K9me3	NA	NA	H3K9me3	NA	NA	E053-H3K9me3.narrowPeak	1	206695
1	819	roadmap_epigenomics	0.0000000623368280267365	0.66984077382377	289	173	186	1095	1095	485	584	1474	1995	roadmap_epigenomics H3K27me3	NA	NA	H3K27me3	NA	NA	E099-H3K27me3.narrowPeak	1	40652
1	834	roadmap_epigenomics	0.0000000212164550811896	0.715562114797957	641	174	172	810	810	385	1145	1122	1434	roadmap_epigenomics H3K27me3	NA	NA	H3K27me3	NA	NA	E101-H3K27me3.narrowPeak	1	178729
1	708	roadmap_epigenomics	0.0000000138145944613551	0.716329645836333	874	175	171	361	361	236	1492	889	1087	roadmap_epigenomics H3K9me3	NA	NA	H3K9me3	NA	NA	E085-H3K9me3.narrowPeak	1	264076
1	394	roadmap_epigenomics	0.0000000137799819027148	0.702079556130441	520	176	175	977	977	443	963	1243	1616	roadmap_epigenomics H3K27me3	NA	NA	H3K27me3	NA	NA	E039-H3K27me3.narrowPeak	1	115142
1	424	roadmap_epigenomics	6.10621404014638e-09	0.707570876270436	677	177	173	739	739	363	1208	1086	1371	roadmap_epigenomics H3K27me3	NA	NA	H3K27me3	NA	NA	E044-H3K27me3.narrowPeak	1	189790
1	1103	roadmap_epigenomics	5.5421947123659e-09	0.705045158766882	642	178	174	809	809	387	1156	1121	1423	roadmap_epigenomics H3K27me3	NA	NA	H3K27me3	NA	NA	E129-H3K27me3.narrowPeak	1	309622
1	493	roadmap_epigenomics	3.23106077080967e-09	0.666940074556852	373	179	188	1070	1070	479	740	1390	1839	roadmap_epigenomics H3K27me3	NA	NA	H3K27me3	NA	NA	E054-H3K27me3.narrowPeak	1	89616
1	695	roadmap_epigenomics	2.76651693649599e-09	0.698629008120893	623	180	179	845	845	401	1132	1140	1447	roadmap_epigenomics H3K27me3	NA	NA	H3K27me3	NA	NA	E084-H3K27me3.narrowPeak	1	193037
1	132	roadmap_epigenomics	2.29385283855501e-09	0.700973487666215	924	181	178	268	268	209	1576	839	1003	roadmap_epigenomics H3K9me3	NA	NA	H3K9me3	NA	NA	E007-H3K9me3.narrowPeak	1	151755
1	626	roadmap_epigenomics	2.05415695036811e-09	0.701816204160936	756	182	176	609	609	322	1333	1007	1246	roadmap_epigenomics H3K27me3	NA	NA	H3K27me3	NA	NA	E075-H3K27me3.narrowPeak	1	185405
1	190	roadmap_epigenomics	1.43910937189058e-09	0.691100302211422	586	183	181	894	894	419	1080	1177	1499	roadmap_epigenomics H3K9me3	NA	NA	H3K9me3	NA	NA	E012-H3K9me3.narrowPeak	1	164404
1	1043	roadmap_epigenomics	1.10647112053856e-09	0.693545848346599	650	184	180	791	791	385	1179	1113	1400	roadmap_epigenomics H3K27me3	NA	NA	H3K27me3	NA	NA	E124-H3K27me3.narrowPeak	1	160742
1	765	roadmap_epigenomics	3.0810069701813e-10	0.684157415760857	970	185	182	194	194	187	1654	793	925	roadmap_epigenomics H3K27me3	NA	NA	H3K27me3	NA	NA	E092-H3K27me3.narrowPeak	1	273954
1	841	roadmap_epigenomics	2.38361498920587e-10	0.672592438237518	526	186	185	966	966	446	999	1237	1580	roadmap_epigenomics H3K27me3	NA	NA	H3K27me3	NA	NA	E102-H3K27me3.narrowPeak	1	129148
1	747	roadmap_epigenomics	1.50672984394449e-10	0.683860830288873	803	187	183	525	525	298	1419	960	1160	roadmap_epigenomics H3K27me3	NA	NA	H3K27me3	NA	NA	E090-H3K27me3.narrowPeak	1	283720
1	439	roadmap_epigenomics	6.99546288153292e-11	0.665251110155705	534	188	189	957	957	445	1019	1229	1560	roadmap_epigenomics H3K27me3	NA	NA	H3K27me3	NA	NA	E046-H3K27me3.narrowPeak	1	116582
1	1115	ucsc_features	5.47517170046939e-11	0.225799913080125	1704	189	846	2	846	346	2559	59	20	UCSC LaminBq	NA	NA	NA	NA	NA	laminB1.bed	1	2859551
1	704	roadmap_epigenomics	5.14493293787051e-11	0.675516439021973	717	190	184	684	684	353	1299	1046	1280	roadmap_epigenomics H3K27me3	NA	NA	H3K27me3	NA	NA	E085-H3K27me3.narrowPeak	1	218555
1	728	roadmap_epigenomics	4.41973457475592e-11	0.661703254067952	529	191	191	962	962	448	1014	1234	1565	roadmap_epigenomics H3K27me3	NA	NA	H3K27me3	NA	NA	E088-H3K27me3.narrowPeak	1	203560
1	430	roadmap_epigenomics	3.15327849118373e-11	0.663615750202473	569	192	190	923	923	435	1078	1194	1501	roadmap_epigenomics H3K27me3	NA	NA	H3K27me3	NA	NA	E045-H3K27me3.narrowPeak	1	113136
1	160	roadmap_epigenomics	2.85837750861666e-11	0.667512936566982	977	193	187	180	193	187	1678	786	901	roadmap_epigenomics H3K9me3	NA	NA	H3K9me3	NA	NA	E008-H3K9me3.narrowPeak	1	210217
1	85	roadmap_epigenomics	1.95762333024596e-11	0.635454235155102	1223	194	201	22	201	139	2014	540	565	roadmap_epigenomics H3K9me3	NA	NA	H3K9me3	NA	NA	E005-H3K9me3.narrowPeak	1	286964
1	1030	roadmap_epigenomics	1.82988851402074e-11	0.638791797579948	414	195	200	1055	1055	483	837	1349	1742	roadmap_epigenomics H3K27me3	NA	NA	H3K27me3	NA	NA	E123-H3K27me3.narrowPeak	1	123368
1	756	roadmap_epigenomics	1.79438197670076e-11	0.66033108342006	572	196	193	917	917	435	1086	1191	1493	roadmap_epigenomics H3K27me3	NA	NA	H3K27me3	NA	NA	E091-H3K27me3.narrowPeak	1	114417
1	685	roadmap_epigenomics	1.42674177333835e-11	0.634812408513357	402	197	202	1060	1060	486	819	1361	1760	roadmap_epigenomics H3K27me3	NA	NA	H3K27me3	NA	NA	E083-H3K27me3.narrowPeak	1	94590
1	6	roadmap_epigenomics	9.33170046118976e-12	0.660438088386401	625	198	192	840	840	410	1171	1138	1408	roadmap_epigenomics H3K9me3	NA	NA	H3K9me3	NA	NA	E001-H3K9me3.narrowPeak	1	176553
1	894	roadmap_epigenomics	6.55000145111929e-12	0.658018818961624	621	199	195	848	848	414	1167	1142	1412	roadmap_epigenomics H3K27me3	NA	NA	H3K27me3	NA	NA	E110-H3K27me3.narrowPeak	1	119289
1	233	roadmap_epigenomics	5.9797946201381e-12	0.651552756908914	551	200	197	935	935	444	1060	1212	1519	roadmap_epigenomics H3K27me3	NA	NA	H3K27me3	NA	NA	E017-H3K27me3.narrowPeak	1	299272
1	370	roadmap_epigenomics	4.673516633929e-12	0.591510522528281	274	201	213	1098	1098	504	612	1489	1967	roadmap_epigenomics H3K27me3	NA	NA	H3K27me3	NA	NA	E035-H3K27me3.narrowPeak	1	55503
1	329	roadmap_epigenomics	2.61178451042078e-12	0.645119734426211	537	202	198	952	952	451	1043	1226	1536	roadmap_epigenomics H3K27me3	NA	NA	H3K27me3	NA	NA	E029-H3K27me3.narrowPeak	1	103373
1	348	roadmap_epigenomics	2.47557325576933e-12	0.653383027129191	639	203	196	814	814	404	1200	1124	1379	roadmap_epigenomics H3K27me3	NA	NA	H3K27me3	NA	NA	E032-H3K27me3.narrowPeak	1	178963
1	205	roadmap_epigenomics	2.65575784288856e-13	0.640394681804603	634	204	199	824	824	409	1205	1129	1374	roadmap_epigenomics H3K27me3	NA	NA	H3K27me3	NA	NA	E015-H3K27me3.narrowPeak	1	125743
1	993	roadmap_epigenomics	1.51110114008926e-13	0.614296141003553	435	205	205	1044	1044	485	897	1328	1682	roadmap_epigenomics H3K27me3	NA	NA	H3K27me3	NA	NA	E120-H3K27me3.narrowPeak	1	126488
1	400	roadmap_epigenomics	1.32643243024425e-13	0.615696077100813	447	206	204	1030	1030	480	917	1316	1662	roadmap_epigenomics H3K27me3	NA	NA	H3K27me3	NA	NA	E040-H3K27me3.narrowPeak	1	76554
1	101	roadmap_epigenomics	5.77632152465457e-14	0.60044439630433	392	207	210	1066	1066	494	832	1371	1747	roadmap_epigenomics H3K27me3	NA	NA	H3K27me3	NA	NA	E006-H3K27me3.narrowPeak	1	117340
1	488	roadmap_epigenomics	5.06754083673782e-14	0.605751621179308	421	208	209	1053	1053	490	880	1342	1699	roadmap_epigenomics H3K27me3	NA	NA	H3K27me3	NA	NA	E053-H3K27me3.narrowPeak	1	115999
1	356	roadmap_epigenomics	1.30666371717972e-14	0.552898871730718	263	209	223	1099	1099	510	621	1500	1958	roadmap_epigenomics H3K27me3	NA	NA	H3K27me3	NA	NA	E033-H3K27me3.narrowPeak	1	39591
1	1017	roadmap_epigenomics	8.48608170566901e-15	0.608937998080041	497	210	207	999	999	472	1011	1266	1568	roadmap_epigenomics H3K27me3	NA	NA	H3K27me3	NA	NA	E122-H3K27me3.narrowPeak	1	176690
1	738	roadmap_epigenomics	3.56801162624718e-15	0.621879255968924	842	211	203	437	437	284	1535	921	1044	roadmap_epigenomics H3K27me3	NA	NA	H3K27me3	NA	NA	E089-H3K27me3.narrowPeak	1	221319
1	981	roadmap_epigenomics	3.37514613293652e-15	0.608155237062941	527	212	208	964	964	461	1063	1236	1516	roadmap_epigenomics H3K27me3	NA	NA	H3K27me3	NA	NA	E119-H3K27me3.narrowPeak	1	181513
1	1118	ucsc_features	2.26616954640023e-15	0.556118545538832	1308	213	221	10	221	148	2161	455	418	UCSC Nested repeats	NA	NA	NA	NA	NA	nestedRepeats.bed	1	574736
1	1122	ucsc_features	2.02508767976191e-15	0.362355303365816	1603	214	354	3	354	190	2489	160	90	UCSC Switch DB TSSs	NA	NA	NA	NA	NA	switchDbTss.bed	1	131751
1	452	roadmap_epigenomics	1.3500584531746e-15	0.553504477690133	295	215	222	1089	1089	509	687	1468	1892	roadmap_epigenomics H3K27me3	NA	NA	H3K27me3	NA	NA	E048-H3K27me3.narrowPeak	1	34760
1	540	roadmap_epigenomics	1.06076021320862e-15	0.60994345910553	967	216	206	199	216	207	1717	796	862	roadmap_epigenomics H3K27me3	NA	NA	H3K27me3	NA	NA	E061-H3K27me3.narrowPeak	1	303846
1	673	roadmap_epigenomics	6.75029226587302e-16	0.586591306944045	436	217	216	1043	1043	492	926	1327	1653	roadmap_epigenomics H3K9me3	NA	NA	H3K9me3	NA	NA	E081-H3K9me3.narrowPeak	1	24119
1	7	roadmap_epigenomics	3.85730986621315e-16	0.596308125380835	518	218	212	983	983	471	1060	1245	1519	roadmap_epigenomics H3K27me3	NA	NA	H3K27me3	NA	NA	E002-H3K27me3.narrowPeak	1	95078
1	712	roadmap_epigenomics	1.44649119982993e-16	0.528197708850575	258	219	230	1101	1101	517	632	1505	1947	roadmap_epigenomics H3K27me3	NA	NA	H3K27me3	NA	NA	E086-H3K27me3.narrowPeak	1	61387
1	381	roadmap_epigenomics	9.64327466553287e-17	0.541767065318299	297	220	226	1088	1088	511	702	1466	1877	roadmap_epigenomics H3K27me3	NA	NA	H3K27me3	NA	NA	E037-H3K27me3.narrowPeak	1	36137
1	1121	ucsc_features	0	0.469891143140961	1407	221	242	6	242	156	2305	356	274	UCSC Simple repeats	NA	NA	NA	NA	NA	simpleRepeat.bed	1	958537
1	286	roadmap_epigenomics	0	0.524508115283422	1103	221	231	72	231	175	1963	660	616	roadmap_epigenomics H3K9me3	NA	NA	H3K9me3	NA	NA	E022-H3K9me3.narrowPeak	1	207447
1	699	roadmap_epigenomics	0	0.570645722459719	1042	221	217	109	221	182	1849	721	730	roadmap_epigenomics H3K9me3	NA	NA	H3K9me3	NA	NA	E084-H3K9me3.narrowPeak	1	236782
1	778	roadmap_epigenomics	0	0.430077082533607	1092	221	265	80	265	189	2040	671	539	roadmap_epigenomics H3K9me3	NA	NA	H3K9me3	NA	NA	E093-H3K9me3.narrowPeak	1	234001
1	593	roadmap_epigenomics	0	0.448272511011917	994	221	250	153	250	208	1915	769	664	roadmap_epigenomics H3K27me3	NA	NA	H3K27me3	NA	NA	E070-H3K27me3.narrowPeak	1	132980
1	1113	ucsc_features	0	0.356638331252413	1127	221	362	55	362	213	2147	636	432	UCSC Evo CpG islands	NA	NA	NA	NA	NA	evoCpg.bed	1	129241
1	1111	ucsc_features	0	0.441131118887774	980	221	253	175	253	216	1907	783	672	UCSC coriellDelDup table	NA	NA	NA	NA	NA	coriellDelDup.bed	1	864
1	502	roadmap_epigenomics	0	0.534600319017003	948	221	227	232	232	227	1767	815	812	roadmap_epigenomics H3K27me3	NA	NA	H3K27me3	NA	NA	E055-H3K27me3.narrowPeak	1	302342
1	133	roadmap_epigenomics	0	0.313775764686412	1184	221	456	32	456	236	2236	579	343	roadmap_epigenomics H4K8ac	NA	NA	H4K8ac	NA	NA	E007-H4K8ac.narrowPeak	1	223512
1	283	roadmap_epigenomics	0	0.307026805814086	1332	221	479	8	479	236	2346	431	233	roadmap_epigenomics H3K36me3	NA	NA	H3K36me3	NA	NA	E022-H3K36me3.narrowPeak	1	407402
1	284	roadmap_epigenomics	0	0.31357834636858	1189	221	457	30	457	236	2240	574	339	roadmap_epigenomics H3K4me1	NA	NA	H3K4me1	NA	NA	E022-H3K4me1.narrowPeak	1	324422
1	192	roadmap_epigenomics	0	0.469507353312395	941	221	243	246	246	237	1829	822	750	roadmap_epigenomics H3K27me3	NA	NA	H3K27me3	NA	NA	E013-H3K27me3.narrowPeak	1	207227
1	525	roadmap_epigenomics	0	0.458992597985156	922	221	246	270	270	246	1818	841	761	roadmap_epigenomics H3K27me3	NA	NA	H3K27me3	NA	NA	E058-H3K27me3.narrowPeak	1	199828
1	120	roadmap_epigenomics	0	0.333325500654161	1039	221	417	111	417	250	2093	724	486	roadmap_epigenomics H3K14ac	NA	NA	H3K14ac	NA	NA	E007-H3K14ac.narrowPeak	1	184207
1	134	roadmap_epigenomics	0	0.354972202076667	969	221	370	196	370	262	1998	794	581	roadmap_epigenomics H4K91ac	NA	NA	H4K91ac	NA	NA	E007-H4K91ac.narrowPeak	1	168000
1	511	roadmap_epigenomics	0	0.597900625040851	872	221	211	368	368	267	1601	891	978	roadmap_epigenomics H3K27me3	NA	NA	H3K27me3	NA	NA	E056-H3K27me3.narrowPeak	1	290583
1	122	roadmap_epigenomics	0	0.27816129125326	1232	221	577	20	577	273	2303	531	276	roadmap_epigenomics H3K23ac	NA	NA	H3K23ac	NA	NA	E007-H3K23ac.narrowPeak	1	240360
1	856	roadmap_epigenomics	0	0.273266772728515	1280	221	608	14	608	281	2338	483	241	roadmap_epigenomics H3K36me3	NA	NA	H3K36me3	NA	NA	E104-H3K36me3.narrowPeak	1	300362
1	1028	roadmap_epigenomics	0	0.35650033639772	931	221	363	261	363	282	1956	832	623	roadmap_epigenomics H2A.Z	NA	NA	H2A.Z	NA	NA	E123-H2A.Z.narrowPeak	1	128633
1	1047	roadmap_epigenomics	0	0.311217909225886	989	221	464	160	464	282	2074	774	505	roadmap_epigenomics H3K4me3	NA	NA	H3K4me3	NA	NA	E124-H3K4me3.narrowPeak	1	81682
1	512	roadmap_epigenomics	0	0.356385686472631	929	221	365	262	365	283	1954	834	625	roadmap_epigenomics H3K36me3	NA	NA	H3K36me3	NA	NA	E056-H3K36me3.narrowPeak	1	339193
1	81	roadmap_epigenomics	0	0.28578500284121	1061	221	538	95	538	285	2169	702	410	roadmap_epigenomics H3K4me3	NA	NA	H3K4me3	NA	NA	E005-H3K4me3.narrowPeak	1	88854
1	346	roadmap_epigenomics	0	0.273188674919111	1178	221	609	34	609	288	2271	585	308	roadmap_epigenomics	NA	NA	NA	NA	NA	E032-DNase.macs2.narrowPeak	1	359211
1	130	roadmap_epigenomics	0	0.308777894263163	976	221	472	181	472	291	2065	787	514	roadmap_epigenomics H3K79me1	NA	NA	H3K79me1	NA	NA	E007-H3K79me1.narrowPeak	1	189229
1	177	roadmap_epigenomics	0	0.513749538551287	850	221	232	424	424	292	1662	913	917	roadmap_epigenomics H3K9me3	NA	NA	H3K9me3	NA	NA	E010-H3K9me3.narrowPeak	1	226115
1	441	roadmap_epigenomics	0	0.281455565400583	1057	221	559	100	559	293	2171	706	408	roadmap_epigenomics H3K4me1	NA	NA	H3K4me1	NA	NA	E046-H3K4me1.narrowPeak	1	167778
1	106	roadmap_epigenomics	0	0.276184976242051	1096	221	591	77	591	296	2208	667	371	roadmap_epigenomics H3K4me3	NA	NA	H3K4me3	NA	NA	E006-H3K4me3.narrowPeak	1	112009
1	355	roadmap_epigenomics	0	0.271650563143128	1139	221	621	47	621	296	2245	624	334	roadmap_epigenomics	NA	NA	NA	NA	NA	E033-DNase.macs2.narrowPeak	1	279354
1	367	roadmap_epigenomics	0	0.279974923281267	1056	221	565	101	565	296	2172	707	407	roadmap_epigenomics H3K4me1	NA	NA	H3K4me1	NA	NA	E034-H3K4me1.narrowPeak	1	198110
1	121	roadmap_epigenomics	0	0.266179626857486	1142	221	642	45	642	303	2253	621	326	roadmap_epigenomics H3K18ac	NA	NA	H3K18ac	NA	NA	E007-H3K18ac.narrowPeak	1	252687
1	182	roadmap_epigenomics	0	0.285263185021036	1001	221	542	146	542	303	2119	762	460	roadmap_epigenomics H3K4me3	NA	NA	H3K4me3	NA	NA	E011-H3K4me3.narrowPeak	1	131844
1	201	roadmap_epigenomics	0	0.285451936919918	999	221	539	148	539	303	2117	764	462	roadmap_epigenomics H3K4me3	NA	NA	H3K4me3	NA	NA	E014-H3K4me3.narrowPeak	1	79278
1	350	roadmap_epigenomics	0	0.27864258845085	1032	221	575	117	575	304	2154	731	425	roadmap_epigenomics H3K4me1	NA	NA	H3K4me1	NA	NA	E032-H3K4me1.narrowPeak	1	167617
1	1033	roadmap_epigenomics	0	0.325500277420486	932	221	433	258	433	304	1999	831	580	roadmap_epigenomics H3K4me2	NA	NA	H3K4me2	NA	NA	E123-H3K4me2.narrowPeak	1	93300
1	1040	roadmap_epigenomics	0	0.2640259362023	1153	221	653	42	653	305	2263	610	316	roadmap_epigenomics	NA	NA	NA	NA	NA	E124-DNase.macs2.narrowPeak	1	295595
1	437	roadmap_epigenomics	0	0.264890209013111	1133	221	648	51	648	307	2248	630	331	roadmap_epigenomics	NA	NA	NA	NA	NA	E046-DNase.macs2.narrowPeak	1	287236
1	569	roadmap_epigenomics	0	0.298172874366017	965	221	501	204	501	309	2069	798	510	roadmap_epigenomics H3K4me3	NA	NA	H3K4me3	NA	NA	E066-H3K4me3.narrowPeak	1	92061
1	336	roadmap_epigenomics	0	0.309736653411385	935	221	468	255	468	315	2024	828	555	roadmap_epigenomics H3K4me1	NA	NA	H3K4me1	NA	NA	E030-H3K4me1.narrowPeak	1	116739
1	363	roadmap_epigenomics	0	0.253638343171176	1165	221	696	37	696	318	2282	598	297	roadmap_epigenomics	NA	NA	NA	NA	NA	E034-DNase.macs2.narrowPeak	1	416560
1	341	roadmap_epigenomics	0	0.313858046030259	915	221	455	282	455	319	1998	848	581	roadmap_epigenomics H3K4me1	NA	NA	H3K4me1	NA	NA	E031-H3K4me1.narrowPeak	1	93412
1	129	roadmap_epigenomics	0	0.273634687581834	1017	221	607	132	607	320	2148	746	431	roadmap_epigenomics H3K4me3	NA	NA	H3K4me3	NA	NA	E007-H3K4me3.narrowPeak	1	87807
1	916	roadmap_epigenomics	0	0.249323948384287	1229	221	717	21	717	320	2327	534	252	roadmap_epigenomics H3K4me1	NA	NA	H3K4me1	NA	NA	E113-H3K4me1.narrowPeak	1	347200
1	655	roadmap_epigenomics	0	0.284124173324957	970	221	547	194	547	321	2093	793	486	roadmap_epigenomics H3K4me3	NA	NA	H3K4me3	NA	NA	E079-H3K4me3.narrowPeak	1	56303
1	12	roadmap_epigenomics	0	0.586706703231806	801	221	215	530	530	322	1513	962	1066	roadmap_epigenomics H3K9me3	NA	NA	H3K9me3	NA	NA	E002-H3K9me3.narrowPeak	1	304858
1	331	roadmap_epigenomics	0	0.275512688476123	994	221	596	153	596	323	2126	769	453	roadmap_epigenomics H3K4me1	NA	NA	H3K4me1	NA	NA	E029-H3K4me1.narrowPeak	1	142027
1	1032	roadmap_epigenomics	0	0.339988630079177	879	221	401	347	401	323	1922	884	657	roadmap_epigenomics H3K4me1	NA	NA	H3K4me1	NA	NA	E123-H3K4me1.narrowPeak	1	169621
1	915	roadmap_epigenomics	0	0.292627578318505	943	221	513	242	513	325	2056	820	523	roadmap_epigenomics H3K36me3	NA	NA	H3K36me3	NA	NA	E113-H3K36me3.narrowPeak	1	279691
1	16	roadmap_epigenomics	0	0.246477563452148	1194	221	730	29	730	327	2308	569	271	roadmap_epigenomics H2A.Z	NA	NA	H2A.Z	NA	NA	E003-H2A.Z.narrowPeak	1	280604
1	816	roadmap_epigenomics	0	0.278789165836568	974	221	574	186	574	327	2104	789	475	roadmap_epigenomics H3K4me3	NA	NA	H3K4me3	NA	NA	E098-H3K4me3.narrowPeak	1	57291
1	119	roadmap_epigenomics	0	0.241857216913434	1310	221	754	9	754	328	2380	453	199	roadmap_epigenomics H2BK5ac	NA	NA	H2BK5ac	NA	NA	E007-H2BK5ac.narrowPeak	1	389247
1	215	roadmap_epigenomics	0	0.28405776121677	960	221	548	215	548	328	2084	803	495	roadmap_epigenomics H3K4me3	NA	NA	H3K4me3	NA	NA	E016-H3K4me3.narrowPeak	1	59426
1	156	roadmap_epigenomics	0	0.280248456762365	964	221	563	206	563	330	2093	799	486	roadmap_epigenomics H3K56ac	NA	NA	H3K56ac	NA	NA	E008-H3K56ac.narrowPeak	1	164562
1	758	roadmap_epigenomics	0	0.255974221698988	1083	221	687	86	687	331	2222	680	357	roadmap_epigenomics H3K4me1	NA	NA	H3K4me1	NA	NA	E091-H3K4me1.narrowPeak	1	214541
1	848	roadmap_epigenomics	0	0.588985439371302	786	221	214	557	557	331	1489	977	1090	roadmap_epigenomics H3K27me3	NA	NA	H3K27me3	NA	NA	E103-H3K27me3.narrowPeak	1	164869
1	913	roadmap_epigenomics	0	0.308670921063428	896	221	473	305	473	333	1986	867	593	roadmap_epigenomics H3K27ac	NA	NA	H3K27ac	NA	NA	E113-H3K27ac.narrowPeak	1	130427
1	285	roadmap_epigenomics	0	0.270901093683553	989	221	622	160	622	334	2128	774	451	roadmap_epigenomics H3K4me3	NA	NA	H3K4me3	NA	NA	E022-H3K4me3.narrowPeak	1	75387
1	280	roadmap_epigenomics	0	0.236823297498773	1453	221	783	4	783	336	2455	310	124	roadmap_epigenomics	NA	NA	NA	NA	NA	E022-DNase.macs2.narrowPeak	1	671885
1	327	roadmap_epigenomics	0	0.264129316212926	1009	221	652	136	652	336	2154	754	425	roadmap_epigenomics	NA	NA	NA	NA	NA	E029-DNase.macs2.narrowPeak	1	209063
1	1027	roadmap_epigenomics	0	0.24798388769743	1119	221	724	63	724	336	2257	644	322	roadmap_epigenomics	NA	NA	NA	NA	NA	E123-DNase.macs2.narrowPeak	1	341769
1	337	roadmap_epigenomics	0	0.349075959114618	851	221	378	422	422	340	1877	912	702	roadmap_epigenomics H3K4me3	NA	NA	H3K4me3	NA	NA	E030-H3K4me3.narrowPeak	1	53793
1	447	roadmap_epigenomics	0	0.287675050810807	924	221	532	268	532	340	2045	839	534	roadmap_epigenomics H3K4me1	NA	NA	H3K4me1	NA	NA	E047-H3K4me1.narrowPeak	1	124596
1	740	roadmap_epigenomics	0	0.252842800104738	1063	221	705	93	705	340	2211	700	368	roadmap_epigenomics H3K4me1	NA	NA	H3K4me1	NA	NA	E089-H3K4me1.narrowPeak	1	234241
1	786	roadmap_epigenomics	0	0.254528112702037	1046	221	691	107	691	340	2196	717	383	roadmap_epigenomics H3K4me3	NA	NA	H3K4me3	NA	NA	E094-H3K4me3.narrowPeak	1	87979
1	1046	roadmap_epigenomics	0	0.268315425472447	986	221	633	169	633	341	2129	777	450	roadmap_epigenomics H3K4me2	NA	NA	H3K4me2	NA	NA	E124-H3K4me2.narrowPeak	1	77302
1	1076	roadmap_epigenomics	0	0.237822528697353	1223	221	779	22	779	341	2334	540	245	roadmap_epigenomics	NA	NA	NA	NA	NA	E127-DNase.macs2.narrowPeak	1	449247
1	622	roadmap_epigenomics	0	0.256354186277321	1031	221	686	120	686	342	2182	732	397	roadmap_epigenomics H3K4me3	NA	NA	H3K4me3	NA	NA	E074-H3K4me3.narrowPeak	1	90281
1	654	roadmap_epigenomics	0	0.248648356338926	1086	221	721	83	721	342	2233	677	346	roadmap_epigenomics H3K4me1	NA	NA	H3K4me1	NA	NA	E079-H3K4me1.narrowPeak	1	257474
1	864	roadmap_epigenomics	0	0.283099026609424	938	221	553	252	553	342	2065	825	514	roadmap_epigenomics H3K4me3	NA	NA	H3K4me3	NA	NA	E105-H3K4me3.narrowPeak	1	41900
1	1045	roadmap_epigenomics	0	0.256562241275704	1025	221	684	125	684	343	2177	738	402	roadmap_epigenomics H3K4me1	NA	NA	H3K4me1	NA	NA	E124-H3K4me1.narrowPeak	1	127405
1	1049	roadmap_epigenomics	0	0.290595634027693	912	221	520	287	520	343	2029	851	550	roadmap_epigenomics H3K9ac	NA	NA	H3K9ac	NA	NA	E124-H3K9ac.narrowPeak	1	72690
1	1034	roadmap_epigenomics	0	0.356815934609355	836	221	361	450	450	344	1848	927	731	roadmap_epigenomics H3K4me3	NA	NA	H3K4me3	NA	NA	E123-H3K4me3.narrowPeak	1	62691
1	396	roadmap_epigenomics	0	0.279472669815187	942	221	570	244	570	345	2074	821	505	roadmap_epigenomics H3K4me1	NA	NA	H3K4me1	NA	NA	E039-H3K4me1.narrowPeak	1	159065
1	378	roadmap_epigenomics	0	0.3024102357031	886	221	487	329	487	346	1985	877	594	roadmap_epigenomics H3K4me3	NA	NA	H3K4me3	NA	NA	E036-H3K4me3.narrowPeak	1	56252
1	772	roadmap_epigenomics	0	0.234295074683237	1245	221	800	16	800	346	2350	518	229	roadmap_epigenomics	NA	NA	NA	NA	NA	E093-DNase.macs2.narrowPeak	1	407437
1	162	roadmap_epigenomics	0	0.237960141552302	1155	221	778	41	778	347	2292	608	287	roadmap_epigenomics H4K20me1	NA	NA	H4K20me1	NA	NA	E008-H4K20me1.narrowPeak	1	284568
1	380	roadmap_epigenomics	0	0.384566358382532	811	221	316	504	504	347	1777	952	802	roadmap_epigenomics H3K27ac	NA	NA	H3K27ac	NA	NA	E037-H3K27ac.narrowPeak	1	75646
1	73	roadmap_epigenomics	0	0.285166585858895	916	221	543	280	543	348	2041	847	538	roadmap_epigenomics H3K18ac	NA	NA	H3K18ac	NA	NA	E005-H3K18ac.narrowPeak	1	251380
1	414	roadmap_epigenomics	0	0.278150904195302	941	221	578	246	578	348	2075	822	504	roadmap_epigenomics H3K4me1	NA	NA	H3K4me1	NA	NA	E042-H3K4me1.narrowPeak	1	160756
1	397	roadmap_epigenomics	0	0.328660297776963	856	221	426	404	426	350	1913	907	666	roadmap_epigenomics H3K4me3	NA	NA	H3K4me3	NA	NA	E039-H3K4me3.narrowPeak	1	51115
1	935	roadmap_epigenomics	0	0.355485226755954	831	221	368	464	464	351	1844	932	735	roadmap_epigenomics H3K4me1	NA	NA	H3K4me1	NA	NA	E115-H3K4me1.narrowPeak	1	130919
1	942	roadmap_epigenomics	0	0.245293204068081	1061	221	738	95	738	351	2219	702	360	roadmap_epigenomics	NA	NA	NA	NA	NA	E116-DNase.macs2.narrowPeak	1	271082
1	798	roadmap_epigenomics	0	0.253339521692647	1012	221	699	135	699	352	2171	751	408	roadmap_epigenomics H3K4me3	NA	NA	H3K4me3	NA	NA	E096-H3K4me3.narrowPeak	1	96300
1	362	roadmap_epigenomics	0	0.296432352614442	883	221	505	333	505	353	1991	880	588	roadmap_epigenomics	NA	NA	NA	NA	NA	E034-DNase.hotspot.fdr0.01.peaks.bed	1	107036
1	88	roadmap_epigenomics	0	0.285407716528767	900	221	540	300	540	354	2025	863	554	roadmap_epigenomics H4K91ac	NA	NA	H4K91ac	NA	NA	E005-H4K91ac.narrowPeak	1	249666
1	92	roadmap_epigenomics	0	0.23211886213976	1169	221	817	36	817	358	2307	594	272	roadmap_epigenomics H2A.Z	NA	NA	H2A.Z	NA	NA	E006-H2A.Z.narrowPeak	1	201531
1	208	roadmap_epigenomics	0	0.261023623258577	974	221	666	186	666	358	2129	789	450	roadmap_epigenomics H3K4me3	NA	NA	H3K4me3	NA	NA	E015-H3K4me3.narrowPeak	1	70722
1	345	roadmap_epigenomics	0	0.277710621514385	920	221	581	275	581	359	2056	843	523	roadmap_epigenomics	NA	NA	NA	NA	NA	E032-DNase.hotspot.fdr0.01.peaks.bed	1	114529
1	466	roadmap_epigenomics	0	0.22801334318662	1235	221	838	17	838	359	2350	528	229	roadmap_epigenomics	NA	NA	NA	NA	NA	E050-DNase.macs2.narrowPeak	1	329554
1	296	roadmap_epigenomics	0	0.258919833767758	974	221	673	186	673	360	2132	789	447	roadmap_epigenomics H3K4me3	NA	NA	H3K4me3	NA	NA	E024-H3K4me3.narrowPeak	1	73602
1	454	roadmap_epigenomics	0	0.293694888056632	876	221	507	354	507	361	1988	887	591	roadmap_epigenomics H3K4me1	NA	NA	H3K4me1	NA	NA	E048-H3K4me1.narrowPeak	1	144692
1	354	roadmap_epigenomics	0	0.279516221181971	901	221	568	297	568	362	2035	862	544	roadmap_epigenomics	NA	NA	NA	NA	NA	E033-DNase.hotspot.fdr0.01.peaks.bed	1	108321
1	131	roadmap_epigenomics	0	0.222205228072052	1306	221	861	11	861	364	2393	457	186	roadmap_epigenomics H3K9ac	NA	NA	H3K9ac	NA	NA	E007-H3K9ac.narrowPeak	1	313345
1	479	roadmap_epigenomics	0	0.245749196865142	1009	221	734	136	734	364	2179	754	400	roadmap_epigenomics H3K4me3	NA	NA	H3K4me3	NA	NA	E051-H3K4me3.narrowPeak	1	94048
1	514	roadmap_epigenomics	0	0.244509564848119	1021	221	741	129	741	364	2190	742	389	roadmap_epigenomics H3K4me3	NA	NA	H3K4me3	NA	NA	E056-H3K4me3.narrowPeak	1	152592
1	711	roadmap_epigenomics	0	0.221210083312278	1355	221	865	7	865	364	2418	408	161	roadmap_epigenomics	NA	NA	NA	NA	NA	E086-DNase.macs2.narrowPeak	1	654772
1	427	roadmap_epigenomics	0	0.310895989258563	855	221	466	408	466	365	1939	908	640	roadmap_epigenomics H3K4me3	NA	NA	H3K4me3	NA	NA	E044-H3K4me3.narrowPeak	1	48938
1	1041	roadmap_epigenomics	0	0.241049075828949	1032	221	758	117	758	365	2203	731	376	roadmap_epigenomics H2A.Z	NA	NA	H2A.Z	NA	NA	E124-H2A.Z.narrowPeak	1	136897
1	145	roadmap_epigenomics	0	0.239920203528694	1034	221	765	115	765	367	2206	729	373	roadmap_epigenomics H3K14ac	NA	NA	H3K14ac	NA	NA	E008-H3K14ac.narrowPeak	1	181023
1	409	roadmap_epigenomics	0	0.321521458693776	841	221	441	440	441	367	1907	922	672	roadmap_epigenomics H3K4me3	NA	NA	H3K4me3	NA	NA	E041-H3K4me3.narrowPeak	1	57727
1	426	roadmap_epigenomics	0	0.275233768920854	915	221	598	282	598	367	2055	848	524	roadmap_epigenomics H3K4me1	NA	NA	H3K4me1	NA	NA	E044-H3K4me1.narrowPeak	1	150223
1	860	roadmap_epigenomics	0	0.228887733381099	1141	221	835	46	835	367	2293	622	286	roadmap_epigenomics H3K27ac	NA	NA	H3K27ac	NA	NA	E105-H3K27ac.narrowPeak	1	294261
1	550	roadmap_epigenomics	0	0.259531863322562	961	221	671	213	671	368	2120	802	459	roadmap_epigenomics H3K9ac	NA	NA	H3K9ac	NA	NA	E062-H3K9ac.narrowPeak	1	142197
1	442	roadmap_epigenomics	0	0.362928444826425	800	221	353	532	532	369	1795	963	784	roadmap_epigenomics H3K4me3	NA	NA	H3K4me3	NA	NA	E046-H3K4me3.narrowPeak	1	33250
1	556	roadmap_epigenomics	0	0.246274713461299	991	221	731	156	731	369	2164	772	415	roadmap_epigenomics H3K4me3	NA	NA	H3K4me3	NA	NA	E063-H3K4me3.narrowPeak	1	87655
1	326	roadmap_epigenomics	0	0.279000083385394	891	221	572	317	572	370	2026	872	553	roadmap_epigenomics	NA	NA	NA	NA	NA	E029-DNase.hotspot.fdr0.01.peaks.bed	1	127216
1	797	roadmap_epigenomics	0	0.227284876470645	1135	221	840	48	840	370	2291	628	288	roadmap_epigenomics H3K4me1	NA	NA	H3K4me1	NA	NA	E096-H3K4me1.narrowPeak	1	317595
1	28	roadmap_epigenomics	0	0.469901592520896	732	221	241	651	651	371	1552	1031	1027	roadmap_epigenomics H3K27me3	NA	NA	H3K27me3	NA	NA	E003-H3K27me3.narrowPeak	1	123423
1	266	roadmap_epigenomics	0	0.246824701057719	987	221	728	165	728	371	2160	776	419	roadmap_epigenomics H3K4me3	NA	NA	H3K4me3	NA	NA	E020-H3K4me3.narrowPeak	1	88728
1	475	roadmap_epigenomics	0	0.220998860695672	1218	221	868	25	868	371	2347	545	232	roadmap_epigenomics	NA	NA	NA	NA	NA	E051-DNase.macs2.narrowPeak	1	314537
1	138	roadmap_epigenomics	0	0.269723661853742	921	221	624	272	624	372	2069	842	510	roadmap_epigenomics H2A.Z	NA	NA	H2A.Z	NA	NA	E008-H2A.Z.narrowPeak	1	122323
1	252	roadmap_epigenomics	0	0.252984953178363	971	221	703	191	703	372	2138	792	441	roadmap_epigenomics H3K4me3	NA	NA	H3K4me3	NA	NA	E018-H3K4me3.narrowPeak	1	76986
1	259	roadmap_epigenomics	0	0.268818887427127	926	221	630	265	630	372	2075	837	504	roadmap_epigenomics H3K4me3	NA	NA	H3K4me3	NA	NA	E019-H3K4me3.narrowPeak	1	61693
1	108	roadmap_epigenomics	0	0.23001658804139	1115	221	829	70	829	373	2275	648	304	roadmap_epigenomics H3K9ac	NA	NA	H3K9ac	NA	NA	E006-H3K9ac.narrowPeak	1	193085
1	436	roadmap_epigenomics	0	0.277706492815278	892	221	582	316	582	373	2029	871	550	roadmap_epigenomics	NA	NA	NA	NA	NA	E046-DNase.hotspot.fdr0.01.peaks.bed	1	109868
1	465	roadmap_epigenomics	0	0.232970932023832	1083	221	812	86	812	373	2250	680	329	roadmap_epigenomics	NA	NA	NA	NA	NA	E050-DNase.hotspot.fdr0.01.peaks.bed	1	156377
1	332	roadmap_epigenomics	0	0.371711299864913	782	221	340	562	562	374	1759	981	820	roadmap_epigenomics H3K4me3	NA	NA	H3K4me3	NA	NA	E029-H3K4me3.narrowPeak	1	29579
1	373	roadmap_epigenomics	0	0.289704916113812	869	221	525	375	525	374	1987	894	592	roadmap_epigenomics H3K4me3	NA	NA	H3K4me3	NA	NA	E035-H3K4me3.narrowPeak	1	47602
1	629	roadmap_epigenomics	0	0.240285685702743	1007	221	761	139	761	374	2185	756	394	roadmap_epigenomics H3K4me3	NA	NA	H3K4me3	NA	NA	E075-H3K4me3.narrowPeak	1	84678
1	389	roadmap_epigenomics	0	0.279684880518502	882	221	567	337	567	375	2016	881	563	roadmap_epigenomics H3K4me1	NA	NA	H3K4me1	NA	NA	E038-H3K4me1.narrowPeak	1	143594
1	271	roadmap_epigenomics	0	0.21427856686841	1422	221	903	5	903	376	2453	341	126	roadmap_epigenomics	NA	NA	NA	NA	NA	E021-DNase.macs2.narrowPeak	1	691347
1	471	roadmap_epigenomics	0	0.260989197776759	944	221	667	239	667	376	2103	819	476	roadmap_epigenomics H3K4me3	NA	NA	H3K4me3	NA	NA	E050-H3K4me3.narrowPeak	1	62120
1	68	roadmap_epigenomics	0	0.301719970960554	851	221	489	422	489	377	1949	912	630	roadmap_epigenomics H2AK5ac	NA	NA	H2AK5ac	NA	NA	E005-H2AK5ac.narrowPeak	1	229817
1	421	roadmap_epigenomics	0	0.309354981064972	841	221	470	440	470	377	1926	922	653	roadmap_epigenomics H3K4me3	NA	NA	H3K4me3	NA	NA	E043-H3K4me3.narrowPeak	1	41721
1	451	roadmap_epigenomics	0	0.38000182036663	767	221	324	587	587	377	1727	996	852	roadmap_epigenomics H3K27ac	NA	NA	H3K27ac	NA	NA	E048-H3K27ac.narrowPeak	1	60881
1	814	roadmap_epigenomics	0	0.285309011367537	871	221	541	369	541	377	1996	892	583	roadmap_epigenomics H3K36me3	NA	NA	H3K36me3	NA	NA	E098-H3K36me3.narrowPeak	1	278364
1	474	roadmap_epigenomics	0	0.236594391376082	1024	221	785	128	785	378	2203	739	376	roadmap_epigenomics	NA	NA	NA	NA	NA	E051-DNase.hotspot.fdr0.01.peaks.bed	1	133410
1	966	roadmap_epigenomics	0	0.220557017640946	1152	221	870	43	870	378	2309	611	270	roadmap_epigenomics	NA	NA	NA	NA	NA	E118-DNase.macs2.narrowPeak	1	277975
1	477	roadmap_epigenomics	0	0.423754359597439	734	221	269	648	648	379	1618	1029	961	roadmap_epigenomics H3K36me3	NA	NA	H3K36me3	NA	NA	E051-H3K36me3.narrowPeak	1	355912
1	314	roadmap_epigenomics	0	0.261051597184465	934	221	665	257	665	381	2094	829	485	roadmap_epigenomics H3K4me3	NA	NA	H3K4me3	NA	NA	E027-H3K4me3.narrowPeak	1	61082
1	420	roadmap_epigenomics	0	0.25132938256474	961	221	709	213	709	381	2132	802	447	roadmap_epigenomics H3K4me1	NA	NA	H3K4me1	NA	NA	E043-H3K4me1.narrowPeak	1	154217
1	1036	roadmap_epigenomics	0	0.409263202804094	742	221	285	637	637	381	1650	1021	929	roadmap_epigenomics H3K9ac	NA	NA	H3K9ac	NA	NA	E123-H3K9ac.narrowPeak	1	48136
1	390	roadmap_epigenomics	0	0.334767480608753	808	221	413	513	513	382	1848	955	731	roadmap_epigenomics H3K4me3	NA	NA	H3K4me3	NA	NA	E038-H3K4me3.narrowPeak	1	51910
1	155	roadmap_epigenomics	0	0.269244726307581	899	221	626	302	626	383	2049	864	530	roadmap_epigenomics H3K4me3	NA	NA	H3K4me3	NA	NA	E008-H3K4me3.narrowPeak	1	59360
1	249	roadmap_epigenomics	0	0.557654482578176	699	221	220	709	709	383	1395	1064	1184	roadmap_epigenomics H3K27me3	NA	NA	H3K27me3	NA	NA	E018-H3K27me3.narrowPeak	1	130489
1	383	roadmap_epigenomics	0	0.271898963728787	895	221	619	309	619	383	2041	868	538	roadmap_epigenomics H3K4me1	NA	NA	H3K4me1	NA	NA	E037-H3K4me1.narrowPeak	1	143294
1	438	roadmap_epigenomics	0	0.407099085266856	739	221	288	641	641	383	1649	1024	930	roadmap_epigenomics H3K27ac	NA	NA	H3K27ac	NA	NA	E046-H3K27ac.narrowPeak	1	68379
1	71	roadmap_epigenomics	0	0.27395504515306	886	221	604	329	604	385	2029	877	550	roadmap_epigenomics H2BK5ac	NA	NA	H2BK5ac	NA	NA	E005-H2BK5ac.narrowPeak	1	228979
1	164	roadmap_epigenomics	0	0.272647393877134	889	221	614	321	614	385	2034	874	545	roadmap_epigenomics H4K8ac	NA	NA	H4K8ac	NA	NA	E008-H4K8ac.narrowPeak	1	139450
1	10	roadmap_epigenomics	0	0.233487835206884	1021	221	809	129	809	386	2205	742	374	roadmap_epigenomics H3K4me3	NA	NA	H3K4me3	NA	NA	E002-H3K4me3.narrowPeak	1	147544
1	171	roadmap_epigenomics	0	0.534597884653554	699	221	228	709	709	386	1422	1064	1157	roadmap_epigenomics H3K9me3	NA	NA	H3K9me3	NA	NA	E009-H3K9me3.narrowPeak	1	190181
1	368	roadmap_epigenomics	0	0.338188093047745	800	221	405	532	532	386	1833	963	746	roadmap_epigenomics H3K4me3	NA	NA	H3K4me3	NA	NA	E034-H3K4me3.narrowPeak	1	37067
1	433	roadmap_epigenomics	0	0.308080118894998	832	221	476	461	476	386	1918	931	661	roadmap_epigenomics H3K4me3	NA	NA	H3K4me3	NA	NA	E045-H3K4me3.narrowPeak	1	50440
1	919	roadmap_epigenomics	0	0.211157642114598	1234	221	918	18	918	386	2365	529	214	roadmap_epigenomics	NA	NA	NA	NA	NA	E114-DNase.macs2.narrowPeak	1	371330
1	1112	ucsc_features	0	0.321099516291998	816	221	442	494	494	386	1879	947	700	UCSC CpG islands	NA	NA	NA	NA	NA	cpgIslandExt.bed	1	28633
1	353	roadmap_epigenomics	0	0.293370477328882	847	221	509	430	509	387	1958	916	621	roadmap_epigenomics	NA	NA	NA	NA	NA	E033-DNase.hotspot.all.peaks.bed	1	89092
1	455	roadmap_epigenomics	0	0.333496701998958	803	221	416	525	525	387	1844	960	735	roadmap_epigenomics H3K4me3	NA	NA	H3K4me3	NA	NA	E048-H3K4me3.narrowPeak	1	54009
1	464	roadmap_epigenomics	0	0.252036463587418	947	221	707	234	707	387	2119	816	460	roadmap_epigenomics	NA	NA	NA	NA	NA	E050-DNase.hotspot.all.peaks.bed	1	104134
1	5	roadmap_epigenomics	0	0.247803763847325	956	221	725	219	725	388	2133	807	446	roadmap_epigenomics H3K9ac	NA	NA	H3K9ac	NA	NA	E001-H3K9ac.narrowPeak	1	67397
1	402	roadmap_epigenomics	0	0.254059803975779	939	221	694	250	694	388	2109	824	470	roadmap_epigenomics H3K4me1	NA	NA	H3K4me1	NA	NA	E040-H3K4me1.narrowPeak	1	147396
1	408	roadmap_epigenomics	0	0.243421339481689	965	221	743	204	743	389	2147	798	432	roadmap_epigenomics H3K4me1	NA	NA	H3K4me1	NA	NA	E041-H3K4me1.narrowPeak	1	159193
1	649	roadmap_epigenomics	0	0.235118872654516	995	221	795	152	795	389	2183	768	396	roadmap_epigenomics H3K4me3	NA	NA	H3K4me3	NA	NA	E078-H3K4me3.narrowPeak	1	74526
1	794	roadmap_epigenomics	0	0.241321525910323	971	221	756	191	756	389	2155	792	424	roadmap_epigenomics H3K27ac	NA	NA	H3K27ac	NA	NA	E096-H3K27ac.narrowPeak	1	220045
1	148	roadmap_epigenomics	0	0.233976455065859	1002	221	804	144	804	390	2190	761	389	roadmap_epigenomics H3K23me2	NA	NA	H3K23me2	NA	NA	E008-H3K23me2.narrowPeak	1	123622
1	116	roadmap_epigenomics	0	0.326170974606967	805	221	431	520	520	391	1858	958	721	roadmap_epigenomics H2BK120ac	NA	NA	H2BK120ac	NA	NA	E007-H2BK120ac.narrowPeak	1	114993
1	917	roadmap_epigenomics	0	0.208777973318282	1200	221	925	26	925	391	2349	563	230	roadmap_epigenomics H3K4me3	NA	NA	H3K4me3	NA	NA	E113-H3K4me3.narrowPeak	1	195000
1	467	roadmap_epigenomics	0	0.324917105259814	805	221	434	520	520	392	1860	958	719	roadmap_epigenomics H3K27ac	NA	NA	H3K27ac	NA	NA	E050-H3K27ac.narrowPeak	1	105551
1	688	roadmap_epigenomics	0	0.283758655590888	856	221	551	404	551	392	1983	907	596	roadmap_epigenomics H3K4me3	NA	NA	H3K4me3	NA	NA	E083-H3K4me3.narrowPeak	1	112073
1	844	roadmap_epigenomics	0	0.239433301013419	975	221	771	184	771	392	2161	788	418	roadmap_epigenomics H3K4me3	NA	NA	H3K4me3	NA	NA	E102-H3K4me3.narrowPeak	1	83775
1	1029	roadmap_epigenomics	0	0.397300872333474	730	221	296	658	658	392	1651	1033	928	roadmap_epigenomics H3K27ac	NA	NA	H3K27ac	NA	NA	E123-H3K27ac.narrowPeak	1	72757
1	936	roadmap_epigenomics	0	0.364231384207589	757	221	350	608	608	393	1738	1006	841	roadmap_epigenomics H3K4me2	NA	NA	H3K4me2	NA	NA	E115-H3K4me2.narrowPeak	1	70834
1	79	roadmap_epigenomics	0	0.224470392461034	1040	221	851	110	851	394	2231	723	348	roadmap_epigenomics H3K4me1	NA	NA	H3K4me1	NA	NA	E005-H3K4me1.narrowPeak	1	297165
1	937	roadmap_epigenomics	0	0.418711607915988	712	221	272	690	690	394	1594	1051	985	roadmap_epigenomics H3K4me3	NA	NA	H3K4me3	NA	NA	E115-H3K4me3.narrowPeak	1	45841
1	351	roadmap_epigenomics	0	0.344720850793031	772	221	388	577	577	395	1788	991	791	roadmap_epigenomics H3K4me3	NA	NA	H3K4me3	NA	NA	E032-H3K4me3.narrowPeak	1	31423
1	415	roadmap_epigenomics	0	0.306683727895861	822	221	480	488	488	396	1909	941	670	roadmap_epigenomics H3K4me3	NA	NA	H3K4me3	NA	NA	E042-H3K4me3.narrowPeak	1	58292
1	435	roadmap_epigenomics	0	0.293345731195042	834	221	510	456	510	396	1944	929	635	roadmap_epigenomics	NA	NA	NA	NA	NA	E046-DNase.hotspot.all.peaks.bed	1	88265
1	470	roadmap_epigenomics	0	0.212111572933745	1128	221	912	54	912	396	2304	635	275	roadmap_epigenomics H3K4me1	NA	NA	H3K4me1	NA	NA	E050-H3K4me1.narrowPeak	1	180375
1	784	roadmap_epigenomics	0	0.28482432923247	850	221	544	424	544	396	1975	913	604	roadmap_epigenomics H3K36me3	NA	NA	H3K36me3	NA	NA	E094-H3K36me3.narrowPeak	1	243020
1	128	roadmap_epigenomics	0	0.21900656791482	1084	221	886	85	886	397	2268	679	311	roadmap_epigenomics H3K4me2	NA	NA	H3K4me2	NA	NA	E007-H3K4me2.narrowPeak	1	143005
1	166	roadmap_epigenomics	0	0.225128214720246	1030	221	848	121	848	397	2223	733	356	roadmap_epigenomics H2A.Z	NA	NA	H2A.Z	NA	NA	E009-H2A.Z.narrowPeak	1	158512
1	533	roadmap_epigenomics	0	0.279480607170086	858	221	569	400	569	397	1992	905	587	roadmap_epigenomics H3K27ac	NA	NA	H3K27ac	NA	NA	E059-H3K27ac.narrowPeak	1	103939
1	405	roadmap_epigenomics	0	0.355476447305607	758	221	369	605	605	398	1753	1005	826	roadmap_epigenomics H3K27ac	NA	NA	H3K27ac	NA	NA	E041-H3K27ac.narrowPeak	1	106442
1	528	roadmap_epigenomics	0	0.253518726988958	920	221	697	275	697	398	2093	843	486	roadmap_epigenomics H3K4me3	NA	NA	H3K4me3	NA	NA	E058-H3K4me3.narrowPeak	1	45445
1	548	roadmap_epigenomics	0	0.277704031956524	863	221	583	390	583	398	2000	900	579	roadmap_epigenomics H3K4me1	NA	NA	H3K4me1	NA	NA	E062-H3K4me1.narrowPeak	1	122182
1	549	roadmap_epigenomics	0	0.292679619218813	833	221	512	460	512	398	1944	930	635	roadmap_epigenomics H3K4me3	NA	NA	H3K4me3	NA	NA	E062-H3K4me3.narrowPeak	1	34361
1	102	roadmap_epigenomics	0	0.235205476129205	976	221	794	181	794	399	2168	787	411	roadmap_epigenomics H3K36me3	NA	NA	H3K36me3	NA	NA	E006-H3K36me3.narrowPeak	1	368481
1	653	roadmap_epigenomics	0	0.304433259202202	817	221	483	493	493	399	1907	946	672	roadmap_epigenomics H3K36me3	NA	NA	H3K36me3	NA	NA	E079-H3K36me3.narrowPeak	1	264229
1	221	roadmap_epigenomics	0	0.229724662540269	998	221	830	150	830	400	2193	765	386	roadmap_epigenomics H2A.Z	NA	NA	H2A.Z	NA	NA	E017-H2A.Z.narrowPeak	1	121643
1	312	roadmap_epigenomics	0	0.342345827890561	769	221	396	583	583	400	1788	994	791	roadmap_epigenomics H3K36me3	NA	NA	H3K36me3	NA	NA	E027-H3K36me3.narrowPeak	1	455177
1	344	roadmap_epigenomics	0	0.307856751228689	814	221	477	501	501	400	1898	949	681	roadmap_epigenomics	NA	NA	NA	NA	NA	E032-DNase.hotspot.all.peaks.bed	1	81799
1	478	roadmap_epigenomics	0	0.210037415877898	1124	221	923	57	923	400	2304	639	275	roadmap_epigenomics H3K4me1	NA	NA	H3K4me1	NA	NA	E051-H3K4me1.narrowPeak	1	222976
1	939	roadmap_epigenomics	0	0.417291606949764	705	221	276	703	703	400	1586	1058	993	roadmap_epigenomics H3K9ac	NA	NA	H3K9ac	NA	NA	E115-H3K9ac.narrowPeak	1	45532
1	642	roadmap_epigenomics	0	0.221041078490136	1032	221	867	117	867	402	2230	731	349	roadmap_epigenomics H3K4me3	NA	NA	H3K4me3	NA	NA	E077-H3K4me3.narrowPeak	1	105842
1	41	roadmap_epigenomics	0	0.192435683925876	1303	221	976	12	976	403	2415	460	164	roadmap_epigenomics H4K8ac	NA	NA	H4K8ac	NA	NA	E003-H4K8ac.narrowPeak	1	371476
1	114	roadmap_epigenomics	0	0.19821205231836	1220	221	963	24	963	403	2370	543	209	roadmap_epigenomics	NA	NA	NA	NA	NA	E007-DNase.macs2.narrowPeak	1	408460
1	448	roadmap_epigenomics	0	0.323104272799601	790	221	437	550	550	403	1845	973	734	roadmap_epigenomics H3K4me3	NA	NA	H3K4me3	NA	NA	E047-H3K4me3.narrowPeak	1	39614
1	1042	roadmap_epigenomics	0	0.320400607436617	793	221	444	545	545	403	1853	970	726	roadmap_epigenomics H3K27ac	NA	NA	H3K27ac	NA	NA	E124-H3K27ac.narrowPeak	1	154618
1	86	roadmap_epigenomics	0	0.221071534243331	1025	221	866	125	866	404	2225	738	354	roadmap_epigenomics H4K12ac	NA	NA	H4K12ac	NA	NA	E005-H4K12ac.narrowPeak	1	157052
1	151	roadmap_epigenomics	0	0.288924020419512	831	221	527	464	527	404	1948	932	631	roadmap_epigenomics H3K36me3	NA	NA	H3K36me3	NA	NA	E008-H3K36me3.narrowPeak	1	287294
1	342	roadmap_epigenomics	0	0.352446981012741	752	221	372	619	619	404	1750	1011	829	roadmap_epigenomics H3K4me3	NA	NA	H3K4me3	NA	NA	E031-H3K4me3.narrowPeak	1	39890
1	364	roadmap_epigenomics	0	0.389284170547606	717	221	307	684	684	404	1645	1046	934	roadmap_epigenomics H3K27ac	NA	NA	H3K27ac	NA	NA	E034-H3K27ac.narrowPeak	1	78882
1	755	roadmap_epigenomics	0	0.318183186738348	795	221	450	541	541	404	1859	968	720	roadmap_epigenomics H3K27ac	NA	NA	H3K27ac	NA	NA	E091-H3K27ac.narrowPeak	1	113281
1	870	roadmap_epigenomics	0	0.269080057331309	873	221	627	364	627	404	2024	890	555	roadmap_epigenomics H3K4me3	NA	NA	H3K4me3	NA	NA	E106-H3K4me3.narrowPeak	1	68861
1	608	roadmap_epigenomics	0	0.239925417277985	949	221	764	229	764	405	2139	814	440	roadmap_epigenomics H3K4me3	NA	NA	H3K4me3	NA	NA	E072-H3K4me3.narrowPeak	1	82143
1	384	roadmap_epigenomics	0	0.320037832074165	790	221	447	550	550	406	1850	973	729	roadmap_epigenomics H3K4me3	NA	NA	H3K4me3	NA	NA	E037-H3K4me3.narrowPeak	1	49554
1	393	roadmap_epigenomics	0	0.371401721155479	731	221	341	656	656	406	1692	1032	887	roadmap_epigenomics H3K27ac	NA	NA	H3K27ac	NA	NA	E039-H3K27ac.narrowPeak	1	79843
1	8	roadmap_epigenomics	0	0.32027906664286	787	221	445	556	556	407	1846	976	733	roadmap_epigenomics H3K36me3	NA	NA	H3K36me3	NA	NA	E002-H3K36me3.narrowPeak	1	284615
1	87	roadmap_epigenomics	0	0.238931456641558	952	221	773	227	773	407	2143	811	436	roadmap_epigenomics H4K8ac	NA	NA	H4K8ac	NA	NA	E005-H4K8ac.narrowPeak	1	197762
1	347	roadmap_epigenomics	0	0.410930467445562	693	221	283	718	718	407	1578	1070	1001	roadmap_epigenomics H3K27ac	NA	NA	H3K27ac	NA	NA	E032-H3K27ac.narrowPeak	1	65724
1	602	roadmap_epigenomics	0	0.231518330591547	978	221	821	178	821	407	2175	785	404	roadmap_epigenomics H3K4me3	NA	NA	H3K4me3	NA	NA	E071-H3K4me3.narrowPeak	1	77102
1	882	roadmap_epigenomics	0	0.241218725840433	943	221	757	242	757	407	2132	820	447	roadmap_epigenomics H3K4me3	NA	NA	H3K4me3	NA	NA	E108-H3K4me3.narrowPeak	1	92210
1	754	roadmap_epigenomics	0	0.188661289689683	1294	221	990	13	990	408	2414	469	165	roadmap_epigenomics	NA	NA	NA	NA	NA	E091-DNase.macs2.narrowPeak	1	494002
1	359	roadmap_epigenomics	0	0.322630319180006	777	221	438	569	569	409	1830	986	749	roadmap_epigenomics H3K4me3	NA	NA	H3K4me3	NA	NA	E033-H3K4me3.narrowPeak	1	42864
1	395	roadmap_epigenomics	0	0.423722778875458	678	221	270	737	737	409	1537	1085	1042	roadmap_epigenomics H3K36me3	NA	NA	H3K36me3	NA	NA	E039-H3K36me3.narrowPeak	1	205683
1	615	roadmap_epigenomics	0	0.239810274880903	944	221	767	239	767	409	2135	819	444	roadmap_epigenomics H3K4me3	NA	NA	H3K4me3	NA	NA	E073-H3K4me3.narrowPeak	1	75872
1	759	roadmap_epigenomics	0	0.300133001673304	809	221	495	510	510	409	1905	954	674	roadmap_epigenomics H3K4me3	NA	NA	H3K4me3	NA	NA	E091-H3K4me3.narrowPeak	1	33481
1	76	roadmap_epigenomics	0	0.56067427692274	652	221	219	790	790	410	1319	1111	1260	roadmap_epigenomics H3K27me3	NA	NA	H3K27me3	NA	NA	E005-H3K27me3.narrowPeak	1	76270
1	576	roadmap_epigenomics	0	0.246082089604673	917	221	732	278	732	410	2102	846	477	roadmap_epigenomics H3K4me3	NA	NA	H3K4me3	NA	NA	E067-H3K4me3.narrowPeak	1	70953
1	837	roadmap_epigenomics	0	0.22258222138892	999	221	860	148	860	410	2204	764	375	roadmap_epigenomics H3K4me3	NA	NA	H3K4me3	NA	NA	E101-H3K4me3.narrowPeak	1	96726
1	33	roadmap_epigenomics	0	0.272743342507293	858	221	612	400	612	411	2003	905	576	roadmap_epigenomics H3K4me3	NA	NA	H3K4me3	NA	NA	E003-H3K4me3.narrowPeak	1	42133
1	84	roadmap_epigenomics	0	0.287456043716513	826	221	533	479	533	411	1945	937	634	roadmap_epigenomics H3K9ac	NA	NA	H3K9ac	NA	NA	E005-H3K9ac.narrowPeak	1	76244
1	503	roadmap_epigenomics	0	0.329851609853218	764	221	422	591	591	411	1802	999	777	roadmap_epigenomics H3K36me3	NA	NA	H3K36me3	NA	NA	E055-H3K36me3.narrowPeak	1	289239
1	951	roadmap_epigenomics	0	0.380328630747063	715	221	322	689	689	411	1656	1048	923	roadmap_epigenomics H3K9ac	NA	NA	H3K9ac	NA	NA	E116-H3K9ac.narrowPeak	1	50567
1	975	roadmap_epigenomics	0	0.348426847731276	744	221	380	631	631	411	1746	1019	833	roadmap_epigenomics H3K9ac	NA	NA	H3K9ac	NA	NA	E118-H3K9ac.narrowPeak	1	55292
1	753	roadmap_epigenomics	0	0.203945594731537	1117	221	946	68	946	412	2307	646	272	roadmap_epigenomics	NA	NA	NA	NA	NA	E091-DNase.hotspot.fdr0.01.peaks.bed	1	214514
1	802	roadmap_epigenomics	0	0.191521214655279	1174	221	980	35	980	412	2353	589	226	roadmap_epigenomics	NA	NA	NA	NA	NA	E097-DNase.macs2.narrowPeak	1	492363
1	189	roadmap_epigenomics	0	0.26604055289657	869	221	644	375	644	413	2025	894	554	roadmap_epigenomics H3K4me3	NA	NA	H3K4me3	NA	NA	E012-H3K4me3.narrowPeak	1	42211
1	777	roadmap_epigenomics	0	0.298002076328939	805	221	502	520	520	414	1904	958	675	roadmap_epigenomics H3K4me3	NA	NA	H3K4me3	NA	NA	E093-H3K4me3.narrowPeak	1	37401
1	845	roadmap_epigenomics	0	0.260418391928445	877	221	669	351	669	414	2042	886	537	roadmap_epigenomics H3K9ac	NA	NA	H3K9ac	NA	NA	E102-H3K9ac.narrowPeak	1	85154
1	522	roadmap_epigenomics	0	0.257924096630751	879	221	677	347	677	415	2048	884	531	roadmap_epigenomics H3K4me3	NA	NA	H3K4me3	NA	NA	E057-H3K4me3.narrowPeak	1	48504
1	911	roadmap_epigenomics	0	0.297322272600649	804	221	503	523	523	416	1904	959	675	roadmap_epigenomics H3K4me3	NA	NA	H3K4me3	NA	NA	E112-H3K4me3.narrowPeak	1	28758
1	325	roadmap_epigenomics	0	0.290053710205689	810	221	522	508	522	417	1923	953	656	roadmap_epigenomics	NA	NA	NA	NA	NA	E029-DNase.hotspot.all.peaks.bed	1	102960
1	349	roadmap_epigenomics	0	0.439467881808606	658	221	255	774	774	417	1484	1105	1095	roadmap_epigenomics H3K36me3	NA	NA	H3K36me3	NA	NA	E032-H3K36me3.narrowPeak	1	342847
1	526	roadmap_epigenomics	0	0.388255503017704	685	221	308	723	723	417	1601	1078	978	roadmap_epigenomics H3K36me3	NA	NA	H3K36me3	NA	NA	E058-H3K36me3.narrowPeak	1	288215
1	565	roadmap_epigenomics	0	0.267894835435474	860	221	634	396	634	417	2013	903	566	roadmap_epigenomics H3K27ac	NA	NA	H3K27ac	NA	NA	E066-H3K27ac.narrowPeak	1	117377
1	376	roadmap_epigenomics	0	0.427115803806162	662	221	266	767	767	418	1508	1101	1071	roadmap_epigenomics H3K36me3	NA	NA	H3K36me3	NA	NA	E036-H3K36me3.narrowPeak	1	328921
1	690	roadmap_epigenomics	0	0.479322889580397	649	221	240	792	792	418	1415	1114	1164	roadmap_epigenomics H3K9me3	NA	NA	H3K9me3	NA	NA	E083-H3K9me3.narrowPeak	1	79957
1	77	roadmap_epigenomics	0	0.309319861261196	781	221	471	565	565	419	1857	982	722	roadmap_epigenomics H3K36me3	NA	NA	H3K36me3	NA	NA	E005-H3K36me3.narrowPeak	1	277210
1	361	roadmap_epigenomics	0	0.301686063753167	793	221	490	545	545	419	1884	970	695	roadmap_epigenomics	NA	NA	NA	NA	NA	E034-DNase.hotspot.all.peaks.bed	1	81127
1	377	roadmap_epigenomics	0	0.210624794441344	1033	221	920	116	920	419	2245	730	334	roadmap_epigenomics H3K4me1	NA	NA	H3K4me1	NA	NA	E036-H3K4me1.narrowPeak	1	232778
1	664	roadmap_epigenomics	0	0.268485174649176	856	221	632	404	632	419	2008	907	571	roadmap_epigenomics H3K4me3	NA	NA	H3K4me3	NA	NA	E080-H3K4me3.narrowPeak	1	34321
1	1085	roadmap_epigenomics	0	0.284149881720438	820	221	546	491	546	419	1944	943	635	roadmap_epigenomics H3K9ac	NA	NA	H3K9ac	NA	NA	E127-H3K9ac.narrowPeak	1	78312
1	15	roadmap_epigenomics	0	0.182997747548484	1233	221	1020	19	1020	420	2391	530	188	roadmap_epigenomics	NA	NA	NA	NA	NA	E003-DNase.macs2.narrowPeak	1	339188
1	567	roadmap_epigenomics	0	0.368972806180317	710	221	344	695	695	420	1667	1053	912	roadmap_epigenomics H3K36me3	NA	NA	H3K36me3	NA	NA	E066-H3K36me3.narrowPeak	1	303329
1	67	roadmap_epigenomics	0	0.201798312526002	1078	221	954	88	954	421	2286	685	293	roadmap_epigenomics H2A.Z	NA	NA	H2A.Z	NA	NA	E005-H2A.Z.narrowPeak	1	202104
1	328	roadmap_epigenomics	0	0.382533701530595	685	221	318	723	723	421	1610	1078	969	roadmap_epigenomics H3K27ac	NA	NA	H3K27ac	NA	NA	E029-H3K27ac.narrowPeak	1	61033
1	473	roadmap_epigenomics	0	0.233853840533593	945	221	805	237	805	421	2145	818	434	roadmap_epigenomics	NA	NA	NA	NA	NA	E051-DNase.hotspot.all.peaks.bed	1	105226
1	590	roadmap_epigenomics	0	0.234193078592708	942	221	802	244	802	422	2142	821	437	roadmap_epigenomics H3K4me3	NA	NA	H3K4me3	NA	NA	E069-H3K4me3.narrowPeak	1	79806
1	932	roadmap_epigenomics	0	0.38617653146943	680	221	312	734	734	422	1597	1083	982	roadmap_epigenomics H3K27ac	NA	NA	H3K27ac	NA	NA	E115-H3K27ac.narrowPeak	1	105299
1	279	roadmap_epigenomics	0	0.189635490099128	1122	221	987	60	987	423	2327	641	252	roadmap_epigenomics	NA	NA	NA	NA	NA	E022-DNase.hotspot.fdr0.01.peaks.bed	1	191448
1	111	roadmap_epigenomics	0	0.212630922587766	1004	221	909	143	909	424	2222	759	357	roadmap_epigenomics H4K91ac	NA	NA	H4K91ac	NA	NA	E006-H4K91ac.narrowPeak	1	234539
1	444	roadmap_epigenomics	0	0.375797121354552	688	221	331	720	720	424	1625	1075	954	roadmap_epigenomics H3K27ac	NA	NA	H3K27ac	NA	NA	E047-H3K27ac.narrowPeak	1	44461
1	519	roadmap_epigenomics	0	0.389500697473893	674	221	306	746	746	424	1583	1089	996	roadmap_epigenomics H3K27me3	NA	NA	H3K27me3	NA	NA	E057-H3K27me3.narrowPeak	1	98301
1	858	roadmap_epigenomics	0	0.255623341903491	874	221	689	361	689	424	2047	889	532	roadmap_epigenomics H3K4me3	NA	NA	H3K4me3	NA	NA	E104-H3K4me3.narrowPeak	1	42254
1	948	roadmap_epigenomics	0	0.249270028959982	883	221	718	333	718	424	2066	880	513	roadmap_epigenomics H3K4me2	NA	NA	H3K4me2	NA	NA	E116-H3K4me2.narrowPeak	1	124500
1	4	roadmap_epigenomics	0	0.231678055575983	947	221	820	234	820	425	2150	816	429	roadmap_epigenomics H3K4me3	NA	NA	H3K4me3	NA	NA	E001-H3K4me3.narrowPeak	1	92429
1	29	roadmap_epigenomics	0	0.331235089363346	743	221	421	634	634	425	1773	1020	806	roadmap_epigenomics H3K36me3	NA	NA	H3K36me3	NA	NA	E003-H3K36me3.narrowPeak	1	323310
1	72	roadmap_epigenomics	0	0.239945239114919	907	221	763	291	763	425	2103	856	476	roadmap_epigenomics H3K14ac	NA	NA	H3K14ac	NA	NA	E005-H3K14ac.narrowPeak	1	204548
1	82	roadmap_epigenomics	0	0.278515961365716	826	221	576	479	576	425	1960	937	619	roadmap_epigenomics H3K79me1	NA	NA	H3K79me1	NA	NA	E005-H3K79me1.narrowPeak	1	225880
1	399	roadmap_epigenomics	0	0.384673721899287	677	221	315	739	739	425	1595	1086	984	roadmap_epigenomics H3K27ac	NA	NA	H3K27ac	NA	NA	E040-H3K27ac.narrowPeak	1	50690
1	662	roadmap_epigenomics	0	0.356152784737371	716	221	366	687	687	425	1696	1047	883	roadmap_epigenomics H3K36me3	NA	NA	H3K36me3	NA	NA	E080-H3K36me3.narrowPeak	1	296790
1	752	roadmap_epigenomics	0	0.254415121297867	874	221	693	361	693	425	2049	889	530	roadmap_epigenomics	NA	NA	NA	NA	NA	E091-DNase.hotspot.all.peaks.bed	1	111776
1	944	roadmap_epigenomics	0	0.348285230443801	722	221	381	674	674	425	1717	1041	862	roadmap_epigenomics H3K27ac	NA	NA	H3K27ac	NA	NA	E116-H3K27ac.narrowPeak	1	78915
1	1107	roadmap_epigenomics	0	0.245960874664796	889	221	733	321	733	425	2077	874	502	roadmap_epigenomics H3K4me3	NA	NA	H3K4me3	NA	NA	E129-H3K4me3.narrowPeak	1	73663
1	146	roadmap_epigenomics	0	0.228076683312285	955	221	837	221	837	426	2162	808	417	roadmap_epigenomics H3K18ac	NA	NA	H3K18ac	NA	NA	E008-H3K18ac.narrowPeak	1	148881
1	423	roadmap_epigenomics	0	0.367860023184275	698	221	346	712	712	426	1652	1065	927	roadmap_epigenomics H3K27ac	NA	NA	H3K27ac	NA	NA	E044-H3K27ac.narrowPeak	1	85187
1	815	roadmap_epigenomics	0	0.18500040904889	1132	221	1006	52	1006	426	2338	631	241	roadmap_epigenomics H3K4me1	NA	NA	H3K4me1	NA	NA	E098-H3K4me1.narrowPeak	1	293089
1	432	roadmap_epigenomics	0	0.256962916633927	868	221	683	378	683	427	2039	895	540	roadmap_epigenomics H3K4me1	NA	NA	H3K4me1	NA	NA	E045-H3K4me1.narrowPeak	1	132617
1	496	roadmap_epigenomics	0	0.247394010444645	883	221	726	333	726	427	2069	880	510	roadmap_epigenomics H3K4me3	NA	NA	H3K4me3	NA	NA	E054-H3K4me3.narrowPeak	1	59260
1	510	roadmap_epigenomics	0	0.205790557871783	1026	221	937	124	937	427	2247	737	332	roadmap_epigenomics H3K27ac	NA	NA	H3K27ac	NA	NA	E056-H3K27ac.narrowPeak	1	271197
1	537	roadmap_epigenomics	0	0.265471368623366	854	221	647	413	647	427	2011	909	568	roadmap_epigenomics H3K4me3	NA	NA	H3K4me3	NA	NA	E059-H3K4me3.narrowPeak	1	47573
1	583	roadmap_epigenomics	0	0.223262882197323	966	221	857	202	857	427	2178	797	401	roadmap_epigenomics H3K4me3	NA	NA	H3K4me3	NA	NA	E068-H3K4me3.narrowPeak	1	89967
1	630	roadmap_epigenomics	0	0.224501867336765	962	221	850	211	850	427	2173	801	406	roadmap_epigenomics H3K9ac	NA	NA	H3K9ac	NA	NA	E075-H3K9ac.narrowPeak	1	109949
1	705	roadmap_epigenomics	0	0.277452915767684	829	221	586	473	586	427	1965	934	614	roadmap_epigenomics H3K36me3	NA	NA	H3K36me3	NA	NA	E085-H3K36me3.narrowPeak	1	359487
1	831	roadmap_epigenomics	0	0.269000119215012	847	221	629	430	629	427	1998	916	581	roadmap_epigenomics H3K4me3	NA	NA	H3K4me3	NA	NA	E100-H3K4me3.narrowPeak	1	39238
1	949	roadmap_epigenomics	0	0.311084473715839	762	221	465	596	596	427	1831	1001	748	roadmap_epigenomics H3K4me3	NA	NA	H3K4me3	NA	NA	E116-H3K4me3.narrowPeak	1	76167
1	1082	roadmap_epigenomics	0	0.212898316282989	992	221	906	155	906	427	2213	771	366	roadmap_epigenomics H3K4me2	NA	NA	H3K4me2	NA	NA	E127-H3K4me2.narrowPeak	1	129570
1	1	roadmap_epigenomics	0	0.550556389996859	625	221	224	840	840	428	1288	1138	1291	roadmap_epigenomics H3K27me3	NA	NA	H3K27me3	NA	NA	E001-H3K27me3.narrowPeak	1	93339
1	32	roadmap_epigenomics	0	0.195643124766653	1065	221	970	92	970	428	2286	698	293	roadmap_epigenomics H3K4me2	NA	NA	H3K4me2	NA	NA	E003-H3K4me2.narrowPeak	1	217090
1	45	roadmap_epigenomics	0	0.179931144742661	1185	221	1032	31	1032	428	2371	578	208	roadmap_epigenomics	NA	NA	NA	NA	NA	E004-DNase.macs2.narrowPeak	1	365365
1	69	roadmap_epigenomics	0	0.24191605095131	895	221	753	309	753	428	2089	868	490	roadmap_epigenomics H2BK120ac	NA	NA	H2BK120ac	NA	NA	E005-H2BK120ac.narrowPeak	1	261051
1	105	roadmap_epigenomics	0	0.201936083616703	1039	221	952	111	952	428	2261	724	318	roadmap_epigenomics H3K4me2	NA	NA	H3K4me2	NA	NA	E006-H3K4me2.narrowPeak	1	170555
1	663	roadmap_epigenomics	0	0.189504725731405	1097	221	988	76	988	428	2313	666	266	roadmap_epigenomics H3K4me1	NA	NA	H3K4me1	NA	NA	E080-H3K4me1.narrowPeak	1	279457
1	776	roadmap_epigenomics	0	0.207155936257902	1020	221	931	131	931	428	2241	743	338	roadmap_epigenomics H3K4me1	NA	NA	H3K4me1	NA	NA	E093-H3K4me1.narrowPeak	1	250705
1	862	roadmap_epigenomics	0	0.27741413654347	828	221	587	475	587	428	1964	935	615	roadmap_epigenomics H3K36me3	NA	NA	H3K36me3	NA	NA	E105-H3K36me3.narrowPeak	1	267060
1	892	roadmap_epigenomics	0	0.256362010698557	868	221	685	378	685	428	2040	895	539	roadmap_epigenomics H3K4me3	NA	NA	H3K4me3	NA	NA	E109-H3K4me3.narrowPeak	1	65084
1	931	roadmap_epigenomics	0	0.329351514531297	739	221	424	641	641	429	1771	1024	808	roadmap_epigenomics H2A.Z	NA	NA	H2A.Z	NA	NA	E115-H2A.Z.narrowPeak	1	84931
1	979	roadmap_epigenomics	0	0.216369163208804	984	221	894	172	894	429	2202	779	377	roadmap_epigenomics H2A.Z	NA	NA	H2A.Z	NA	NA	E119-H2A.Z.narrowPeak	1	137376
1	78	roadmap_epigenomics	0	0.300193199360056	773	221	493	576	576	430	1863	990	716	roadmap_epigenomics H3K4ac	NA	NA	H3K4ac	NA	NA	E005-H3K4ac.narrowPeak	1	228267
1	386	roadmap_epigenomics	0	0.344245146118483	720	221	390	679	679	430	1721	1043	858	roadmap_epigenomics H3K27ac	NA	NA	H3K27ac	NA	NA	E038-H3K27ac.narrowPeak	1	50328
1	403	roadmap_epigenomics	0	0.293691155590868	783	221	508	560	560	430	1886	980	693	roadmap_epigenomics H3K4me3	NA	NA	H3K4me3	NA	NA	E040-H3K4me3.narrowPeak	1	63472
1	163	roadmap_epigenomics	0	0.253317381119608	870	221	700	372	700	431	2047	893	532	roadmap_epigenomics H4K5ac	NA	NA	H4K5ac	NA	NA	E008-H4K5ac.narrowPeak	1	136718
1	234	roadmap_epigenomics	0	0.368907795600485	683	221	345	726	726	431	1629	1080	950	roadmap_epigenomics H3K36me3	NA	NA	H3K36me3	NA	NA	E017-H3K36me3.narrowPeak	1	352022
1	294	roadmap_epigenomics	0	0.308486995147709	760	221	474	599	599	431	1833	1003	746	roadmap_epigenomics H3K36me3	NA	NA	H3K36me3	NA	NA	E024-H3K36me3.narrowPeak	1	291581
1	875	roadmap_epigenomics	0	0.242975888020661	887	221	747	325	747	431	2080	876	499	roadmap_epigenomics H3K4me3	NA	NA	H3K4me3	NA	NA	E107-H3K4me3.narrowPeak	1	80526
1	1096	roadmap_epigenomics	0	0.302057249695488	769	221	488	583	583	431	1855	994	724	roadmap_epigenomics H3K4me3	NA	NA	H3K4me3	NA	NA	E128-H3K4me3.narrowPeak	1	38014
1	137	roadmap_epigenomics	0	0.183437081505687	1123	221	1018	58	1018	432	2335	640	244	roadmap_epigenomics	NA	NA	NA	NA	NA	E008-DNase.macs2.narrowPeak	1	244359
1	238	roadmap_epigenomics	0	0.275566500022514	826	221	595	479	595	432	1965	937	614	roadmap_epigenomics H3K4me3	NA	NA	H3K4me3	NA	NA	E017-H3K4me3.narrowPeak	1	42408
1	469	roadmap_epigenomics	0	0.390944603077918	660	221	304	771	771	432	1560	1103	1019	roadmap_epigenomics H3K36me3	NA	NA	H3K36me3	NA	NA	E050-H3K36me3.narrowPeak	1	262839
1	543	roadmap_epigenomics	0	0.26307923647378	852	221	657	418	657	432	2013	911	566	roadmap_epigenomics H3K4me3	NA	NA	H3K4me3	NA	NA	E061-H3K4me3.narrowPeak	1	39368
1	627	roadmap_epigenomics	0	0.292922764709314	781	221	511	565	565	432	1885	982	694	roadmap_epigenomics H3K36me3	NA	NA	H3K36me3	NA	NA	E075-H3K36me3.narrowPeak	1	274849
1	660	roadmap_epigenomics	0	0.262485360046076	853	221	659	416	659	432	2015	910	564	roadmap_epigenomics H3K27ac	NA	NA	H3K27ac	NA	NA	E080-H3K27ac.narrowPeak	1	158539
1	973	roadmap_epigenomics	0	0.257694636927695	859	221	678	398	678	432	2029	904	550	roadmap_epigenomics H3K4me3	NA	NA	H3K4me3	NA	NA	E118-H3K4me3.narrowPeak	1	58435
1	541	roadmap_epigenomics	0	0.374712032977431	675	221	335	744	744	433	1608	1088	971	roadmap_epigenomics H3K36me3	NA	NA	H3K36me3	NA	NA	E061-H3K36me3.narrowPeak	1	295294
1	547	roadmap_epigenomics	0	0.391904264040471	657	221	302	775	775	433	1554	1106	1025	roadmap_epigenomics H3K36me3	NA	NA	H3K36me3	NA	NA	E062-H3K36me3.narrowPeak	1	253984
1	1044	roadmap_epigenomics	0	0.433369858941789	638	221	263	816	816	433	1462	1125	1117	roadmap_epigenomics H3K36me3	NA	NA	H3K36me3	NA	NA	E124-H3K36me3.narrowPeak	1	195147
1	429	roadmap_epigenomics	0	0.337080702016829	723	221	408	672	672	434	1737	1040	842	roadmap_epigenomics H3K27ac	NA	NA	H3K27ac	NA	NA	E045-H3K27ac.narrowPeak	1	75442
1	659	roadmap_epigenomics	0	0.17530210272399	1181	221	1048	33	1048	434	2374	582	205	roadmap_epigenomics	NA	NA	NA	NA	NA	E080-DNase.macs2.narrowPeak	1	420510
1	766	roadmap_epigenomics	0	0.304433651266578	760	221	482	599	599	434	1840	1003	739	roadmap_epigenomics H3K36me3	NA	NA	H3K36me3	NA	NA	E092-H3K36me3.narrowPeak	1	329663
1	910	roadmap_epigenomics	0	0.28203397784358	804	221	557	523	557	434	1930	959	649	roadmap_epigenomics H3K4me1	NA	NA	H3K4me1	NA	NA	E112-H3K4me1.narrowPeak	1	124560
1	14	roadmap_epigenomics	0	0.184249797096532	1103	221	1012	72	1012	435	2323	660	256	roadmap_epigenomics	NA	NA	NA	NA	NA	E003-DNase.hotspot.fdr0.01.peaks.bed	1	181790
1	44	roadmap_epigenomics	0	0.184505095333366	1100	221	1010	75	1010	435	2321	663	258	roadmap_epigenomics	NA	NA	NA	NA	NA	E004-DNase.hotspot.fdr0.01.peaks.bed	1	238986
1	545	roadmap_epigenomics	0	0.387483593695425	657	221	309	775	775	435	1561	1106	1018	roadmap_epigenomics H3K27ac	NA	NA	H3K27ac	NA	NA	E062-H3K27ac.narrowPeak	1	51862
1	651	roadmap_epigenomics	0	0.262481057254466	850	221	660	424	660	435	2012	913	567	roadmap_epigenomics H3K27ac	NA	NA	H3K27ac	NA	NA	E079-H3K27ac.narrowPeak	1	156932
1	773	roadmap_epigenomics	0	0.291101273537701	780	221	517	568	568	435	1887	983	692	roadmap_epigenomics H3K27ac	NA	NA	H3K27ac	NA	NA	E093-H3K27ac.narrowPeak	1	114812
1	174	roadmap_epigenomics	0	0.4056076870907	646	221	289	799	799	436	1516	1117	1063	roadmap_epigenomics H3K36me3	NA	NA	H3K36me3	NA	NA	E010-H3K36me3.narrowPeak	1	378468
1	263	roadmap_epigenomics	0	0.481453931752633	621	221	239	848	848	436	1368	1142	1211	roadmap_epigenomics H3K27me3	NA	NA	H3K27me3	NA	NA	E020-H3K27me3.narrowPeak	1	96382
1	411	roadmap_epigenomics	0	0.346415173301412	705	221	385	703	703	436	1697	1058	882	roadmap_epigenomics H3K27ac	NA	NA	H3K27ac	NA	NA	E042-H3K27ac.narrowPeak	1	68927
1	413	roadmap_epigenomics	0	0.379285396408294	665	221	326	760	760	436	1586	1098	993	roadmap_epigenomics H3K36me3	NA	NA	H3K36me3	NA	NA	E042-H3K36me3.narrowPeak	1	199452
1	720	roadmap_epigenomics	0	0.384964261451031	659	221	314	773	773	436	1568	1104	1011	roadmap_epigenomics H3K36me3	NA	NA	H3K36me3	NA	NA	E087-H3K36me3.narrowPeak	1	101681
1	788	roadmap_epigenomics	0	0.290046273993687	781	221	523	565	565	436	1890	982	689	roadmap_epigenomics H3K27ac	NA	NA	H3K27ac	NA	NA	E095-H3K27ac.narrowPeak	1	153453
1	934	roadmap_epigenomics	0	0.437924725687203	632	221	256	830	830	436	1446	1131	1133	roadmap_epigenomics H3K36me3	NA	NA	H3K36me3	NA	NA	E115-H3K36me3.narrowPeak	1	329592
1	997	roadmap_epigenomics	0	0.265936563146679	840	221	645	443	645	436	1996	923	583	roadmap_epigenomics H3K4me3	NA	NA	H3K4me3	NA	NA	E120-H3K4me3.narrowPeak	1	47100
1	66	roadmap_epigenomics	0	0.190395796619904	1047	221	984	106	984	437	2282	716	297	roadmap_epigenomics	NA	NA	NA	NA	NA	E005-DNase.macs2.narrowPeak	1	271969
1	505	roadmap_epigenomics	0	0.220222388113204	960	221	875	215	875	437	2178	803	401	roadmap_epigenomics H3K4me3	NA	NA	H3K4me3	NA	NA	E055-H3K4me3.narrowPeak	1	115193
1	518	roadmap_epigenomics	0	0.17856396775054	1127	221	1036	55	1036	437	2343	636	236	roadmap_epigenomics	NA	NA	NA	NA	NA	E057-DNase.macs2.narrowPeak	1	290255
1	851	roadmap_epigenomics	0	0.220222388113204	960	221	875	215	875	437	2178	803	401	roadmap_epigenomics H3K4me3	NA	NA	H3K4me3	NA	NA	E103-H3K4me3.narrowPeak	1	93750
1	220	roadmap_epigenomics	0	0.175026543357976	1148	221	1049	44	1049	438	2358	615	221	roadmap_epigenomics	NA	NA	NA	NA	NA	E017-DNase.macs2.narrowPeak	1	398131
1	636	roadmap_epigenomics	0	0.244692037028408	876	221	740	354	740	438	2067	887	512	roadmap_epigenomics H3K4me3	NA	NA	H3K4me3	NA	NA	E076-H3K4me3.narrowPeak	1	72243
1	104	roadmap_epigenomics	0	0.175350682552497	1135	221	1047	48	1047	439	2351	628	228	roadmap_epigenomics H3K4me1	NA	NA	H3K4me1	NA	NA	E006-H3K4me1.narrowPeak	1	392101
1	425	roadmap_epigenomics	0	0.397548123649138	645	221	295	802	802	439	1527	1118	1052	roadmap_epigenomics H3K36me3	NA	NA	H3K36me3	NA	NA	E044-H3K36me3.narrowPeak	1	227711
1	501	roadmap_epigenomics	0	0.198510234905282	1009	221	961	136	961	439	2246	754	333	roadmap_epigenomics H3K27ac	NA	NA	H3K27ac	NA	NA	E055-H3K27ac.narrowPeak	1	274023
1	609	roadmap_epigenomics	0	0.227667147318771	932	221	839	258	839	439	2144	831	435	roadmap_epigenomics H3K9ac	NA	NA	H3K9ac	NA	NA	E072-H3K9ac.narrowPeak	1	165236
1	628	roadmap_epigenomics	0	0.20190727157157	1006	221	953	142	953	439	2239	757	340	roadmap_epigenomics H3K4me1	NA	NA	H3K4me1	NA	NA	E075-H3K4me1.narrowPeak	1	196719
1	792	roadmap_epigenomics	0	0.263537182681267	841	221	656	440	656	439	2001	922	578	roadmap_epigenomics H3K4me3	NA	NA	H3K4me3	NA	NA	E095-H3K4me3.narrowPeak	1	41750
1	863	roadmap_epigenomics	0	0.198288164587389	1016	221	962	133	962	439	2251	747	328	roadmap_epigenomics H3K4me1	NA	NA	H3K4me1	NA	NA	E105-H3K4me1.narrowPeak	1	309072
1	419	roadmap_epigenomics	0	0.440567862636152	623	221	254	845	845	440	1428	1140	1151	roadmap_epigenomics H3K36me3	NA	NA	H3K36me3	NA	NA	E043-H3K36me3.narrowPeak	1	194645
1	731	roadmap_epigenomics	0	0.251634274940824	863	221	708	390	708	440	2043	900	536	roadmap_epigenomics H3K4me3	NA	NA	H3K4me3	NA	NA	E088-H3K4me3.narrowPeak	1	96360
1	796	roadmap_epigenomics	0	0.302648440207984	755	221	486	613	613	440	1837	1008	742	roadmap_epigenomics H3K36me3	NA	NA	H3K36me3	NA	NA	E096-H3K36me3.narrowPeak	1	338349
1	55	roadmap_epigenomics	0	0.236723319203479	891	221	784	317	784	441	2094	872	485	roadmap_epigenomics H3K4ac	NA	NA	H3K4ac	NA	NA	E004-H3K4ac.narrowPeak	1	176127
1	785	roadmap_epigenomics	0	0.191889647754667	1028	221	979	123	979	441	2268	735	311	roadmap_epigenomics H3K4me1	NA	NA	H3K4me1	NA	NA	E094-H3K4me1.narrowPeak	1	238260
1	811	roadmap_epigenomics	0	0.168802688197873	1162	221	1064	39	1064	441	2372	601	207	roadmap_epigenomics	NA	NA	NA	NA	NA	E098-DNase.macs2.narrowPeak	1	349441
1	820	roadmap_epigenomics	0	0.36377935832564	673	221	352	750	750	441	1623	1090	956	roadmap_epigenomics H3K36me3	NA	NA	H3K36me3	NA	NA	E099-H3K36me3.narrowPeak	1	192233
1	898	roadmap_epigenomics	0	0.234361347793384	899	221	799	302	799	441	2105	864	474	roadmap_epigenomics H3K9ac	NA	NA	H3K9ac	NA	NA	E110-H3K9ac.narrowPeak	1	89018
1	969	roadmap_epigenomics	0	0.408678750731043	638	221	286	816	816	441	1499	1125	1080	roadmap_epigenomics H3K27me3	NA	NA	H3K27me3	NA	NA	E118-H3K27me3.narrowPeak	1	110851
1	978	roadmap_epigenomics	0	0.178366385025488	1119	221	1039	63	1039	441	2339	644	240	roadmap_epigenomics	NA	NA	NA	NA	NA	E119-DNase.macs2.narrowPeak	1	292840
1	99	roadmap_epigenomics	0	0.186499444558264	1048	221	1000	105	1000	442	2288	715	291	roadmap_epigenomics H3K23ac	NA	NA	H3K23ac	NA	NA	E006-H3K23ac.narrowPeak	1	220387
1	272	roadmap_epigenomics	0	0.329829049143266	719	221	423	681	681	442	1744	1044	835	roadmap_epigenomics H3K27ac	NA	NA	H3K27ac	NA	NA	E021-H3K27ac.narrowPeak	1	103584
1	1083	roadmap_epigenomics	0	0.230206820668326	919	221	827	277	827	442	2129	844	450	roadmap_epigenomics H3K4me3	NA	NA	H3K4me3	NA	NA	E127-H3K4me3.narrowPeak	1	83151
1	232	roadmap_epigenomics	0	0.290283451534334	766	221	521	588	588	443	1872	997	707	roadmap_epigenomics H3K27ac	NA	NA	H3K27ac	NA	NA	E017-H3K27ac.narrowPeak	1	179168
1	1078	roadmap_epigenomics	0	0.298214501349811	756	221	500	609	609	443	1846	1007	733	roadmap_epigenomics H3K27ac	NA	NA	H3K27ac	NA	NA	E127-H3K27ac.narrowPeak	1	94902
1	168	roadmap_epigenomics	0	0.400586127539268	637	221	292	818	818	444	1510	1126	1069	roadmap_epigenomics H3K36me3	NA	NA	H3K36me3	NA	NA	E009-H3K36me3.narrowPeak	1	389216
1	170	roadmap_epigenomics	0	0.288329423587852	769	221	529	583	583	444	1879	994	700	roadmap_epigenomics H3K4me3	NA	NA	H3K4me3	NA	NA	E009-H3K4me3.narrowPeak	1	38823
1	246	roadmap_epigenomics	0	0.291095074476656	763	221	518	594	594	444	1867	1000	712	roadmap_epigenomics H4K5ac	NA	NA	H4K5ac	NA	NA	E017-H4K5ac.narrowPeak	1	228064
1	449	roadmap_epigenomics	0	0.220525212728676	944	221	871	239	871	444	2165	819	414	roadmap_epigenomics H3K9ac	NA	NA	H3K9ac	NA	NA	E047-H3K9ac.narrowPeak	1	147914
1	520	roadmap_epigenomics	0	0.417510210168181	628	221	275	836	836	444	1470	1135	1109	roadmap_epigenomics H3K36me3	NA	NA	H3K36me3	NA	NA	E057-H3K36me3.narrowPeak	1	239831
1	907	roadmap_epigenomics	0	0.283855548768215	782	221	550	562	562	444	1902	981	677	roadmap_epigenomics H3K27ac	NA	NA	H3K27ac	NA	NA	E112-H3K27ac.narrowPeak	1	123630
1	1015	roadmap_epigenomics	0	0.237746124126503	884	221	780	331	780	444	2086	879	493	roadmap_epigenomics H2A.Z	NA	NA	H2A.Z	NA	NA	E122-H2A.Z.narrowPeak	1	124665
1	1023	roadmap_epigenomics	0	0.30112257618085	752	221	491	619	619	444	1836	1011	743	roadmap_epigenomics H3K9ac	NA	NA	H3K9ac	NA	NA	E122-H3K9ac.narrowPeak	1	64234
1	154	roadmap_epigenomics	0	0.222860997536011	935	221	858	255	858	445	2154	828	425	roadmap_epigenomics H3K4me2	NA	NA	H3K4me2	NA	NA	E008-H3K4me2.narrowPeak	1	111374
1	270	roadmap_epigenomics	0	0.177332635079775	1111	221	1042	71	1042	445	2336	652	243	roadmap_epigenomics	NA	NA	NA	NA	NA	E021-DNase.hotspot.fdr0.01.peaks.bed	1	182710
1	596	roadmap_epigenomics	0	0.264546180791665	831	221	650	464	650	445	1989	932	590	roadmap_epigenomics H3K4me3	NA	NA	H3K4me3	NA	NA	E070-H3K4me3.narrowPeak	1	41846
1	771	roadmap_epigenomics	0	0.217868421787716	954	221	890	223	890	445	2177	809	402	roadmap_epigenomics	NA	NA	NA	NA	NA	E093-DNase.hotspot.fdr0.01.peaks.bed	1	133624
1	26	roadmap_epigenomics	0	0.245618409387687	867	221	736	381	736	446	2057	896	522	roadmap_epigenomics H3K23me2	NA	NA	H3K23me2	NA	NA	E003-H3K23me2.narrowPeak	1	95590
1	172	roadmap_epigenomics	0	0.235779416448997	887	221	791	325	791	446	2092	876	487	roadmap_epigenomics H2A.Z	NA	NA	H2A.Z	NA	NA	E010-H2A.Z.narrowPeak	1	113363
1	315	roadmap_epigenomics	0	0.17924958729816	1088	221	1034	82	1034	446	2321	675	258	roadmap_epigenomics H3K9ac	NA	NA	H3K9ac	NA	NA	E027-H3K9ac.narrowPeak	1	217726
1	459	roadmap_epigenomics	0	0.381864607770368	647	221	321	797	797	446	1555	1116	1024	roadmap_epigenomics H3K36me3	NA	NA	H3K36me3	NA	NA	E049-H3K36me3.narrowPeak	1	236300
1	618	roadmap_epigenomics	0	0.252967845112583	854	221	704	413	704	446	2032	909	547	roadmap_epigenomics H3K27ac	NA	NA	H3K27ac	NA	NA	E074-H3K27ac.narrowPeak	1	158702
1	707	roadmap_epigenomics	0	0.235055680871807	889	221	796	321	796	446	2095	874	484	roadmap_epigenomics H3K4me3	NA	NA	H3K4me3	NA	NA	E085-H3K4me3.narrowPeak	1	43543
1	972	roadmap_epigenomics	0	0.229541786099256	913	221	832	286	832	446	2125	850	454	roadmap_epigenomics H3K4me2	NA	NA	H3K4me2	NA	NA	E118-H3K4me2.narrowPeak	1	96755
1	1080	roadmap_epigenomics	0	0.37632318082609	653	221	330	787	787	446	1573	1110	1006	roadmap_epigenomics H3K36me3	NA	NA	H3K36me3	NA	NA	E127-H3K36me3.narrowPeak	1	328717
1	125	roadmap_epigenomics	0	0.315090278794295	727	221	454	665	665	447	1780	1036	799	roadmap_epigenomics H3K36me3	NA	NA	H3K36me3	NA	NA	E007-H3K36me3.narrowPeak	1	177693
1	366	roadmap_epigenomics	0	0.414704475179017	624	221	279	842	842	447	1468	1139	1111	roadmap_epigenomics H3K36me3	NA	NA	H3K36me3	NA	NA	E034-H3K36me3.narrowPeak	1	302239
1	372	roadmap_epigenomics	0	0.237967320834459	880	221	777	343	777	447	2082	883	497	roadmap_epigenomics H3K4me1	NA	NA	H3K4me1	NA	NA	E035-H3K4me1.narrowPeak	1	126220
1	491	roadmap_epigenomics	0	0.265663430730191	829	221	646	473	646	447	1985	934	594	roadmap_epigenomics H3K4me3	NA	NA	H3K4me3	NA	NA	E053-H3K4me3.narrowPeak	1	36677
1	826	roadmap_epigenomics	0	0.164527090374381	1156	221	1080	40	1080	447	2374	607	205	roadmap_epigenomics	NA	NA	NA	NA	NA	E100-DNase.macs2.narrowPeak	1	441628
1	282	roadmap_epigenomics	0	0.443512353722326	605	221	251	871	871	448	1395	1158	1184	roadmap_epigenomics H3K27me3	NA	NA	H3K27me3	NA	NA	E022-H3K27me3.narrowPeak	1	68203
1	301	roadmap_epigenomics	0	0.214668548504065	954	221	900	223	900	448	2182	809	397	roadmap_epigenomics H3K4me3	NA	NA	H3K4me3	NA	NA	E025-H3K4me3.narrowPeak	1	104434
1	509	roadmap_epigenomics	0	0.170208843855631	1119	221	1060	63	1060	448	2349	644	230	roadmap_epigenomics	NA	NA	NA	NA	NA	E056-DNase.macs2.narrowPeak	1	397102
1	658	roadmap_epigenomics	0	0.181991673706479	1056	221	1023	101	1023	448	2299	707	280	roadmap_epigenomics	NA	NA	NA	NA	NA	E080-DNase.hotspot.fdr0.01.peaks.bed	1	215699
1	136	roadmap_epigenomics	0	0.18078162091891	1060	221	1029	97	1029	449	2303	703	276	roadmap_epigenomics	NA	NA	NA	NA	NA	E008-DNase.hotspot.fdr0.01.peaks.bed	1	189915
1	209	roadmap_epigenomics	0	0.221701251401125	929	221	864	262	864	449	2151	834	428	roadmap_epigenomics H3K9ac	NA	NA	H3K9ac	NA	NA	E015-H3K9ac.narrowPeak	1	116131
1	517	roadmap_epigenomics	0	0.184135940274501	1036	221	1013	114	1013	449	2284	727	295	roadmap_epigenomics	NA	NA	NA	NA	NA	E057-DNase.hotspot.fdr0.01.peaks.bed	1	209886
1	623	roadmap_epigenomics	0	0.255956101338579	842	221	688	437	688	449	2015	921	564	roadmap_epigenomics H3K9ac	NA	NA	H3K9ac	NA	NA	E074-H3K9ac.narrowPeak	1	124462
1	807	roadmap_epigenomics	0	0.266113506098965	824	221	643	484	643	449	1979	939	600	roadmap_epigenomics H3K4me3	NA	NA	H3K4me3	NA	NA	E097-H3K4me3.narrowPeak	1	41526
1	115	roadmap_epigenomics	0	0.366615931065507	655	221	348	782	782	450	1592	1108	987	roadmap_epigenomics H2AK5ac	NA	NA	H2AK5ac	NA	NA	E007-H2AK5ac.narrowPeak	1	115306
1	335	roadmap_epigenomics	0	0.436750392998375	602	221	257	873	873	450	1400	1161	1179	roadmap_epigenomics H3K36me3	NA	NA	H3K36me3	NA	NA	E030-H3K36me3.narrowPeak	1	180397
1	676	roadmap_epigenomics	0	0.169378857968749	1117	221	1062	68	1062	450	2349	646	230	roadmap_epigenomics	NA	NA	NA	NA	NA	E082-DNase.macs2.narrowPeak	1	496530
1	854	roadmap_epigenomics	0	0.286083136938551	764	221	537	591	591	450	1877	999	702	roadmap_epigenomics H3K27ac	NA	NA	H3K27ac	NA	NA	E104-H3K27ac.narrowPeak	1	154086
1	159	roadmap_epigenomics	0	0.203444718389008	975	221	947	184	947	451	2215	788	364	roadmap_epigenomics H3K9ac	NA	NA	H3K9ac	NA	NA	E008-H3K9ac.narrowPeak	1	146401
1	313	roadmap_epigenomics	0	0.178178293270127	1066	221	1040	91	1040	451	2310	697	269	roadmap_epigenomics H3K4me1	NA	NA	H3K4me1	NA	NA	E027-H3K4me1.narrowPeak	1	374655
1	358	roadmap_epigenomics	0	0.312384883562681	721	221	460	675	675	452	1777	1042	802	roadmap_epigenomics H3K4me1	NA	NA	H3K4me1	NA	NA	E033-H3K4me1.narrowPeak	1	131462
1	768	roadmap_epigenomics	0	0.239495269913652	873	221	770	364	770	452	2073	890	506	roadmap_epigenomics H3K4me3	NA	NA	H3K4me3	NA	NA	E092-H3K4me3.narrowPeak	1	39260
1	1021	roadmap_epigenomics	0	0.27760137412115	790	221	585	550	585	452	1922	973	657	roadmap_epigenomics H3K4me3	NA	NA	H3K4me3	NA	NA	E122-H3K4me3.narrowPeak	1	43730
1	1073	roadmap_epigenomics	0	0.336772173489966	683	221	409	726	726	452	1683	1080	896	roadmap_epigenomics H3K9ac	NA	NA	H3K9ac	NA	NA	E126-H3K9ac.narrowPeak	1	50757
1	274	roadmap_epigenomics	0	0.28859108119387	756	221	528	609	609	453	1863	1007	716	roadmap_epigenomics H3K36me3	NA	NA	H3K36me3	NA	NA	E021-H3K36me3.narrowPeak	1	189937
1	524	roadmap_epigenomics	0	0.248912173952753	852	221	720	418	720	453	2037	911	542	roadmap_epigenomics H3K27ac	NA	NA	H3K27ac	NA	NA	E058-H3K27ac.narrowPeak	1	155109
1	806	roadmap_epigenomics	0	0.232805307166779	887	221	813	325	813	453	2097	876	482	roadmap_epigenomics H3K4me1	NA	NA	H3K4me1	NA	NA	E097-H3K4me1.narrowPeak	1	316356
1	833	roadmap_epigenomics	0	0.23890735444491	873	221	774	364	774	453	2074	890	505	roadmap_epigenomics H3K27ac	NA	NA	H3K27ac	NA	NA	E101-H3K27ac.narrowPeak	1	137582
1	276	roadmap_epigenomics	0	0.267392010236788	811	221	636	504	636	454	1963	952	616	roadmap_epigenomics H3K4me3	NA	NA	H3K4me3	NA	NA	E021-H3K4me3.narrowPeak	1	38867
1	295	roadmap_epigenomics	0	0.164535940619897	1121	221	1079	61	1079	454	2357	642	222	roadmap_epigenomics H3K4me1	NA	NA	H3K4me1	NA	NA	E024-H3K4me1.narrowPeak	1	357319
1	318	roadmap_epigenomics	0	0.190650973560723	990	221	983	158	983	454	2245	773	334	roadmap_epigenomics	NA	NA	NA	NA	NA	E028-DNase.hotspot.fdr0.01.peaks.bed	1	186595
1	319	roadmap_epigenomics	0	0.176287568771883	1058	221	1044	98	1044	454	2308	705	271	roadmap_epigenomics	NA	NA	NA	NA	NA	E028-DNase.macs2.narrowPeak	1	247966
1	727	roadmap_epigenomics	0	0.148940556304168	1196	221	1113	27	1113	454	2409	567	170	roadmap_epigenomics	NA	NA	NA	NA	NA	E088-DNase.macs2.narrowPeak	1	530673
1	1020	roadmap_epigenomics	0	0.239628536397991	870	221	768	372	768	454	2070	893	509	roadmap_epigenomics H3K4me2	NA	NA	H3K4me2	NA	NA	E122-H3K4me2.narrowPeak	1	99492
1	191	roadmap_epigenomics	0	0.298559098977723	737	221	499	645	645	455	1822	1026	757	roadmap_epigenomics H3K27ac	NA	NA	H3K27ac	NA	NA	E013-H3K27ac.narrowPeak	1	139221
1	247	roadmap_epigenomics	0	0.278792524896631	776	221	573	571	573	455	1904	987	675	roadmap_epigenomics H4K8ac	NA	NA	H4K8ac	NA	NA	E017-H4K8ac.narrowPeak	1	220315
1	407	roadmap_epigenomics	0	0.425654272388295	598	221	268	876	876	455	1410	1165	1169	roadmap_epigenomics H3K36me3	NA	NA	H3K36me3	NA	NA	E041-H3K36me3.narrowPeak	1	202854
1	557	roadmap_epigenomics	0	0.233774488719337	881	221	806	339	806	455	2090	882	489	roadmap_epigenomics H3K9ac	NA	NA	H3K9ac	NA	NA	E063-H3K9ac.narrowPeak	1	112712
1	598	roadmap_epigenomics	0	0.222730703753353	914	221	859	285	859	455	2137	849	442	roadmap_epigenomics H3K27ac	NA	NA	H3K27ac	NA	NA	E071-H3K27ac.narrowPeak	1	152169
1	680	roadmap_epigenomics	0	0.25761906583758	831	221	679	464	679	455	2001	932	578	roadmap_epigenomics H3K4me3	NA	NA	H3K4me3	NA	NA	E082-H3K4me3.narrowPeak	1	40821
1	729	roadmap_epigenomics	0	0.350161015761433	662	221	377	767	767	455	1630	1101	949	roadmap_epigenomics H3K36me3	NA	NA	H3K36me3	NA	NA	E088-H3K36me3.narrowPeak	1	301918
1	736	roadmap_epigenomics	0	0.151988189542966	1164	221	1107	38	1107	455	2392	599	187	roadmap_epigenomics	NA	NA	NA	NA	NA	E089-DNase.macs2.narrowPeak	1	465721
1	938	roadmap_epigenomics	0	0.508320109401881	575	221	234	911	911	455	1258	1188	1321	roadmap_epigenomics H3K79me2	NA	NA	H3K79me2	NA	NA	E115-H3K79me2.narrowPeak	1	200232
1	1003	roadmap_epigenomics	0	0.196128392422315	979	221	968	177	968	455	2229	784	350	roadmap_epigenomics H2A.Z	NA	NA	H2A.Z	NA	NA	E121-H2A.Z.narrowPeak	1	153394
1	1048	roadmap_epigenomics	0	0.430932426223993	593	221	264	880	880	455	1394	1170	1185	roadmap_epigenomics H3K79me2	NA	NA	H3K79me2	NA	NA	E124-H3K79me2.narrowPeak	1	259630
1	152	roadmap_epigenomics	0	0.337106418742997	677	221	407	739	739	456	1674	1086	905	roadmap_epigenomics H3K4ac	NA	NA	H3K4ac	NA	NA	E008-H3K4ac.narrowPeak	1	70510
1	278	roadmap_epigenomics	0	0.202534650343271	969	221	950	196	950	456	2212	794	367	roadmap_epigenomics	NA	NA	NA	NA	NA	E022-DNase.hotspot.all.peaks.bed	1	119252
1	532	roadmap_epigenomics	0	0.168233888771845	1093	221	1067	79	1067	456	2338	670	241	roadmap_epigenomics	NA	NA	NA	NA	NA	E059-DNase.macs2.narrowPeak	1	281326
1	750	roadmap_epigenomics	0	0.262086352057326	824	221	663	484	663	456	1986	939	593	roadmap_epigenomics H3K4me3	NA	NA	H3K4me3	NA	NA	E090-H3K4me3.narrowPeak	1	35057
1	775	roadmap_epigenomics	0	0.380180478592145	634	221	323	824	824	456	1538	1129	1041	roadmap_epigenomics H3K36me3	NA	NA	H3K36me3	NA	NA	E093-H3K36me3.narrowPeak	1	312106
1	887	roadmap_epigenomics	0	0.159100408039488	1132	221	1094	52	1094	456	2369	631	210	roadmap_epigenomics	NA	NA	NA	NA	NA	E109-DNase.macs2.narrowPeak	1	334231
1	888	roadmap_epigenomics	0	0.235234405261716	876	221	793	354	793	456	2083	887	496	roadmap_epigenomics H3K27ac	NA	NA	H3K27ac	NA	NA	E109-H3K27ac.narrowPeak	1	194782
1	897	roadmap_epigenomics	0	0.263644633948271	818	221	655	492	655	456	1977	945	602	roadmap_epigenomics H3K4me3	NA	NA	H3K4me3	NA	NA	E110-H3K4me3.narrowPeak	1	51758
1	1002	roadmap_epigenomics	0	0.142023852332012	1195	221	1118	28	1118	456	2416	568	163	roadmap_epigenomics	NA	NA	NA	NA	NA	E121-DNase.macs2.narrowPeak	1	476154
1	193	roadmap_epigenomics	0	0.346360758979012	663	221	386	765	765	457	1638	1100	941	roadmap_epigenomics H3K36me3	NA	NA	H3K36me3	NA	NA	E013-H3K36me3.narrowPeak	1	304339
1	240	roadmap_epigenomics	0	0.385243918483916	627	221	313	837	837	457	1519	1136	1060	roadmap_epigenomics H3K79me1	NA	NA	H3K79me1	NA	NA	E017-H3K79me1.narrowPeak	1	390673
1	954	roadmap_epigenomics	0	0.20024123622034	971	221	958	191	958	457	2217	792	362	roadmap_epigenomics	NA	NA	NA	NA	NA	E117-DNase.macs2.narrowPeak	1	206823
1	323	roadmap_epigenomics	0	0.266701797885364	808	221	640	513	640	458	1961	955	618	roadmap_epigenomics H3K4me3	NA	NA	H3K4me3	NA	NA	E028-H3K4me3.narrowPeak	1	54966
1	643	roadmap_epigenomics	0	0.23987151760068	864	221	766	388	766	458	2064	899	515	roadmap_epigenomics H3K9ac	NA	NA	H3K9ac	NA	NA	E077-H3K9ac.narrowPeak	1	96957
1	805	roadmap_epigenomics	0	0.31574406004185	708	221	453	699	699	458	1754	1055	825	roadmap_epigenomics H3K36me3	NA	NA	H3K36me3	NA	NA	E097-H3K36me3.narrowPeak	1	343116
1	299	roadmap_epigenomics	0	0.363997901855162	644	221	351	805	805	459	1580	1119	999	roadmap_epigenomics H3K36me3	NA	NA	H3K36me3	NA	NA	E025-H3K36me3.narrowPeak	1	257733
1	770	roadmap_epigenomics	0	0.256995882518052	827	221	681	476	681	459	1998	936	581	roadmap_epigenomics	NA	NA	NA	NA	NA	E093-DNase.hotspot.all.peaks.bed	1	86221
1	842	roadmap_epigenomics	0	0.342780202158749	665	221	395	760	760	459	1647	1098	932	roadmap_epigenomics H3K36me3	NA	NA	H3K36me3	NA	NA	E102-H3K36me3.narrowPeak	1	305308
1	1052	roadmap_epigenomics	0	0.165895576501061	1091	221	1074	81	1074	459	2340	672	239	roadmap_epigenomics	NA	NA	NA	NA	NA	E125-DNase.macs2.narrowPeak	1	363159
1	1098	roadmap_epigenomics	0	0.296754880668731	732	221	504	651	651	459	1819	1031	760	roadmap_epigenomics H3K9ac	NA	NA	H3K9ac	NA	NA	E128-H3K9ac.narrowPeak	1	50400
1	24	roadmap_epigenomics	0	0.210249919974791	945	221	922	237	922	460	2182	818	397	roadmap_epigenomics H3K18ac	NA	NA	H3K18ac	NA	NA	E003-H3K18ac.narrowPeak	1	249755
1	513	roadmap_epigenomics	0	0.186446161131409	991	221	1002	156	1002	460	2252	772	327	roadmap_epigenomics H3K4me1	NA	NA	H3K4me1	NA	NA	E056-H3K4me1.narrowPeak	1	303644
1	684	roadmap_epigenomics	0	0.15890407530813	1119	221	1095	63	1095	460	2363	644	216	roadmap_epigenomics	NA	NA	NA	NA	NA	E083-DNase.macs2.narrowPeak	1	517786
1	693	roadmap_epigenomics	0	0.173501644455298	1053	221	1055	103	1055	460	2309	710	270	roadmap_epigenomics	NA	NA	NA	NA	NA	E084-DNase.macs2.narrowPeak	1	291379
1	745	roadmap_epigenomics	0	0.149543411687071	1135	221	1111	48	1111	460	2382	628	197	roadmap_epigenomics	NA	NA	NA	NA	NA	E090-DNase.macs2.narrowPeak	1	506090
1	13	roadmap_epigenomics	0	0.204438103428128	958	221	945	218	945	461	2201	805	378	roadmap_epigenomics	NA	NA	NA	NA	NA	E003-DNase.hotspot.all.peaks.bed	1	111055
1	143	roadmap_epigenomics	0	0.300165308042137	725	221	494	668	668	461	1804	1038	775	roadmap_epigenomics H2BK20ac	NA	NA	H2BK20ac	NA	NA	E008-H2BK20ac.narrowPeak	1	115394
1	242	roadmap_epigenomics	0	0.256981516927023	826	221	682	479	682	461	1997	937	582	roadmap_epigenomics H3K9ac	NA	NA	H3K9ac	NA	NA	E017-H3K9ac.narrowPeak	1	130449
1	640	roadmap_epigenomics	0	0.332646993270236	675	221	419	744	744	461	1679	1088	900	roadmap_epigenomics H3K36me3	NA	NA	H3K36me3	NA	NA	E077-H3K36me3.narrowPeak	1	271474
1	124	roadmap_epigenomics	0	0.464352058790088	570	221	245	921	921	462	1308	1193	1271	roadmap_epigenomics H3K27me3	NA	NA	H3K27me3	NA	NA	E007-H3K27me3.narrowPeak	1	54468
1	702	roadmap_epigenomics	0	0.186461266953387	988	221	1001	163	1001	462	2250	775	329	roadmap_epigenomics	NA	NA	NA	NA	NA	E085-DNase.macs2.narrowPeak	1	231841
1	827	roadmap_epigenomics	0	0.273741425234026	783	221	606	560	606	462	1921	980	658	roadmap_epigenomics H3K27ac	NA	NA	H3K27ac	NA	NA	E100-H3K27ac.narrowPeak	1	163031
1	835	roadmap_epigenomics	0	0.316847517731171	696	221	451	714	714	462	1736	1067	843	roadmap_epigenomics H3K36me3	NA	NA	H3K36me3	NA	NA	E101-H3K36me3.narrowPeak	1	322521
1	984	roadmap_epigenomics	0	0.205576120516396	951	221	938	228	938	462	2194	812	385	roadmap_epigenomics H3K4me2	NA	NA	H3K4me2	NA	NA	E119-H3K4me2.narrowPeak	1	119229
1	1014	roadmap_epigenomics	0	0.205256699383891	953	221	940	225	940	462	2196	810	383	roadmap_epigenomics	NA	NA	NA	NA	NA	E122-DNase.macs2.narrowPeak	1	241268
1	269	roadmap_epigenomics	0	0.200585450197292	962	221	957	211	957	463	2210	801	369	roadmap_epigenomics	NA	NA	NA	NA	NA	E021-DNase.hotspot.all.peaks.bed	1	111181
1	330	roadmap_epigenomics	0	0.411907913365313	590	221	282	887	887	463	1418	1173	1161	roadmap_epigenomics H3K36me3	NA	NA	H3K36me3	NA	NA	E029-H3K36me3.narrowPeak	1	235858
1	500	roadmap_epigenomics	0	0.150790053835004	1123	221	1109	58	1109	463	2375	640	204	roadmap_epigenomics	NA	NA	NA	NA	NA	E055-DNase.macs2.narrowPeak	1	447741
1	508	roadmap_epigenomics	0	0.184969505258357	989	221	1007	160	1007	463	2253	774	326	roadmap_epigenomics	NA	NA	NA	NA	NA	E056-DNase.hotspot.fdr0.01.peaks.bed	1	223698
1	985	roadmap_epigenomics	0	0.262783983329072	809	221	658	510	658	463	1969	954	610	roadmap_epigenomics H3K4me3	NA	NA	H3K4me3	NA	NA	E119-H3K4me3.narrowPeak	1	41290
1	527	roadmap_epigenomics	0	0.165251368591305	1063	221	1078	93	1078	464	2326	700	253	roadmap_epigenomics H3K4me1	NA	NA	H3K4me1	NA	NA	E058-H3K4me1.narrowPeak	1	289473
1	1091	roadmap_epigenomics	0	0.308278656369639	710	221	475	695	695	464	1770	1053	809	roadmap_epigenomics H3K27ac	NA	NA	H3K27ac	NA	NA	E128-H3K27ac.narrowPeak	1	84016
1	176	roadmap_epigenomics	0	0.280747109802034	755	221	562	613	613	465	1876	1008	703	roadmap_epigenomics H3K4me3	NA	NA	H3K4me3	NA	NA	E010-H3K4me3.narrowPeak	1	37746
1	461	roadmap_epigenomics	0	0.21961920506064	909	221	883	290	883	465	2138	854	441	roadmap_epigenomics H3K4me3	NA	NA	H3K4me3	NA	NA	E049-H3K4me3.narrowPeak	1	76569
1	943	roadmap_epigenomics	0	0.262185489150476	808	221	662	513	662	465	1969	955	610	roadmap_epigenomics H2A.Z	NA	NA	H2A.Z	NA	NA	E116-H2A.Z.narrowPeak	1	84270
1	990	roadmap_epigenomics	0	0.157493126802236	1101	221	1099	74	1099	465	2356	662	223	roadmap_epigenomics	NA	NA	NA	NA	NA	E120-DNase.macs2.narrowPeak	1	386665
1	1077	roadmap_epigenomics	0	0.220118142617057	904	221	879	294	879	465	2133	859	446	roadmap_epigenomics H2A.Z	NA	NA	H2A.Z	NA	NA	E127-H2A.Z.narrowPeak	1	137462
1	417	roadmap_epigenomics	0	0.349021746357788	647	221	379	797	797	466	1610	1116	969	roadmap_epigenomics H3K27ac	NA	NA	H3K27ac	NA	NA	E043-H3K27ac.narrowPeak	1	65032
1	692	roadmap_epigenomics	0	0.187322775647886	978	221	998	178	998	466	2242	785	337	roadmap_epigenomics	NA	NA	NA	NA	NA	E084-DNase.hotspot.fdr0.01.peaks.bed	1	168261
1	822	roadmap_epigenomics	0	0.26475519744969	802	221	649	529	649	466	1958	961	621	roadmap_epigenomics H3K4me3	NA	NA	H3K4me3	NA	NA	E099-H3K4me3.narrowPeak	1	38242
1	554	roadmap_epigenomics	0	0.331432937740919	665	221	420	760	760	467	1667	1098	912	roadmap_epigenomics H3K36me3	NA	NA	H3K36me3	NA	NA	E063-H3K36me3.narrowPeak	1	257192
1	849	roadmap_epigenomics	0	0.323988757143551	674	221	435	746	746	467	1693	1089	886	roadmap_epigenomics H3K36me3	NA	NA	H3K36me3	NA	NA	E103-H3K36me3.narrowPeak	1	225315
1	866	roadmap_epigenomics	0	0.23056013876027	876	221	825	354	825	467	2091	887	488	roadmap_epigenomics H3K27ac	NA	NA	H3K27ac	NA	NA	E106-H3K27ac.narrowPeak	1	184602
1	878	roadmap_epigenomics	0	0.275053848751413	771	221	600	579	600	467	1905	992	674	roadmap_epigenomics H3K27ac	NA	NA	H3K27ac	NA	NA	E108-H3K27ac.narrowPeak	1	109113
1	1009	roadmap_epigenomics	0	0.246799185382708	836	221	729	450	729	467	2025	927	554	roadmap_epigenomics H3K4me3	NA	NA	H3K4me3	NA	NA	E121-H3K4me3.narrowPeak	1	69233
1	290	roadmap_epigenomics	0	0.2067814396234	939	221	933	250	933	468	2183	824	396	roadmap_epigenomics H3K4me3	NA	NA	H3K4me3	NA	NA	E023-H3K4me3.narrowPeak	1	116720
1	391	roadmap_epigenomics	0	0.277121456828308	763	221	588	594	594	468	1892	1000	687	roadmap_epigenomics H3K9ac	NA	NA	H3K9ac	NA	NA	E038-H3K9ac.narrowPeak	1	68708
1	431	roadmap_epigenomics	0	0.412325573622609	580	221	281	901	901	468	1401	1183	1178	roadmap_epigenomics H3K36me3	NA	NA	H3K36me3	NA	NA	E045-H3K36me3.narrowPeak	1	196705
1	581	roadmap_epigenomics	0	0.313180596575661	683	221	458	726	726	468	1725	1080	854	roadmap_epigenomics H3K36me3	NA	NA	H3K36me3	NA	NA	E068-H3K36me3.narrowPeak	1	230963
1	606	roadmap_epigenomics	0	0.311779152626656	687	221	462	721	721	468	1733	1076	846	roadmap_epigenomics H3K36me3	NA	NA	H3K36me3	NA	NA	E072-H3K36me3.narrowPeak	1	221904
1	715	roadmap_epigenomics	0	0.27268194513207	776	221	613	571	613	468	1915	987	664	roadmap_epigenomics H3K4me3	NA	NA	H3K4me3	NA	NA	E086-H3K4me3.narrowPeak	1	45257
1	968	roadmap_epigenomics	0	0.350793154335967	643	221	375	807	807	468	1601	1120	978	roadmap_epigenomics H3K27ac	NA	NA	H3K27ac	NA	NA	E118-H3K27ac.narrowPeak	1	71755
1	1064	roadmap_epigenomics	0	0.156017116682851	1085	221	1100	84	1100	468	2350	678	229	roadmap_epigenomics	NA	NA	NA	NA	NA	E126-DNase.macs2.narrowPeak	1	406203
1	555	roadmap_epigenomics	0	0.15784907869734	1078	221	1097	88	1097	469	2344	685	235	roadmap_epigenomics H3K4me1	NA	NA	H3K4me1	NA	NA	E063-H3K4me1.narrowPeak	1	260722
1	600	roadmap_epigenomics	0	0.315864422807946	680	221	452	734	734	469	1716	1083	863	roadmap_epigenomics H3K36me3	NA	NA	H3K36me3	NA	NA	E071-H3K36me3.narrowPeak	1	193688
1	748	roadmap_epigenomics	0	0.335669776197487	657	221	411	775	775	469	1648	1106	931	roadmap_epigenomics H3K36me3	NA	NA	H3K36me3	NA	NA	E090-H3K36me3.narrowPeak	1	278916
1	107	roadmap_epigenomics	0	0.346475596137754	644	221	384	805	805	470	1610	1119	969	roadmap_epigenomics H3K79me1	NA	NA	H3K79me1	NA	NA	E006-H3K79me1.narrowPeak	1	327815
1	117	roadmap_epigenomics	0	0.31998545763245	676	221	448	742	742	470	1703	1087	876	roadmap_epigenomics H2BK12ac	NA	NA	H2BK12ac	NA	NA	E007-H2BK12ac.narrowPeak	1	126786
1	763	roadmap_epigenomics	0	0.137139617743847	1118	221	1122	67	1122	470	2390	645	189	roadmap_epigenomics	NA	NA	NA	NA	NA	E092-DNase.macs2.narrowPeak	1	354211
1	852	roadmap_epigenomics	0	0.215958891022796	904	221	895	294	895	470	2140	859	439	roadmap_epigenomics H3K9ac	NA	NA	H3K9ac	NA	NA	E103-H3K9ac.narrowPeak	1	111468
1	253	roadmap_epigenomics	0	0.183729259554657	980	221	1017	175	1017	471	2249	783	330	roadmap_epigenomics H3K9ac	NA	NA	H3K9ac	NA	NA	E018-H3K9ac.narrowPeak	1	148075
1	281	roadmap_epigenomics	0	0.226433739573412	877	221	842	351	842	471	2099	886	480	roadmap_epigenomics H3K27ac	NA	NA	H3K27ac	NA	NA	E022-H3K27ac.narrowPeak	1	140357
1	306	roadmap_epigenomics	0	0.374592066646584	617	221	336	856	856	471	1521	1146	1058	roadmap_epigenomics H3K36me3	NA	NA	H3K36me3	NA	NA	E026-H3K36me3.narrowPeak	1	262442
1	868	roadmap_epigenomics	0	0.320107157366529	674	221	446	746	746	471	1700	1089	879	roadmap_epigenomics H3K36me3	NA	NA	H3K36me3	NA	NA	E106-H3K36me3.narrowPeak	1	291154
1	904	roadmap_epigenomics	0	0.21236659079387	915	221	910	282	910	471	2155	848	424	roadmap_epigenomics H3K4me3	NA	NA	H3K4me3	NA	NA	E111-H3K4me3.narrowPeak	1	90969
1	1101	roadmap_epigenomics	0	0.218510719043287	896	221	888	305	888	471	2129	867	450	roadmap_epigenomics H2A.Z	NA	NA	H2A.Z	NA	NA	E129-H2A.Z.narrowPeak	1	144805
1	1106	roadmap_epigenomics	0	0.193052076905431	955	221	973	221	973	472	2217	808	362	roadmap_epigenomics H3K4me2	NA	NA	H3K4me2	NA	NA	E129-H3K4me2.narrowPeak	1	131837
1	647	roadmap_epigenomics	0	0.320888449371588	670	221	443	755	755	473	1693	1093	886	roadmap_epigenomics H3K36me3	NA	NA	H3K36me3	NA	NA	E078-H3K36me3.narrowPeak	1	225957
1	840	roadmap_epigenomics	0	0.243420046547526	835	221	744	455	744	473	2030	928	549	roadmap_epigenomics H3K27ac	NA	NA	H3K27ac	NA	NA	E102-H3K27ac.narrowPeak	1	127503
1	1102	roadmap_epigenomics	0	0.280029362528804	743	221	564	634	634	473	1863	1020	716	roadmap_epigenomics H3K27ac	NA	NA	H3K27ac	NA	NA	E129-H3K27ac.narrowPeak	1	145020
1	388	roadmap_epigenomics	0	0.425693263403664	551	221	267	935	935	474	1332	1212	1247	roadmap_epigenomics H3K36me3	NA	NA	H3K36me3	NA	NA	E038-H3K36me3.narrowPeak	1	143872
1	668	roadmap_epigenomics	0	0.153350978104095	1058	221	1104	98	1104	474	2340	705	239	roadmap_epigenomics	NA	NA	NA	NA	NA	E081-DNase.macs2.narrowPeak	1	402299
1	741	roadmap_epigenomics	0	0.263678523231407	791	221	654	548	654	474	1948	972	631	roadmap_epigenomics H3K4me3	NA	NA	H3K4me3	NA	NA	E089-H3K4me3.narrowPeak	1	32241
1	127	roadmap_epigenomics	0	0.2061025684264	922	221	935	270	935	475	2171	841	408	roadmap_epigenomics H3K4me1	NA	NA	H3K4me1	NA	NA	E007-H3K4me1.narrowPeak	1	262404
1	256	roadmap_epigenomics	0	0.43507410616932	544	221	259	946	946	475	1306	1219	1273	roadmap_epigenomics H3K27me3	NA	NA	H3K27me3	NA	NA	E019-H3K27me3.narrowPeak	1	67306
1	696	roadmap_epigenomics	0	0.312983065316439	674	221	459	746	746	475	1713	1089	866	roadmap_epigenomics H3K36me3	NA	NA	H3K36me3	NA	NA	E084-H3K36me3.narrowPeak	1	327499
1	886	roadmap_epigenomics	0	0.180738392521861	982	221	1031	174	1031	475	2255	781	324	roadmap_epigenomics	NA	NA	NA	NA	NA	E109-DNase.hotspot.fdr0.01.peaks.bed	1	173129
1	987	roadmap_epigenomics	0	0.276923896314819	755	221	590	613	613	475	1883	1008	696	roadmap_epigenomics H3K9ac	NA	NA	H3K9ac	NA	NA	E119-H3K9ac.narrowPeak	1	82070
1	186	roadmap_epigenomics	0	0.442903100822333	535	221	252	956	956	476	1279	1228	1300	roadmap_epigenomics H3K27me3	NA	NA	H3K27me3	NA	NA	E012-H3K27me3.narrowPeak	1	75931
1	308	roadmap_epigenomics	0	0.231165491436403	865	221	822	385	822	476	2080	898	499	roadmap_epigenomics H3K4me3	NA	NA	H3K4me3	NA	NA	E026-H3K4me3.narrowPeak	1	81465
1	322	roadmap_epigenomics	0	0.168839315966997	1002	221	1063	144	1063	476	2286	761	293	roadmap_epigenomics H3K4me1	NA	NA	H3K4me1	NA	NA	E028-H3K4me1.narrowPeak	1	354089
1	632	roadmap_epigenomics	0	0.260088346489005	797	221	670	537	670	476	1961	966	618	roadmap_epigenomics H3K27ac	NA	NA	H3K27ac	NA	NA	E076-H3K27ac.narrowPeak	1	142168
1	1011	roadmap_epigenomics	0	0.267188153565876	776	221	637	571	637	476	1925	987	654	roadmap_epigenomics H3K9ac	NA	NA	H3K9ac	NA	NA	E121-H3K9ac.narrowPeak	1	104079
1	1071	roadmap_epigenomics	0	0.282530908653946	732	221	556	651	651	476	1845	1031	734	roadmap_epigenomics H3K4me3	NA	NA	H3K4me3	NA	NA	E126-H3K4me3.narrowPeak	1	53066
1	149	roadmap_epigenomics	0	0.220132140348816	884	221	878	331	878	477	2116	879	463	roadmap_epigenomics H3K27ac	NA	NA	H3K27ac	NA	NA	E008-H3K27ac.narrowPeak	1	220688
1	371	roadmap_epigenomics	0	0.413653179956494	559	221	280	929	929	477	1364	1204	1215	roadmap_epigenomics H3K36me3	NA	NA	H3K36me3	NA	NA	E035-H3K36me3.narrowPeak	1	184716
1	539	roadmap_epigenomics	0	0.184737184407172	966	221	1009	202	1009	477	2238	797	341	roadmap_epigenomics H3K27ac	NA	NA	H3K27ac	NA	NA	E061-H3K27ac.narrowPeak	1	199363
1	637	roadmap_epigenomics	0	0.291917816249174	710	221	515	695	695	477	1800	1053	779	roadmap_epigenomics H3K9ac	NA	NA	H3K9ac	NA	NA	E076-H3K9ac.narrowPeak	1	60918
1	657	roadmap_epigenomics	0	0.214508921554002	895	221	901	309	901	477	2135	868	444	roadmap_epigenomics	NA	NA	NA	NA	NA	E080-DNase.hotspot.all.peaks.bed	1	118437
1	698	roadmap_epigenomics	0	0.230592111269278	865	221	824	385	824	477	2081	898	498	roadmap_epigenomics H3K4me3	NA	NA	H3K4me3	NA	NA	E084-H3K4me3.narrowPeak	1	40136
1	781	roadmap_epigenomics	0	0.186383320678813	964	221	1003	206	1003	477	2234	799	345	roadmap_epigenomics	NA	NA	NA	NA	NA	E094-DNase.macs2.narrowPeak	1	205035
1	790	roadmap_epigenomics	0	0.328780087255222	654	221	425	786	786	477	1656	1109	923	roadmap_epigenomics H3K36me3	NA	NA	H3K36me3	NA	NA	E095-H3K36me3.narrowPeak	1	283237
1	812	roadmap_epigenomics	0	0.259494714729777	796	221	672	538	672	477	1961	967	618	roadmap_epigenomics H3K27ac	NA	NA	H3K27ac	NA	NA	E098-H3K27ac.narrowPeak	1	102275
1	486	roadmap_epigenomics	0	0.253286938906755	809	221	702	510	702	478	1986	954	593	roadmap_epigenomics H3K9ac	NA	NA	H3K9ac	NA	NA	E052-H3K9ac.narrowPeak	1	98792
1	735	roadmap_epigenomics	0	0.166215099890655	1007	221	1073	139	1073	478	2293	756	286	roadmap_epigenomics	NA	NA	NA	NA	NA	E089-DNase.hotspot.fdr0.01.peaks.bed	1	210689
1	991	roadmap_epigenomics	0	0.220369198027701	881	221	873	339	873	478	2113	882	466	roadmap_epigenomics H2A.Z	NA	NA	H2A.Z	NA	NA	E120-H2A.Z.narrowPeak	1	101641
1	91	roadmap_epigenomics	0	0.155121195970036	1038	221	1102	113	1102	479	2327	725	252	roadmap_epigenomics	NA	NA	NA	NA	NA	E006-DNase.macs2.narrowPeak	1	343835
1	187	roadmap_epigenomics	0	0.323741916530008	656	221	436	779	779	479	1668	1107	911	roadmap_epigenomics H3K36me3	NA	NA	H3K36me3	NA	NA	E012-H3K36me3.narrowPeak	1	226301
1	230	roadmap_epigenomics	0	0.282696459992125	729	221	555	660	660	479	1841	1034	738	roadmap_epigenomics H3K18ac	NA	NA	H3K18ac	NA	NA	E017-H3K18ac.narrowPeak	1	266971
1	757	roadmap_epigenomics	0	0.347941258569661	629	221	382	833	833	479	1585	1134	994	roadmap_epigenomics H3K36me3	NA	NA	H3K36me3	NA	NA	E091-H3K36me3.narrowPeak	1	240653
1	70	roadmap_epigenomics	0	0.275452829451195	751	221	597	621	621	480	1881	1012	698	roadmap_epigenomics H2BK12ac	NA	NA	H2BK12ac	NA	NA	E005-H2BK12ac.narrowPeak	1	257315
1	710	roadmap_epigenomics	0	0.164257226247326	1007	221	1081	139	1081	480	2296	756	283	roadmap_epigenomics	NA	NA	NA	NA	NA	E086-DNase.hotspot.fdr0.01.peaks.bed	1	178680
1	1081	roadmap_epigenomics	0	0.19095723689037	946	221	982	236	982	480	2214	817	365	roadmap_epigenomics H3K4me1	NA	NA	H3K4me1	NA	NA	E127-H3K4me1.narrowPeak	1	199886
1	53	roadmap_epigenomics	0	0.454291704850951	522	221	247	974	974	481	1240	1241	1339	roadmap_epigenomics H3K27me3	NA	NA	H3K27me3	NA	NA	E004-H3K27me3.narrowPeak	1	77713
1	75	roadmap_epigenomics	0	0.288326595896244	711	221	530	693	693	481	1808	1052	771	roadmap_epigenomics H3K27ac	NA	NA	H3K27ac	NA	NA	E005-H3K27ac.narrowPeak	1	123614
1	212	roadmap_epigenomics	0	0.454291704850951	522	221	247	974	974	481	1240	1241	1339	roadmap_epigenomics H3K27me3	NA	NA	H3K27me3	NA	NA	E016-H3K27me3.narrowPeak	1	84150
1	241	roadmap_epigenomics	0	0.3750052899328	589	221	333	888	888	481	1476	1174	1103	roadmap_epigenomics H3K79me2	NA	NA	H3K79me2	NA	NA	E017-H3K79me2.narrowPeak	1	283453
1	302	roadmap_epigenomics	0	0.223950038364078	871	221	852	369	852	481	2098	892	481	roadmap_epigenomics H3K9ac	NA	NA	H3K9ac	NA	NA	E025-H3K9ac.narrowPeak	1	134727
1	440	roadmap_epigenomics	0	0.390853527489996	572	221	305	917	917	481	1422	1191	1157	roadmap_epigenomics H3K36me3	NA	NA	H3K36me3	NA	NA	E046-H3K36me3.narrowPeak	1	269244
1	482	roadmap_epigenomics	0	0.370521082022422	593	221	342	880	880	481	1490	1170	1089	roadmap_epigenomics H3K36me3	NA	NA	H3K36me3	NA	NA	E052-H3K36me3.narrowPeak	1	253308
1	568	roadmap_epigenomics	0	0.166258663929507	997	221	1072	151	1072	481	2287	766	292	roadmap_epigenomics H3K4me1	NA	NA	H3K4me1	NA	NA	E066-H3K4me1.narrowPeak	1	233359
1	744	roadmap_epigenomics	0	0.165860435636082	1001	221	1075	146	1075	481	2290	762	289	roadmap_epigenomics	NA	NA	NA	NA	NA	E090-DNase.hotspot.fdr0.01.peaks.bed	1	219306
1	810	roadmap_epigenomics	0	0.183894569019267	964	221	1015	206	1015	481	2238	799	341	roadmap_epigenomics	NA	NA	NA	NA	NA	E098-DNase.hotspot.fdr0.01.peaks.bed	1	150516
1	836	roadmap_epigenomics	0	0.196096573116271	937	221	969	253	969	481	2199	826	380	roadmap_epigenomics H3K4me1	NA	NA	H3K4me1	NA	NA	E101-H3K4me1.narrowPeak	1	208728
1	63	roadmap_epigenomics	0	0.239510815512528	834	221	769	456	769	482	2036	929	543	roadmap_epigenomics H4K8ac	NA	NA	H4K8ac	NA	NA	E004-H4K8ac.narrowPeak	1	131576
1	179	roadmap_epigenomics	0	0.485884949298501	513	221	238	988	988	482	1181	1250	1398	roadmap_epigenomics H3K27me3	NA	NA	H3K27me3	NA	NA	E011-H3K27me3.narrowPeak	1	107312
1	180	roadmap_epigenomics	0	0.365906475551185	600	221	349	875	875	482	1509	1163	1070	roadmap_epigenomics H3K36me3	NA	NA	H3K36me3	NA	NA	E011-H3K36me3.narrowPeak	1	271169
1	570	roadmap_epigenomics	0	0.242361404436902	827	221	750	476	750	482	2024	936	555	roadmap_epigenomics H3K9ac	NA	NA	H3K9ac	NA	NA	E066-H3K9ac.narrowPeak	1	109594
1	749	roadmap_epigenomics	0	0.176380640942587	976	221	1043	181	1043	482	2258	787	321	roadmap_epigenomics H3K4me1	NA	NA	H3K4me1	NA	NA	E090-H3K4me1.narrowPeak	1	268484
1	195	roadmap_epigenomics	0	0.257090547217807	791	221	680	548	680	483	1960	972	619	roadmap_epigenomics H3K4me3	NA	NA	H3K4me3	NA	NA	E013-H3K4me3.narrowPeak	1	28003
1	206	roadmap_epigenomics	0	0.342851557823901	629	221	394	833	833	483	1594	1134	985	roadmap_epigenomics H3K36me3	NA	NA	H3K36me3	NA	NA	E015-H3K36me3.narrowPeak	1	252828
1	250	roadmap_epigenomics	0	0.338932195982943	633	221	403	826	826	483	1607	1130	972	roadmap_epigenomics H3K36me3	NA	NA	H3K36me3	NA	NA	E018-H3K36me3.narrowPeak	1	167069
1	535	roadmap_epigenomics	0	0.418678934819239	536	221	273	954	954	483	1317	1227	1262	roadmap_epigenomics H3K36me3	NA	NA	H3K36me3	NA	NA	E059-H3K36me3.narrowPeak	1	98754
1	613	roadmap_epigenomics	0	0.299842208301108	681	221	496	733	733	483	1747	1082	832	roadmap_epigenomics H3K36me3	NA	NA	H3K36me3	NA	NA	E073-H3K36me3.narrowPeak	1	202192
1	1055	roadmap_epigenomics	0	0.512971746516478	502	221	233	995	995	483	1127	1261	1452	roadmap_epigenomics H3K27me3	NA	NA	H3K27me3	NA	NA	E125-H3K27me3.narrowPeak	1	199061
1	1104	roadmap_epigenomics	0	0.373096804719611	587	221	338	891	891	483	1476	1176	1103	roadmap_epigenomics H3K36me3	NA	NA	H3K36me3	NA	NA	E129-H3K36me3.narrowPeak	1	239707
1	309	roadmap_epigenomics	0	0.272759076903764	751	221	611	621	621	484	1886	1012	693	roadmap_epigenomics H3K9ac	NA	NA	H3K9ac	NA	NA	E026-H3K9ac.narrowPeak	1	80106
1	531	roadmap_epigenomics	0	0.172259635388472	983	221	1058	173	1058	484	2269	780	310	roadmap_epigenomics	NA	NA	NA	NA	NA	E059-DNase.hotspot.fdr0.01.peaks.bed	1	188414
1	563	roadmap_epigenomics	0	0.284190986655196	716	221	545	687	687	484	1822	1047	757	roadmap_epigenomics H3K4me3	NA	NA	H3K4me3	NA	NA	E065-H3K4me3.narrowPeak	1	39916
1	594	roadmap_epigenomics	0	0.419068586123073	530	221	271	961	961	484	1306	1233	1273	roadmap_epigenomics H3K36me3	NA	NA	H3K36me3	NA	NA	E070-H3K36me3.narrowPeak	1	132982
1	909	roadmap_epigenomics	0	0.408068322566762	545	221	287	944	944	484	1349	1218	1230	roadmap_epigenomics H3K36me3	NA	NA	H3K36me3	NA	NA	E112-H3K36me3.narrowPeak	1	202936
1	1108	roadmap_epigenomics	0	0.404539757908977	547	221	290	940	940	484	1358	1216	1221	roadmap_epigenomics H3K79me2	NA	NA	H3K79me2	NA	NA	E129-H3K79me2.narrowPeak	1	217609
1	83	roadmap_epigenomics	0	0.247244003338429	810	221	727	508	727	485	1998	953	581	roadmap_epigenomics H3K79me2	NA	NA	H3K79me2	NA	NA	E005-H3K79me2.narrowPeak	1	154809
1	273	roadmap_epigenomics	0	0.376512703003473	577	221	329	906	906	485	1454	1186	1125	roadmap_epigenomics H3K27me3	NA	NA	H3K27me3	NA	NA	E021-H3K27me3.narrowPeak	1	95847
1	494	roadmap_epigenomics	0	0.377106582126751	577	221	328	906	906	485	1453	1186	1126	roadmap_epigenomics H3K36me3	NA	NA	H3K36me3	NA	NA	E054-H3K36me3.narrowPeak	1	221911
1	678	roadmap_epigenomics	0	0.358442958428176	602	221	360	873	873	485	1525	1161	1054	roadmap_epigenomics H3K36me3	NA	NA	H3K36me3	NA	NA	E082-H3K36me3.narrowPeak	1	205425
1	706	roadmap_epigenomics	0	0.168138995306943	987	221	1068	165	1068	485	2278	776	301	roadmap_epigenomics H3K4me1	NA	NA	H3K4me1	NA	NA	E085-H3K4me1.narrowPeak	1	285846
1	762	roadmap_epigenomics	0	0.149224930658033	1029	221	1112	122	1112	485	2331	734	248	roadmap_epigenomics	NA	NA	NA	NA	NA	E092-DNase.hotspot.fdr0.01.peaks.bed	1	194389
1	774	roadmap_epigenomics	0	0.499699250022752	496	221	235	1000	1000	485	1133	1267	1446	roadmap_epigenomics H3K27me3	NA	NA	H3K27me3	NA	NA	E093-H3K27me3.narrowPeak	1	90546
1	843	roadmap_epigenomics	0	0.184807796738947	953	221	1008	225	1008	485	2229	810	350	roadmap_epigenomics H3K4me1	NA	NA	H3K4me1	NA	NA	E102-H3K4me1.narrowPeak	1	236074
1	900	roadmap_epigenomics	0	0.281147484118878	721	221	560	675	675	485	1834	1042	745	roadmap_epigenomics H3K27ac	NA	NA	H3K27ac	NA	NA	E111-H3K27ac.narrowPeak	1	102045
1	701	roadmap_epigenomics	0	0.181018319402415	963	221	1028	210	1028	486	2242	800	337	roadmap_epigenomics	NA	NA	NA	NA	NA	E085-DNase.hotspot.fdr0.01.peaks.bed	1	161983
1	873	roadmap_epigenomics	0	0.336707553527547	633	221	410	826	826	486	1611	1130	968	roadmap_epigenomics H3K36me3	NA	NA	H3K36me3	NA	NA	E107-H3K36me3.narrowPeak	1	192945
1	1084	roadmap_epigenomics	0	0.415320995738926	533	221	278	959	959	486	1317	1230	1262	roadmap_epigenomics H3K79me2	NA	NA	H3K79me2	NA	NA	E127-H3K79me2.narrowPeak	1	203560
1	61	roadmap_epigenomics	0	0.232980539695706	849	221	811	428	811	487	2062	914	517	roadmap_epigenomics H3K9ac	NA	NA	H3K9ac	NA	NA	E004-H3K9ac.narrowPeak	1	93600
1	135	roadmap_epigenomics	0	0.215287038024651	880	221	897	343	897	487	2121	883	458	roadmap_epigenomics	NA	NA	NA	NA	NA	E008-DNase.hotspot.all.peaks.bed	1	106443
1	228	roadmap_epigenomics	0	0.289048429844427	695	221	526	715	715	487	1786	1068	793	roadmap_epigenomics H2BK5ac	NA	NA	H2BK5ac	NA	NA	E017-H2BK5ac.narrowPeak	1	166186
1	485	roadmap_epigenomics	0	0.23367299448598	845	221	807	433	807	487	2057	918	522	roadmap_epigenomics H3K4me3	NA	NA	H3K4me3	NA	NA	E052-H3K4me3.narrowPeak	1	77026
1	499	roadmap_epigenomics	0	0.165614493876675	987	221	1076	165	1076	487	2282	776	297	roadmap_epigenomics	NA	NA	NA	NA	NA	E055-DNase.hotspot.fdr0.01.peaks.bed	1	232786
1	694	roadmap_epigenomics	0	0.23613454606919	836	221	789	450	789	487	2044	927	535	roadmap_epigenomics H3K27ac	NA	NA	H3K27ac	NA	NA	E084-H3K27ac.narrowPeak	1	121559
1	726	roadmap_epigenomics	0	0.147180547212246	1025	221	1114	125	1114	487	2332	738	247	roadmap_epigenomics	NA	NA	NA	NA	NA	E088-DNase.hotspot.fdr0.01.peaks.bed	1	243016
1	746	roadmap_epigenomics	0	0.2524685348097	799	221	706	534	706	487	1977	964	602	roadmap_epigenomics H3K27ac	NA	NA	H3K27ac	NA	NA	E090-H3K27ac.narrowPeak	1	148419
1	767	roadmap_epigenomics	0	0.167367179251579	985	221	1069	170	1069	487	2278	778	301	roadmap_epigenomics H3K4me1	NA	NA	H3K4me1	NA	NA	E092-H3K4me1.narrowPeak	1	275943
1	584	roadmap_epigenomics	0	0.198015808285243	916	221	964	280	964	488	2180	847	399	roadmap_epigenomics H3K9ac	NA	NA	H3K9ac	NA	NA	E068-H3K9ac.narrowPeak	1	183791
1	588	roadmap_epigenomics	0	0.302840688788707	669	221	485	758	758	488	1725	1094	854	roadmap_epigenomics H3K36me3	NA	NA	H3K36me3	NA	NA	E069-H3K36me3.narrowPeak	1	210227
1	825	roadmap_epigenomics	0	0.188367567546245	940	221	993	249	993	488	2214	823	365	roadmap_epigenomics	NA	NA	NA	NA	NA	E100-DNase.hotspot.fdr0.01.peaks.bed	1	170766
1	880	roadmap_epigenomics	0	0.319120334645973	648	221	449	794	794	488	1665	1115	914	roadmap_epigenomics H3K36me3	NA	NA	H3K36me3	NA	NA	E108-H3K36me3.narrowPeak	1	243209
1	902	roadmap_epigenomics	0	0.350691346284148	608	221	376	867	867	488	1548	1155	1031	roadmap_epigenomics H3K36me3	NA	NA	H3K36me3	NA	NA	E111-H3K36me3.narrowPeak	1	219857
1	963	roadmap_epigenomics	0	0.27778307515343	728	221	580	662	662	488	1849	1035	730	roadmap_epigenomics H3K9ac	NA	NA	H3K9ac	NA	NA	E117-H3K9ac.narrowPeak	1	64430
1	1035	roadmap_epigenomics	0	0.433445671358494	519	221	262	982	982	488	1265	1244	1314	roadmap_epigenomics H3K79me2	NA	NA	H3K79me2	NA	NA	E123-H3K79me2.narrowPeak	1	112209
1	821	roadmap_epigenomics	0	0.196704150106923	917	221	967	278	967	489	2183	846	396	roadmap_epigenomics H3K4me1	NA	NA	H3K4me1	NA	NA	E099-H3K4me1.narrowPeak	1	176837
1	199	roadmap_epigenomics	0	0.356496680927133	591	221	364	885	885	490	1511	1172	1068	roadmap_epigenomics H3K36me3	NA	NA	H3K36me3	NA	NA	E014-H3K36me3.narrowPeak	1	224149
1	641	roadmap_epigenomics	0	0.163726910371817	987	221	1083	165	1083	490	2285	776	294	roadmap_epigenomics H3K4me1	NA	NA	H3K4me1	NA	NA	E077-H3K4me1.narrowPeak	1	231713
1	689	roadmap_epigenomics	0	0.214882016976041	878	221	899	350	899	490	2120	885	459	roadmap_epigenomics H3K9ac	NA	NA	H3K9ac	NA	NA	E083-H3K9ac.narrowPeak	1	110500
1	703	roadmap_epigenomics	0	0.229449834435315	853	221	834	416	834	490	2072	910	507	roadmap_epigenomics H3K27ac	NA	NA	H3K27ac	NA	NA	E085-H3K27ac.narrowPeak	1	130166
1	800	roadmap_epigenomics	0	0.253747915138687	789	221	695	554	695	490	1964	974	615	roadmap_epigenomics	NA	NA	NA	NA	NA	E097-DNase.hotspot.all.peaks.bed	1	99584
1	1089	roadmap_epigenomics	0	0.143797272934861	1015	221	1116	134	1116	490	2332	748	247	roadmap_epigenomics	NA	NA	NA	NA	NA	E128-DNase.macs2.narrowPeak	1	363287
1	357	roadmap_epigenomics	0	0.4343249645014	509	221	261	992	992	491	1246	1254	1333	roadmap_epigenomics H3K36me3	NA	NA	H3K36me3	NA	NA	E033-H3K36me3.narrowPeak	1	134198
1	737	roadmap_epigenomics	0	0.270776955309266	747	221	623	628	628	491	1885	1016	694	roadmap_epigenomics H3K27ac	NA	NA	H3K27ac	NA	NA	E089-H3K27ac.narrowPeak	1	114750
1	801	roadmap_epigenomics	0	0.200167865779255	904	221	959	294	959	491	2167	859	412	roadmap_epigenomics	NA	NA	NA	NA	NA	E097-DNase.hotspot.fdr0.01.peaks.bed	1	154095
1	923	roadmap_epigenomics	0	0.367120487872362	577	221	347	906	906	491	1470	1186	1109	roadmap_epigenomics H3K36me3	NA	NA	H3K36me3	NA	NA	E114-H3K36me3.narrowPeak	1	218138
1	1059	roadmap_epigenomics	0	0.225986844911162	855	221	845	408	845	491	2080	908	499	roadmap_epigenomics H3K4me3	NA	NA	H3K4me3	NA	NA	E125-H3K4me3.narrowPeak	1	70898
1	213	roadmap_epigenomics	0	0.345326170856191	607	221	387	869	869	492	1556	1156	1023	roadmap_epigenomics H3K36me3	NA	NA	H3K36me3	NA	NA	E016-H3K36me3.narrowPeak	1	237501
1	251	roadmap_epigenomics	0	0.159708870147353	988	221	1092	163	1092	492	2292	775	287	roadmap_epigenomics H3K4me1	NA	NA	H3K4me1	NA	NA	E018-H3K4me1.narrowPeak	1	334991
1	552	roadmap_epigenomics	0	0.258697933456034	770	221	674	581	674	492	1934	993	645	roadmap_epigenomics H3K27ac	NA	NA	H3K27ac	NA	NA	E063-H3K27ac.narrowPeak	1	123465
1	723	roadmap_epigenomics	0	0.277703742621328	723	221	584	672	672	492	1843	1040	736	roadmap_epigenomics H3K9ac	NA	NA	H3K9ac	NA	NA	E087-H3K9ac.narrowPeak	1	62354
1	876	roadmap_epigenomics	0	0.204785455467772	894	221	943	312	943	492	2151	869	428	roadmap_epigenomics H3K9ac	NA	NA	H3K9ac	NA	NA	E107-H3K9ac.narrowPeak	1	144247
1	237	roadmap_epigenomics	0	0.190266841062687	921	221	985	272	985	493	2197	842	382	roadmap_epigenomics H3K4me2	NA	NA	H3K4me2	NA	NA	E017-H3K4me2.narrowPeak	1	177688
1	446	roadmap_epigenomics	0	0.391968491544912	534	221	301	957	957	493	1356	1229	1223	roadmap_epigenomics H3K36me3	NA	NA	H3K36me3	NA	NA	E047-H3K36me3.narrowPeak	1	150951
1	1060	roadmap_epigenomics	0	0.398473157228184	528	221	294	963	963	493	1335	1235	1244	roadmap_epigenomics H3K79me2	NA	NA	H3K79me2	NA	NA	E125-H3K79me2.narrowPeak	1	204517
1	1092	roadmap_epigenomics	0	0.564253436007224	437	221	218	1040	1040	493	951	1326	1628	roadmap_epigenomics H3K27me3	NA	NA	H3K27me3	NA	NA	E128-H3K27me3.narrowPeak	1	130551
1	110	roadmap_epigenomics	0	0.211300747355959	880	221	917	343	917	494	2128	883	451	roadmap_epigenomics H4K8ac	NA	NA	H4K8ac	NA	NA	E006-H4K8ac.narrowPeak	1	209112
1	672	roadmap_epigenomics	0	0.328440905487775	629	221	428	833	833	494	1620	1134	959	roadmap_epigenomics H3K4me3	NA	NA	H3K4me3	NA	NA	E081-H3K4me3.narrowPeak	1	47518
1	700	roadmap_epigenomics	0	0.232172682774466	839	221	816	445	816	494	2054	924	525	roadmap_epigenomics	NA	NA	NA	NA	NA	E085-DNase.hotspot.all.peaks.bed	1	101917
1	885	roadmap_epigenomics	0	0.226127850970605	852	221	844	418	844	494	2077	911	502	roadmap_epigenomics	NA	NA	NA	NA	NA	E109-DNase.hotspot.all.peaks.bed	1	108993
1	19	roadmap_epigenomics	0	0.283608171456222	697	221	552	713	713	495	1799	1066	780	roadmap_epigenomics H2BK12ac	NA	NA	H2BK12ac	NA	NA	E003-H2BK12ac.narrowPeak	1	175406
1	27	roadmap_epigenomics	0	0.242304950339642	808	221	751	513	751	495	2005	955	574	roadmap_epigenomics H3K27ac	NA	NA	H3K27ac	NA	NA	E003-H3K27ac.narrowPeak	1	166837
1	113	roadmap_epigenomics	0	0.183399862602621	941	221	1019	246	1019	495	2223	822	356	roadmap_epigenomics	NA	NA	NA	NA	NA	E007-DNase.hotspot.fdr0.01.peaks.bed	1	135081
1	185	roadmap_epigenomics	0	0.272538239790466	733	221	615	649	649	495	1865	1030	714	roadmap_epigenomics H3K27ac	NA	NA	H3K27ac	NA	NA	E012-H3K27ac.narrowPeak	1	157402
1	489	roadmap_epigenomics	0	0.382417674209883	544	221	319	946	946	495	1389	1219	1190	roadmap_epigenomics H3K36me3	NA	NA	H3K36me3	NA	NA	E053-H3K36me3.narrowPeak	1	193840
1	625	roadmap_epigenomics	0	0.233995664045599	832	221	803	461	803	495	2044	931	535	roadmap_epigenomics H3K27ac	NA	NA	H3K27ac	NA	NA	E075-H3K27ac.narrowPeak	1	146119
1	739	roadmap_epigenomics	0	0.339039871144289	612	221	402	863	863	495	1575	1151	1004	roadmap_epigenomics H3K36me3	NA	NA	H3K36me3	NA	NA	E089-H3K36me3.narrowPeak	1	233424
1	950	roadmap_epigenomics	0	0.400188402848267	525	221	293	970	970	495	1327	1238	1252	roadmap_epigenomics H3K79me2	NA	NA	H3K79me2	NA	NA	E116-H3K79me2.narrowPeak	1	158037
1	542	roadmap_epigenomics	0	0.149833777816079	990	221	1110	158	1110	496	2309	773	270	roadmap_epigenomics H3K4me1	NA	NA	H3K4me1	NA	NA	E061-H3K4me1.narrowPeak	1	294530
1	574	roadmap_epigenomics	0	0.309569241681879	646	221	469	799	799	496	1680	1117	899	roadmap_epigenomics H3K36me3	NA	NA	H3K36me3	NA	NA	E067-H3K36me3.narrowPeak	1	195810
1	1065	roadmap_epigenomics	0	0.250932645739928	786	221	711	557	711	496	1966	977	613	roadmap_epigenomics H2A.Z	NA	NA	H2A.Z	NA	NA	E126-H2A.Z.narrowPeak	1	69033
1	340	roadmap_epigenomics	0	0.451161280799632	469	221	249	1020	1020	497	1149	1294	1430	roadmap_epigenomics H3K36me3	NA	NA	H3K36me3	NA	NA	E031-H3K36me3.narrowPeak	1	119677
1	462	roadmap_epigenomics	0	0.222070493462103	855	221	862	408	862	497	2087	908	492	roadmap_epigenomics H3K9ac	NA	NA	H3K9ac	NA	NA	E049-H3K9ac.narrowPeak	1	107453
1	582	roadmap_epigenomics	0	0.184383795464131	932	221	1011	258	1011	497	2215	831	364	roadmap_epigenomics H3K4me1	NA	NA	H3K4me1	NA	NA	E068-H3K4me1.narrowPeak	1	279154
1	591	roadmap_epigenomics	0	0.21558152656159	869	221	896	375	896	497	2111	894	468	roadmap_epigenomics H3K9ac	NA	NA	H3K9ac	NA	NA	E069-H3K9ac.narrowPeak	1	133007
1	604	roadmap_epigenomics	0	0.236311717728757	824	221	787	484	787	497	2032	939	547	roadmap_epigenomics H3K27ac	NA	NA	H3K27ac	NA	NA	E072-H3K27ac.narrowPeak	1	177783
1	881	roadmap_epigenomics	0	0.167270035725443	967	221	1070	199	1070	497	2267	796	312	roadmap_epigenomics H3K4me1	NA	NA	H3K4me1	NA	NA	E108-H3K4me1.narrowPeak	1	272216
1	620	roadmap_epigenomics	0	0.359916953747226	573	221	358	915	915	498	1476	1190	1103	roadmap_epigenomics H3K36me3	NA	NA	H3K36me3	NA	NA	E074-H3K36me3.narrowPeak	1	154097
1	838	roadmap_epigenomics	0	0.220900991175635	856	221	869	404	869	498	2090	907	489	roadmap_epigenomics H3K9ac	NA	NA	H3K9ac	NA	NA	E101-H3K9ac.narrowPeak	1	104171
1	956	roadmap_epigenomics	0	0.281748934245355	695	221	558	715	715	498	1800	1068	779	roadmap_epigenomics H3K27ac	NA	NA	H3K27ac	NA	NA	E117-H3K27ac.narrowPeak	1	68992
1	697	roadmap_epigenomics	0	0.165443254974797	967	221	1077	199	1077	499	2270	796	309	roadmap_epigenomics H3K4me1	NA	NA	H3K4me1	NA	NA	E084-H3K4me1.narrowPeak	1	247694
1	1010	roadmap_epigenomics	0	0.39234072367964	520	221	300	977	977	499	1331	1243	1248	roadmap_epigenomics H3K79me2	NA	NA	H3K79me2	NA	NA	E121-H3K79me2.narrowPeak	1	258600
1	288	roadmap_epigenomics	0	0.342049239103155	593	221	398	880	880	500	1540	1170	1039	roadmap_epigenomics H3K36me3	NA	NA	H3K36me3	NA	NA	E023-H3K36me3.narrowPeak	1	228728
1	460	roadmap_epigenomics	0	0.151189003010031	985	221	1108	170	1108	500	2304	778	275	roadmap_epigenomics H3K4me1	NA	NA	H3K4me1	NA	NA	E049-H3K4me1.narrowPeak	1	260639
1	645	roadmap_epigenomics	0	0.266934072395095	740	221	638	640	640	500	1884	1023	695	roadmap_epigenomics H3K27ac	NA	NA	H3K27ac	NA	NA	E078-H3K27ac.narrowPeak	1	97341
1	896	roadmap_epigenomics	0	0.160373723356679	973	221	1091	189	1091	500	2282	790	297	roadmap_epigenomics H3K4me1	NA	NA	H3K4me1	NA	NA	E110-H3K4me1.narrowPeak	1	214877
1	921	roadmap_epigenomics	0	0.279092144942942	702	221	571	708	708	500	1814	1061	765	roadmap_epigenomics H3K27ac	NA	NA	H3K27ac	NA	NA	E114-H3K27ac.narrowPeak	1	69512
1	926	roadmap_epigenomics	0	0.219489945148353	861	221	884	394	884	500	2097	902	482	roadmap_epigenomics H3K4me3	NA	NA	H3K4me3	NA	NA	E114-H3K4me3.narrowPeak	1	76182
1	1095	roadmap_epigenomics	0	0.218867381244269	862	221	887	392	887	500	2099	901	480	roadmap_epigenomics H3K4me2	NA	NA	H3K4me2	NA	NA	E128-H3K4me2.narrowPeak	1	118811
1	96	roadmap_epigenomics	0	0.23466970134695	824	221	797	484	797	501	2035	939	544	roadmap_epigenomics H2BK5ac	NA	NA	H2BK5ac	NA	NA	E006-H2BK5ac.narrowPeak	1	169022
1	883	roadmap_epigenomics	0	0.203104563645196	883	221	948	333	948	501	2145	880	434	roadmap_epigenomics H3K9ac	NA	NA	H3K9ac	NA	NA	E108-H3K9ac.narrowPeak	1	129620
1	914	roadmap_epigenomics	0	0.492863655535126	433	221	237	1046	1046	501	1026	1330	1553	roadmap_epigenomics H3K27me3	NA	NA	H3K27me3	NA	NA	E113-H3K27me3.narrowPeak	1	57437
1	118	roadmap_epigenomics	0	0.34741086434625	579	221	383	903	903	502	1508	1184	1071	roadmap_epigenomics H2BK15ac	NA	NA	H2BK15ac	NA	NA	E007-H2BK15ac.narrowPeak	1	91360
1	198	roadmap_epigenomics	0	0.418335839600481	478	221	274	1011	1011	502	1214	1285	1365	roadmap_epigenomics H3K27me3	NA	NA	H3K27me3	NA	NA	E014-H3K27me3.narrowPeak	1	90298
1	207	roadmap_epigenomics	0	0.168487090565615	956	221	1065	219	1065	502	2258	807	321	roadmap_epigenomics H3K4me1	NA	NA	H3K4me1	NA	NA	E015-H3K4me1.narrowPeak	1	327376
1	453	roadmap_epigenomics	0	0.395653994821591	514	221	297	987	987	502	1315	1249	1264	roadmap_epigenomics H3K36me3	NA	NA	H3K36me3	NA	NA	E048-H3K36me3.narrowPeak	1	130411
1	484	roadmap_epigenomics	0	0.187720562911087	907	221	995	291	995	502	2191	856	388	roadmap_epigenomics H3K4me2	NA	NA	H3K4me2	NA	NA	E052-H3K4me2.narrowPeak	1	119840
1	691	roadmap_epigenomics	0	0.240626535680861	803	221	759	525	759	502	2003	960	576	roadmap_epigenomics	NA	NA	NA	NA	NA	E084-DNase.hotspot.all.peaks.bed	1	97138
1	905	roadmap_epigenomics	0	0.272056512490136	724	221	617	669	669	502	1855	1039	724	roadmap_epigenomics H3K9ac	NA	NA	H3K9ac	NA	NA	E111-H3K9ac.narrowPeak	1	73574
1	1031	roadmap_epigenomics	0	0.392922988758412	516	221	299	985	985	502	1323	1247	1256	roadmap_epigenomics H3K36me3	NA	NA	H3K36me3	NA	NA	E123-H3K36me3.narrowPeak	1	190856
1	157	roadmap_epigenomics	0	0.361209769939002	555	221	356	933	933	503	1444	1208	1135	roadmap_epigenomics H3K79me1	NA	NA	H3K79me1	NA	NA	E008-H3K79me1.narrowPeak	1	120353
1	387	roadmap_epigenomics	0	0.544960521314479	398	221	225	1062	1062	503	899	1365	1680	roadmap_epigenomics H3K27me3	NA	NA	H3K27me3	NA	NA	E038-H3K27me3.narrowPeak	1	62829
1	783	roadmap_epigenomics	0	0.530010741826386	402	221	229	1060	1060	503	923	1361	1656	roadmap_epigenomics H3K27me3	NA	NA	H3K27me3	NA	NA	E094-H3K27me3.narrowPeak	1	42768
1	317	roadmap_epigenomics	0	0.242121730622229	796	221	752	538	752	504	1993	967	586	roadmap_epigenomics	NA	NA	NA	NA	NA	E028-DNase.hotspot.all.peaks.bed	1	103263
1	579	roadmap_epigenomics	0	0.20853123122599	873	221	927	364	927	504	2127	890	452	roadmap_epigenomics H3K27ac	NA	NA	H3K27ac	NA	NA	E068-H3K27ac.narrowPeak	1	214725
1	961	roadmap_epigenomics	0	0.250790432855417	771	221	712	579	712	504	1950	992	629	roadmap_epigenomics H3K4me3	NA	NA	H3K4me3	NA	NA	E117-H3K4me3.narrowPeak	1	60631
1	709	roadmap_epigenomics	0	0.192790630542031	890	221	975	319	975	505	2169	873	410	roadmap_epigenomics	NA	NA	NA	NA	NA	E086-DNase.hotspot.all.peaks.bed	1	106536
1	716	roadmap_epigenomics	0	0.271708085100567	721	221	620	675	675	505	1852	1042	727	roadmap_epigenomics H3K9ac	NA	NA	H3K9ac	NA	NA	E086-H3K9ac.narrowPeak	1	45031
1	1016	roadmap_epigenomics	0	0.295439773376583	653	221	506	787	787	505	1717	1110	862	roadmap_epigenomics H3K27ac	NA	NA	H3K27ac	NA	NA	E122-H3K27ac.narrowPeak	1	71491
1	58	roadmap_epigenomics	0	0.268742944182766	727	221	631	665	665	506	1865	1036	714	roadmap_epigenomics H3K4me3	NA	NA	H3K4me3	NA	NA	E004-H3K4me3.narrowPeak	1	41020
1	971	roadmap_epigenomics	0	0.240020738137377	798	221	762	535	762	506	1999	965	580	roadmap_epigenomics H3K4me1	NA	NA	H3K4me1	NA	NA	E118-H3K4me1.narrowPeak	1	142346
1	986	roadmap_epigenomics	0	0.382118501050763	520	221	320	977	977	506	1348	1243	1231	roadmap_epigenomics H3K79me2	NA	NA	H3K79me2	NA	NA	E119-H3K79me2.narrowPeak	1	189409
1	37	roadmap_epigenomics	0	0.223320446771904	840	221	856	443	856	507	2071	923	508	roadmap_epigenomics H3K9ac	NA	NA	H3K9ac	NA	NA	E003-H3K9ac.narrowPeak	1	90295
1	50	roadmap_epigenomics	0	0.236899595692085	807	221	782	517	782	507	2014	956	565	roadmap_epigenomics H3K18ac	NA	NA	H3K18ac	NA	NA	E004-H3K18ac.narrowPeak	1	141200
1	235	roadmap_epigenomics	0	0.274878767672776	709	221	601	698	698	507	1831	1054	748	roadmap_epigenomics H3K4ac	NA	NA	H3K4ac	NA	NA	E017-H3K4ac.narrowPeak	1	243193
1	504	roadmap_epigenomics	0	0.153738519171826	968	221	1103	198	1103	507	2290	795	289	roadmap_epigenomics H3K4me1	NA	NA	H3K4me1	NA	NA	E055-H3K4me1.narrowPeak	1	338865
1	764	roadmap_epigenomics	0	0.212738604594281	862	221	907	392	907	507	2110	901	469	roadmap_epigenomics H3K27ac	NA	NA	H3K27ac	NA	NA	E092-H3K27ac.narrowPeak	1	135058
1	803	roadmap_epigenomics	0	0.244928098526064	782	221	739	562	739	507	1973	981	606	roadmap_epigenomics H3K27ac	NA	NA	H3K27ac	NA	NA	E097-H3K27ac.narrowPeak	1	194850
1	257	roadmap_epigenomics	0	0.374904412207716	525	221	334	970	970	508	1369	1238	1210	roadmap_epigenomics H3K36me3	NA	NA	H3K36me3	NA	NA	E019-H3K36me3.narrowPeak	1	162030
1	611	roadmap_epigenomics	0	0.211483366093001	864	221	915	388	915	508	2114	899	465	roadmap_epigenomics H3K27ac	NA	NA	H3K27ac	NA	NA	E073-H3K27ac.narrowPeak	1	206720
1	824	roadmap_epigenomics	0	0.250004074877752	766	221	714	588	714	508	1946	997	633	roadmap_epigenomics	NA	NA	NA	NA	NA	E100-DNase.hotspot.all.peaks.bed	1	100209
1	175	roadmap_epigenomics	0	0.177480537644115	928	221	1041	264	1041	509	2224	835	355	roadmap_epigenomics H3K4me1	NA	NA	H3K4me1	NA	NA	E010-H3K4me1.narrowPeak	1	266556
1	200	roadmap_epigenomics	0	0.179832986465664	921	221	1033	272	1033	509	2215	842	364	roadmap_epigenomics H3K4me1	NA	NA	H3K4me1	NA	NA	E014-H3K4me1.narrowPeak	1	314776
1	291	roadmap_epigenomics	0	0.223472067039428	836	221	855	450	855	509	2067	927	512	roadmap_epigenomics H3K9ac	NA	NA	H3K9ac	NA	NA	E023-H3K9ac.narrowPeak	1	124570
1	577	roadmap_epigenomics	0	0.209665810920951	866	221	924	383	924	509	2119	897	460	roadmap_epigenomics H3K9ac	NA	NA	H3K9ac	NA	NA	E067-H3K9ac.narrowPeak	1	146266
1	980	roadmap_epigenomics	0	0.274863024212364	705	221	603	703	703	509	1826	1058	753	roadmap_epigenomics H3K27ac	NA	NA	H3K27ac	NA	NA	E119-H3K27ac.narrowPeak	1	94592
1	1070	roadmap_epigenomics	0	0.212256377705697	861	221	911	394	911	509	2110	902	469	roadmap_epigenomics H3K4me2	NA	NA	H3K4me2	NA	NA	E126-H3K4me2.narrowPeak	1	115042
1	236	roadmap_epigenomics	0	0.185875341469535	896	221	1004	305	1004	510	2186	867	393	roadmap_epigenomics H3K4me1	NA	NA	H3K4me1	NA	NA	E017-H3K4me1.narrowPeak	1	328152
1	289	roadmap_epigenomics	0	0.140797524750273	972	221	1120	190	1120	510	2314	791	265	roadmap_epigenomics H3K4me1	NA	NA	H3K4me1	NA	NA	E023-H3K4me1.narrowPeak	1	307369
1	1066	roadmap_epigenomics	0	0.312213126303396	622	221	461	847	847	510	1640	1141	939	roadmap_epigenomics H3K27ac	NA	NA	H3K27ac	NA	NA	E126-H3K27ac.narrowPeak	1	91265
1	1090	roadmap_epigenomics	0	0.241434369316248	789	221	755	554	755	510	1987	974	592	roadmap_epigenomics H2A.Z	NA	NA	H2A.Z	NA	NA	E128-H2A.Z.narrowPeak	1	88185
1	809	roadmap_epigenomics	0	0.224725191572024	831	221	849	464	849	511	2060	932	519	roadmap_epigenomics	NA	NA	NA	NA	NA	E098-DNase.hotspot.all.peaks.bed	1	99617
1	847	roadmap_epigenomics	0	0.264184688592505	728	221	651	662	662	511	1875	1035	704	roadmap_epigenomics H3K27ac	NA	NA	H3K27ac	NA	NA	E103-H3K27ac.narrowPeak	1	119896
1	80	roadmap_epigenomics	0	0.233147310129331	811	221	810	504	810	512	2025	952	554	roadmap_epigenomics H3K4me2	NA	NA	H3K4me2	NA	NA	E005-H3K4me2.narrowPeak	1	62053
1	616	roadmap_epigenomics	0	0.232050379516158	815	221	819	497	819	512	2031	948	548	roadmap_epigenomics H3K9ac	NA	NA	H3K9ac	NA	NA	E073-H3K9ac.narrowPeak	1	108381
1	634	roadmap_epigenomics	0	0.326838962453691	591	221	430	885	885	512	1565	1172	1014	roadmap_epigenomics H3K36me3	NA	NA	H3K36me3	NA	NA	E076-H3K36me3.narrowPeak	1	180209
1	713	roadmap_epigenomics	0	0.395236563859798	475	221	298	1016	1016	512	1245	1288	1334	roadmap_epigenomics H3K36me3	NA	NA	H3K36me3	NA	NA	E086-H3K36me3.narrowPeak	1	98059
1	998	roadmap_epigenomics	0	0.416649435895766	439	221	277	1037	1037	512	1143	1324	1436	roadmap_epigenomics H3K79me2	NA	NA	H3K79me2	NA	NA	E120-H3K79me2.narrowPeak	1	153900
1	1008	roadmap_epigenomics	0	0.181440843039585	911	221	1026	289	1026	512	2205	852	374	roadmap_epigenomics H3K4me2	NA	NA	H3K4me2	NA	NA	E121-H3K4me2.narrowPeak	1	137508
1	1105	roadmap_epigenomics	0	0.182352790811433	905	221	1022	293	1022	512	2199	858	380	roadmap_epigenomics H3K4me1	NA	NA	H3K4me1	NA	NA	E129-H3K4me1.narrowPeak	1	237110
1	601	roadmap_epigenomics	0	0.162502216406563	948	221	1087	232	1087	513	2263	815	316	roadmap_epigenomics H3K4me1	NA	NA	H3K4me1	NA	NA	E071-H3K4me1.narrowPeak	1	226083
1	908	roadmap_epigenomics	0	0.498955461981375	324	221	236	1082	1082	513	802	1439	1777	roadmap_epigenomics H3K27me3	NA	NA	H3K27me3	NA	NA	E112-H3K27me3.narrowPeak	1	44640
1	142	roadmap_epigenomics	0	0.337709826848908	573	221	406	915	915	514	1516	1190	1063	roadmap_epigenomics H2BK15ac	NA	NA	H2BK15ac	NA	NA	E008-H2BK15ac.narrowPeak	1	52204
1	219	roadmap_epigenomics	0	0.181821004471534	901	221	1025	297	1025	514	2197	862	382	roadmap_epigenomics	NA	NA	NA	NA	NA	E017-DNase.hotspot.fdr0.01.peaks.bed	1	185164
1	321	roadmap_epigenomics	0	0.328497220776123	586	221	427	894	894	514	1554	1177	1025	roadmap_epigenomics H3K36me3	NA	NA	H3K36me3	NA	NA	E028-H3K36me3.narrowPeak	1	214696
1	586	roadmap_epigenomics	0	0.232076731139309	811	221	818	504	818	514	2027	952	552	roadmap_epigenomics H3K27ac	NA	NA	H3K27ac	NA	NA	E069-H3K27ac.narrowPeak	1	169793
1	780	roadmap_epigenomics	0	0.172829268664436	925	221	1056	266	1056	514	2230	838	349	roadmap_epigenomics	NA	NA	NA	NA	NA	E094-DNase.hotspot.fdr0.01.peaks.bed	1	165153
1	1004	roadmap_epigenomics	0	0.262224039873159	729	221	661	660	661	514	1880	1034	699	roadmap_epigenomics H3K27ac	NA	NA	H3K27ac	NA	NA	E121-H3K27ac.narrowPeak	1	117985
1	65	roadmap_epigenomics	0	0.189872991733586	882	221	986	337	986	515	2168	881	411	roadmap_epigenomics	NA	NA	NA	NA	NA	E005-DNase.hotspot.fdr0.01.peaks.bed	1	152235
1	248	roadmap_epigenomics	0	0.269618594128181	708	221	625	699	699	515	1840	1055	739	roadmap_epigenomics H4K91ac	NA	NA	H4K91ac	NA	NA	E017-H4K91ac.narrowPeak	1	263787
1	670	roadmap_epigenomics	0	0.400637193257697	439	221	291	1037	1037	516	1168	1324	1411	roadmap_epigenomics H3K36me3	NA	NA	H3K36me3	NA	NA	E081-H3K36me3.narrowPeak	1	55931
1	782	roadmap_epigenomics	0	0.248000113863712	758	221	723	605	723	516	1941	1005	638	roadmap_epigenomics H3K27ac	NA	NA	H3K27ac	NA	NA	E094-H3K27ac.narrowPeak	1	98193
1	1056	roadmap_epigenomics	0	0.344478394303666	549	221	389	937	937	516	1464	1214	1115	roadmap_epigenomics H3K36me3	NA	NA	H3K36me3	NA	NA	E125-H3K36me3.narrowPeak	1	248840
1	275	roadmap_epigenomics	0	0.234202365093677	801	221	801	530	801	517	2013	962	566	roadmap_epigenomics H3K4me1	NA	NA	H3K4me1	NA	NA	E021-H3K4me1.narrowPeak	1	187283
1	572	roadmap_epigenomics	0	0.23624819641315	794	221	788	543	788	517	2002	969	577	roadmap_epigenomics H3K27ac	NA	NA	H3K27ac	NA	NA	E067-H3K27ac.narrowPeak	1	171902
1	683	roadmap_epigenomics	0	0.155863788445224	949	221	1101	229	1101	517	2275	814	304	roadmap_epigenomics	NA	NA	NA	NA	NA	E083-DNase.hotspot.fdr0.01.peaks.bed	1	218413
1	925	roadmap_epigenomics	0	0.181142534036708	898	221	1027	304	1027	517	2196	865	383	roadmap_epigenomics H3K4me2	NA	NA	H3K4me2	NA	NA	E114-H3K4me2.narrowPeak	1	103473
1	1097	roadmap_epigenomics	0	0.386474076875285	471	221	311	1019	1019	517	1252	1292	1327	roadmap_epigenomics H3K79me2	NA	NA	H3K79me2	NA	NA	E128-H3K79me2.narrowPeak	1	160134
1	264	roadmap_epigenomics	0	0.321605722655084	586	221	440	894	894	518	1567	1177	1012	roadmap_epigenomics H3K36me3	NA	NA	H3K36me3	NA	NA	E020-H3K36me3.narrowPeak	1	225893
1	382	roadmap_epigenomics	0	0.409839744077126	430	221	284	1050	1050	518	1136	1333	1443	roadmap_epigenomics H3K36me3	NA	NA	H3K36me3	NA	NA	E037-H3K36me3.narrowPeak	1	97050
1	401	roadmap_epigenomics	0	0.358769184036224	522	221	359	974	974	518	1392	1241	1187	roadmap_epigenomics H3K36me3	NA	NA	H3K36me3	NA	NA	E040-H3K36me3.narrowPeak	1	157464
1	589	roadmap_epigenomics	0	0.178478740910281	901	221	1037	297	1037	518	2203	862	376	roadmap_epigenomics H3K4me1	NA	NA	H3K4me1	NA	NA	E069-H3K4me1.narrowPeak	1	263106
1	732	roadmap_epigenomics	0	0.220406558534709	831	221	872	464	872	519	2068	932	511	roadmap_epigenomics H3K9ac	NA	NA	H3K9ac	NA	NA	E088-H3K9ac.narrowPeak	1	113769
1	304	roadmap_epigenomics	0	0.26656121082845	708	221	641	699	699	520	1846	1055	733	roadmap_epigenomics H3K27ac	NA	NA	H3K27ac	NA	NA	E026-H3K27ac.narrowPeak	1	107716
1	675	roadmap_epigenomics	0	0.179217906693478	896	221	1035	305	1035	520	2198	867	381	roadmap_epigenomics	NA	NA	NA	NA	NA	E082-DNase.hotspot.fdr0.01.peaks.bed	1	195020
1	1006	roadmap_epigenomics	0	0.334440306939623	568	221	414	924	924	520	1514	1195	1065	roadmap_epigenomics H3K36me3	NA	NA	H3K36me3	NA	NA	E121-H3K36me3.narrowPeak	1	200978
1	1093	roadmap_epigenomics	0	0.379525309322599	476	221	325	1014	1014	520	1273	1287	1306	roadmap_epigenomics H3K36me3	NA	NA	H3K36me3	NA	NA	E128-H3K36me3.narrowPeak	1	129078
1	123	roadmap_epigenomics	0	0.281141990610464	655	221	561	782	782	521	1748	1108	831	roadmap_epigenomics H3K27ac	NA	NA	H3K27ac	NA	NA	E007-H3K27ac.narrowPeak	1	78132
1	994	roadmap_epigenomics	0	0.383740948879729	459	221	317	1025	1025	521	1234	1304	1345	roadmap_epigenomics H3K36me3	NA	NA	H3K36me3	NA	NA	E120-H3K36me3.narrowPeak	1	156848
1	31	roadmap_epigenomics	0	0.196854181637021	868	221	966	378	966	522	2144	895	435	roadmap_epigenomics H3K4me1	NA	NA	H3K4me1	NA	NA	E003-H3K4me1.narrowPeak	1	223118
1	874	roadmap_epigenomics	0	0.185073741955325	881	221	1005	339	1005	522	2176	882	403	roadmap_epigenomics H3K4me1	NA	NA	H3K4me1	NA	NA	E107-H3K4me1.narrowPeak	1	238000
1	188	roadmap_epigenomics	0	0.158478994850747	937	221	1096	253	1096	523	2263	826	316	roadmap_epigenomics H3K4me1	NA	NA	H3K4me1	NA	NA	E012-H3K4me1.narrowPeak	1	258735
1	722	roadmap_epigenomics	0	0.242963487968109	760	221	748	599	748	523	1953	1003	626	roadmap_epigenomics H3K4me3	NA	NA	H3K4me3	NA	NA	E087-H3K4me3.narrowPeak	1	35931
1	1061	roadmap_epigenomics	0	0.23362841331627	795	221	808	541	808	523	2008	968	571	roadmap_epigenomics H3K9ac	NA	NA	H3K9ac	NA	NA	E125-H3K9ac.narrowPeak	1	92035
1	1067	roadmap_epigenomics	0	0.468557049039777	255	221	244	1104	1104	523	684	1508	1895	roadmap_epigenomics H3K27me3	NA	NA	H3K27me3	NA	NA	E126-H3K27me3.narrowPeak	1	70203
1	40	roadmap_epigenomics	0	0.248209721216508	745	221	722	630	722	524	1926	1018	653	roadmap_epigenomics H4K5ac	NA	NA	H4K5ac	NA	NA	E003-H4K5ac.narrowPeak	1	130639
1	150	roadmap_epigenomics	0	0.43481483662253	294	221	260	1090	1090	524	813	1469	1766	roadmap_epigenomics H3K27me3	NA	NA	H3K27me3	NA	NA	E008-H3K27me3.narrowPeak	1	38910
1	202	roadmap_epigenomics	0	0.2442917111234	756	221	742	609	742	524	1946	1007	633	roadmap_epigenomics H3K9ac	NA	NA	H3K9ac	NA	NA	E014-H3K9ac.narrowPeak	1	74747
1	216	roadmap_epigenomics	0	0.21183205499902	842	221	913	437	913	524	2094	921	485	roadmap_epigenomics H3K9ac	NA	NA	H3K9ac	NA	NA	E016-H3K9ac.narrowPeak	1	82706
1	300	roadmap_epigenomics	0	0.139791833968755	949	221	1121	229	1121	524	2303	814	276	roadmap_epigenomics H3K4me1	NA	NA	H3K4me1	NA	NA	E025-H3K4me1.narrowPeak	1	312578
1	457	roadmap_epigenomics	0	0.253309017283929	732	221	701	651	701	524	1901	1031	678	roadmap_epigenomics H3K27ac	NA	NA	H3K27ac	NA	NA	E049-H3K27ac.narrowPeak	1	126902
1	559	roadmap_epigenomics	0	0.287879519906995	636	221	531	820	820	524	1708	1127	871	roadmap_epigenomics H3K27ac	NA	NA	H3K27ac	NA	NA	E065-H3K27ac.narrowPeak	1	141729
1	982	roadmap_epigenomics	0	0.361139827699648	504	221	357	994	994	524	1356	1259	1223	roadmap_epigenomics H3K36me3	NA	NA	H3K36me3	NA	NA	E119-H3K36me3.narrowPeak	1	199445
1	983	roadmap_epigenomics	0	0.174206593275703	900	221	1052	300	1052	524	2210	863	369	roadmap_epigenomics H3K4me1	NA	NA	H3K4me1	NA	NA	E119-H3K4me1.narrowPeak	1	182438
1	1058	roadmap_epigenomics	0	0.162605870715434	925	221	1086	266	1086	524	2248	838	331	roadmap_epigenomics H3K4me2	NA	NA	H3K4me2	NA	NA	E125-H3K4me2.narrowPeak	1	125847
1	98	roadmap_epigenomics	0	0.238326489146225	772	221	776	577	776	525	1975	991	604	roadmap_epigenomics H3K18ac	NA	NA	H3K18ac	NA	NA	E006-H3K18ac.narrowPeak	1	207264
1	561	roadmap_epigenomics	0	0.356103371779694	513	221	367	988	988	525	1381	1250	1198	roadmap_epigenomics H3K36me3	NA	NA	H3K36me3	NA	NA	E065-H3K36me3.narrowPeak	1	104024
1	813	roadmap_epigenomics	0	0.43539321124527	286	221	258	1097	1097	525	794	1477	1785	roadmap_epigenomics H3K27me3	NA	NA	H3K27me3	NA	NA	E098-H3K27me3.narrowPeak	1	34318
1	996	roadmap_epigenomics	0	0.207561204885907	850	221	929	424	929	525	2109	913	470	roadmap_epigenomics H3K4me2	NA	NA	H3K4me2	NA	NA	E120-H3K4me2.narrowPeak	1	121927
1	34	roadmap_epigenomics	0	0.267557283658247	685	221	635	723	723	526	1815	1078	764	roadmap_epigenomics H3K56ac	NA	NA	H3K56ac	NA	NA	E003-H3K56ac.narrowPeak	1	86476
1	103	roadmap_epigenomics	0	0.239210692894234	768	221	772	586	772	526	1969	995	610	roadmap_epigenomics H3K4ac	NA	NA	H3K4ac	NA	NA	E006-H3K4ac.narrowPeak	1	187901
1	498	roadmap_epigenomics	0	0.220009792337793	827	221	880	476	880	526	2065	936	514	roadmap_epigenomics	NA	NA	NA	NA	NA	E055-DNase.hotspot.all.peaks.bed	1	120443
1	621	roadmap_epigenomics	0	0.178430203489188	890	221	1038	319	1038	526	2195	873	384	roadmap_epigenomics H3K4me1	NA	NA	H3K4me1	NA	NA	E074-H3K4me1.narrowPeak	1	266870
1	890	roadmap_epigenomics	0	0.300982322027983	610	221	492	866	866	526	1644	1153	935	roadmap_epigenomics H3K36me3	NA	NA	H3K36me3	NA	NA	E109-H3K36me3.narrowPeak	1	171676
1	895	roadmap_epigenomics	0	0.340663788671166	533	221	399	959	959	526	1444	1230	1135	roadmap_epigenomics H3K36me3	NA	NA	H3K36me3	NA	NA	E110-H3K36me3.narrowPeak	1	86270
1	999	roadmap_epigenomics	0	0.287172519343102	635	221	536	821	821	526	1708	1128	871	roadmap_epigenomics H3K9ac	NA	NA	H3K9ac	NA	NA	E120-H3K9ac.narrowPeak	1	64681
1	47	roadmap_epigenomics	0	0.250596631441503	736	221	713	647	713	527	1911	1027	668	roadmap_epigenomics H2BK120ac	NA	NA	H2BK120ac	NA	NA	E004-H2BK120ac.narrowPeak	1	149531
1	223	roadmap_epigenomics	0	0.25128642317387	732	221	710	651	710	527	1905	1031	674	roadmap_epigenomics H2AK9ac	NA	NA	H2AK9ac	NA	NA	E017-H2AK9ac.narrowPeak	1	85385
1	521	roadmap_epigenomics	0	0.182901216753332	881	221	1021	339	1021	527	2180	882	399	roadmap_epigenomics H3K4me1	NA	NA	H3K4me1	NA	NA	E057-H3K4me1.narrowPeak	1	212997
1	671	roadmap_epigenomics	0	0.192183215786089	866	221	978	383	978	527	2151	897	428	roadmap_epigenomics H3K4me1	NA	NA	H3K4me1	NA	NA	E081-H3K4me1.narrowPeak	1	160582
1	928	roadmap_epigenomics	0	0.235303679224937	774	221	792	575	792	529	1983	989	596	roadmap_epigenomics H3K9ac	NA	NA	H3K9ac	NA	NA	E114-H3K9ac.narrowPeak	1	71993
1	946	roadmap_epigenomics	0	0.370221502089224	460	221	343	1024	1024	529	1259	1303	1320	roadmap_epigenomics H3K36me3	NA	NA	H3K36me3	NA	NA	E116-H3K36me3.narrowPeak	1	165402
1	1022	roadmap_epigenomics	0	0.375712352790361	442	221	332	1035	1035	529	1215	1321	1364	roadmap_epigenomics H3K79me2	NA	NA	H3K79me2	NA	NA	E122-H3K79me2.narrowPeak	1	181682
1	516	roadmap_epigenomics	0	0.245607085799687	744	221	737	631	737	530	1930	1019	649	roadmap_epigenomics	NA	NA	NA	NA	NA	E057-DNase.hotspot.all.peaks.bed	1	102170
1	686	roadmap_epigenomics	0	0.258332869797979	711	221	676	693	693	530	1866	1052	713	roadmap_epigenomics H3K36me3	NA	NA	H3K36me3	NA	NA	E083-H3K36me3.narrowPeak	1	221146
1	791	roadmap_epigenomics	0	0.206351334963751	844	221	934	434	934	530	2106	919	473	roadmap_epigenomics H3K4me1	NA	NA	H3K4me1	NA	NA	E095-H3K4me1.narrowPeak	1	268306
1	1068	roadmap_epigenomics	0	0.386729738146739	404	221	310	1059	1059	530	1121	1359	1458	roadmap_epigenomics H3K36me3	NA	NA	H3K36me3	NA	NA	E126-H3K36me3.narrowPeak	1	102513
1	1072	roadmap_epigenomics	0	0.374395036214158	446	221	337	1033	1033	530	1225	1317	1354	roadmap_epigenomics H3K79me2	NA	NA	H3K79me2	NA	NA	E126-H3K79me2.narrowPeak	1	155850
1	39	roadmap_epigenomics	0	0.192874798858506	859	221	974	398	974	531	2144	904	435	roadmap_epigenomics H4K20me1	NA	NA	H4K20me1	NA	NA	E003-H4K20me1.narrowPeak	1	266490
1	260	roadmap_epigenomics	0	0.220351082712234	815	221	874	497	874	531	2053	948	526	roadmap_epigenomics H3K9ac	NA	NA	H3K9ac	NA	NA	E019-H3K9ac.narrowPeak	1	72277
1	267	roadmap_epigenomics	0	0.196973515167354	855	221	965	408	965	531	2133	908	446	roadmap_epigenomics H3K9ac	NA	NA	H3K9ac	NA	NA	E020-H3K9ac.narrowPeak	1	108554
1	960	roadmap_epigenomics	0	0.232472106793425	786	221	815	557	815	531	2001	977	578	roadmap_epigenomics H3K4me2	NA	NA	H3K4me2	NA	NA	E117-H3K4me2.narrowPeak	1	85197
1	59	roadmap_epigenomics	0	0.372222430859107	442	221	339	1035	1035	532	1221	1321	1358	roadmap_epigenomics H3K79me1	NA	NA	H3K79me1	NA	NA	E004-H3K79me1.narrowPeak	1	133659
1	60	roadmap_epigenomics	0	0.377160090861806	432	221	327	1049	1049	532	1193	1331	1386	roadmap_epigenomics H3K79me2	NA	NA	H3K79me2	NA	NA	E004-H3K79me2.narrowPeak	1	172076
1	239	roadmap_epigenomics	0	0.275693385515153	655	221	593	782	782	532	1759	1108	820	roadmap_epigenomics H3K56ac	NA	NA	H3K56ac	NA	NA	E017-H3K56ac.narrowPeak	1	109751
1	607	roadmap_epigenomics	0	0.201498889497787	852	221	956	418	956	532	2122	911	457	roadmap_epigenomics H3K4me1	NA	NA	H3K4me1	NA	NA	E072-H3K4me1.narrowPeak	1	211846
1	967	roadmap_epigenomics	0	0.353623701478086	486	221	371	1004	1004	532	1337	1277	1242	roadmap_epigenomics H2A.Z	NA	NA	H2A.Z	NA	NA	E118-H2A.Z.narrowPeak	1	24224
1	2	roadmap_epigenomics	0	0.292233241077205	611	221	514	865	865	533	1663	1152	916	roadmap_epigenomics H3K36me3	NA	NA	H3K36me3	NA	NA	E001-H3K36me3.narrowPeak	1	187250
1	43	roadmap_epigenomics	0	0.202943561254108	847	221	949	430	949	533	2115	916	464	roadmap_epigenomics	NA	NA	NA	NA	NA	E004-DNase.hotspot.all.peaks.bed	1	114500
1	57	roadmap_epigenomics	0	0.24270484399219	746	221	749	629	749	533	1938	1017	641	roadmap_epigenomics H3K4me2	NA	NA	H3K4me2	NA	NA	E004-H3K4me2.narrowPeak	1	59056
1	112	roadmap_epigenomics	0	0.207902182875976	836	221	928	450	928	533	2096	927	483	roadmap_epigenomics	NA	NA	NA	NA	NA	E007-DNase.hotspot.all.peaks.bed	1	89801
1	779	roadmap_epigenomics	0	0.218078670381058	821	221	889	489	889	533	2063	942	516	roadmap_epigenomics	NA	NA	NA	NA	NA	E094-DNase.hotspot.all.peaks.bed	1	111695
1	857	roadmap_epigenomics	0	0.204818230007331	843	221	942	435	942	533	2108	920	471	roadmap_epigenomics H3K4me1	NA	NA	H3K4me1	NA	NA	E104-H3K4me1.narrowPeak	1	271842
1	962	roadmap_epigenomics	0	0.343556436293152	517	221	393	984	984	533	1411	1246	1168	roadmap_epigenomics H3K79me2	NA	NA	H3K79me2	NA	NA	E117-H3K79me2.narrowPeak	1	176874
1	970	roadmap_epigenomics	0	0.361367535300969	456	221	355	1026	1026	534	1267	1307	1312	roadmap_epigenomics H3K36me3	NA	NA	H3K36me3	NA	NA	E118-H3K36me3.narrowPeak	1	168886
1	1054	roadmap_epigenomics	0	0.254447707743098	712	221	692	690	692	534	1875	1051	704	roadmap_epigenomics H3K27ac	NA	NA	H3K27ac	NA	NA	E125-H3K27ac.narrowPeak	1	117634
1	22	roadmap_epigenomics	0	0.236387138459668	761	221	786	597	786	535	1967	1002	612	roadmap_epigenomics H2BK5ac	NA	NA	H2BK5ac	NA	NA	E003-H2BK5ac.narrowPeak	1	151346
1	941	roadmap_epigenomics	0	0.352137701479691	478	221	374	1011	1011	535	1325	1285	1254	roadmap_epigenomics H4K20me1	NA	NA	H4K20me1	NA	NA	E115-H4K20me1.narrowPeak	1	156894
1	1053	roadmap_epigenomics	0	0.188523517478906	860	221	991	396	991	536	2153	903	426	roadmap_epigenomics H2A.Z	NA	NA	H2A.Z	NA	NA	E125-H2A.Z.narrowPeak	1	96604
1	507	roadmap_epigenomics	0	0.223736782527365	796	221	853	538	853	537	2028	967	551	roadmap_epigenomics	NA	NA	NA	NA	NA	E056-DNase.hotspot.all.peaks.bed	1	117994
1	718	roadmap_epigenomics	0	0.290044100484866	608	221	524	867	867	537	1663	1155	916	roadmap_epigenomics H3K27ac	NA	NA	H3K27ac	NA	NA	E087-H3K27ac.narrowPeak	1	71309
1	761	roadmap_epigenomics	0	0.201636122158531	843	221	955	435	955	537	2114	920	465	roadmap_epigenomics	NA	NA	NA	NA	NA	E092-DNase.hotspot.all.peaks.bed	1	92888
1	35	roadmap_epigenomics	0	0.321910007047617	536	221	439	954	954	538	1485	1227	1094	roadmap_epigenomics H3K79me1	NA	NA	H3K79me1	NA	NA	E003-H3K79me1.narrowPeak	1	133190
1	265	roadmap_epigenomics	0	0.181987894908957	871	221	1024	369	1024	538	2174	892	405	roadmap_epigenomics H3K4me1	NA	NA	H3K4me1	NA	NA	E020-H3K4me1.narrowPeak	1	289288
1	992	roadmap_epigenomics	0	0.279864869584317	633	221	566	826	826	538	1720	1130	859	roadmap_epigenomics H3K27ac	NA	NA	H3K27ac	NA	NA	E120-H3K27ac.narrowPeak	1	89677
1	490	roadmap_epigenomics	0	0.173895324752907	880	221	1053	343	1053	539	2196	883	383	roadmap_epigenomics H3K4me1	NA	NA	H3K4me1	NA	NA	E053-H3K4me1.narrowPeak	1	185030
1	667	roadmap_epigenomics	0	0.163385214046295	893	221	1085	315	1085	540	2225	870	354	roadmap_epigenomics	NA	NA	NA	NA	NA	E081-DNase.hotspot.fdr0.01.peaks.bed	1	206920
1	891	roadmap_epigenomics	0	0.188495794281528	855	221	992	408	992	540	2149	908	430	roadmap_epigenomics H3K4me1	NA	NA	H3K4me1	NA	NA	E109-H3K4me1.narrowPeak	1	214385
1	927	roadmap_epigenomics	0	0.343950901776321	479	221	391	1009	1009	540	1342	1284	1237	roadmap_epigenomics H3K79me2	NA	NA	H3K79me2	NA	NA	E114-H3K79me2.narrowPeak	1	178908
1	229	roadmap_epigenomics	0	0.266868903157346	664	221	639	763	763	541	1789	1099	790	roadmap_epigenomics H3K14ac	NA	NA	H3K14ac	NA	NA	E017-H3K14ac.narrowPeak	1	195264
1	730	roadmap_epigenomics	0	0.143278508889547	912	221	1117	287	1117	542	2275	851	304	roadmap_epigenomics H3K4me1	NA	NA	H3K4me1	NA	NA	E088-H3K4me1.narrowPeak	1	291610
1	903	roadmap_epigenomics	0	0.174972023459388	876	221	1050	354	1050	542	2191	887	388	roadmap_epigenomics H3K4me1	NA	NA	H3K4me1	NA	NA	E111-H3K4me1.narrowPeak	1	225429
1	920	roadmap_epigenomics	0	0.199287381372086	839	221	960	445	960	542	2115	924	464	roadmap_epigenomics H2A.Z	NA	NA	H2A.Z	NA	NA	E114-H2A.Z.narrowPeak	1	88217
1	165	roadmap_epigenomics	0	0.290728835494896	589	221	519	888	888	543	1633	1174	946	roadmap_epigenomics H4K91ac	NA	NA	H4K91ac	NA	NA	E008-H4K91ac.narrowPeak	1	81358
1	169	roadmap_epigenomics	0	0.172716079688788	877	221	1057	351	1057	543	2196	886	383	roadmap_epigenomics H3K4me1	NA	NA	H3K4me1	NA	NA	E009-H3K4me1.narrowPeak	1	280630
1	483	roadmap_epigenomics	0	0.161379705094637	889	221	1088	321	1088	543	2226	874	353	roadmap_epigenomics H3K4me1	NA	NA	H3K4me1	NA	NA	E052-H3K4me1.narrowPeak	1	247579
1	1019	roadmap_epigenomics	0	0.202235264246733	834	221	951	456	951	543	2105	929	474	roadmap_epigenomics H3K4me1	NA	NA	H3K4me1	NA	NA	E122-H3K4me1.narrowPeak	1	142277
1	36	roadmap_epigenomics	0	0.307072541528051	555	221	478	933	933	544	1546	1208	1033	roadmap_epigenomics H3K79me2	NA	NA	H3K79me2	NA	NA	E003-H3K79me2.narrowPeak	1	125042
1	126	roadmap_epigenomics	0	0.343838194537484	466	221	392	1022	1022	545	1318	1297	1261	roadmap_epigenomics H3K4ac	NA	NA	H3K4ac	NA	NA	E007-H3K4ac.narrowPeak	1	45590
1	734	roadmap_epigenomics	0	0.211549399576549	813	221	914	502	914	546	2068	950	511	roadmap_epigenomics	NA	NA	NA	NA	NA	E089-DNase.hotspot.all.peaks.bed	1	103433
1	945	roadmap_epigenomics	0	0.391615387219933	159	221	303	1114	1114	546	521	1604	2058	roadmap_epigenomics H3K27me3	NA	NA	H3K27me3	NA	NA	E116-H3K27me3.narrowPeak	1	17339
1	90	roadmap_epigenomics	0	0.169829973931112	875	221	1061	360	1061	547	2200	888	379	roadmap_epigenomics	NA	NA	NA	NA	NA	E006-DNase.hotspot.fdr0.01.peaks.bed	1	174991
1	1018	roadmap_epigenomics	0	0.352188125193458	433	221	373	1046	1046	547	1239	1330	1340	roadmap_epigenomics H3K36me3	NA	NA	H3K36me3	NA	NA	E122-H3K36me3.narrowPeak	1	156941
1	64	roadmap_epigenomics	0	0.230282614752889	759	221	826	603	826	550	1977	1004	602	roadmap_epigenomics	NA	NA	NA	NA	NA	E005-DNase.hotspot.all.peaks.bed	1	102999
1	97	roadmap_epigenomics	0	0.214492866718078	798	221	902	535	902	553	2048	965	531	roadmap_epigenomics H3K14ac	NA	NA	H3K14ac	NA	NA	E006-H3K14ac.narrowPeak	1	124581
1	307	roadmap_epigenomics	0	0.173773871614351	865	221	1054	385	1054	553	2185	898	394	roadmap_epigenomics H3K4me1	NA	NA	H3K4me1	NA	NA	E026-H3K4me1.narrowPeak	1	233572
1	140	roadmap_epigenomics	0	0.238425428514681	726	221	775	667	775	554	1924	1037	655	roadmap_epigenomics H2BK120ac	NA	NA	H2BK120ac	NA	NA	E008-H2BK120ac.narrowPeak	1	97781
1	3	roadmap_epigenomics	0	0.157760585932475	879	221	1098	347	1098	555	2226	884	353	roadmap_epigenomics H3K4me1	NA	NA	H3K4me1	NA	NA	E001-H3K4me1.narrowPeak	1	308728
1	218	roadmap_epigenomics	0	0.223482262279812	765	221	854	590	854	555	1997	998	582	roadmap_epigenomics	NA	NA	NA	NA	NA	E017-DNase.hotspot.all.peaks.bed	1	116011
1	818	roadmap_epigenomics	0	0.275715342418365	613	221	592	859	859	557	1700	1150	879	roadmap_epigenomics H3K27ac	NA	NA	H3K27ac	NA	NA	E099-H3K27ac.narrowPeak	1	75578
1	530	roadmap_epigenomics	0	0.221978649758527	764	221	863	591	863	558	1999	999	580	roadmap_epigenomics	NA	NA	NA	NA	NA	E059-DNase.hotspot.all.peaks.bed	1	97681
1	958	roadmap_epigenomics	0	0.291669028782718	549	221	516	937	937	558	1568	1214	1011	roadmap_epigenomics H3K36me3	NA	NA	H3K36me3	NA	NA	E117-H3K36me3.narrowPeak	1	316270
1	829	roadmap_epigenomics	0	0.287177669928614	570	221	535	921	921	559	1611	1193	968	roadmap_epigenomics H3K36me3	NA	NA	H3K36me3	NA	NA	E100-H3K36me3.narrowPeak	1	160205
1	11	roadmap_epigenomics	0	0.325836978748637	453	221	432	1028	1028	560	1328	1310	1251	roadmap_epigenomics H3K9ac	NA	NA	H3K9ac	NA	NA	E002-H3K9ac.narrowPeak	1	18733
1	161	roadmap_epigenomics	0	0.255399924813381	661	221	690	770	770	560	1809	1102	770	roadmap_epigenomics H3T11ph	NA	NA	H3T11ph	NA	NA	E008-H3T11ph.narrowPeak	1	108647
1	183	roadmap_epigenomics	0	0.235857004140253	724	221	790	669	790	560	1927	1039	652	roadmap_epigenomics H3K9ac	NA	NA	H3K9ac	NA	NA	E011-H3K9ac.narrowPeak	1	58328
1	495	roadmap_epigenomics	0	0.180781143933289	849	221	1030	428	1030	560	2159	914	420	roadmap_epigenomics H3K4me1	NA	NA	H3K4me1	NA	NA	E054-H3K4me1.narrowPeak	1	191253
1	648	roadmap_epigenomics	0	0.161204531881671	870	221	1089	372	1089	561	2213	893	366	roadmap_epigenomics H3K4me1	NA	NA	H3K4me1	NA	NA	E078-H3K4me1.narrowPeak	1	192644
1	17	roadmap_epigenomics	0	0.298725132768111	526	221	498	966	966	562	1515	1237	1064	roadmap_epigenomics H2AK5ac	NA	NA	H2AK5ac	NA	NA	E003-H2AK5ac.narrowPeak	1	102280
1	614	roadmap_epigenomics	0	0.174588495675333	854	221	1051	413	1051	562	2175	909	404	roadmap_epigenomics H3K4me1	NA	NA	H3K4me1	NA	NA	E073-H3K4me1.narrowPeak	1	233560
1	1057	roadmap_epigenomics	0	0.14498684405333	876	221	1115	354	1115	563	2249	887	330	roadmap_epigenomics H3K4me1	NA	NA	H3K4me1	NA	NA	E125-H3K4me1.narrowPeak	1	233552
1	974	roadmap_epigenomics	0	0.342250493997881	359	221	397	1075	1075	564	1103	1404	1476	roadmap_epigenomics H3K79me2	NA	NA	H3K79me2	NA	NA	E118-H3K79me2.narrowPeak	1	97080
1	52	roadmap_epigenomics	0	0.234614979665902	720	221	798	679	798	566	1925	1043	654	roadmap_epigenomics H3K27ac	NA	NA	H3K27ac	NA	NA	E004-H3K27ac.narrowPeak	1	144857
1	158	roadmap_epigenomics	0	0.340285725485805	310	221	400	1084	1084	568	994	1453	1585	roadmap_epigenomics H3K79me2	NA	NA	H3K79me2	NA	NA	E008-H3K79me2.narrowPeak	1	81576
1	743	roadmap_epigenomics	0	0.219466036607776	761	221	885	597	885	568	2001	1002	578	roadmap_epigenomics	NA	NA	NA	NA	NA	E090-DNase.hotspot.all.peaks.bed	1	99312
1	204	roadmap_epigenomics	0	0.248968757994076	662	221	719	767	767	569	1824	1101	755	roadmap_epigenomics H3K27ac	NA	NA	H3K27ac	NA	NA	E015-H3K27ac.narrowPeak	1	106159
1	231	roadmap_epigenomics	0	0.260968291579569	637	221	668	818	818	569	1765	1126	814	roadmap_epigenomics H3K23ac	NA	NA	H3K23ac	NA	NA	E017-H3K23ac.narrowPeak	1	154412
1	42	roadmap_epigenomics	0	0.283869763641176	548	221	549	939	939	570	1583	1215	996	roadmap_epigenomics H4K91ac	NA	NA	H4K91ac	NA	NA	E003-H4K91ac.narrowPeak	1	106820
1	955	roadmap_epigenomics	0	0.212714830396561	770	221	908	581	908	570	2024	993	555	roadmap_epigenomics H2A.Z	NA	NA	H2A.Z	NA	NA	E117-H2A.Z.narrowPeak	1	87564
1	575	roadmap_epigenomics	0	0.175417918782183	837	221	1046	448	1046	572	2160	926	419	roadmap_epigenomics H3K4me1	NA	NA	H3K4me1	NA	NA	E067-H3K4me1.narrowPeak	1	240432
1	947	roadmap_epigenomics	0	0.240467663223764	680	221	760	734	760	572	1865	1083	714	roadmap_epigenomics H3K4me1	NA	NA	H3K4me1	NA	NA	E116-H3K4me1.narrowPeak	1	129094
1	725	roadmap_epigenomics	0	0.191203914800148	806	221	981	518	981	573	2102	957	477	roadmap_epigenomics	NA	NA	NA	NA	NA	E088-DNase.hotspot.all.peaks.bed	1	112194
1	30	roadmap_epigenomics	0	0.335371920020379	294	221	412	1090	1090	574	964	1469	1615	roadmap_epigenomics H3K4ac	NA	NA	H3K4ac	NA	NA	E003-H3K4ac.narrowPeak	1	34100
1	20	roadmap_epigenomics	0	0.328098763978702	365	221	429	1074	1074	575	1143	1398	1436	roadmap_epigenomics H2BK15ac	NA	NA	H2BK15ac	NA	NA	E003-H2BK15ac.narrowPeak	1	56902
1	687	roadmap_epigenomics	0	0.170226741168862	839	221	1059	445	1059	575	2172	924	407	roadmap_epigenomics H3K4me1	NA	NA	H3K4me1	NA	NA	E083-H3K4me1.narrowPeak	1	190314
1	959	roadmap_epigenomics	0	0.206852887345195	775	221	932	574	932	576	2041	988	538	roadmap_epigenomics H3K4me1	NA	NA	H3K4me1	NA	NA	E117-H3K4me1.narrowPeak	1	156415
1	262	roadmap_epigenomics	0	0.243206696669962	664	221	746	763	763	577	1839	1099	740	roadmap_epigenomics H3K27ac	NA	NA	H3K27ac	NA	NA	E020-H3K27ac.narrowPeak	1	100851
1	54	roadmap_epigenomics	0	0.338736563514401	225	221	404	1109	1109	578	778	1538	1801	roadmap_epigenomics H3K36me3	NA	NA	H3K36me3	NA	NA	E004-H3K36me3.narrowPeak	1	16189
1	222	roadmap_epigenomics	0	0.253422344585461	639	221	698	814	814	578	1784	1124	795	roadmap_epigenomics H2AK5ac	NA	NA	H2AK5ac	NA	NA	E017-H2AK5ac.narrowPeak	1	296165
1	635	roadmap_epigenomics	0	0.187285557840936	806	221	999	518	999	579	2110	957	469	roadmap_epigenomics H3K4me1	NA	NA	H3K4me1	NA	NA	E076-H3K4me1.narrowPeak	1	178997
1	21	roadmap_epigenomics	0	0.332773041138284	258	221	418	1101	1101	580	877	1505	1702	roadmap_epigenomics H2BK20ac	NA	NA	H2BK20ac	NA	NA	E003-H2BK20ac.narrowPeak	1	71225
1	214	roadmap_epigenomics	0	0.166989023843573	837	221	1071	448	1071	580	2177	926	402	roadmap_epigenomics H3K4me1	NA	NA	H3K4me1	NA	NA	E016-H3K4me1.narrowPeak	1	292493
1	258	roadmap_epigenomics	0	0.168302187101107	834	221	1066	456	1066	581	2172	929	407	roadmap_epigenomics H3K4me1	NA	NA	H3K4me1	NA	NA	E019-H3K4me1.narrowPeak	1	213365
1	682	roadmap_epigenomics	0	0.216636199566958	743	221	892	634	892	582	1988	1020	591	roadmap_epigenomics	NA	NA	NA	NA	NA	E083-DNase.hotspot.all.peaks.bed	1	98445
1	869	roadmap_epigenomics	0	0.213469998275614	750	221	905	623	905	583	2002	1013	577	roadmap_epigenomics H3K4me1	NA	NA	H3K4me1	NA	NA	E106-H3K4me1.narrowPeak	1	133631
1	141	roadmap_epigenomics	0	0.305861218549643	430	221	481	1050	1050	584	1324	1333	1255	roadmap_epigenomics H2BK12ac	NA	NA	H2BK12ac	NA	NA	E008-H2BK12ac.narrowPeak	1	46023
1	89	roadmap_epigenomics	0	0.215185280279851	742	221	898	637	898	585	1990	1021	589	roadmap_epigenomics	NA	NA	NA	NA	NA	E006-DNase.hotspot.all.peaks.bed	1	102198
1	144	roadmap_epigenomics	0	0.273763826845332	558	221	605	930	930	585	1621	1205	958	roadmap_epigenomics H2BK5ac	NA	NA	H2BK5ac	NA	NA	E008-H2BK5ac.narrowPeak	1	66830
1	339	roadmap_epigenomics	0	0.3339958816152	87	221	415	1120	1120	585	347	1676	2232	roadmap_epigenomics H3K27me3	NA	NA	H3K27me3	NA	NA	E031-H3K27me3.narrowPeak	1	10222
1	666	roadmap_epigenomics	0	0.216516558783497	739	221	893	641	893	585	1984	1024	595	roadmap_epigenomics	NA	NA	NA	NA	NA	E081-DNase.hotspot.all.peaks.bed	1	115426
1	100	roadmap_epigenomics	0	0.245653869096248	645	221	735	802	802	586	1809	1118	770	roadmap_epigenomics H3K27ac	NA	NA	H3K27ac	NA	NA	E006-H3K27ac.narrowPeak	1	144157
1	674	roadmap_epigenomics	0	0.205941302776287	755	221	936	613	936	590	2023	1008	556	roadmap_epigenomics	NA	NA	NA	NA	NA	E082-DNase.hotspot.all.peaks.bed	1	115791
1	94	roadmap_epigenomics	0	0.207305136911853	749	221	930	625	930	592	2014	1014	565	roadmap_epigenomics H2BK120ac	NA	NA	H2BK120ac	NA	NA	E006-H2BK120ac.narrowPeak	1	168326
1	49	roadmap_epigenomics	0	0.303162193045573	347	221	484	1077	1077	594	1153	1416	1426	roadmap_epigenomics H2BK5ac	NA	NA	H2BK5ac	NA	NA	E004-H2BK5ac.narrowPeak	1	64664
1	1110	roadmap_epigenomics	0	0.299098897936393	395	221	497	1064	1064	594	1267	1368	1312	roadmap_epigenomics H4K20me1	NA	NA	H4K20me1	NA	NA	E129-H4K20me1.narrowPeak	1	157676
1	1117	ucsc_features	0	0.310442874393662	290	221	467	1093	1093	594	1001	1473	1578	UCSC Microsatellites	NA	NA	NA	NA	NA	microsat.bed	1	41258
1	1037	roadmap_epigenomics	0	0.311587543243328	232	221	463	1106	1106	597	844	1531	1735	roadmap_epigenomics H3K9me1	NA	NA	H3K9me1	NA	NA	E123-H3K9me1.narrowPeak	1	22183
1	211	roadmap_epigenomics	0	0.229500690745177	676	221	833	742	833	599	1884	1087	695	roadmap_epigenomics H3K27ac	NA	NA	H3K27ac	NA	NA	E016-H3K27ac.narrowPeak	1	111185
1	1007	roadmap_epigenomics	0	0.159122784255972	821	221	1093	489	1093	601	2181	942	398	roadmap_epigenomics H3K4me1	NA	NA	H3K4me1	NA	NA	E121-H3K4me1.narrowPeak	1	248336
1	95	roadmap_epigenomics	0	0.211350338258982	724	221	916	669	916	602	1979	1039	600	roadmap_epigenomics H2BK12ac	NA	NA	H2BK12ac	NA	NA	E006-H2BK12ac.narrowPeak	1	286658
1	197	roadmap_epigenomics	0	0.188731153059697	758	221	989	605	989	605	2063	1005	516	roadmap_epigenomics H3K27ac	NA	NA	H3K27ac	NA	NA	E014-H3K27ac.narrowPeak	1	149273
1	1063	roadmap_epigenomics	0	0.287352408811214	397	221	534	1063	1063	606	1297	1366	1282	roadmap_epigenomics H4K20me1	NA	NA	H4K20me1	NA	NA	E125-H4K20me1.narrowPeak	1	167649
1	255	roadmap_epigenomics	0	0.275210537876435	490	221	599	1001	1001	607	1504	1273	1075	roadmap_epigenomics H3K27ac	NA	NA	H3K27ac	NA	NA	E019-H3K27ac.narrowPeak	1	53191
1	850	roadmap_epigenomics	0	0.208646751308445	703	221	926	707	926	618	1962	1060	617	roadmap_epigenomics H3K4me1	NA	NA	H3K4me1	NA	NA	E103-H3K4me1.narrowPeak	1	172034
1	965	roadmap_epigenomics	0	0.2432120154878	580	221	745	901	901	622	1724	1183	855	roadmap_epigenomics H4K20me1	NA	NA	H4K20me1	NA	NA	E117-H4K20me1.narrowPeak	1	124987
1	1075	roadmap_epigenomics	0	0.272149523804422	447	221	616	1030	1030	622	1432	1316	1147	roadmap_epigenomics H4K20me1	NA	NA	H4K20me1	NA	NA	E126-H4K20me1.narrowPeak	1	91092
1	181	roadmap_epigenomics	0	0.153269269773011	793	221	1105	545	1105	624	2172	970	407	roadmap_epigenomics H3K4me1	NA	NA	H3K4me1	NA	NA	E011-H3K4me1.narrowPeak	1	274844
1	1051	roadmap_epigenomics	0	0.277916305237118	359	221	579	1075	1075	625	1236	1404	1343	roadmap_epigenomics H4K20me1	NA	NA	H4K20me1	NA	NA	E124-H4K20me1.narrowPeak	1	157666
1	139	roadmap_epigenomics	0	0.282835785587781	205	221	554	1111	1111	629	819	1558	1760	roadmap_epigenomics H2AK5ac	NA	NA	H2AK5ac	NA	NA	E008-H2AK5ac.narrowPeak	1	27211
1	153	roadmap_epigenomics	0	0.249609320888901	542	221	716	949	949	629	1651	1221	928	roadmap_epigenomics H3K4me1	NA	NA	H3K4me1	NA	NA	E008-H3K4me1.narrowPeak	1	135771
1	194	roadmap_epigenomics	0	0.141247116404184	790	221	1119	550	1119	630	2197	973	382	roadmap_epigenomics H3K4me1	NA	NA	H3K4me1	NA	NA	E013-H3K4me1.narrowPeak	1	275053
1	23	roadmap_epigenomics	0	0.27557172814412	301	221	594	1086	1086	634	1103	1462	1476	roadmap_epigenomics H3K14ac	NA	NA	H3K14ac	NA	NA	E003-H3K14ac.narrowPeak	1	30274
1	679	roadmap_epigenomics	0	0.175928717048728	733	221	1045	649	1045	638	2068	1030	511	roadmap_epigenomics H3K4me1	NA	NA	H3K4me1	NA	NA	E082-H3K4me1.narrowPeak	1	167812
1	48	roadmap_epigenomics	0	0.271997824389649	331	221	618	1079	1079	639	1185	1432	1394	roadmap_epigenomics H2BK15ac	NA	NA	H2BK15ac	NA	NA	E004-H2BK15ac.narrowPeak	1	83199
1	178	roadmap_epigenomics	0	0.210922553088176	655	221	919	782	919	641	1901	1108	678	roadmap_epigenomics H3K27ac	NA	NA	H3K27ac	NA	NA	E011-H3K27ac.narrowPeak	1	157674
1	595	roadmap_epigenomics	0	0.219799858316355	635	221	882	821	882	641	1855	1128	724	roadmap_epigenomics H3K4me1	NA	NA	H3K4me1	NA	NA	E070-H3K4me1.narrowPeak	1	107068
1	953	roadmap_epigenomics	0	0.277041671637425	100	221	589	1119	1119	643	460	1663	2119	roadmap_epigenomics H4K20me1	NA	NA	H4K20me1	NA	NA	E116-H4K20me1.narrowPeak	1	13628
1	46	roadmap_epigenomics	0	0.27486752826573	226	221	602	1108	1108	644	899	1537	1680	roadmap_epigenomics H2AK5ac	NA	NA	H2AK5ac	NA	NA	E004-H2AK5ac.narrowPeak	1	52932
1	18	roadmap_epigenomics	0	0.273085334414897	257	221	610	1103	1103	645	992	1506	1587	roadmap_epigenomics H2BK120ac	NA	NA	H2BK120ac	NA	NA	E003-H2BK120ac.narrowPeak	1	62846
1	536	roadmap_epigenomics	0	0.226432823605082	596	221	843	878	878	647	1787	1167	792	roadmap_epigenomics H3K4me1	NA	NA	H3K4me1	NA	NA	E059-H3K4me1.narrowPeak	1	104649
1	830	roadmap_epigenomics	0	0.188086613831147	683	221	994	726	994	647	1988	1080	591	roadmap_epigenomics H3K4me1	NA	NA	H3K4me1	NA	NA	E100-H3K4me1.narrowPeak	1	196301
1	930	roadmap_epigenomics	0	0.269000401358634	290	221	628	1093	1093	647	1090	1473	1489	roadmap_epigenomics H4K20me1	NA	NA	H4K20me1	NA	NA	E114-H4K20me1.narrowPeak	1	69077
1	924	roadmap_epigenomics	0	0.152446803889477	742	221	1106	637	1106	655	2132	1021	447	roadmap_epigenomics H3K4me1	NA	NA	H3K4me1	NA	NA	E114-H3K4me1.narrowPeak	1	202029
1	147	roadmap_epigenomics	0	0.228774668522469	574	221	836	912	912	656	1750	1189	829	roadmap_epigenomics H3K23ac	NA	NA	H3K23ac	NA	NA	E008-H3K23ac.narrowPeak	1	83775
1	714	roadmap_epigenomics	0	0.237631175392547	520	221	781	977	977	660	1645	1243	934	roadmap_epigenomics H3K4me1	NA	NA	H3K4me1	NA	NA	E086-H3K4me1.narrowPeak	1	91722
1	74	roadmap_epigenomics	0	0.26123206917597	232	221	664	1106	1106	664	947	1531	1632	roadmap_epigenomics H3K23ac	NA	NA	H3K23ac	NA	NA	E005-H3K23ac.narrowPeak	1	26230
1	1039	roadmap_epigenomics	0	0.258673157869637	253	221	675	1105	1105	667	1014	1510	1565	roadmap_epigenomics H4K20me1	NA	NA	H4K20me1	NA	NA	E123-H4K20me1.narrowPeak	1	56074
1	562	roadmap_epigenomics	0	0.22706650796825	545	221	841	944	944	669	1711	1218	868	roadmap_epigenomics H3K4me1	NA	NA	H3K4me1	NA	NA	E065-H3K4me1.narrowPeak	1	190844
1	51	roadmap_epigenomics	0	0.204550368959697	613	221	944	859	944	675	1864	1150	715	roadmap_epigenomics H3K23ac	NA	NA	H3K23ac	NA	NA	E004-H3K23ac.narrowPeak	1	111604
1	224	roadmap_epigenomics	0	0.232760437574154	498	221	814	998	998	678	1621	1265	958	roadmap_epigenomics H2BK120ac	NA	NA	H2BK120ac	NA	NA	E017-H2BK120ac.narrowPeak	1	223563
1	995	roadmap_epigenomics	0	0.164044641523228	682	221	1082	730	1082	678	2047	1081	532	roadmap_epigenomics H3K4me1	NA	NA	H3K4me1	NA	NA	E120-H3K4me1.narrowPeak	1	205504
1	25	roadmap_epigenomics	0	0.249890583043682	261	221	715	1100	1100	679	1058	1502	1521	roadmap_epigenomics H3K23ac	NA	NA	H3K23ac	NA	NA	E003-H3K23ac.narrowPeak	1	29392
1	9	roadmap_epigenomics	0	0.220182461223721	538	221	877	951	951	683	1718	1225	861	roadmap_epigenomics H3K4me1	NA	NA	H3K4me1	NA	NA	E002-H3K4me1.narrowPeak	1	155088
1	1069	roadmap_epigenomics	0	0.195522966803902	586	221	971	894	971	695	1852	1177	727	roadmap_epigenomics H3K4me1	NA	NA	H3K4me1	NA	NA	E126-H3K4me1.narrowPeak	1	191388
1	721	roadmap_epigenomics	0	0.213725991782339	525	221	904	970	970	698	1715	1238	864	roadmap_epigenomics H3K4me1	NA	NA	H3K4me1	NA	NA	E087-H3K4me1.narrowPeak	1	167584
1	1094	roadmap_epigenomics	0	0.183886973295919	598	221	1016	876	1016	704	1899	1165	680	roadmap_epigenomics H3K4me1	NA	NA	H3K4me1	NA	NA	E128-H3K4me1.narrowPeak	1	167405
1	226	roadmap_epigenomics	0	0.230181566600421	392	221	828	1066	1066	705	1429	1371	1150	roadmap_epigenomics H2BK15ac	NA	NA	H2BK15ac	NA	NA	E017-H2BK15ac.narrowPeak	1	218402
1	56	roadmap_epigenomics	0	0.219964080899412	474	221	881	1017	1017	706	1614	1289	965	roadmap_epigenomics H3K4me1	NA	NA	H3K4me1	NA	NA	E004-H3K4me1.narrowPeak	1	125993
1	245	roadmap_epigenomics	0	0.230963095424738	328	221	823	1081	1081	708	1283	1435	1296	roadmap_epigenomics H4K20me1	NA	NA	H4K20me1	NA	NA	E017-H4K20me1.narrowPeak	1	192735
1	227	roadmap_epigenomics	0	0.225618400220678	305	221	847	1085	1085	718	1241	1458	1338	roadmap_epigenomics H2BK20ac	NA	NA	H2BK20ac	NA	NA	E017-H2BK20ac.narrowPeak	1	200922
1	225	roadmap_epigenomics	0	0.217026637547511	407	221	891	1057	1057	723	1497	1356	1082	roadmap_epigenomics H2BK12ac	NA	NA	H2BK12ac	NA	NA	E017-H2BK12ac.narrowPeak	1	250249
1	977	roadmap_epigenomics	0	0.229719286369845	109	221	831	1118	1118	723	575	1654	2004	roadmap_epigenomics H4K20me1	NA	NA	H4K20me1	NA	NA	E118-H4K20me1.narrowPeak	1	34450
1	93	roadmap_epigenomics	0	0.205379831658979	438	221	939	1039	1039	733	1591	1325	988	roadmap_epigenomics H2AK5ac	NA	NA	H2AK5ac	NA	NA	E006-H2AK5ac.narrowPeak	1	168829
1	1013	roadmap_epigenomics	0	0.21042873150142	321	221	921	1083	1083	742	1326	1442	1253	roadmap_epigenomics H4K20me1	NA	NA	H4K20me1	NA	NA	E121-H4K20me1.narrowPeak	1	116908
1	1088	roadmap_epigenomics	0	0.205034864110219	216	221	941	1110	1110	757	1045	1547	1534	roadmap_epigenomics H4K20me1	NA	NA	H4K20me1	NA	NA	E127-H4K20me1.narrowPeak	1	66330
1	243	roadmap_epigenomics	0	0.163690542218516	525	221	1084	970	1084	758	1861	1238	718	roadmap_epigenomics H3K9me1	NA	NA	H3K9me1	NA	NA	E017-H3K9me1.narrowPeak	1	209146
1	1086	roadmap_epigenomics	0	0.194357185372918	293	221	972	1092	1092	762	1306	1470	1273	roadmap_epigenomics H3K9me1	NA	NA	H3K9me1	NA	NA	E127-H3K9me1.narrowPeak	1	49792
1	1026	roadmap_epigenomics	0	0.192379829618785	135	221	977	1117	1117	772	777	1628	1802	roadmap_epigenomics H4K20me1	NA	NA	H4K20me1	NA	NA	E122-H4K20me1.narrowPeak	1	49461
1	1001	roadmap_epigenomics	0	0.187718449323291	184	221	996	1112	1112	776	988	1579	1591	roadmap_epigenomics H4K20me1	NA	NA	H4K20me1	NA	NA	E120-H4K20me1.narrowPeak	1	47891
1	989	roadmap_epigenomics	0	0.187386655829776	71	221	997	1121	1121	780	472	1692	2107	roadmap_epigenomics H4K20me1	NA	NA	H4K20me1	NA	NA	E119-H4K20me1.narrowPeak	1	17540
1	1100	roadmap_epigenomics	0	0.183996152269707	139	221	1014	1115	1115	783	819	1624	1760	roadmap_epigenomics H4K20me1	NA	NA	H4K20me1	NA	NA	E128-H4K20me1.narrowPeak	1	29799
1	1024	roadmap_epigenomics	0	0.160830677135319	139	221	1090	1115	1115	809	896	1624	1683	roadmap_epigenomics H3K9me1	NA	NA	H3K9me1	NA	NA	E122-H3K9me1.narrowPeak	1	25444
1	1123	ucsc_features	0	0	0	221	1123	1123	1123	822	41	1763	2538	UCSC Vista enhancers	NA	NA	NA	NA	NA	vistaEnhancers.bed	1	1339
