userSet	dbSet	collection	pValueLog	oddsRatio	support	rnkPV	rnkOR	rnkSup	maxRnk	meanRnk	b	c	d	description	cellType	tissue	antibody	treatment	dataSource	filename	qValue	size
2	194	roadmap_epigenomics	161.937718542162	6.48487601970572	2220	1	2	192	192	65	767	418	937	roadmap_epigenomics H3K4me1	NA	NA	H3K4me1	NA	NA	E013-H3K4me1.narrowPeak	2.59233551519808e-159	275053
2	924	roadmap_epigenomics	159.328141107224	6.13963703987459	2156	2	9	277	277	96	718	482	986	roadmap_epigenomics H3K4me1	NA	NA	H3K4me1	NA	NA	E114-H3K4me1.narrowPeak	5.27519658970424e-157	202029
2	995	roadmap_epigenomics	153.406754541504	5.72212730569692	2068	3	29	385	385	139	661	570	1043	roadmap_epigenomics H3K4me1	NA	NA	H3K4me1	NA	NA	E120-H3K4me1.narrowPeak	2.93449893140287e-151	205504
2	243	roadmap_epigenomics	152.180719281491	5.52647198711989	1867	4	40	594	594	213	519	771	1185	roadmap_epigenomics H3K9me1	NA	NA	H3K9me1	NA	NA	E017-H3K9me1.narrowPeak	3.7036546100656e-150	209146
2	181	roadmap_epigenomics	149.047295789713	5.91656387368227	2192	5	16	230	230	83.7	773	446	931	roadmap_epigenomics H3K4me1	NA	NA	H3K4me1	NA	NA	E011-H3K4me1.narrowPeak	4.02850547186127e-147	274844
2	1057	roadmap_epigenomics	148.962943183119	6.32945077513682	2276	6	7	121	121	44.7	849	362	855	roadmap_epigenomics H3K4me1	NA	NA	H3K4me1	NA	NA	E125-H3K4me1.narrowPeak	4.07676162636977e-147	233552
2	730	roadmap_epigenomics	144.390769845469	6.3371385900385	2302	7	6	102	102	38.3	885	336	819	roadmap_epigenomics H3K4me1	NA	NA	H3K4me1	NA	NA	E088-H3K4me1.narrowPeak	1.30479374605946e-142	291610
2	1094	roadmap_epigenomics	143.500293972586	5.24454232204041	1921	8	75	548	548	210	576	717	1128	roadmap_epigenomics H3K4me1	NA	NA	H3K4me1	NA	NA	E128-H3K4me1.narrowPeak	8.87208700976479e-142	167405
2	1007	roadmap_epigenomics	143.086992936395	5.76294806967218	2204	9	26	214	214	83	798	434	906	roadmap_epigenomics H3K4me1	NA	NA	H3K4me1	NA	NA	E121-H3K4me1.narrowPeak	2.04255757006951e-141	248336
2	300	roadmap_epigenomics	140.576677794847	6.41309073526606	2330	10	4	75	75	29.7	922	308	782	roadmap_epigenomics H3K4me1	NA	NA	H3K4me1	NA	NA	E025-H3K4me1.narrowPeak	5.79315751913022e-139	312578
2	679	roadmap_epigenomics	140.547101729402	5.34937020735038	2091	11	61	360	360	144	710	547	994	roadmap_epigenomics H3K4me1	NA	NA	H3K4me1	NA	NA	E082-H3K4me1.narrowPeak	5.79315751913022e-139	167812
2	648	roadmap_epigenomics	139.427384264065	5.80700698842573	2242	12	24	159	159	65	841	396	863	roadmap_epigenomics H3K4me1	NA	NA	H3K4me1	NA	NA	E078-H3K4me1.narrowPeak	6.99591045137679e-138	192644
2	289	roadmap_epigenomics	136.606101807094	6.36685489802424	2342	13	5	61	61	26.3	944	296	760	roadmap_epigenomics H3K4me1	NA	NA	H3K4me1	NA	NA	E023-H3K4me1.narrowPeak	4.27921978174113e-135	307369
2	687	roadmap_epigenomics	134.989347097946	5.47226279589413	2198	14	47	224	224	95	813	440	891	roadmap_epigenomics H3K4me1	NA	NA	H3K4me1	NA	NA	E083-H3K4me1.narrowPeak	1.64412418674241e-133	190314
2	258	roadmap_epigenomics	134.747689095648	5.45339088912654	2195	15	50	228	228	97.7	811	443	893	roadmap_epigenomics H3K4me1	NA	NA	H3K4me1	NA	NA	E019-H3K4me1.narrowPeak	2.67688304664707e-133	213365
2	667	roadmap_epigenomics	133.896959916053	5.67344723479703	2253	16	32	148	148	65.3	865	385	839	roadmap_epigenomics	NA	NA	NA	NA	NA	E081-DNase.hotspot.fdr0.01.peaks.bed	1.77963055314289e-132	206920
2	214	roadmap_epigenomics	133.808522924672	5.43379916375113	2198	17	53	224	224	98	816	440	888	roadmap_epigenomics H3K4me1	NA	NA	H3K4me1	NA	NA	E016-H3K4me1.narrowPeak	2.05323144058503e-132	292493
2	614	roadmap_epigenomics	132.338640736009	5.4083312615318	2204	18	56	214	214	96	825	434	879	roadmap_epigenomics H3K4me1	NA	NA	H3K4me1	NA	NA	E073-H3K4me1.narrowPeak	5.72132358037252e-131	233560
2	483	roadmap_epigenomics	132.06829829441	5.59201884283173	2249	19	37	152	152	69.3	866	389	838	roadmap_epigenomics H3K4me1	NA	NA	H3K4me1	NA	NA	E052-H3K4me1.narrowPeak	1.0100848483166e-130	247579
2	830	roadmap_epigenomics	131.577491375285	4.93461811582889	2005	20	118	472	472	203	666	633	1038	roadmap_epigenomics H3K4me1	NA	NA	H3K4me1	NA	NA	E100-H3K4me1.narrowPeak	2.9709023751526e-130	196301
2	90	roadmap_epigenomics	131.319707933319	5.46715838441423	2227	21	48	178	178	82.3	848	411	856	roadmap_epigenomics	NA	NA	NA	NA	NA	E006-DNase.hotspot.fdr0.01.peaks.bed	5.12250656745062e-130	174991
2	504	roadmap_epigenomics	131.061908446928	5.9905584593601	2321	22	14	81	81	39	937	317	767	roadmap_epigenomics H3K4me1	NA	NA	H3K4me1	NA	NA	E055-H3K4me1.narrowPeak	8.85275864652504e-130	338865
2	575	roadmap_epigenomics	130.965454407868	5.29628400866879	2185	23	69	241	241	111	812	453	892	roadmap_epigenomics H3K4me1	NA	NA	H3K4me1	NA	NA	E067-H3K4me1.narrowPeak	1.05737127509667e-129	240432
2	169	roadmap_epigenomics	130.623719469864	5.43580655903574	2225	24	52	182	182	86	848	413	856	roadmap_epigenomics H3K4me1	NA	NA	H3K4me1	NA	NA	E009-H3K4me1.narrowPeak	2.22576362378182e-129	280630
2	1069	roadmap_epigenomics	130.096959850416	4.8029593787161	1867	25	140	594	594	253	571	771	1133	roadmap_epigenomics H3K4me1	NA	NA	H3K4me1	NA	NA	E126-H3K4me1.narrowPeak	7.18637528109454e-129	191388
2	3	roadmap_epigenomics	130.009413661929	5.48557369862608	2241	26	44	163	163	77.7	864	397	840	roadmap_epigenomics H3K4me1	NA	NA	H3K4me1	NA	NA	E001-H3K4me1.narrowPeak	8.45323109724742e-129	308728
2	188	roadmap_epigenomics	129.853053818546	5.73899150468011	2290	27	28	109	109	54.7	910	348	794	roadmap_epigenomics H3K4me1	NA	NA	H3K4me1	NA	NA	E012-H3K4me1.narrowPeak	1.16678857846458e-128	258735
2	542	roadmap_epigenomics	129.100965235207	6.0597652932507	2339	28	12	65	65	35	960	299	744	roadmap_epigenomics H3K4me1	NA	NA	H3K4me1	NA	NA	E061-H3K4me1.narrowPeak	6.3575017058254e-128	294530
2	1058	roadmap_epigenomics	128.99995962661	5.62258570996048	2275	29	36	124	124	63	898	363	806	roadmap_epigenomics H3K4me2	NA	NA	H3K4me2	NA	NA	E125-H3K4me2.narrowPeak	7.74554760336219e-128	125847
2	903	roadmap_epigenomics	128.553961833215	5.34354653548424	2219	30	62	194	194	95.3	848	419	856	roadmap_epigenomics H3K4me1	NA	NA	H3K4me1	NA	NA	E111-H3K4me1.narrowPeak	2.09086823131037e-127	225429
2	307	roadmap_epigenomics	127.841497847547	5.28157068230491	2209	31	70	206	206	102	841	429	863	roadmap_epigenomics H3K4me1	NA	NA	H3K4me1	NA	NA	E026-H3K4me1.narrowPeak	1.04363878506201e-126	233572
2	697	roadmap_epigenomics	127.684252088643	5.76436429452619	2306	32	25	98	98	51.7	931	332	773	roadmap_epigenomics H3K4me1	NA	NA	H3K4me1	NA	NA	E084-H3K4me1.narrowPeak	1.45213731333756e-126	247694
2	490	roadmap_epigenomics	127.273927727263	5.31399333879695	2222	33	64	186	186	94.3	854	416	850	roadmap_epigenomics H3K4me1	NA	NA	H3K4me1	NA	NA	E053-H3K4me1.narrowPeak	3.62216379062453e-126	185030
2	683	roadmap_epigenomics	126.632316038899	5.67599228532028	2298	34	31	105	105	56.7	926	340	778	roadmap_epigenomics	NA	NA	NA	NA	NA	E083-DNase.hotspot.fdr0.01.peaks.bed	1.54033362482505e-125	218413
2	601	roadmap_epigenomics	126.36044910185	5.62376235571268	2291	35	35	108	108	59.3	920	347	784	roadmap_epigenomics H3K4me1	NA	NA	H3K4me1	NA	NA	E071-H3K4me1.narrowPeak	2.79828926063185e-125	226083
2	726	roadmap_epigenomics	126.230645350452	6.17463613574091	2364	36	8	49	49	31	993	274	711	roadmap_epigenomics	NA	NA	NA	NA	NA	E088-DNase.hotspot.fdr0.01.peaks.bed	3.66827512401705e-125	243016
2	675	roadmap_epigenomics	126.186077273634	5.31153048738262	2230	37	66	175	175	92.7	864	408	840	roadmap_epigenomics	NA	NA	NA	NA	NA	E082-DNase.hotspot.fdr0.01.peaks.bed	3.95485672096013e-125	195020
2	1089	roadmap_epigenomics	126.159212385796	6.12455739778966	2359	38	10	53	53	33.7	988	279	716	roadmap_epigenomics	NA	NA	NA	NA	NA	E128-DNase.macs2.narrowPeak	4.09650764335188e-125	363287
2	896	roadmap_epigenomics	126.073840863611	5.75436370932914	2313	39	27	94	94	53.3	942	325	762	roadmap_epigenomics H3K4me1	NA	NA	H3K4me1	NA	NA	E110-H3K4me1.narrowPeak	4.85852320460608e-125	214877
2	495	roadmap_epigenomics	126.009001811201	5.13529863729127	2184	40	86	242	242	123	824	454	880	roadmap_epigenomics H3K4me1	NA	NA	H3K4me1	NA	NA	E054-H3K4me1.narrowPeak	5.49981333136002e-125	191253
2	460	roadmap_epigenomics	125.991508774484	5.87410653960278	2330	41	19	75	75	45	959	308	745	roadmap_epigenomics H3K4me1	NA	NA	H3K4me1	NA	NA	E049-H3K4me1.narrowPeak	5.58620823527963e-125	260639
2	635	roadmap_epigenomics	125.932943192747	4.99005327437597	2134	42	106	303	303	150	782	504	922	roadmap_epigenomics H3K4me1	NA	NA	H3K4me1	NA	NA	E076-H3K4me1.narrowPeak	6.24046955522609e-125	178997
2	197	roadmap_epigenomics	125.578286068451	4.86500051638912	2081	43	129	371	371	181	740	557	964	roadmap_epigenomics H3K27ac	NA	NA	H3K27ac	NA	NA	E014-H3K27ac.narrowPeak	1.37928885779897e-124	149273
2	589	roadmap_epigenomics	124.546696470372	5.27073410634468	2233	44	71	171	171	95.3	871	405	833	roadmap_epigenomics H3K4me1	NA	NA	H3K4me1	NA	NA	E069-H3K4me1.narrowPeak	1.44964147221222e-123	263106
2	621	roadmap_epigenomics	123.842693812927	5.20293113058779	2222	45	76	186	186	102	863	416	841	roadmap_epigenomics H3K4me1	NA	NA	H3K4me1	NA	NA	E074-H3K4me1.narrowPeak	7.16974030237102e-123	266870
2	706	roadmap_epigenomics	123.759982373564	5.68589676855626	2315	46	30	88	88	54.7	950	323	754	roadmap_epigenomics H3K4me1	NA	NA	H3K4me1	NA	NA	E085-H3K4me1.narrowPeak	8.4853458201422e-123	285846
2	983	roadmap_epigenomics	123.713052226293	5.25206449291405	2235	47	74	170	170	97	875	403	829	roadmap_epigenomics H3K4me1	NA	NA	H3K4me1	NA	NA	E119-H3K4me1.narrowPeak	9.25251222738697e-123	182438
2	51	roadmap_epigenomics	123.305644506306	4.59718989169711	1880	48	173	578	578	266	597	758	1107	roadmap_epigenomics H3K23ac	NA	NA	H3K23ac	NA	NA	E004-H3K23ac.narrowPeak	2.28561751457179e-122	111604
2	925	roadmap_epigenomics	123.302210116533	5.20147789180658	2226	49	77	180	180	102	868	412	836	roadmap_epigenomics H3K4me2	NA	NA	H3K4me2	NA	NA	E114-H3K4me2.narrowPeak	2.28561751457179e-122	103473
2	93	roadmap_epigenomics	122.97513378753	4.71070805524432	1606	50	158	743	743	317	423	1032	1281	roadmap_epigenomics H2AK5ac	NA	NA	H2AK5ac	NA	NA	E006-H2AK5ac.narrowPeak	4.75670217154764e-122	168829
2	725	roadmap_epigenomics	122.73452798478	4.8703464772393	2125	51	127	315	315	164	783	513	921	roadmap_epigenomics	NA	NA	NA	NA	NA	E088-DNase.hotspot.all.peaks.bed	8.11543102723139e-122	112194
2	568	roadmap_epigenomics	121.812442310285	5.66510013226385	2322	52	33	80	80	55	962	316	742	roadmap_epigenomics H3K4me1	NA	NA	H3K4me1	NA	NA	E066-H3K4me1.narrowPeak	6.65218162075406e-121	233359
2	521	roadmap_epigenomics	121.520275684163	5.06849300569572	2206	53	94	210	210	119	855	432	849	roadmap_epigenomics H3K4me1	NA	NA	H3K4me1	NA	NA	E057-H3K4me1.narrowPeak	1.27896364053594e-120	212997
2	881	roadmap_epigenomics	121.329827235875	5.48010489376389	2296	54	46	106	106	68.7	938	342	766	roadmap_epigenomics H3K4me1	NA	NA	H3K4me1	NA	NA	E108-H3K4me1.narrowPeak	1.94620577194124e-120	272216
2	891	roadmap_epigenomics	121.193780848606	4.9562139190892	2175	55	110	254	254	140	829	463	875	roadmap_epigenomics H3K4me1	NA	NA	H3K4me1	NA	NA	E109-H3K4me1.narrowPeak	2.61376304788116e-120	214385
2	641	roadmap_epigenomics	121.101915957811	5.59193657580022	2315	56	38	88	88	60.7	957	323	747	roadmap_epigenomics H3K4me1	NA	NA	H3K4me1	NA	NA	E077-H3K4me1.narrowPeak	3.17179979793125e-120	231713
2	874	roadmap_epigenomics	120.908355917792	5.03851532143211	2203	57	98	216	216	124	854	435	850	roadmap_epigenomics H3K4me1	NA	NA	H3K4me1	NA	NA	E107-H3K4me1.narrowPeak	4.8660770180133e-120	238000
2	671	roadmap_epigenomics	120.499493041024	4.95303391347315	2181	58	111	246	246	138	836	457	868	roadmap_epigenomics H3K4me1	NA	NA	H3K4me1	NA	NA	E081-H3K4me1.narrowPeak	1.22599505178447e-119	160582
2	265	roadmap_epigenomics	120.491411091887	5.00133225930742	2196	59	105	227	227	130	849	442	855	roadmap_epigenomics H3K4me1	NA	NA	H3K4me1	NA	NA	E020-H3K4me1.narrowPeak	1.22785377105246e-119	289288
2	178	roadmap_epigenomics	120.412291385501	4.52862807054327	1922	60	184	546	546	263	634	716	1070	roadmap_epigenomics H3K27ac	NA	NA	H3K27ac	NA	NA	E011-H3K27ac.narrowPeak	1.44866215942376e-119	157674
2	762	roadmap_epigenomics	120.394872612769	5.89732806729587	2358	61	17	54	61	44	1002	280	702	roadmap_epigenomics	NA	NA	NA	NA	NA	E092-DNase.hotspot.fdr0.01.peaks.bed	1.48322591248508e-119	194389
2	674	roadmap_epigenomics	120.217533431442	4.65083178214281	2049	62	165	411	411	213	729	589	975	roadmap_epigenomics	NA	NA	NA	NA	NA	E082-DNase.hotspot.all.peaks.bed	2.19525326112581e-119	115791
2	236	roadmap_epigenomics	119.999497127401	5.05307545648753	2215	63	97	199	199	120	867	423	837	roadmap_epigenomics H3K4me1	NA	NA	H3K4me1	NA	NA	E017-H3K4me1.narrowPeak	3.56920978611784e-119	328152
2	1053	roadmap_epigenomics	119.911061665924	4.92552429727059	2178	64	120	251	251	145	835	460	869	roadmap_epigenomics H2A.Z	NA	NA	H2A.Z	NA	NA	E125-H2A.Z.narrowPeak	4.30693296254681e-119	96604
2	780	roadmap_epigenomics	119.714984265936	5.20093130666303	2253	65	78	148	148	97	902	385	802	roadmap_epigenomics	NA	NA	NA	NA	NA	E094-DNase.hotspot.fdr0.01.peaks.bed	6.66058123278132e-119	165153
2	850	roadmap_epigenomics	119.700926869058	4.55536028075541	1984	66	182	494	494	247	681	654	1023	roadmap_epigenomics H3K4me1	NA	NA	H3K4me1	NA	NA	E103-H3K4me1.narrowPeak	6.77546252156395e-119	172034
2	175	roadmap_epigenomics	119.404118656211	5.18165594108572	2251	67	82	150	150	99.7	901	387	803	roadmap_epigenomics H3K4me1	NA	NA	H3K4me1	NA	NA	E010-H3K4me1.narrowPeak	1.32195384699814e-118	266556
2	767	roadmap_epigenomics	119.286788961499	5.48325417493314	2308	68	45	96	96	69.7	955	330	749	roadmap_epigenomics H3K4me1	NA	NA	H3K4me1	NA	NA	E092-H3K4me1.narrowPeak	1.70652194603895e-118	275943
2	207	roadmap_epigenomics	118.585789539354	5.30747769605129	2282	69	68	116	116	84.3	932	356	772	roadmap_epigenomics H3K4me1	NA	NA	H3K4me1	NA	NA	E015-H3K4me1.narrowPeak	8.4483349089248e-118	327376
2	91	roadmap_epigenomics	118.501633195985	5.82627383700364	2358	70	21	54	70	48.3	1007	280	697	roadmap_epigenomics	NA	NA	NA	NA	NA	E006-DNase.macs2.narrowPeak	1.01083091528222e-117	343835
2	668	roadmap_epigenomics	118.358655539238	5.96877670826776	2374	71	15	41	71	42.3	1024	264	680	roadmap_epigenomics	NA	NA	NA	NA	NA	E081-DNase.macs2.narrowPeak	1.38514699432377e-117	402299
2	1105	roadmap_epigenomics	117.438725037449	5.0018753924389	2223	72	104	184	184	120	881	415	823	roadmap_epigenomics H3K4me1	NA	NA	H3K4me1	NA	NA	E129-H3K4me1.narrowPeak	1.13593169645824e-116	237110
2	251	roadmap_epigenomics	117.355608372432	5.45442652393387	2314	73	49	91	91	71	966	324	738	roadmap_epigenomics H3K4me1	NA	NA	H3K4me1	NA	NA	E018-H3K4me1.narrowPeak	1.35668342575861e-116	334991
2	1008	roadmap_epigenomics	117.203460241285	5.01767402512595	2229	74	101	176	176	117	887	409	817	roadmap_epigenomics H3K4me2	NA	NA	H3K4me2	NA	NA	E121-H3K4me2.narrowPeak	1.89984334067991e-116	137508
2	721	roadmap_epigenomics	117.078617986988	4.41980906721719	1728	75	206	676	676	319	512	910	1192	roadmap_epigenomics H3K4me1	NA	NA	H3K4me1	NA	NA	E087-H3K4me1.narrowPeak	2.49879427088529e-116	167584
2	582	roadmap_epigenomics	116.999171291605	5.07700480410791	2245	76	92	157	157	108	902	393	802	roadmap_epigenomics H3K4me1	NA	NA	H3K4me1	NA	NA	E068-H3K4me1.narrowPeak	2.9609076907668e-116	279154
2	484	roadmap_epigenomics	116.862708659111	4.9685169538112	2219	77	109	194	194	127	879	419	825	roadmap_epigenomics H3K4me2	NA	NA	H3K4me2	NA	NA	E052-H3K4me2.narrowPeak	4.00138525684591e-116	119840
2	959	roadmap_epigenomics	116.678146690669	4.57138122172733	2065	78	179	392	392	216	751	573	953	roadmap_epigenomics H3K4me1	NA	NA	H3K4me1	NA	NA	E117-H3K4me1.narrowPeak	6.04182940560825e-116	156415
2	920	roadmap_epigenomics	116.482709379543	4.71924076228177	2141	79	156	293	293	176	813	497	891	roadmap_epigenomics H2A.Z	NA	NA	H2A.Z	NA	NA	E114-H2A.Z.narrowPeak	9.35563524029926e-116	88217
2	267	roadmap_epigenomics	116.147750155504	4.75548041813506	2159	80	147	275	275	167	829	479	875	roadmap_epigenomics H3K9ac	NA	NA	H3K9ac	NA	NA	E020-H3K9ac.narrowPeak	1.99788096640927e-115	108554
2	200	roadmap_epigenomics	116.133483199788	5.01968138594924	2238	81	100	167	167	116	898	400	806	roadmap_epigenomics H3K4me1	NA	NA	H3K4me1	NA	NA	E014-H3K4me1.narrowPeak	2.0391141261108e-115	314776
2	744	roadmap_epigenomics	115.470889410406	5.40812127272088	2317	82	57	87	87	75.3	974	321	730	roadmap_epigenomics	NA	NA	NA	NA	NA	E090-DNase.hotspot.fdr0.01.peaks.bed	9.26203652129649e-115	219306
2	763	roadmap_epigenomics	115.398428665828	6.42642868856095	2423	83	3	14	83	33.3	1085	215	619	roadmap_epigenomics	NA	NA	NA	NA	NA	E092-DNase.macs2.narrowPeak	1.0811924235502e-114	354211
2	95	roadmap_epigenomics	115.29334675458	4.44193924684301	1999	84	195	477	477	252	704	639	1000	roadmap_epigenomics H2BK12ac	NA	NA	H2BK12ac	NA	NA	E006-H2BK12ac.narrowPeak	1.36076682027424e-114	286658
2	735	roadmap_epigenomics	115.071260176599	5.42046794865554	2321	85	55	81	85	73.7	979	317	725	roadmap_epigenomics	NA	NA	NA	NA	NA	E089-DNase.hotspot.fdr0.01.peaks.bed	2.24249069477258e-114	210689
2	595	roadmap_epigenomics	115.057212743751	4.34977798691937	1875	86	218	586	586	297	615	763	1089	roadmap_epigenomics H3K4me1	NA	NA	H3K4me1	NA	NA	E070-H3K4me1.narrowPeak	2.28927811709802e-114	107068
2	499	roadmap_epigenomics	114.856562167	5.31175427247862	2305	87	65	99	99	83.7	964	333	740	roadmap_epigenomics	NA	NA	NA	NA	NA	E055-DNase.hotspot.fdr0.01.peaks.bed	3.59193386918799e-114	232786
2	219	roadmap_epigenomics	114.783107309064	4.8919388979438	2216	88	124	198	198	137	882	422	822	roadmap_epigenomics	NA	NA	NA	NA	NA	E017-DNase.hotspot.fdr0.01.peaks.bed	4.20552065886867e-114	185164
2	65	roadmap_epigenomics	114.502288163817	4.79548961558249	2190	89	142	233	233	155	860	448	844	roadmap_epigenomics	NA	NA	NA	NA	NA	E005-DNase.hotspot.fdr0.01.peaks.bed	7.9383744666246e-114	152235
2	666	roadmap_epigenomics	114.38825597062	4.42690237036081	2009	90	204	465	465	253	714	629	990	roadmap_epigenomics	NA	NA	NA	NA	NA	E081-DNase.hotspot.all.peaks.bed	1.01119183061845e-113	115426
2	322	roadmap_epigenomics	114.387534807301	5.35114015393613	2314	91	60	91	91	80.7	974	324	730	roadmap_epigenomics H3K4me1	NA	NA	H3K4me1	NA	NA	E028-H3K4me1.narrowPeak	1.01119183061845e-113	354089
2	749	roadmap_epigenomics	114.063079849331	5.17720505822862	2286	92	83	113	113	96	948	352	756	roadmap_epigenomics H3K4me1	NA	NA	H3K4me1	NA	NA	E090-H3K4me1.narrowPeak	2.11126172882431e-113	268484
2	710	roadmap_epigenomics	113.962366183961	5.38160020766786	2321	93	59	81	93	77.7	982	317	722	roadmap_epigenomics	NA	NA	NA	NA	NA	E086-DNase.hotspot.fdr0.01.peaks.bed	2.63366552861062e-113	178680
2	94	roadmap_epigenomics	113.942393066171	4.44129344560447	2031	94	197	433	433	241	732	607	972	roadmap_epigenomics H2BK120ac	NA	NA	H2BK120ac	NA	NA	E006-H2BK120ac.narrowPeak	2.70647529355882e-113	168326
2	1019	roadmap_epigenomics	113.94128207971	4.6146423521106	2129	95	170	310	310	192	810	509	894	roadmap_epigenomics H3K4me1	NA	NA	H3K4me1	NA	NA	E122-H3K4me1.narrowPeak	2.70647529355882e-113	142277
2	39	roadmap_epigenomics	113.365270159322	4.68191183643685	2163	96	160	266	266	174	840	475	864	roadmap_epigenomics H4K20me1	NA	NA	H4K20me1	NA	NA	E003-H4K20me1.narrowPeak	1.0089470144568e-112	266490
2	701	roadmap_epigenomics	113.325710319175	5.07148077378946	2270	97	93	131	131	107	935	368	769	roadmap_epigenomics	NA	NA	NA	NA	NA	E085-DNase.hotspot.fdr0.01.peaks.bed	1.09377425914643e-112	161983
2	607	roadmap_epigenomics	113.195942506031	4.63523505185711	2147	98	168	286	286	184	827	491	877	roadmap_epigenomics H3K4me1	NA	NA	H3K4me1	NA	NA	E072-H3K4me1.narrowPeak	1.45962458656126e-112	211846
2	31	roadmap_epigenomics	112.78248691796	4.67520374290664	2167	99	163	263	263	175	845	471	859	roadmap_epigenomics H3K4me1	NA	NA	H3K4me1	NA	NA	E003-H3K4me1.narrowPeak	3.74358449068737e-112	223118
2	761	roadmap_epigenomics	112.713266511245	4.59656514262377	2137	100	174	299	299	191	820	501	884	roadmap_epigenomics	NA	NA	NA	NA	NA	E092-DNase.hotspot.all.peaks.bed	4.34653559645695e-112	92888
2	843	roadmap_epigenomics	112.588175719677	4.98700918924973	2257	101	107	144	144	117	925	381	779	roadmap_epigenomics H3K4me1	NA	NA	H3K4me1	NA	NA	E102-H3K4me1.narrowPeak	5.74001012500713e-112	236074
2	810	roadmap_epigenomics	112.309308047668	5.02386438306652	2267	102	99	134	134	112	935	371	769	roadmap_epigenomics	NA	NA	NA	NA	NA	E098-DNase.hotspot.fdr0.01.peaks.bed	1.08019343255555e-111	150516
2	43	roadmap_epigenomics	112.228808297557	4.58685287635642	2139	103	176	296	296	192	823	499	881	roadmap_epigenomics	NA	NA	NA	NA	NA	E004-DNase.hotspot.all.peaks.bed	1.28755037495049e-111	114500
2	1086	roadmap_epigenomics	111.928830147875	4.85562682137838	1311	104	131	863	863	366	288	1327	1416	roadmap_epigenomics H3K9me1	NA	NA	H3K9me1	NA	NA	E127-H3K9me1.narrowPeak	2.54417080546264e-111	49792
2	709	roadmap_epigenomics	111.911759154726	4.71896156529352	2191	105	157	231	231	164	868	447	836	roadmap_epigenomics	NA	NA	NA	NA	NA	E086-DNase.hotspot.all.peaks.bed	2.62096546259144e-111	106536
2	531	roadmap_epigenomics	111.756274511933	5.13219084919929	2292	106	87	107	107	100	960	346	744	roadmap_epigenomics	NA	NA	NA	NA	NA	E059-DNase.hotspot.fdr0.01.peaks.bed	3.71389289300424e-111	188414
2	89	roadmap_epigenomics	111.740194470025	4.35157606172783	2010	107	217	462	462	262	722	628	982	roadmap_epigenomics	NA	NA	NA	NA	NA	E006-DNase.hotspot.all.peaks.bed	3.81796114417068e-111	102198
2	883	roadmap_epigenomics	111.685179196038	4.6615370354642	2174	108	164	256	256	176	854	464	850	roadmap_epigenomics H3K9ac	NA	NA	H3K9ac	NA	NA	E108-H3K9ac.narrowPeak	4.29345386322423e-111	129620
2	536	roadmap_epigenomics	111.647210487537	4.23830570478315	1806	109	248	637	637	331	577	832	1127	roadmap_epigenomics H3K4me1	NA	NA	H3K4me1	NA	NA	E059-H3K4me1.narrowPeak	4.64272292981306e-111	104649
2	513	roadmap_epigenomics	111.486047979031	5.09640349213142	2287	110	89	112	112	104	956	351	748	roadmap_epigenomics H3K4me1	NA	NA	H3K4me1	NA	NA	E056-H3K4me1.narrowPeak	6.66759308852066e-111	303644
2	113	roadmap_epigenomics	111.47971587098	4.90389277328814	2246	111	123	154	154	129	918	392	786	roadmap_epigenomics	NA	NA	NA	NA	NA	E007-DNase.hotspot.fdr0.01.peaks.bed	6.70456957871207e-111	135081
2	56	roadmap_epigenomics	111.229226550003	4.29795536565138	1625	112	231	731	731	358	463	1013	1241	roadmap_epigenomics H3K4me1	NA	NA	H3K4me1	NA	NA	E004-H3K4me1.narrowPeak	1.18294670593499e-110	125993
2	955	roadmap_epigenomics	111.048123098271	4.37538691367321	2044	113	212	420	420	248	750	594	954	roadmap_epigenomics H2A.Z	NA	NA	H2A.Z	NA	NA	E117-H2A.Z.narrowPeak	1.77913216006116e-110	87564
2	825	roadmap_epigenomics	110.959265319989	4.86275826247904	2240	114	130	164	164	136	914	398	790	roadmap_epigenomics	NA	NA	NA	NA	NA	E100-DNase.hotspot.fdr0.01.peaks.bed	2.16391192674657e-110	170766
2	237	roadmap_epigenomics	110.947515279613	4.78981386064155	2221	115	143	189	189	149	897	417	807	roadmap_epigenomics H3K4me2	NA	NA	H3K4me2	NA	NA	E017-H3K4me2.narrowPeak	2.20392408986822e-110	177688
2	869	roadmap_epigenomics	110.874607932766	4.33864634559201	2020	116	220	447	447	261	732	618	972	roadmap_epigenomics H3K4me1	NA	NA	H3K4me1	NA	NA	E106-H3K4me1.narrowPeak	2.58430536950472e-110	133631
2	584	roadmap_epigenomics	110.727505815139	4.7409074470793	2209	117	150	206	206	158	887	429	817	roadmap_epigenomics H3K9ac	NA	NA	H3K9ac	NA	NA	E068-H3K9ac.narrowPeak	3.59515877424039e-110	183791
2	734	roadmap_epigenomics	110.64763078745	4.441665675274	2092	118	196	358	358	224	789	546	915	roadmap_epigenomics	NA	NA	NA	NA	NA	E089-DNase.hotspot.all.peaks.bed	4.28446852943578e-110	103433
2	876	roadmap_epigenomics	110.245862884496	4.63801625645995	2181	119	167	246	246	177	864	457	840	roadmap_epigenomics H3K9ac	NA	NA	H3K9ac	NA	NA	E107-H3K9ac.narrowPeak	1.07151907340466e-109	144247
2	9	roadmap_epigenomics	110.240239438939	4.20876643784506	1727	120	255	677	677	351	529	911	1175	roadmap_epigenomics H3K4me1	NA	NA	H3K4me1	NA	NA	E002-H3K4me1.narrowPeak	1.07643811470865e-109	155088
2	253	roadmap_epigenomics	110.226823702363	5.00873031639032	2278	121	103	120	121	115	951	360	753	roadmap_epigenomics H3K9ac	NA	NA	H3K9ac	NA	NA	E018-H3K9ac.narrowPeak	1.10103387076849e-109	148075
2	682	roadmap_epigenomics	110.192321354665	4.30370851507186	2007	122	230	469	469	274	724	631	980	roadmap_epigenomics	NA	NA	NA	NA	NA	E083-DNase.hotspot.all.peaks.bed	1.18230238750072e-109	98445
2	1081	roadmap_epigenomics	110.169947276816	4.84577143028634	2242	123	134	159	159	139	918	396	786	roadmap_epigenomics H3K4me1	NA	NA	H3K4me1	NA	NA	E127-H3K4me1.narrowPeak	1.23468838788539e-109	199886
2	555	roadmap_epigenomics	110.160454669318	5.66413246931272	2375	124	34	40	124	66	1047	263	657	roadmap_epigenomics H3K4me1	NA	NA	H3K4me1	NA	NA	E063-H3K4me1.narrowPeak	1.25179553298288e-109	260722
2	791	roadmap_epigenomics	109.969440119164	4.49683064800299	2129	125	188	310	310	208	821	509	883	roadmap_epigenomics H3K4me1	NA	NA	H3K4me1	NA	NA	E095-H3K4me1.narrowPeak	1.9277895411167e-109	268306
2	821	roadmap_epigenomics	109.96595548366	4.72071850444036	2210	126	155	204	204	162	890	428	814	roadmap_epigenomics H3K4me1	NA	NA	H3K4me1	NA	NA	E099-H3K4me1.narrowPeak	1.927896536632e-109	176837
2	225	roadmap_epigenomics	109.381362335669	4.36395429770658	1506	127	214	791	791	377	398	1132	1306	roadmap_epigenomics H2BK12ac	NA	NA	H2BK12ac	NA	NA	E017-H2BK12ac.narrowPeak	7.349261409695e-109	250249
2	112	roadmap_epigenomics	109.241076392481	4.45164619939918	2118	128	194	325	325	216	814	520	890	roadmap_epigenomics	NA	NA	NA	NA	NA	E007-DNase.hotspot.all.peaks.bed	1.00721779439718e-108	89801
2	539	roadmap_epigenomics	108.804606322281	4.89158069265844	2263	129	125	138	138	131	941	375	763	roadmap_epigenomics H3K27ac	NA	NA	H3K27ac	NA	NA	E061-H3K27ac.narrowPeak	2.73032106231138e-108	199363
2	1106	roadmap_epigenomics	108.601450993392	4.81222303007898	2246	130	138	154	154	141	926	392	778	roadmap_epigenomics H3K4me2	NA	NA	H3K4me2	NA	NA	E129-H3K4me2.narrowPeak	4.32529174366269e-108	131837
2	836	roadmap_epigenomics	108.560799198847	4.73723848364005	2227	131	151	178	178	153	909	411	795	roadmap_epigenomics H3K4me1	NA	NA	H3K4me1	NA	NA	E101-H3K4me1.narrowPeak	4.71345383062698e-108	208728
2	216	roadmap_epigenomics	108.463875858296	4.4309638255038	2119	132	202	323	323	219	817	519	887	roadmap_epigenomics H3K9ac	NA	NA	H3K9ac	NA	NA	E016-H3K9ac.narrowPeak	5.84736174874949e-108	82706
2	97	roadmap_epigenomics	108.387167818194	4.3365352682894	2069	133	221	384	384	246	777	569	927	roadmap_epigenomics H3K14ac	NA	NA	H3K14ac	NA	NA	E006-H3K14ac.narrowPeak	6.92452986623607e-108	124581
2	886	roadmap_epigenomics	108.045034252496	4.94191440751601	2279	134	114	118	134	122	958	359	746	roadmap_epigenomics	NA	NA	NA	NA	NA	E109-DNase.hotspot.fdr0.01.peaks.bed	1.51102169901065e-107	173129
2	743	roadmap_epigenomics	107.917466896461	4.25527760142689	2021	135	240	444	444	273	741	617	963	roadmap_epigenomics	NA	NA	NA	NA	NA	E090-DNase.hotspot.all.peaks.bed	2.0119124910004e-107	99312
2	781	roadmap_epigenomics	107.51585522945	4.82803705460706	2258	136	136	142	142	138	940	380	764	roadmap_epigenomics	NA	NA	NA	NA	NA	E094-DNase.macs2.narrowPeak	5.03518711372738e-107	205035
2	996	roadmap_epigenomics	107.415392905376	4.42387333863952	2130	137	205	307	307	216	829	508	875	roadmap_epigenomics H3K4me2	NA	NA	H3K4me2	NA	NA	E120-H3K4me2.narrowPeak	6.29935783856976e-107	121927
2	527	roadmap_epigenomics	107.37311502938	5.38978050675655	2355	138	58	57	138	84.3	1034	283	670	roadmap_epigenomics H3K4me1	NA	NA	H3K4me1	NA	NA	E058-H3K4me1.narrowPeak	6.89311677953872e-107	289473
2	857	roadmap_epigenomics	107.01908115312	4.40139119308423	2125	139	210	315	315	221	826	513	878	roadmap_epigenomics H3K4me1	NA	NA	H3K4me1	NA	NA	E104-H3K4me1.narrowPeak	1.5463713633025e-106	271842
2	801	roadmap_epigenomics	106.954852003432	4.56481765692104	2190	140	181	233	233	185	881	448	823	roadmap_epigenomics	NA	NA	NA	NA	NA	E097-DNase.hotspot.fdr0.01.peaks.bed	1.78003979993862e-106	154095
2	110	roadmap_epigenomics	106.948208608451	4.47129859931352	2156	141	191	277	277	203	852	482	852	roadmap_epigenomics H4K8ac	NA	NA	H4K8ac	NA	NA	E006-H4K8ac.narrowPeak	1.79465937024461e-106	209112
2	577	roadmap_epigenomics	106.633015218689	4.43042367076349	2143	142	203	291	291	212	842	495	862	roadmap_epigenomics H3K9ac	NA	NA	H3K9ac	NA	NA	E067-H3K9ac.narrowPeak	3.68218995446996e-106	146266
2	500	roadmap_epigenomics	106.535624844148	5.85200531014506	2407	143	20	17	143	60	1091	231	613	roadmap_epigenomics	NA	NA	NA	NA	NA	E055-DNase.macs2.narrowPeak	4.57560862866124e-106	447741
2	591	roadmap_epigenomics	106.45726644703	4.4182710101314	2140	144	207	294	294	215	840	498	864	roadmap_epigenomics H3K9ac	NA	NA	H3K9ac	NA	NA	E069-H3K9ac.narrowPeak	5.4422791322532e-106	133007
2	147	roadmap_epigenomics	106.373535266649	4.08632443862233	1762	145	285	656	656	362	562	876	1142	roadmap_epigenomics H3K23ac	NA	NA	H3K23ac	NA	NA	E008-H3K23ac.narrowPeak	6.55400069412606e-106	83775
2	260	roadmap_epigenomics	106.308845646117	4.29154721009061	2078	146	232	374	374	251	790	560	914	roadmap_epigenomics H3K9ac	NA	NA	H3K9ac	NA	NA	E019-H3K9ac.narrowPeak	7.55459609844079e-106	72277
2	211	roadmap_epigenomics	106.22678988038	4.10660482147804	1902	147	282	562	562	330	658	736	1046	roadmap_epigenomics H3K27ac	NA	NA	H3K27ac	NA	NA	E016-H3K27ac.narrowPeak	9.06363769187762e-106	111185
2	1064	roadmap_epigenomics	106.153708941108	5.52101953967824	2376	148	41	37	148	75.3	1059	262	645	roadmap_epigenomics	NA	NA	NA	NA	NA	E126-DNase.macs2.narrowPeak	1.0652194689746e-105	406203
2	611	roadmap_epigenomics	105.872062629226	4.39649174355718	2138	149	211	297	297	219	840	500	864	roadmap_epigenomics H3K27ac	NA	NA	H3K27ac	NA	NA	E073-H3K27ac.narrowPeak	2.02376860468413e-105	206720
2	692	roadmap_epigenomics	105.84348134587	4.81394093622078	2267	150	137	134	150	140	953	371	751	roadmap_epigenomics	NA	NA	NA	NA	NA	E084-DNase.hotspot.fdr0.01.peaks.bed	2.14702522543961e-105	168261
2	702	roadmap_epigenomics	105.618382809006	4.84811757202065	2276	151	133	121	151	135	962	362	742	roadmap_epigenomics	NA	NA	NA	NA	NA	E085-DNase.macs2.narrowPeak	3.58137663245503e-105	231841
2	764	roadmap_epigenomics	105.409424585416	4.37393702873288	2134	152	213	303	303	223	838	504	866	roadmap_epigenomics H3K27ac	NA	NA	H3K27ac	NA	NA	E092-H3K27ac.narrowPeak	5.75627559434373e-105	135058
2	1013	roadmap_epigenomics	105.348743752776	4.52016176423829	1333	153	185	851	851	396	314	1305	1390	roadmap_epigenomics H4K20me1	NA	NA	H4K20me1	NA	NA	E121-H4K20me1.narrowPeak	6.57619326973866e-105	116908
2	579	roadmap_epigenomics	105.231148921355	4.40332733832888	2149	154	209	285	285	216	851	489	853	roadmap_epigenomics H3K27ac	NA	NA	H3K27ac	NA	NA	E068-H3K27ac.narrowPeak	8.56525130537312e-105	214725
2	290	roadmap_epigenomics	104.829119831262	4.57612029916366	2214	155	178	201	201	178	908	424	796	roadmap_epigenomics H3K4me3	NA	NA	H3K4me3	NA	NA	E023-H3K4me3.narrowPeak	2.14762387080101e-104	116720
2	562	roadmap_epigenomics	104.696072857179	4.04546749577476	1718	156	302	682	682	380	538	920	1166	roadmap_epigenomics H3K4me1	NA	NA	H3K4me1	NA	NA	E065-H3K4me1.narrowPeak	2.89876024386196e-104	190844
2	926	roadmap_epigenomics	104.559284184841	4.32963029704712	2125	157	223	315	315	232	833	513	871	roadmap_epigenomics H3K4me3	NA	NA	H3K4me3	NA	NA	E114-H3K4me3.narrowPeak	3.94662547315428e-104	76182
2	1070	roadmap_epigenomics	104.480005312095	4.34236724794108	2132	158	219	305	305	227	839	506	865	roadmap_epigenomics H3K4me2	NA	NA	H3K4me2	NA	NA	E126-H3K4me2.narrowPeak	4.70596253363068e-104	115042
2	779	roadmap_epigenomics	104.477364162373	4.24917819535965	2084	159	244	367	367	257	800	554	904	roadmap_epigenomics	NA	NA	NA	NA	NA	E094-DNase.hotspot.all.peaks.bed	4.70596253363068e-104	111695
2	224	roadmap_epigenomics	104.218021484762	4.07069492435017	1633	160	289	725	725	391	486	1005	1218	roadmap_epigenomics H2BK120ac	NA	NA	H2BK120ac	NA	NA	E017-H2BK120ac.narrowPeak	8.49705216561003e-104	223563
2	745	roadmap_epigenomics	104.176824676597	5.82589901027651	2413	161	22	16	161	66.3	1104	225	600	roadmap_epigenomics	NA	NA	NA	NA	NA	E090-DNase.macs2.narrowPeak	9.23839251173306e-104	506090
2	218	roadmap_epigenomics	104.176298327204	4.14209938021623	2015	162	272	455	455	296	747	623	957	roadmap_epigenomics	NA	NA	NA	NA	NA	E017-DNase.hotspot.all.peaks.bed	9.23839251173306e-104	116011
2	1095	roadmap_epigenomics	104.148341526933	4.31979354211773	2126	163	225	314	314	234	835	512	869	roadmap_epigenomics H3K4me2	NA	NA	H3K4me2	NA	NA	E128-H3K4me2.narrowPeak	9.79220778975836e-104	118811
2	689	roadmap_epigenomics	104.004143250386	4.36013406264347	2146	164	216	287	287	222	852	492	852	roadmap_epigenomics H3K9ac	NA	NA	H3K9ac	NA	NA	E083-H3K9ac.narrowPeak	1.35650891872914e-103	110500
2	928	roadmap_epigenomics	103.459756630347	4.11731583694131	2011	165	279	460	460	301	746	627	958	roadmap_epigenomics H3K9ac	NA	NA	H3K9ac	NA	NA	E114-H3K9ac.narrowPeak	4.72246967013158e-103	71993
2	693	roadmap_epigenomics	103.388671520774	5.10882551029815	2336	166	88	68	166	107	1026	302	678	roadmap_epigenomics	NA	NA	NA	NA	NA	E084-DNase.macs2.narrowPeak	5.52879061951841e-103	291379
2	904	roadmap_epigenomics	103.383004686035	4.43986492042392	2184	167	199	242	242	203	886	454	818	roadmap_epigenomics H3K4me3	NA	NA	H3K4me3	NA	NA	E111-H3K4me3.narrowPeak	5.56786369279336e-103	90969
2	37	roadmap_epigenomics	103.234693207257	4.23648514203126	2097	168	249	352	352	256	814	541	890	roadmap_epigenomics H3K9ac	NA	NA	H3K9ac	NA	NA	E003-H3K9ac.narrowPeak	7.78766502919255e-103	90295
2	530	roadmap_epigenomics	103.210550439844	4.11376510854534	2014	169	280	458	458	302	749	624	955	roadmap_epigenomics	NA	NA	NA	NA	NA	E059-DNase.hotspot.all.peaks.bed	8.18413166212714e-103	97681
2	13	roadmap_epigenomics	103.11524756467	4.58240033903303	2231	170	177	174	177	174	928	407	776	roadmap_epigenomics	NA	NA	NA	NA	NA	E003-DNase.hotspot.all.peaks.bed	1.01324219224535e-102	111055
2	135	roadmap_epigenomics	102.960684200412	4.32956608722067	2146	171	224	287	287	227	855	492	849	roadmap_epigenomics	NA	NA	NA	NA	NA	E008-DNase.hotspot.all.peaks.bed	1.43790250770072e-102	106443
2	954	roadmap_epigenomics	102.944317796828	4.63348886433396	2246	172	169	154	172	165	942	392	762	roadmap_epigenomics	NA	NA	NA	NA	NA	E117-DNase.macs2.narrowPeak	1.48444293875627e-102	206823
2	508	roadmap_epigenomics	102.844836029803	4.74740181561195	2274	173	148	128	173	150	968	364	736	roadmap_epigenomics	NA	NA	NA	NA	NA	E056-DNase.hotspot.fdr0.01.peaks.bed	1.85578482447009e-102	223698
2	278	roadmap_epigenomics	102.727766519376	4.61122319746733	2242	174	171	159	174	168	939	396	765	roadmap_epigenomics	NA	NA	NA	NA	NA	E022-DNase.hotspot.all.peaks.bed	2.41598361309286e-102	119252
2	183	roadmap_epigenomics	102.656840838217	4.03616849382911	1949	175	304	520	520	333	702	689	1002	roadmap_epigenomics H3K9ac	NA	NA	H3K9ac	NA	NA	E011-H3K9ac.narrowPeak	2.82833511181561e-102	58328
2	990	roadmap_epigenomics	102.642353268316	5.44197690116417	2382	176	51	33	176	86.7	1075	256	629	roadmap_epigenomics	NA	NA	NA	NA	NA	E120-DNase.macs2.narrowPeak	2.90766129742469e-102	386665
2	269	roadmap_epigenomics	102.551045010184	4.58685716765478	2237	177	175	168	177	173	935	401	769	roadmap_epigenomics	NA	NA	NA	NA	NA	E021-DNase.hotspot.all.peaks.bed	3.56772585250926e-102	111181
2	684	roadmap_epigenomics	102.530041530986	5.55260783448502	2394	178	39	25	178	80.7	1088	244	616	roadmap_epigenomics	NA	NA	NA	NA	NA	E083-DNase.macs2.narrowPeak	3.72347308262246e-102	517786
2	1052	roadmap_epigenomics	102.45534510966	5.32155051205527	2369	179	63	44	179	95.3	1062	269	642	roadmap_epigenomics	NA	NA	NA	NA	NA	E125-DNase.macs2.narrowPeak	4.39755835590266e-102	363159
2	136	roadmap_epigenomics	102.326974461094	5.06493670044715	2335	180	95	69	180	115	1028	303	676	roadmap_epigenomics	NA	NA	NA	NA	NA	E008-DNase.hotspot.fdr0.01.peaks.bed	5.87709601259256e-102	189915
2	291	roadmap_epigenomics	102.254615814421	4.19774112557258	2091	181	259	360	360	267	812	547	892	roadmap_epigenomics H3K9ac	NA	NA	H3K9ac	NA	NA	E023-H3K9ac.narrowPeak	6.90423178170078e-102	124570
2	64	roadmap_epigenomics	102.201569995166	4.06675082889152	1997	182	293	479	479	318	739	641	965	roadmap_epigenomics	NA	NA	NA	NA	NA	E005-DNase.hotspot.all.peaks.bed	7.758332151444e-102	102999
2	714	roadmap_epigenomics	102.135628189173	3.99283809709894	1658	183	316	714	714	404	507	980	1197	roadmap_epigenomics H3K4me1	NA	NA	H3K4me1	NA	NA	E086-H3K4me1.narrowPeak	8.9811194587598e-102	91722
2	809	roadmap_epigenomics	102.044727161434	4.17972344882523	2084	184	262	367	367	271	807	554	897	roadmap_epigenomics	NA	NA	NA	NA	NA	E098-DNase.hotspot.all.peaks.bed	1.10119636080407e-101	99617
2	1003	roadmap_epigenomics	101.964572357319	4.63854975362511	2255	185	166	146	185	166	953	383	751	roadmap_epigenomics H2A.Z	NA	NA	H2A.Z	NA	NA	E121-H2A.Z.narrowPeak	1.31724229283889e-101	153394
2	313	roadmap_epigenomics	101.960044886085	5.09223839260541	2341	186	90	63	186	113	1035	297	669	roadmap_epigenomics H3K4me1	NA	NA	H3K4me1	NA	NA	E027-H3K4me1.narrowPeak	1.32389006061939e-101	374655
2	318	roadmap_epigenomics	101.921144686769	4.69520879181079	2269	187	159	133	187	160	966	369	738	roadmap_epigenomics	NA	NA	NA	NA	NA	E028-DNase.hotspot.fdr0.01.peaks.bed	1.44020216226909e-101	186595
2	732	roadmap_epigenomics	101.768803528615	4.17868009417153	2088	188	263	363	363	271	811	550	893	roadmap_epigenomics H3K9ac	NA	NA	H3K9ac	NA	NA	E088-H3K9ac.narrowPeak	2.03445633924156e-101	113769
2	295	roadmap_epigenomics	101.742155367544	5.49225065550732	2391	189	43	26	189	86	1087	247	617	roadmap_epigenomics H3K4me1	NA	NA	H3K4me1	NA	NA	E024-H3K4me1.narrowPeak	2.15175380795554e-101	357319
2	507	roadmap_epigenomics	101.706403786477	4.11204856685664	2046	190	281	416	416	296	778	592	926	roadmap_epigenomics	NA	NA	NA	NA	NA	E056-DNase.hotspot.all.peaks.bed	2.32408690939894e-101	117994
2	501	roadmap_epigenomics	101.676879056792	4.73262274615228	2279	191	153	118	191	154	976	359	728	roadmap_epigenomics H3K27ac	NA	NA	H3K27ac	NA	NA	E055-H3K27ac.narrowPeak	2.47455623590853e-101	274023
2	676	roadmap_epigenomics	101.620680901123	5.43054499822954	2385	192	54	31	192	92.3	1081	253	623	roadmap_epigenomics	NA	NA	NA	NA	NA	E082-DNase.macs2.narrowPeak	2.80173865542292e-101	496530
2	785	roadmap_epigenomics	101.6160710158	4.83458430295898	2300	193	135	104	193	144	996	338	708	roadmap_epigenomics H3K4me1	NA	NA	H3K4me1	NA	NA	E094-H3K4me1.narrowPeak	2.81696484488022e-101	238260
2	99	roadmap_epigenomics	101.362414034754	4.93779700616327	2320	194	115	84	194	131	1016	318	688	roadmap_epigenomics H3K23ac	NA	NA	H3K23ac	NA	NA	E006-H3K23ac.narrowPeak	5.02567022077315e-101	220387
2	462	roadmap_epigenomics	101.279192631478	4.20659474982558	2111	195	256	334	334	262	831	527	873	roadmap_epigenomics H3K9ac	NA	NA	H3K9ac	NA	NA	E049-H3K9ac.narrowPeak	6.05595318297144e-101	107453
2	52	roadmap_epigenomics	101.125893225841	3.98901990882415	1943	196	317	527	527	347	702	695	1002	roadmap_epigenomics H3K27ac	NA	NA	H3K27ac	NA	NA	E004-H3K27ac.narrowPeak	8.5755198141306e-101	144857
2	598	roadmap_epigenomics	100.967622804235	4.33011784248468	2170	197	222	260	260	226	881	468	823	roadmap_epigenomics H3K27ac	NA	NA	H3K27ac	NA	NA	E071-H3K27ac.narrowPeak	1.22834601583451e-100	152169
2	281	roadmap_epigenomics	100.850367115718	4.23058506834169	2129	198	252	310	310	253	847	509	857	roadmap_epigenomics H3K27ac	NA	NA	H3K27ac	NA	NA	E022-H3K27ac.narrowPeak	1.60094881102908e-100	140357
2	517	roadmap_epigenomics	100.75831045553	4.86546650342824	2311	199	128	95	199	141	1009	327	695	roadmap_epigenomics	NA	NA	NA	NA	NA	E057-DNase.hotspot.fdr0.01.peaks.bed	1.96294015460356e-100	209886
2	984	roadmap_epigenomics	100.75747269707	4.47150245335286	2220	200	190	192	200	194	925	418	779	roadmap_epigenomics H3K4me2	NA	NA	H3K4me2	NA	NA	E119-H3K4me2.narrowPeak	1.96294015460356e-100	119229
2	226	roadmap_epigenomics	100.694043217335	4.15204230810708	1439	201	267	813	813	427	382	1199	1322	roadmap_epigenomics H2BK15ac	NA	NA	H2BK15ac	NA	NA	E017-H2BK15ac.narrowPeak	2.26032285914742e-100	218402
2	657	roadmap_epigenomics	100.568633604373	4.2882149096432	2158	202	233	276	276	237	872	480	832	roadmap_epigenomics	NA	NA	NA	NA	NA	E080-DNase.hotspot.all.peaks.bed	3.00209739810928e-100	118437
2	498	roadmap_epigenomics	100.462309084496	4.13143219031693	2082	203	277	369	369	283	810	556	894	roadmap_epigenomics	NA	NA	NA	NA	NA	E055-DNase.hotspot.all.peaks.bed	3.81596716862696e-100	120443
2	960	roadmap_epigenomics	100.401945942424	4.04576255434954	2023	204	301	439	439	315	764	615	940	roadmap_epigenomics H3K4me2	NA	NA	H3K4me2	NA	NA	E117-H3K4me2.narrowPeak	4.36348655440597e-100	85197
2	1061	roadmap_epigenomics	100.377650948006	4.05623484067337	2032	205	297	431	431	311	771	606	933	roadmap_epigenomics H3K9ac	NA	NA	H3K9ac	NA	NA	E125-H3K9ac.narrowPeak	4.59203239165981e-100	92035
2	98	roadmap_epigenomics	100.21984313923	4.01464289290822	2000	206	313	476	476	332	747	638	957	roadmap_epigenomics H3K18ac	NA	NA	H3K18ac	NA	NA	E006-H3K18ac.narrowPeak	6.57202780714648e-100	207264
2	887	roadmap_epigenomics	100.163867981919	5.52047370807145	2400	207	42	24	207	91	1101	238	603	roadmap_epigenomics	NA	NA	NA	NA	NA	E109-DNase.macs2.narrowPeak	7.43997411480902e-100	334231
2	302	roadmap_epigenomics	100.124422888783	4.19929001392906	2124	208	258	318	318	261	845	514	859	roadmap_epigenomics H3K9ac	NA	NA	H3K9ac	NA	NA	E025-H3K9ac.narrowPeak	8.10818274072368e-100	134727
2	1014	roadmap_epigenomics	100.028951302429	4.45257088290626	2221	209	192	189	209	197	928	417	776	roadmap_epigenomics	NA	NA	NA	NA	NA	E122-DNase.macs2.narrowPeak	1.00281726536227e-99	241268
2	80	roadmap_epigenomics	100.027968654655	4.0704355264693	2050	210	291	407	407	303	786	588	918	roadmap_epigenomics H3K4me2	NA	NA	H3K4me2	NA	NA	E005-H3K4me2.narrowPeak	1.00281726536227e-99	62053
2	140	roadmap_epigenomics	99.993396382202	3.95832258140555	1944	211	325	524	524	353	706	694	998	roadmap_epigenomics H2BK120ac	NA	NA	H2BK120ac	NA	NA	E008-H2BK120ac.narrowPeak	1.08076411054158e-99	97781
2	736	roadmap_epigenomics	99.950870653564	5.81026340742359	2426	212	23	13	212	82.7	1130	212	574	roadmap_epigenomics	NA	NA	NA	NA	NA	E089-DNase.macs2.narrowPeak	1.18632378398685e-99	465721
2	616	roadmap_epigenomics	99.6559938274645	4.0670720007412	2055	213	292	399	399	301	791	583	913	roadmap_epigenomics H3K9ac	NA	NA	H3K9ac	NA	NA	E073-H3K9ac.narrowPeak	2.32828596930367e-99	108381
2	159	roadmap_epigenomics	99.6082530802108	4.5125993466964	2242	214	187	159	214	187	948	396	756	roadmap_epigenomics H3K9ac	NA	NA	H3K9ac	NA	NA	E008-H3K9ac.narrowPeak	2.58668115071741e-99	146401
2	532	roadmap_epigenomics	99.57307299702	5.1826297314679	2365	215	81	48	215	115	1066	273	638	roadmap_epigenomics	NA	NA	NA	NA	NA	E059-DNase.macs2.narrowPeak	2.79188994748952e-99	281326
2	863	roadmap_epigenomics	99.5228963772559	4.67668223775837	2282	216	161	116	216	164	985	356	719	roadmap_epigenomics H3K4me1	NA	NA	H3K4me1	NA	NA	E105-H3K4me1.narrowPeak	3.11931780030335e-99	309072
2	586	roadmap_epigenomics	99.3440819054302	4.05126456943347	2050	217	299	407	407	308	788	588	916	roadmap_epigenomics H3K27ac	NA	NA	H3K27ac	NA	NA	E069-H3K27ac.narrowPeak	4.68671033643784e-99	169793
2	1059	roadmap_epigenomics	99.3313219305919	4.13773312738401	2104	218	274	343	343	278	831	534	873	roadmap_epigenomics H3K4me3	NA	NA	H3K4me3	NA	NA	E125-H3K4me3.narrowPeak	4.80431337479733e-99	70898
2	301	roadmap_epigenomics	99.3197889305978	4.40480869984191	2213	219	208	202	219	210	923	425	781	roadmap_epigenomics H3K4me3	NA	NA	H3K4me3	NA	NA	E025-H3K4me3.narrowPeak	4.91107658236677e-99	104434
2	838	roadmap_epigenomics	99.2877648060834	4.14772320682568	2110	220	270	335	335	275	836	528	868	roadmap_epigenomics H3K9ac	NA	NA	H3K9ac	NA	NA	E101-H3K9ac.narrowPeak	5.26286542574934e-99	104171
2	100	roadmap_epigenomics	99.2718852033755	3.88522893935267	1828	221	357	627	627	402	626	810	1078	roadmap_epigenomics H3K27ac	NA	NA	H3K27ac	NA	NA	E006-H3K27ac.narrowPeak	5.43415816690585e-99	144157
2	319	roadmap_epigenomics	99.1736329983563	4.93568178916579	2332	222	116	73	222	137	1034	306	670	roadmap_epigenomics	NA	NA	NA	NA	NA	E028-DNase.macs2.narrowPeak	6.78303064427304e-99	247966
2	991	roadmap_epigenomics	99.0676756089776	4.19411863863903	2136	223	260	301	301	261	858	502	846	roadmap_epigenomics H2A.Z	NA	NA	H2A.Z	NA	NA	E120-H2A.Z.narrowPeak	8.61845225221989e-99	101641
2	111	roadmap_epigenomics	99.0470454221668	4.56535175566418	2260	224	180	141	224	182	966	378	738	roadmap_epigenomics H4K91ac	NA	NA	H4K91ac	NA	NA	E006-H4K91ac.narrowPeak	8.99738514492302e-99	234539
2	22	roadmap_epigenomics	98.9168593420296	3.96527116140756	1987	225	324	489	489	346	741	651	963	roadmap_epigenomics H2BK5ac	NA	NA	H2BK5ac	NA	NA	E003-H2BK5ac.narrowPeak	1.20883741026497e-98	151346
2	262	roadmap_epigenomics	98.6889604306297	3.87615588012263	1856	226	361	609	609	399	647	782	1057	roadmap_epigenomics H3K27ac	NA	NA	H3K27ac	NA	NA	E020-H3K27ac.narrowPeak	2.03395285480396e-98	100851
2	1002	roadmap_epigenomics	98.5857355241874	6.09227456854626	2450	227	11	8	227	82	1161	188	543	roadmap_epigenomics	NA	NA	NA	NA	NA	E121-DNase.macs2.narrowPeak	2.56831548677155e-98	476154
2	24	roadmap_epigenomics	98.5444976396236	4.36254733680964	2207	228	215	209	228	217	920	431	784	roadmap_epigenomics H3K18ac	NA	NA	H3K18ac	NA	NA	E003-H3K18ac.narrowPeak	2.81175363524117e-98	249755
2	461	roadmap_epigenomics	98.5410953522187	4.24360318259915	2164	229	245	265	265	246	883	474	821	roadmap_epigenomics H3K4me3	NA	NA	H3K4me3	NA	NA	E049-H3K4me3.narrowPeak	2.82149261165789e-98	76569
2	308	roadmap_epigenomics	98.3944046892072	4.11852451871921	2108	230	278	336	336	281	837	530	867	roadmap_epigenomics H3K4me3	NA	NA	H3K4me3	NA	NA	E026-H3K4me3.narrowPeak	3.93801373648773e-98	81465
2	852	roadmap_epigenomics	98.3059916267993	4.23180811710294	2162	231	251	269	269	250	882	476	822	roadmap_epigenomics H3K9ac	NA	NA	H3K9ac	NA	NA	E103-H3K9ac.narrowPeak	4.80624765481882e-98	111468
2	885	roadmap_epigenomics	98.2958298048597	4.09927630533896	2099	232	283	349	349	288	830	539	874	roadmap_epigenomics	NA	NA	NA	NA	NA	E109-DNase.hotspot.all.peaks.bed	4.89882541373647e-98	108993
2	149	roadmap_epigenomics	98.2716931418759	4.17549835246107	2138	233	264	297	297	265	862	500	842	roadmap_epigenomics H3K27ac	NA	NA	H3K27ac	NA	NA	E008-H3K27ac.narrowPeak	5.15656728557904e-98	220688
2	509	roadmap_epigenomics	97.9975446084763	5.25653025550534	2381	234	72	34	234	113	1087	257	617	roadmap_epigenomics	NA	NA	NA	NA	NA	E056-DNase.macs2.narrowPeak	9.65271060734212e-98	397102
2	1101	roadmap_epigenomics	97.8793618090648	4.19325000415568	2151	235	261	283	283	260	874	487	830	roadmap_epigenomics H2A.Z	NA	NA	H2A.Z	NA	NA	E129-H2A.Z.narrowPeak	1.2617696607608e-97	144805
2	947	roadmap_epigenomics	97.6910485489669	3.85709752332171	1879	236	368	581	581	395	666	759	1038	roadmap_epigenomics H3K4me1	NA	NA	H3K4me1	NA	NA	E116-H3K4me1.narrowPeak	1.93842588239966e-97	129094
2	700	roadmap_epigenomics	97.6734621603319	4.04619981503096	2078	237	300	374	374	304	815	560	889	roadmap_epigenomics	NA	NA	NA	NA	NA	E085-DNase.hotspot.all.peaks.bed	2.01001475549717e-97	101917
2	61	roadmap_epigenomics	97.6693611759557	4.06250521376642	2088	238	295	363	363	299	823	550	881	roadmap_epigenomics H3K9ac	NA	NA	H3K9ac	NA	NA	E004-H3K9ac.narrowPeak	2.02055938439002e-97	93600
2	103	roadmap_epigenomics	97.6407018183751	3.93294930885996	1990	239	338	485	485	354	747	648	957	roadmap_epigenomics H3K4ac	NA	NA	H3K4ac	NA	NA	E006-H3K4ac.narrowPeak	2.14936430713893e-97	187901
2	204	roadmap_epigenomics	97.5366873231038	3.84065592553533	1844	240	373	619	619	411	642	794	1062	roadmap_epigenomics H3K27ac	NA	NA	H3K27ac	NA	NA	E015-H3K27ac.narrowPeak	2.71963854110775e-97	106159
2	127	roadmap_epigenomics	97.3992676507303	4.27005214243627	2187	241	236	238	241	238	906	451	798	roadmap_epigenomics H3K4me1	NA	NA	H3K4me1	NA	NA	E007-H3K4me1.narrowPeak	3.71642231086638e-97	262404
2	209	roadmap_epigenomics	97.3949393627659	4.25097746844274	2180	242	242	249	249	244	900	458	804	roadmap_epigenomics H3K9ac	NA	NA	H3K9ac	NA	NA	E015-H3K9ac.narrowPeak	3.73813535829743e-97	116131
2	485	roadmap_epigenomics	97.0617351743614	4.03549062186086	2082	243	305	369	369	306	820	556	884	roadmap_epigenomics H3K4me3	NA	NA	H3K4me3	NA	NA	E052-H3K4me3.narrowPeak	7.98931232890483e-97	77026
2	202	roadmap_epigenomics	97.0615105260743	3.89749086420316	1969	244	353	508	508	368	733	669	971	roadmap_epigenomics H3K9ac	NA	NA	H3K9ac	NA	NA	E014-H3K9ac.narrowPeak	7.98931232890483e-97	74747
2	245	roadmap_epigenomics	96.8326838961292	4.2569695298089	1296	245	239	868	868	451	315	1342	1389	roadmap_epigenomics H4K20me1	NA	NA	H4K20me1	NA	NA	E017-H4K20me1.narrowPeak	1.34759618063753e-96	192735
2	658	roadmap_epigenomics	96.8057994019036	4.79977158103668	2323	246	141	78	246	155	1032	315	672	roadmap_epigenomics	NA	NA	NA	NA	NA	E080-DNase.hotspot.fdr0.01.peaks.bed	1.42782585842454e-96	215699
2	572	roadmap_epigenomics	96.735713145795	3.94267376067225	2022	247	332	441	441	340	774	616	930	roadmap_epigenomics H3K27ac	NA	NA	H3K27ac	NA	NA	E067-H3K27ac.narrowPeak	1.67108927861761e-96	171902
2	1024	roadmap_epigenomics	96.728369155913	6.01631402011668	900	248	13	1034	1034	432	135	1738	1569	roadmap_epigenomics H3K9me1	NA	NA	H3K9me1	NA	NA	E122-H3K9me1.narrowPeak	1.69273477064686e-96	25444
2	505	roadmap_epigenomics	96.7186554572182	4.31561917852252	2210	249	226	204	249	226	928	428	776	roadmap_epigenomics H3K4me3	NA	NA	H3K4me3	NA	NA	E055-H3K4me3.narrowPeak	1.72407020926555e-96	115193
2	57	roadmap_epigenomics	96.6716465179187	3.87754637765534	1958	250	360	516	516	375	726	680	978	roadmap_epigenomics H3K4me2	NA	NA	H3K4me2	NA	NA	E004-H3K4me2.narrowPeak	1.91347690731632e-96	59056
2	703	roadmap_epigenomics	96.5963024517662	4.04250994383162	2094	251	303	356	356	303	831	544	873	roadmap_epigenomics H3K27ac	NA	NA	H3K27ac	NA	NA	E085-H3K27ac.narrowPeak	2.26690634828437e-96	130166
2	971	roadmap_epigenomics	96.3987014844946	3.93335519084978	2022	252	337	441	441	343	775	616	929	roadmap_epigenomics H3K4me1	NA	NA	H3K4me1	NA	NA	E118-H3K4me1.narrowPeak	3.55883396409212e-96	142346
2	14	roadmap_epigenomics	96.3727714461449	5.01263480412141	2358	253	102	54	253	136	1068	280	636	roadmap_epigenomics	NA	NA	NA	NA	NA	E003-DNase.hotspot.fdr0.01.peaks.bed	3.76285761067028e-96	181790
2	965	roadmap_epigenomics	96.2977470698764	3.7981916502442	1733	254	385	672	672	437	571	905	1133	roadmap_epigenomics H4K20me1	NA	NA	H4K20me1	NA	NA	E117-H4K20me1.narrowPeak	4.45480773872025e-96	124987
2	722	roadmap_epigenomics	96.2907674406207	3.88072344136198	1974	255	359	504	504	373	739	664	965	roadmap_epigenomics H3K4me3	NA	NA	H3K4me3	NA	NA	E087-H3K4me3.narrowPeak	4.50922733327726e-96	35931
2	698	roadmap_epigenomics	96.2218207667213	4.05141116930652	2105	256	298	339	339	298	841	533	863	roadmap_epigenomics H3K4me3	NA	NA	H3K4me3	NA	NA	E084-H3K4me3.narrowPeak	5.26440169025032e-96	40136
2	727	roadmap_epigenomics	96.0913957597305	5.88944562096674	2444	257	18	10	257	95	1161	194	543	roadmap_epigenomics	NA	NA	NA	NA	NA	E088-DNase.macs2.narrowPeak	7.08077621430411e-96	530673
2	270	roadmap_epigenomics	96.0892226144131	5.07805740762724	2368	258	91	46	258	132	1079	270	625	roadmap_epigenomics	NA	NA	NA	NA	NA	E021-DNase.hotspot.fdr0.01.peaks.bed	7.08871362151456e-96	182710
2	50	roadmap_epigenomics	96.0704320405182	3.94017638326545	2035	259	334	430	430	341	786	603	918	roadmap_epigenomics H3K18ac	NA	NA	H3K18ac	NA	NA	E004-H3K18ac.narrowPeak	7.37357237364481e-96	141200
2	275	roadmap_epigenomics	96.0391437878821	3.93430239019774	2031	260	336	433	433	343	783	607	921	roadmap_epigenomics H3K4me1	NA	NA	H3K4me1	NA	NA	E021-H3K4me1.narrowPeak	7.89391809687172e-96	187283
2	694	roadmap_epigenomics	96.0109654638139	3.98417570037423	2068	261	318	385	385	321	812	570	892	roadmap_epigenomics H3K27ac	NA	NA	H3K27ac	NA	NA	E084-H3K27ac.narrowPeak	8.39080794539994e-96	121559
2	866	roadmap_epigenomics	95.8706153808716	4.06197453621326	2116	262	296	328	328	295	851	522	853	roadmap_epigenomics H3K27ac	NA	NA	H3K27ac	NA	NA	E106-H3K27ac.narrowPeak	1.15476358396132e-95	184602
2	628	roadmap_epigenomics	95.8286407041609	4.48397811054231	2265	263	189	136	263	196	980	373	724	roadmap_epigenomics H3K4me1	NA	NA	H3K4me1	NA	NA	E075-H3K4me1.narrowPeak	1.26710702665777e-95	196719
2	1090	roadmap_epigenomics	95.7452893913054	3.90052774447549	2009	264	352	465	465	360	767	629	937	roadmap_epigenomics H2A.Z	NA	NA	H2A.Z	NA	NA	E128-H2A.Z.narrowPeak	1.52938361736561e-95	88185
2	1077	roadmap_epigenomics	95.6931342829102	4.1368320035511	2154	265	275	280	280	273	883	484	821	roadmap_epigenomics H2A.Z	NA	NA	H2A.Z	NA	NA	E127-H2A.Z.narrowPeak	1.71802545833361e-95	137462
2	604	roadmap_epigenomics	95.6681456156188	3.95430834688614	2054	266	327	402	402	332	802	584	902	roadmap_epigenomics H3K27ac	NA	NA	H3K27ac	NA	NA	E072-H3K27ac.narrowPeak	1.81293611149687e-95	177783
2	154	roadmap_epigenomics	95.611748633867	4.20372038260473	2182	267	257	244	267	256	907	456	797	roadmap_epigenomics H3K4me2	NA	NA	H3K4me2	NA	NA	E008-H3K4me2.narrowPeak	2.05660011945466e-95	111374
2	66	roadmap_epigenomics	95.6058985978793	4.67640472326719	2308	268	162	96	268	175	1021	330	683	roadmap_epigenomics	NA	NA	NA	NA	NA	E005-DNase.macs2.narrowPeak	2.07671241886475e-95	271969
2	625	roadmap_epigenomics	95.5517031990101	3.96690862723584	2065	269	322	392	392	328	811	573	893	roadmap_epigenomics H3K27ac	NA	NA	H3K27ac	NA	NA	E075-H3K27ac.narrowPeak	2.34398200326827e-95	146119
2	32	roadmap_epigenomics	95.4683764177781	4.73146621327558	2319	270	154	86	270	170	1032	319	672	roadmap_epigenomics H3K4me2	NA	NA	H3K4me2	NA	NA	E003-H3K4me2.narrowPeak	2.82923856971262e-95	217090
2	315	roadmap_epigenomics	95.3107061764423	4.90447751163961	2348	271	122	59	271	151	1061	290	643	roadmap_epigenomics H3K9ac	NA	NA	H3K9ac	NA	NA	E027-H3K9ac.narrowPeak	4.05260508112179e-95	217726
2	104	roadmap_epigenomics	95.2668760538412	5.19676706354554	2386	272	79	29	272	127	1100	252	604	roadmap_epigenomics H3K4me1	NA	NA	H3K4me1	NA	NA	E006-H3K4me1.narrowPeak	4.46647383349225e-95	392101
2	570	roadmap_epigenomics	94.9554505641329	3.92903912269235	2050	273	340	407	407	340	801	588	903	roadmap_epigenomics H3K9ac	NA	NA	H3K9ac	NA	NA	E066-H3K9ac.narrowPeak	9.11583678548817e-95	109594
2	222	roadmap_epigenomics	94.8669317351796	3.75748759211716	1802	274	397	640	640	437	621	836	1083	roadmap_epigenomics H2AK5ac	NA	NA	H2AK5ac	NA	NA	E017-H2AK5ac.narrowPeak	1.11359546570197e-94	296165
2	47	roadmap_epigenomics	94.5341442034986	3.80043621409521	1933	275	383	536	536	398	714	705	990	roadmap_epigenomics H2BK120ac	NA	NA	H2BK120ac	NA	NA	E004-H2BK120ac.narrowPeak	2.37990351424632e-94	149531
2	557	roadmap_epigenomics	94.5339413195599	4.02408365722848	2116	276	309	328	328	304	855	522	849	roadmap_epigenomics H3K9ac	NA	NA	H3K9ac	NA	NA	E063-H3K9ac.narrowPeak	2.37990351424632e-94	112712
2	223	roadmap_epigenomics	94.4120298702922	3.79309898642	1927	277	386	540	540	401	710	711	994	roadmap_epigenomics H2AK9ac	NA	NA	H2AK9ac	NA	NA	E017-H2AK9ac.narrowPeak	3.13978646210319e-94	85385
2	609	roadmap_epigenomics	94.3761170936674	4.14426532555129	2173	278	271	257	278	269	903	465	801	roadmap_epigenomics H3K9ac	NA	NA	H3K9ac	NA	NA	E072-H3K9ac.narrowPeak	3.39819160251285e-94	165236
2	227	roadmap_epigenomics	94.3329068197682	4.25848849003021	1249	279	238	884	884	467	297	1389	1407	roadmap_epigenomics H2BK20ac	NA	NA	H2BK20ac	NA	NA	E017-H2BK20ac.narrowPeak	3.74023361329192e-94	200922
2	851	roadmap_epigenomics	94.1942199055101	4.22780540278202	2206	280	253	210	280	248	932	432	772	roadmap_epigenomics H3K4me3	NA	NA	H3K4me3	NA	NA	E103-H3K4me3.narrowPeak	5.12898956009406e-94	93750
2	972	roadmap_epigenomics	94.1299557921296	4.08712241903926	2152	281	284	281	284	282	886	486	818	roadmap_epigenomics H3K4me2	NA	NA	H3K4me2	NA	NA	E118-H3K4me2.narrowPeak	5.92580887244037e-94	96755
2	583	roadmap_epigenomics	94.0683475073124	4.23297701568405	2209	282	250	206	282	246	935	429	769	roadmap_epigenomics H3K4me3	NA	NA	H3K4me3	NA	NA	E068-H3K4me3.narrowPeak	6.80476507351676e-94	89967
2	27	roadmap_epigenomics	94.0053201398677	3.87333646138323	2027	283	366	437	437	362	786	611	918	roadmap_epigenomics H3K27ac	NA	NA	H3K27ac	NA	NA	E003-H3K27ac.narrowPeak	7.83976737921033e-94	166837
2	803	roadmap_epigenomics	93.9471176567489	3.8354682419838	1994	284	376	482	482	381	761	644	943	roadmap_epigenomics H3K27ac	NA	NA	H3K27ac	NA	NA	E097-H3K27ac.narrowPeak	8.93251501978286e-94	194850
2	449	roadmap_epigenomics	93.8980102656826	4.17360468079599	2190	285	265	233	285	261	919	448	785	roadmap_epigenomics H3K9ac	NA	NA	H3K9ac	NA	NA	E047-H3K9ac.narrowPeak	9.96677435886401e-94	147914
2	707	roadmap_epigenomics	93.8395990271335	4.01593078762345	2122	286	312	321	321	306	862	516	842	roadmap_epigenomics H3K4me3	NA	NA	H3K4me3	NA	NA	E085-H3K4me3.narrowPeak	1.1361735943004e-93	43543
2	815	roadmap_epigenomics	93.7359361738165	5.05451889130936	2376	287	96	37	287	140	1094	262	610	roadmap_epigenomics H3K4me1	NA	NA	H3K4me1	NA	NA	E098-H3K4me1.narrowPeak	1.43744647226942e-93	293089
2	776	roadmap_epigenomics	93.6652808084179	4.43602006428797	2270	288	200	131	288	206	991	368	713	roadmap_epigenomics H3K4me1	NA	NA	H3K4me1	NA	NA	E093-H3K4me1.narrowPeak	1.68552987971736e-93	250705
2	1001	roadmap_epigenomics	93.609676972658	5.14100269983368	993	289	85	997	997	457	179	1645	1525	roadmap_epigenomics H4K20me1	NA	NA	H4K20me1	NA	NA	E120-H4K20me1.narrowPeak	1.9091275133522e-93	47891
2	826	roadmap_epigenomics	93.5651253833519	5.31010015785017	2405	290	67	19	290	125	1125	233	579	roadmap_epigenomics	NA	NA	NA	NA	NA	E100-DNase.macs2.narrowPeak	2.10807651812084e-93	441628
2	105	roadmap_epigenomics	93.5377731615881	4.51955041191516	2290	291	186	109	291	195	1010	348	694	roadmap_epigenomics H3K4me2	NA	NA	H3K4me2	NA	NA	E006-H3K4me2.narrowPeak	2.23739983311515e-93	170555
2	40	roadmap_epigenomics	93.4550285139194	3.77957441331981	1945	292	390	523	523	402	726	693	978	roadmap_epigenomics H4K5ac	NA	NA	H4K5ac	NA	NA	E003-H4K5ac.narrowPeak	2.69772941012287e-93	130639
2	1020	roadmap_epigenomics	93.3981927828776	3.95783637378804	2097	293	326	352	352	324	843	541	861	roadmap_epigenomics H3K4me2	NA	NA	H3K4me2	NA	NA	E122-H3K4me2.narrowPeak	3.06442748358986e-93	99492
2	1083	roadmap_epigenomics	93.2519679416034	4.07089452142885	2156	294	288	277	294	286	892	482	812	roadmap_epigenomics H3K4me3	NA	NA	H3K4me3	NA	NA	E127-H3K4me3.narrowPeak	4.27655911734489e-93	83151
2	1082	roadmap_epigenomics	93.2280783656118	4.30805495081663	2240	295	227	164	295	229	965	398	739	roadmap_epigenomics H3K4me2	NA	NA	H3K4me2	NA	NA	E127-H3K4me2.narrowPeak	4.50307697019807e-93	129570
2	161	roadmap_epigenomics	93.1859074402213	3.71643025552518	1827	296	416	628	628	447	643	811	1061	roadmap_epigenomics H3T11ph	NA	NA	H3T11ph	NA	NA	E008-H3T11ph.narrowPeak	4.94550449173388e-93	108647
2	137	roadmap_epigenomics	92.9781621354805	4.97121150186001	2369	297	108	44	297	150	1089	269	615	roadmap_epigenomics	NA	NA	NA	NA	NA	E008-DNase.macs2.narrowPeak	7.95227091690441e-93	244359
2	510	roadmap_epigenomics	92.8654357929948	4.43150643820433	2275	298	201	124	298	208	998	363	706	roadmap_epigenomics H3K27ac	NA	NA	H3K27ac	NA	NA	E056-H3K27ac.narrowPeak	1.02744289879967e-92	271197
2	691	roadmap_epigenomics	92.8070104392464	3.83342094808051	2021	299	378	444	444	374	785	617	919	roadmap_epigenomics	NA	NA	NA	NA	NA	E084-DNase.hotspot.all.peaks.bed	1.17146178118879e-92	97138
2	771	roadmap_epigenomics	92.7855034001016	4.16845971331376	2200	300	266	220	300	262	931	438	773	roadmap_epigenomics	NA	NA	NA	NA	NA	E093-DNase.hotspot.fdr0.01.peaks.bed	1.22683200494794e-92	133624
2	153	roadmap_epigenomics	92.6366425347125	3.71159730084024	1659	301	419	713	713	478	534	979	1170	roadmap_epigenomics H3K4me1	NA	NA	H3K4me1	NA	NA	E008-H3K4me1.narrowPeak	1.72266456973899e-92	135771
2	979	roadmap_epigenomics	92.6169055841451	4.25202714562581	2229	302	241	176	302	240	957	409	747	roadmap_epigenomics H2A.Z	NA	NA	H2A.Z	NA	NA	E119-H2A.Z.narrowPeak	1.79678959850607e-92	137376
2	96	roadmap_epigenomics	92.3033500906928	3.85588801926134	2050	303	369	407	407	360	809	588	895	roadmap_epigenomics H2BK5ac	NA	NA	H2BK5ac	NA	NA	E006-H2BK5ac.narrowPeak	3.68652372105932e-92	169022
2	663	roadmap_epigenomics	92.227926772401	4.76956196269434	2344	304	146	60	304	170	1066	294	638	roadmap_epigenomics H3K4me1	NA	NA	H3K4me1	NA	NA	E080-H3K4me1.narrowPeak	4.37128775059273e-92	279457
2	811	roadmap_epigenomics	92.169014026494	5.25474850277349	2405	305	73	19	305	132	1129	233	575	roadmap_epigenomics	NA	NA	NA	NA	NA	E098-DNase.macs2.narrowPeak	4.98994646265516e-92	349441
2	1054	roadmap_epigenomics	92.1554850892547	3.71263250153672	1894	306	418	569	569	431	693	744	1011	roadmap_epigenomics H3K27ac	NA	NA	H3K27ac	NA	NA	E125-H3K27ac.narrowPeak	5.13101443190998e-92	117634
2	630	roadmap_epigenomics	92.0791517534804	4.15033101965336	2201	307	268	219	307	265	934	437	770	roadmap_epigenomics H3K9ac	NA	NA	H3K9ac	NA	NA	E075-H3K9ac.narrowPeak	6.097048124648e-92	109949
2	898	roadmap_epigenomics	92.0482618103562	3.9808795918822	2130	308	319	307	319	311	874	508	830	roadmap_epigenomics H3K9ac	NA	NA	H3K9ac	NA	NA	E110-H3K9ac.narrowPeak	6.52525104786846e-92	89018
2	768	roadmap_epigenomics	92.0149585397608	3.9208352820522	2098	309	345	351	351	335	848	540	856	roadmap_epigenomics H3K4me3	NA	NA	H3K4me3	NA	NA	E092-H3K4me3.narrowPeak	7.02251592520968e-92	39260
2	317	roadmap_epigenomics	92.0091015836376	3.7992870189483	2010	310	384	462	462	385	779	628	925	roadmap_epigenomics	NA	NA	NA	NA	NA	E028-DNase.hotspot.all.peaks.bed	7.09490319932252e-92	103263
2	279	roadmap_epigenomics	91.9095749500388	4.8875871274886	2363	311	126	51	311	163	1086	275	618	roadmap_epigenomics	NA	NA	NA	NA	NA	E022-DNase.hotspot.fdr0.01.peaks.bed	8.89353488357482e-92	191448
2	888	roadmap_epigenomics	91.9035660183949	3.92986151903299	2105	312	339	339	339	330	854	533	850	roadmap_epigenomics H3K27ac	NA	NA	H3K27ac	NA	NA	E109-H3K27ac.narrowPeak	8.98853967071199e-92	194782
2	516	roadmap_epigenomics	91.883843126805	3.73618713060608	1944	313	406	524	524	414	730	694	974	roadmap_epigenomics	NA	NA	NA	NA	NA	E057-DNase.hotspot.all.peaks.bed	9.37610122938574e-92	102170
2	44	roadmap_epigenomics	91.8796406019374	4.78975055088433	2349	314	144	58	314	172	1072	289	632	roadmap_epigenomics	NA	NA	NA	NA	NA	E004-DNase.hotspot.fdr0.01.peaks.bed	9.43712053137539e-92	238986
2	496	roadmap_epigenomics	91.8253545942122	3.92068496344648	2101	315	346	348	348	336	851	537	853	roadmap_epigenomics H3K4me3	NA	NA	H3K4me3	NA	NA	E054-H3K4me3.narrowPeak	1.06596907116432e-91	59260
2	590	roadmap_epigenomics	91.7233067240343	4.06593454852843	2173	316	294	257	316	289	911	465	793	roadmap_epigenomics H3K4me3	NA	NA	H3K4me3	NA	NA	E069-H3K4me3.narrowPeak	1.34405160949789e-91	79806
2	67	roadmap_epigenomics	91.7139241196972	4.61010421955018	2320	317	172	84	317	191	1044	318	660	roadmap_epigenomics H2A.Z	NA	NA	H2A.Z	NA	NA	E005-H2A.Z.narrowPeak	1.36551868539868e-91	202104
2	4	roadmap_epigenomics	91.7136849846531	4.08315682489767	2180	318	286	249	318	284	917	458	787	roadmap_epigenomics H3K4me3	NA	NA	H3K4me3	NA	NA	E001-H3K4me3.narrowPeak	1.36551868539868e-91	92429
2	782	roadmap_epigenomics	91.6583028992914	3.74082431872697	1958	319	402	516	516	412	741	680	963	roadmap_epigenomics H3K27ac	NA	NA	H3K27ac	NA	NA	E094-H3K27ac.narrowPeak	1.54637980572276e-91	98193
2	518	roadmap_epigenomics	91.6371433281659	4.9526639799273	2373	320	112	42	320	158	1097	265	607	roadmap_epigenomics	NA	NA	NA	NA	NA	E057-DNase.macs2.narrowPeak	1.6185139443844e-91	290255
2	1088	roadmap_epigenomics	91.6350406269149	4.74305257410992	1052	321	149	963	963	478	209	1586	1495	roadmap_epigenomics H4K20me1	NA	NA	H4K20me1	NA	NA	E127-H4K20me1.narrowPeak	1.62130265020274e-91	66330
2	824	roadmap_epigenomics	91.3915889094032	3.73933416760115	1965	322	403	511	511	412	747	673	957	roadmap_epigenomics	NA	NA	NA	NA	NA	E100-DNase.hotspot.all.peaks.bed	2.83116363157619e-91	100209
2	1009	roadmap_epigenomics	91.0624620547361	3.8204670193835	2049	323	379	411	411	371	812	589	892	roadmap_epigenomics H3K4me3	NA	NA	H3K4me3	NA	NA	E121-H3K4me3.narrowPeak	6.02206133982057e-91	69233
2	372	roadmap_epigenomics	90.9204318901956	3.90232693987814	2105	324	350	339	350	338	857	533	847	roadmap_epigenomics H3K4me1	NA	NA	H3K4me1	NA	NA	E035-H3K4me1.narrowPeak	8.32593184569599e-91	126220
2	1065	roadmap_epigenomics	90.8834225648288	3.74526431495161	1987	325	400	489	489	405	765	651	939	roadmap_epigenomics H2A.Z	NA	NA	H2A.Z	NA	NA	E126-H2A.Z.narrowPeak	9.03865533645917e-91	69033
2	69	roadmap_epigenomics	90.8439834950893	3.92182902723362	2117	326	344	326	344	332	867	521	837	roadmap_epigenomics H2BK120ac	NA	NA	H2BK120ac	NA	NA	E005-H2BK120ac.narrowPeak	9.86753457425229e-91	261051
2	643	roadmap_epigenomics	90.8214053436326	3.86778761966753	2086	327	367	366	367	353	842	552	862	roadmap_epigenomics H3K9ac	NA	NA	H3K9ac	NA	NA	E077-H3K9ac.narrowPeak	1.03623117915555e-90	96957
2	961	roadmap_epigenomics	90.7270118151524	3.72472841376306	1969	328	413	508	508	416	752	669	952	roadmap_epigenomics H3K4me3	NA	NA	H3K4me3	NA	NA	E117-H3K4me3.narrowPeak	1.28387899338388e-90	60631
2	72	roadmap_epigenomics	90.6791020923537	3.94310905396229	2131	329	331	306	331	322	879	507	825	roadmap_epigenomics H3K14ac	NA	NA	H3K14ac	NA	NA	E005-H3K14ac.narrowPeak	1.4292617183206e-90	204548
2	195	roadmap_epigenomics	90.6371297811228	3.73765147366877	1986	330	405	491	491	409	765	652	939	roadmap_epigenomics H3K4me3	NA	NA	H3K4me3	NA	NA	E013-H3K4me3.narrowPeak	1.56951702480748e-90	28003
2	55	roadmap_epigenomics	90.5173862195903	3.91264391072418	2117	331	348	326	348	335	868	521	836	roadmap_epigenomics H3K4ac	NA	NA	H3K4ac	NA	NA	E004-H3K4ac.narrowPeak	2.06155790877563e-90	176127
2	833	roadmap_epigenomics	90.5048748427239	3.87532047955916	2096	332	362	354	362	349	851	542	853	roadmap_epigenomics H3K27ac	NA	NA	H3K27ac	NA	NA	E101-H3K27ac.narrowPeak	2.11542106903674e-90	137582
2	806	roadmap_epigenomics	90.2510257918996	3.90238289466751	2116	333	349	328	349	337	868	522	836	roadmap_epigenomics H3K4me1	NA	NA	H3K4me1	NA	NA	E097-H3K4me1.narrowPeak	3.78390066276424e-90	316356
2	642	roadmap_epigenomics	90.1266468071381	4.30421879462988	2265	334	229	136	334	233	997	373	707	roadmap_epigenomics H3K4me3	NA	NA	H3K4me3	NA	NA	E077-H3K4me3.narrowPeak	5.02361649737072e-90	105842
2	680	roadmap_epigenomics	90.0868762520781	3.77101495405324	2031	335	393	433	433	387	801	607	903	roadmap_epigenomics H3K4me3	NA	NA	H3K4me3	NA	NA	E082-H3K4me3.narrowPeak	5.48894264538383e-90	40821
2	1015	roadmap_epigenomics	90.0834573198007	3.88418853942424	2108	336	358	336	358	343	862	530	842	roadmap_epigenomics H2A.Z	NA	NA	H2A.Z	NA	NA	E122-H2A.Z.narrowPeak	5.51585898487472e-90	124665
2	552	roadmap_epigenomics	90.0177725710356	3.69647340220351	1958	337	425	516	516	426	746	680	958	roadmap_epigenomics H3K27ac	NA	NA	H3K27ac	NA	NA	E063-H3K27ac.narrowPeak	6.3928893935288e-90	123465
2	457	roadmap_epigenomics	90.0167958610878	3.66765970134184	1917	338	432	550	550	440	716	721	988	roadmap_epigenomics H3K27ac	NA	NA	H3K27ac	NA	NA	E049-H3K27ac.narrowPeak	6.3928893935288e-90	126902
2	746	roadmap_epigenomics	89.9251804386574	3.73115731221	1999	339	409	477	477	408	777	639	927	roadmap_epigenomics H3K27ac	NA	NA	H3K27ac	NA	NA	E090-H3K27ac.narrowPeak	7.87099461127408e-90	148419
2	875	roadmap_epigenomics	89.8807640444193	3.87500625466836	2106	340	363	338	363	347	861	532	843	roadmap_epigenomics H3K4me3	NA	NA	H3K4me3	NA	NA	E107-H3K4me3.narrowPeak	8.69294216966392e-90	80526
2	63	roadmap_epigenomics	89.8716719679357	3.79183133687132	2052	341	388	405	405	378	818	586	886	roadmap_epigenomics H4K8ac	NA	NA	H4K8ac	NA	NA	E004-H4K8ac.narrowPeak	8.85081788965173e-90	131576
2	83	roadmap_epigenomics	89.8345774174746	3.74789866295996	2017	342	399	454	454	398	791	621	913	roadmap_epigenomics H3K79me2	NA	NA	H3K79me2	NA	NA	E005-H3K79me2.narrowPeak	9.61183326140178e-90	154809
2	86	roadmap_epigenomics	89.6661348519848	4.26305223779465	2258	343	237	142	343	241	992	380	712	roadmap_epigenomics H4K12ac	NA	NA	H4K12ac	NA	NA	E005-H4K12ac.narrowPeak	1.41247503285669e-89	157052
2	172	roadmap_epigenomics	89.5155553002592	3.8745018330467	2112	344	365	332	365	347	867	526	837	roadmap_epigenomics H2A.Z	NA	NA	H2A.Z	NA	NA	E010-H2A.Z.narrowPeak	1.99203061682062e-89	113363
2	636	roadmap_epigenomics	89.4583720232369	3.83962510255333	2092	345	374	358	374	359	851	546	853	roadmap_epigenomics H3K4me3	NA	NA	H3K4me3	NA	NA	E076-H3K4me3.narrowPeak	2.26578466751666e-89	72243
2	146	roadmap_epigenomics	89.4185401123567	4.03403811077987	2187	346	306	238	346	297	930	451	774	roadmap_epigenomics H3K18ac	NA	NA	H3K18ac	NA	NA	E008-H3K18ac.narrowPeak	2.47624459602967e-89	148881
2	602	roadmap_epigenomics	89.2363834233803	4.08017943947428	2206	347	287	210	347	281	947	432	757	roadmap_epigenomics H3K4me3	NA	NA	H3K4me3	NA	NA	E071-H3K4me3.narrowPeak	3.75575153792233e-89	77102
2	840	roadmap_epigenomics	89.1813284888277	3.76765584418892	2048	348	395	414	414	386	817	590	887	roadmap_epigenomics H3K27ac	NA	NA	H3K27ac	NA	NA	E102-H3K27ac.narrowPeak	4.25110683253287e-89	127503
2	615	roadmap_epigenomics	89.1260595026935	3.97403263211135	2166	349	321	264	349	311	913	472	791	roadmap_epigenomics H3K4me3	NA	NA	H3K4me3	NA	NA	E073-H3K4me3.narrowPeak	4.81420769008194e-89	75872
2	1107	roadmap_epigenomics	89.0306380982915	3.8469093895661	2104	350	370	343	370	354	862	534	842	roadmap_epigenomics H3K4me3	NA	NA	H3K4me3	NA	NA	E129-H3K4me3.narrowPeak	5.98003339509674e-89	73663
2	837	roadmap_epigenomics	88.8769638588441	4.14826780286759	2232	351	269	172	351	264	971	406	733	roadmap_epigenomics H3K4me3	NA	NA	H3K4me3	NA	NA	E101-H3K4me3.narrowPeak	8.49451869741598e-89	96726
2	978	roadmap_epigenomics	88.8491296837838	4.77689379368244	2363	352	145	51	352	183	1095	275	609	roadmap_epigenomics	NA	NA	NA	NA	NA	E119-DNase.macs2.narrowPeak	9.031032489318e-89	292840
2	800	roadmap_epigenomics	88.8457666498431	3.6874390778893	1984	353	427	494	494	425	769	654	935	roadmap_epigenomics	NA	NA	NA	NA	NA	E097-DNase.hotspot.all.peaks.bed	9.07545476988171e-89	99584
2	618	roadmap_epigenomics	88.7360077540701	3.77023640237339	2059	354	394	396	396	381	827	579	877	roadmap_epigenomics H3K27ac	NA	NA	H3K27ac	NA	NA	E074-H3K27ac.narrowPeak	1.16519533129953e-88	158702
2	377	roadmap_epigenomics	88.644551607823	4.28123890115623	2271	355	234	130	355	240	1007	367	697	roadmap_epigenomics H3K4me1	NA	NA	H3K4me1	NA	NA	E036-H3K4me1.narrowPeak	1.43426628956479e-88	232778
2	882	roadmap_epigenomics	88.6282366363156	3.95279516673118	2163	356	328	266	356	317	912	475	792	roadmap_epigenomics H3K4me3	NA	NA	H3K4me3	NA	NA	E108-H3K4me3.narrowPeak	1.48498859307357e-88	92210
2	231	roadmap_epigenomics	88.3927431558046	3.57695222984269	1778	357	465	648	648	490	624	860	1080	roadmap_epigenomics H3K23ac	NA	NA	H3K23ac	NA	NA	E017-H3K23ac.narrowPeak	2.54682075249805e-88	154412
2	220	roadmap_epigenomics	88.368703182341	4.93503901373187	2386	358	117	29	358	168	1120	252	584	roadmap_epigenomics	NA	NA	NA	NA	NA	E017-DNase.macs2.narrowPeak	2.68425359197927e-88	398131
2	486	roadmap_epigenomics	88.331235058064	3.69635147454414	2007	359	426	469	469	418	788	631	916	roadmap_epigenomics H3K9ac	NA	NA	H3K9ac	NA	NA	E052-H3K9ac.narrowPeak	2.91796612144143e-88	98792
2	608	roadmap_epigenomics	88.0044277803006	3.94870629969859	2169	360	330	262	360	317	919	469	785	roadmap_epigenomics H3K4me3	NA	NA	H3K4me3	NA	NA	E072-H3K4me3.narrowPeak	6.17560444116811e-88	82143
2	524	roadmap_epigenomics	87.7698543529162	3.743800492032	2059	361	401	396	401	386	830	579	874	roadmap_epigenomics H3K27ac	NA	NA	H3K27ac	NA	NA	E058-H3K27ac.narrowPeak	1.05693479914366e-87	155109
2	812	roadmap_epigenomics	87.5551756629372	3.65273849351997	1984	362	440	494	494	432	773	654	931	roadmap_epigenomics H3K27ac	NA	NA	H3K27ac	NA	NA	E098-H3K27ac.narrowPeak	1.72792750780539e-87	102275
2	576	roadmap_epigenomics	87.1739035210691	3.84225377005878	2130	363	372	307	372	347	889	508	815	roadmap_epigenomics H3K4me3	NA	NA	H3K4me3	NA	NA	E067-H3K4me3.narrowPeak	4.14571655507857e-87	70953
2	229	roadmap_epigenomics	87.070314610925	3.54487671018943	1806	364	477	637	637	493	647	832	1057	roadmap_epigenomics H3K14ac	NA	NA	H3K14ac	NA	NA	E017-H3K14ac.narrowPeak	5.24799916601004e-87	195264
2	87	roadmap_epigenomics	86.9391263779074	3.92268730185874	2171	365	343	259	365	322	924	467	780	roadmap_epigenomics H4K8ac	NA	NA	H4K8ac	NA	NA	E005-H4K8ac.narrowPeak	7.07930314138199e-87	197762
2	731	roadmap_epigenomics	86.9073813635172	3.73049774261234	2067	366	410	389	410	388	839	571	865	roadmap_epigenomics H3K4me3	NA	NA	H3K4me3	NA	NA	E088-H3K4me3.narrowPeak	7.59534146025203e-87	96360
2	491	roadmap_epigenomics	86.7617508380478	3.66257087611574	2015	367	436	455	455	419	799	623	905	roadmap_epigenomics H3K4me3	NA	NA	H3K4me3	NA	NA	E053-H3K4me3.narrowPeak	1.05923628540148e-86	36677
2	102	roadmap_epigenomics	86.7023005326436	3.98068109496818	2197	368	320	226	368	305	947	441	757	roadmap_epigenomics H3K36me3	NA	NA	H3K36me3	NA	NA	E006-H3K36me3.narrowPeak	1.21132700844156e-86	368481
2	1004	roadmap_epigenomics	86.6377961795635	3.56585821524233	1897	369	470	566	566	468	712	741	992	roadmap_epigenomics H3K27ac	NA	NA	H3K27ac	NA	NA	E121-H3K27ac.narrowPeak	1.40148097365068e-86	117985
2	34	roadmap_epigenomics	86.6064339535752	3.53872572288612	1833	370	483	625	625	493	667	805	1037	roadmap_epigenomics H3K56ac	NA	NA	H3K56ac	NA	NA	E003-H3K56ac.narrowPeak	1.4993767800582e-86	86476
2	623	roadmap_epigenomics	86.6061250614043	3.68615877775931	2039	371	428	425	428	408	818	599	886	roadmap_epigenomics H3K9ac	NA	NA	H3K9ac	NA	NA	E074-H3K9ac.narrowPeak	1.4993767800582e-86	124462
2	649	roadmap_epigenomics	86.5967875712216	4.02759755102724	2215	372	308	199	372	293	963	423	741	roadmap_epigenomics H3K4me3	NA	NA	H3K4me3	NA	NA	E078-H3K4me3.narrowPeak	1.52784480143794e-86	74526
2	741	roadmap_epigenomics	86.5952608211243	3.61629836296225	1972	373	449	506	506	443	767	666	937	roadmap_epigenomics H3K4me3	NA	NA	H3K4me3	NA	NA	E089-H3K4me3.narrowPeak	1.52911482539732e-86	32241
2	58	roadmap_epigenomics	86.5902889355568	3.55958612875967	1887	374	472	573	573	473	705	751	999	roadmap_epigenomics H3K4me3	NA	NA	H3K4me3	NA	NA	E004-H3K4me3.narrowPeak	1.54258539132901e-86	41020
2	432	roadmap_epigenomics	86.5879828608444	3.72176324040586	2067	375	415	389	415	393	840	571	864	roadmap_epigenomics H3K4me1	NA	NA	H3K4me1	NA	NA	E045-H3K4me1.narrowPeak	1.54666274036796e-86	132617
2	596	roadmap_epigenomics	86.5380578405622	3.65982877479881	2018	376	437	453	453	422	802	620	902	roadmap_epigenomics H3K4me3	NA	NA	H3K4me3	NA	NA	E070-H3K4me3.narrowPeak	1.73046996737794e-86	41846
2	794	roadmap_epigenomics	86.5049012287317	3.94901186877182	2187	377	329	238	377	315	939	451	765	roadmap_epigenomics H3K27ac	NA	NA	H3K27ac	NA	NA	E096-H3K27ac.narrowPeak	1.86280404789175e-86	220045
2	686	roadmap_epigenomics	86.4612157996977	3.55196637221854	1878	378	475	585	585	479	699	760	1005	roadmap_epigenomics H3K36me3	NA	NA	H3K36me3	NA	NA	E083-H3K36me3.narrowPeak	2.05448110957602e-86	221146
2	26	roadmap_epigenomics	86.3120893832931	3.72718913344057	2076	379	411	378	411	389	848	562	856	roadmap_epigenomics H3K23me2	NA	NA	H3K23me2	NA	NA	E003-H3K23me2.narrowPeak	2.88855844166003e-86	95590
2	166	roadmap_epigenomics	86.1893068880137	4.14064845051464	2254	380	273	147	380	267	999	384	705	roadmap_epigenomics H2A.Z	NA	NA	H2A.Z	NA	NA	E009-H2A.Z.narrowPeak	3.82225156627357e-86	158512
2	242	roadmap_epigenomics	86.1451372708171	3.65034194693411	2019	381	441	450	450	424	804	619	900	roadmap_epigenomics H3K9ac	NA	NA	H3K9ac	NA	NA	E017-H3K9ac.narrowPeak	4.22034063485525e-86	130449
2	632	roadmap_epigenomics	86.113519089146	3.61226066046725	1982	382	450	498	498	443	776	656	928	roadmap_epigenomics H3K27ac	NA	NA	H3K27ac	NA	NA	E076-H3K27ac.narrowPeak	4.52717517927714e-86	142168
2	148	roadmap_epigenomics	85.7181620262283	4.01902564482043	2221	383	310	189	383	294	971	417	733	roadmap_epigenomics H3K23me2	NA	NA	H3K23me2	NA	NA	E008-H3K23me2.narrowPeak	1.12214493032356e-85	123622
2	144	roadmap_epigenomics	85.7044603784843	3.52014086782126	1638	384	491	722	722	532	541	1000	1163	roadmap_epigenomics H2BK5ac	NA	NA	H2BK5ac	NA	NA	E008-H2BK5ac.narrowPeak	1.15509618389688e-85	66830
2	645	roadmap_epigenomics	85.6837106866482	3.54418099546762	1904	385	478	559	559	474	720	734	984	roadmap_epigenomics H3K27ac	NA	NA	H3K27ac	NA	NA	E078-H3K27ac.narrowPeak	1.20847685122565e-85	97341
2	276	roadmap_epigenomics	85.4850883862289	3.60286871712233	1990	386	452	485	485	441	784	648	920	roadmap_epigenomics H3K4me3	NA	NA	H3K4me3	NA	NA	E021-H3K4me3.narrowPeak	1.90429427175172e-85	38867
2	985	roadmap_epigenomics	85.3297855254262	3.60061651779291	1992	387	454	484	484	442	786	646	918	roadmap_epigenomics H3K4me3	NA	NA	H3K4me3	NA	NA	E119-H3K4me3.narrowPeak	2.71589678809603e-85	41290
2	973	roadmap_epigenomics	85.2416950757456	3.66737892491188	2054	388	433	402	433	408	834	584	870	roadmap_epigenomics H3K4me3	NA	NA	H3K4me3	NA	NA	E118-H3K4me3.narrowPeak	3.31805018660574e-85	58435
2	844	roadmap_epigenomics	85.0883453650854	3.91533817053943	2190	389	347	233	389	323	946	448	758	roadmap_epigenomics H3K4me3	NA	NA	H3K4me3	NA	NA	E102-H3K4me3.narrowPeak	4.7110182376415e-85	83775
2	323	roadmap_epigenomics	84.8460365092512	3.58204278111216	1986	390	463	491	491	448	783	652	921	roadmap_epigenomics H3K4me3	NA	NA	H3K4me3	NA	NA	E028-H3K4me3.narrowPeak	8.20934742431646e-85	54966
2	737	roadmap_epigenomics	84.778255272016	3.52178322850401	1907	391	490	554	554	478	725	731	979	roadmap_epigenomics H3K27ac	NA	NA	H3K27ac	NA	NA	E089-H3K27ac.narrowPeak	9.57144972510715e-85	114750
2	847	roadmap_epigenomics	84.7134618904091	3.51108878912688	1890	392	494	571	571	486	713	748	991	roadmap_epigenomics H3K27ac	NA	NA	H3K27ac	NA	NA	E103-H3K27ac.narrowPeak	1.10831138499608e-84	119896
2	750	roadmap_epigenomics	84.6689636049688	3.59990807306296	2009	393	455	465	465	438	801	629	903	roadmap_epigenomics H3K4me3	NA	NA	H3K4me3	NA	NA	E090-H3K4me3.narrowPeak	1.22476733931973e-84	35057
2	948	roadmap_epigenomics	84.6545227433399	3.69825596152722	2087	394	423	365	423	394	862	551	842	roadmap_epigenomics H3K4me2	NA	NA	H3K4me2	NA	NA	E116-H3K4me2.narrowPeak	1.26296346293888e-84	124500
2	807	roadmap_epigenomics	84.6532578544029	3.59535818340953	2005	395	460	472	472	442	798	633	906	roadmap_epigenomics H3K4me3	NA	NA	H3K4me3	NA	NA	E097-H3K4me3.narrowPeak	1.26344052229121e-84	41526
2	304	roadmap_epigenomics	84.5323466216626	3.49273472331497	1861	396	498	602	602	499	693	777	1011	roadmap_epigenomics H3K27ac	NA	NA	H3K27ac	NA	NA	E026-H3K27ac.narrowPeak	1.66482252922581e-84	107716
2	255	roadmap_epigenomics	84.472612973977	3.54275178775991	1521	397	479	787	787	554	473	1117	1231	roadmap_epigenomics H3K27ac	NA	NA	H3K27ac	NA	NA	E019-H3K27ac.narrowPeak	1.90548823289611e-84	53191
2	858	roadmap_epigenomics	84.4202386106448	3.66823203378714	2071	398	431	383	431	404	850	567	854	roadmap_epigenomics H3K4me3	NA	NA	H3K4me3	NA	NA	E104-H3K4me3.narrowPeak	2.144312460241e-84	42254
2	822	roadmap_epigenomics	84.3682984517043	3.5638484165867	1980	399	471	499	499	456	780	658	924	roadmap_epigenomics H3K4me3	NA	NA	H3K4me3	NA	NA	E099-H3K4me3.narrowPeak	2.41067355954322e-84	38242
2	659	roadmap_epigenomics	84.2702998143753	4.93395677152253	2404	400	119	21	400	180	1151	234	553	roadmap_epigenomics	NA	NA	NA	NA	NA	E080-DNase.macs2.narrowPeak	3.01335255615527e-84	420510
2	221	roadmap_epigenomics	84.2329771045252	3.96592614593484	2218	401	323	196	401	307	973	420	731	roadmap_epigenomics H2A.Z	NA	NA	H2A.Z	NA	NA	E017-H2A.Z.narrowPeak	3.27558048301562e-84	121643
2	522	roadmap_epigenomics	84.2246792735981	3.66717937177634	2074	402	434	379	434	405	853	564	851	roadmap_epigenomics H3K4me3	NA	NA	H3K4me3	NA	NA	E057-H3K4me3.narrowPeak	3.33046155864704e-84	48504
2	537	roadmap_epigenomics	84.0712969269492	3.61679404356261	2039	403	447	425	447	425	826	599	878	roadmap_epigenomics H3K4me3	NA	NA	H3K4me3	NA	NA	E059-H3K4me3.narrowPeak	4.71771237675715e-84	47573
2	543	roadmap_epigenomics	84.0712969269492	3.61679404356261	2039	403	447	425	447	425	826	599	878	roadmap_epigenomics H3K4me3	NA	NA	H3K4me3	NA	NA	E061-H3K4me3.narrowPeak	4.71771237675715e-84	39368
2	716	roadmap_epigenomics	83.9143554742464	3.48039670856128	1871	405	506	590	590	500	702	767	1002	roadmap_epigenomics H3K9ac	NA	NA	H3K9ac	NA	NA	E086-H3K9ac.narrowPeak	6.75459407098944e-84	45031
2	408	roadmap_epigenomics	83.8752831620213	3.84381723672612	2175	406	371	254	406	344	937	463	767	roadmap_epigenomics H3K4me1	NA	NA	H3K4me1	NA	NA	E041-H3K4me1.narrowPeak	7.3722585248275e-84	159193
2	473	roadmap_epigenomics	83.8276653174166	3.81533598784938	2163	407	381	266	407	351	927	475	777	roadmap_epigenomics	NA	NA	NA	NA	NA	E051-DNase.hotspot.all.peaks.bed	8.20634980427357e-84	105226
2	402	roadmap_epigenomics	83.7595708528875	3.76564830232704	2140	408	396	294	408	366	908	498	796	roadmap_epigenomics H3K4me1	NA	NA	H3K4me1	NA	NA	E040-H3K4me1.narrowPeak	9.57588090116544e-84	147396
2	248	roadmap_epigenomics	83.7311806638102	3.46955275995901	1856	409	510	609	609	509	692	782	1012	roadmap_epigenomics H4K91ac	NA	NA	H4K91ac	NA	NA	E017-H4K91ac.narrowPeak	1.01977833237826e-83	263787
2	70	roadmap_epigenomics	83.6872703364299	3.49174697728268	1905	410	499	558	558	489	727	733	977	roadmap_epigenomics H2BK12ac	NA	NA	H2BK12ac	NA	NA	E005-H2BK12ac.narrowPeak	1.12322895391203e-83	257315
2	660	roadmap_epigenomics	83.6870996401406	3.60764375064682	2040	411	451	424	451	429	828	598	876	roadmap_epigenomics H3K27ac	NA	NA	H3K27ac	NA	NA	E080-H3K27ac.narrowPeak	1.12322895391203e-83	158539
2	921	roadmap_epigenomics	83.6416910206476	3.46072178981038	1837	412	513	623	623	516	679	801	1025	roadmap_epigenomics H3K27ac	NA	NA	H3K27ac	NA	NA	E114-H3K27ac.narrowPeak	1.24400325080084e-83	69512
2	905	roadmap_epigenomics	83.636896136814	3.47433659868541	1874	413	507	587	587	502	705	764	999	roadmap_epigenomics H3K9ac	NA	NA	H3K9ac	NA	NA	E111-H3K9ac.narrowPeak	1.25476837264952e-83	73574
2	5	roadmap_epigenomics	83.5618295245505	3.80556773716408	2162	414	382	269	414	355	927	476	777	roadmap_epigenomics H3K9ac	NA	NA	H3K9ac	NA	NA	E001-H3K9ac.narrowPeak	1.48792104439284e-83	67397
2	792	roadmap_epigenomics	83.4956477055064	3.58497501487296	2025	415	462	438	462	438	817	613	887	roadmap_epigenomics H3K4me3	NA	NA	H3K4me3	NA	NA	E095-H3K4me3.narrowPeak	1.72867738191558e-83	41750
2	163	roadmap_epigenomics	83.4250957080848	3.63553343823788	2067	416	445	389	445	417	850	571	854	roadmap_epigenomics H4K5ac	NA	NA	H4K5ac	NA	NA	E008-H4K5ac.narrowPeak	2.02871347199253e-83	136718
2	128	roadmap_epigenomics	83.4064236386012	4.24056974707621	2301	417	247	103	417	256	1051	337	653	roadmap_epigenomics H3K4me2	NA	NA	H3K4me2	NA	NA	E007-H3K4me2.narrowPeak	2.11275947649425e-83	143005
2	629	roadmap_epigenomics	83.3175205491175	3.93583509472298	2217	418	335	197	418	317	975	421	729	roadmap_epigenomics H3K4me3	NA	NA	H3K4me3	NA	NA	E075-H3K4me3.narrowPeak	2.58650261028407e-83	84678
2	770	roadmap_epigenomics	83.281513461414	3.56828315613334	2015	419	468	455	468	447	810	623	894	roadmap_epigenomics	NA	NA	NA	NA	NA	E093-DNase.hotspot.all.peaks.bed	2.80338191644731e-83	86221
2	818	roadmap_epigenomics	83.2103326231987	3.43540714527612	1715	420	526	684	684	543	598	923	1106	roadmap_epigenomics H3K27ac	NA	NA	H3K27ac	NA	NA	E099-H3K27ac.narrowPeak	3.29479075213024e-83	75578
2	980	roadmap_epigenomics	83.1896762037138	3.45128875179799	1845	421	517	618	618	519	686	793	1018	roadmap_epigenomics H3K27ac	NA	NA	H3K27ac	NA	NA	E119-H3K27ac.narrowPeak	3.44708071215378e-83	94592
2	189	roadmap_epigenomics	82.7939372304116	3.59976543824024	2053	422	456	404	456	427	841	585	863	roadmap_epigenomics H3K4me3	NA	NA	H3K4me3	NA	NA	E012-H3K4me3.narrowPeak	8.55381928097837e-83	42211
2	897	roadmap_epigenomics	82.7440446098429	3.53561918368687	1997	423	485	479	485	462	798	641	906	roadmap_epigenomics H3K4me3	NA	NA	H3K4me3	NA	NA	E110-H3K4me3.narrowPeak	9.57248676823049e-83	51758
2	528	roadmap_epigenomics	82.7296421080421	3.6977877702145	2119	424	424	323	424	390	894	519	810	roadmap_epigenomics H3K4me3	NA	NA	H3K4me3	NA	NA	E058-H3K4me3.narrowPeak	9.87192363740423e-83	45445
2	664	roadmap_epigenomics	82.7149450365798	3.57667989473361	2036	425	466	429	466	440	828	602	876	roadmap_epigenomics H3K4me3	NA	NA	H3K4me3	NA	NA	E080-H3K4me3.narrowPeak	1.01876914989094e-82	34321
2	802	roadmap_epigenomics	82.6807144501056	4.73630334039086	2388	426	152	27	426	202	1139	250	565	roadmap_epigenomics	NA	NA	NA	NA	NA	E097-DNase.macs2.narrowPeak	1.09972906358054e-82	492363
2	565	roadmap_epigenomics	82.6787324899285	3.58168613471737	2041	427	464	422	464	438	832	597	872	roadmap_epigenomics H3K27ac	NA	NA	H3K27ac	NA	NA	E066-H3K27ac.narrowPeak	1.1021720333113e-82	117377
2	514	roadmap_epigenomics	82.6567579447074	3.9423263926426	2226	428	333	180	428	314	985	412	719	roadmap_epigenomics H3K4me3	NA	NA	H3K4me3	NA	NA	E056-H3K4me3.narrowPeak	1.15666618229799e-82	152592
2	309	roadmap_epigenomics	82.6546773902165	3.46499875535424	1906	429	511	557	557	499	731	732	973	roadmap_epigenomics H3K9ac	NA	NA	H3K9ac	NA	NA	E026-H3K9ac.narrowPeak	1.15951152458766e-82	80106
2	963	roadmap_epigenomics	82.6493077153554	3.4469047780919	1871	430	520	590	590	513	706	767	998	roadmap_epigenomics H3K9ac	NA	NA	H3K9ac	NA	NA	E117-H3K9ac.narrowPeak	1.17120678857901e-82	64430
2	1011	roadmap_epigenomics	82.6406441042346	3.48830187663293	1943	431	501	527	527	486	758	695	946	roadmap_epigenomics H3K9ac	NA	NA	H3K9ac	NA	NA	E121-H3K9ac.narrowPeak	1.19203327183832e-82	104079
2	123	roadmap_epigenomics	82.6235905791799	3.41997654055045	1768	432	532	652	652	539	635	870	1069	roadmap_epigenomics H3K27ac	NA	NA	H3K27ac	NA	NA	E007-H3K27ac.narrowPeak	1.23690238215343e-82	78132
2	45	roadmap_epigenomics	82.555351537048	4.84894118704941	2402	433	132	23	433	196	1154	236	550	roadmap_epigenomics	NA	NA	NA	NA	NA	E004-DNase.macs2.narrowPeak	1.44401039141838e-82	365365
2	715	roadmap_epigenomics	82.5130801835087	3.48070654362819	1937	434	505	533	533	491	754	701	950	roadmap_epigenomics H3K4me3	NA	NA	H3K4me3	NA	NA	E086-H3K4me3.narrowPeak	1.58796102510678e-82	45257
2	235	roadmap_epigenomics	82.4932397817318	3.43420810926356	1849	435	528	615	615	526	691	789	1013	roadmap_epigenomics H3K4ac	NA	NA	H3K4ac	NA	NA	E017-H3K4ac.narrowPeak	1.6583672525336e-82	243193
2	723	roadmap_epigenomics	82.3504105615713	3.43609438902853	1864	436	525	600	600	520	702	774	1002	roadmap_epigenomics H3K9ac	NA	NA	H3K9ac	NA	NA	E087-H3K9ac.narrowPeak	2.29886093922829e-82	62354
2	943	roadmap_epigenomics	82.3338566907057	3.51436360412678	1986	437	493	491	493	474	791	652	913	roadmap_epigenomics H2A.Z	NA	NA	H2A.Z	NA	NA	E116-H2A.Z.narrowPeak	2.38271239609849e-82	84270
2	878	roadmap_epigenomics	82.3300750018088	3.46982499691958	1928	438	509	539	539	495	748	710	956	roadmap_epigenomics H3K27ac	NA	NA	H3K27ac	NA	NA	E108-H3K27ac.narrowPeak	2.39806328305181e-82	109113
2	892	roadmap_epigenomics	82.3251494917307	3.59621961614985	2060	439	459	395	459	431	848	578	856	roadmap_epigenomics H3K4me3	NA	NA	H3K4me3	NA	NA	E109-H3K4me3.narrowPeak	2.41989064122133e-82	65084
2	956	roadmap_epigenomics	82.2459064167846	3.41937678112355	1822	440	533	630	630	534	673	816	1031	roadmap_epigenomics H3K27ac	NA	NA	H3K27ac	NA	NA	E117-H3K27ac.narrowPeak	2.89768157055625e-82	68992
2	266	roadmap_epigenomics	82.1935062359523	3.83364869502731	2191	441	377	231	441	350	956	447	748	roadmap_epigenomics H3K4me3	NA	NA	H3K4me3	NA	NA	E020-H3K4me3.narrowPeak	3.26185706668726e-82	88728
2	752	roadmap_epigenomics	82.1105636394389	3.60120327177396	2068	442	453	385	453	427	855	570	849	roadmap_epigenomics	NA	NA	NA	NA	NA	E091-DNase.hotspot.all.peaks.bed	3.93934342184574e-82	111776
2	997	roadmap_epigenomics	82.0545995006372	3.53975756795554	2019	443	481	450	481	458	817	619	887	roadmap_epigenomics H3K4me3	NA	NA	H3K4me3	NA	NA	E120-H3K4me3.narrowPeak	4.47101909903207e-82	47100
2	556	roadmap_epigenomics	82.0177255155045	3.83854560346854	2195	444	375	228	444	349	960	443	744	roadmap_epigenomics H3K4me3	NA	NA	H3K4me3	NA	NA	E063-H3K4me3.narrowPeak	4.85625257364818e-82	87655
2	1075	roadmap_epigenomics	82.0147151620981	3.52671871132812	1444	445	487	811	811	581	435	1194	1269	roadmap_epigenomics H4K20me1	NA	NA	H4K20me1	NA	NA	E126-H4K20me1.narrowPeak	4.87904224944586e-82	91092
2	185	roadmap_epigenomics	81.9628635360445	3.43371310890898	1882	446	529	576	576	517	716	756	988	roadmap_epigenomics H3K27ac	NA	NA	H3K27ac	NA	NA	E012-H3K27ac.narrowPeak	5.48543858640516e-82	157402
2	252	roadmap_epigenomics	81.9118884106606	3.77610732882074	2170	447	391	260	447	366	939	468	765	roadmap_epigenomics H3K4me3	NA	NA	H3K4me3	NA	NA	E018-H3K4me3.narrowPeak	6.15479820043965e-82	76986
2	176	roadmap_epigenomics	81.8396801637724	3.44075343647825	1901	448	521	565	565	511	730	737	974	roadmap_epigenomics H3K4me3	NA	NA	H3K4me3	NA	NA	E010-H3K4me3.narrowPeak	7.25189611584242e-82	37746
2	239	roadmap_epigenomics	81.7849423535271	3.39801204242661	1773	449	541	651	651	547	641	865	1063	roadmap_epigenomics H3K56ac	NA	NA	H3K56ac	NA	NA	E017-H3K56ac.narrowPeak	8.20769212394638e-82	109751
2	79	roadmap_epigenomics	81.6402263280062	4.0073965173275	2256	450	314	145	450	303	1015	382	689	roadmap_epigenomics H3K4me1	NA	NA	H3K4me1	NA	NA	E005-H3K4me1.narrowPeak	1.14280178522663e-81	297165
2	10	roadmap_epigenomics	81.4894821143197	3.92531803992948	2232	451	342	172	451	322	994	406	710	roadmap_epigenomics H3K4me3	NA	NA	H3K4me3	NA	NA	E002-H3K4me3.narrowPeak	1.6134335954603e-81	147544
2	831	roadmap_epigenomics	81.4573273658351	3.52814933596528	2023	452	486	439	486	459	822	615	882	roadmap_epigenomics H3K4me3	NA	NA	H3K4me3	NA	NA	E100-H3K4me3.narrowPeak	1.73358025273749e-81	39238
2	33	roadmap_epigenomics	81.4405824052977	3.53781345019684	2032	453	484	431	484	456	829	606	875	roadmap_epigenomics H3K4me3	NA	NA	H3K4me3	NA	NA	E003-H3K4me3.narrowPeak	1.79774936744551e-81	42133
2	827	roadmap_epigenomics	81.1653624433606	3.44791322460965	1942	454	519	530	530	501	762	696	942	roadmap_epigenomics H3K27ac	NA	NA	H3K27ac	NA	NA	E100-H3K27ac.narrowPeak	3.38058185197336e-81	163031
2	420	roadmap_epigenomics	81.1544767885101	3.73280565116413	2160	455	407	273	455	378	933	478	771	roadmap_epigenomics H3K4me1	NA	NA	H3K4me1	NA	NA	E043-H3K4me1.narrowPeak	3.45876907087881e-81	154217
2	900	roadmap_epigenomics	80.9900560319743	3.3966909064428	1855	456	543	611	611	537	700	783	1004	roadmap_epigenomics H3K27ac	NA	NA	H3K27ac	NA	NA	E111-H3K27ac.narrowPeak	5.03951656744568e-81	102045
2	845	roadmap_epigenomics	80.5784231555291	3.55295306714035	2063	457	474	394	474	442	856	575	848	roadmap_epigenomics H3K9ac	NA	NA	H3K9ac	NA	NA	E102-H3K9ac.narrowPeak	1.29738955239572e-80	85154
2	563	roadmap_epigenomics	80.4555265451524	3.37867257779037	1844	458	550	619	619	542	694	794	1010	roadmap_epigenomics H3K4me3	NA	NA	H3K4me3	NA	NA	E065-H3K4me3.narrowPeak	1.71797851704448e-80	39916
2	478	roadmap_epigenomics	80.3541096356309	4.30621496651528	2335	459	228	69	459	252	1093	303	611	roadmap_epigenomics H3K4me1	NA	NA	H3K4me1	NA	NA	E051-H3K4me1.narrowPeak	2.16514721524972e-80	222976
2	987	roadmap_epigenomics	80.1988904969288	3.39812515265059	1902	460	540	562	562	521	736	736	968	roadmap_epigenomics H3K9ac	NA	NA	H3K9ac	NA	NA	E119-H3K9ac.narrowPeak	3.0885982661903e-80	82070
2	238	roadmap_epigenomics	80.1723265573506	3.46071043835872	1990	461	514	485	514	487	801	648	903	roadmap_epigenomics H3K4me3	NA	NA	H3K4me3	NA	NA	E017-H3K4me3.narrowPeak	3.27628949400293e-80	42408
2	145	roadmap_epigenomics	80.0561102544494	3.89741449402159	2237	462	354	168	462	328	1003	401	701	roadmap_epigenomics H3K14ac	NA	NA	H3K14ac	NA	NA	E008-H3K14ac.narrowPeak	4.27225849414946e-80	181023
2	1102	roadmap_epigenomics	80.0060442417274	3.3827048234657	1883	463	548	575	575	529	723	755	981	roadmap_epigenomics H3K27ac	NA	NA	H3K27ac	NA	NA	E129-H3K27ac.narrowPeak	4.78392672720936e-80	145020
2	992	roadmap_epigenomics	79.9650769164671	3.34697857648366	1733	464	561	672	672	566	620	905	1084	roadmap_epigenomics H3K27ac	NA	NA	H3K27ac	NA	NA	E120-H3K27ac.narrowPeak	5.24583776036784e-80	89677
2	170	roadmap_epigenomics	79.7691879149561	3.38964208568647	1907	465	545	554	554	521	741	731	963	roadmap_epigenomics H3K4me3	NA	NA	H3K4me3	NA	NA	E009-H3K4me3.narrowPeak	8.21805198357251e-80	38823
2	651	roadmap_epigenomics	79.4947307505162	3.48237873393858	2029	466	504	436	504	469	833	609	871	roadmap_epigenomics H3K27ac	NA	NA	H3K27ac	NA	NA	E079-H3K27ac.narrowPeak	1.54274122450727e-79	156932
2	247	roadmap_epigenomics	79.4823301008101	3.39224849821262	1925	467	544	543	544	518	755	713	949	roadmap_epigenomics H4K8ac	NA	NA	H4K8ac	NA	NA	E017-H4K8ac.narrowPeak	1.58402769523001e-79	220315
2	155	roadmap_epigenomics	79.3744282969298	3.53949540100496	2077	468	482	377	482	442	871	561	833	roadmap_epigenomics H3K4me3	NA	NA	H3K4me3	NA	NA	E008-H3K4me3.narrowPeak	2.02644864384921e-79	59360
2	1021	roadmap_epigenomics	79.2348065875044	3.39785069966528	1943	469	542	527	542	513	769	695	935	roadmap_epigenomics H3K4me3	NA	NA	H3K4me3	NA	NA	E122-H3K4me3.narrowPeak	2.78888317146671e-79	43730
2	753	roadmap_epigenomics	79.1110335143867	4.24285311768593	2331	470	246	74	470	263	1093	307	611	roadmap_epigenomics	NA	NA	NA	NA	NA	E091-DNase.hotspot.fdr0.01.peaks.bed	3.7006531294486e-79	214514
2	1100	roadmap_epigenomics	78.9853321594928	5.16648891546765	821	471	84	1057	1057	537	137	1817	1567	roadmap_epigenomics H4K20me1	NA	NA	H4K20me1	NA	NA	E128-H4K20me1.narrowPeak	4.93238178549981e-79	29799
2	230	roadmap_epigenomics	78.981474909388	3.34583538785761	1860	472	564	604	604	547	710	778	994	roadmap_epigenomics H3K18ac	NA	NA	H3K18ac	NA	NA	E017-H3K18ac.narrowPeak	4.96584138907089e-79	266971
2	1071	roadmap_epigenomics	78.9277337674408	3.34603921998431	1864	473	563	600	600	545	713	774	991	roadmap_epigenomics H3K4me3	NA	NA	H3K4me3	NA	NA	E126-H3K4me3.narrowPeak	5.60808830926478e-79	53066
2	314	roadmap_epigenomics	78.6517433584136	3.58655258527705	2120	474	461	322	474	419	908	518	796	roadmap_epigenomics H3K4me3	NA	NA	H3K4me3	NA	NA	E027-H3K4me3.narrowPeak	1.05654512829257e-78	61082
2	208	roadmap_epigenomics	78.6318052440721	3.6633981832076	2161	475	435	272	475	394	942	477	762	roadmap_epigenomics H3K4me3	NA	NA	H3K4me3	NA	NA	E015-H3K4me3.narrowPeak	1.10385212549758e-78	70722
2	82	roadmap_epigenomics	78.4818548380905	3.41063261915263	1984	476	534	494	534	501	802	654	902	roadmap_epigenomics H3K79me1	NA	NA	H3K79me1	NA	NA	E005-H3K79me1.narrowPeak	1.55577920080775e-78	225880
2	75	roadmap_epigenomics	78.4551217220774	3.32129716783268	1829	477	573	626	626	559	690	809	1014	roadmap_epigenomics H3K27ac	NA	NA	H3K27ac	NA	NA	E005-H3K27ac.narrowPeak	1.65108583230383e-78	123614
2	296	roadmap_epigenomics	78.2759099084321	3.65539985540775	2162	478	439	269	478	395	944	476	760	roadmap_epigenomics H3K4me3	NA	NA	H3K4me3	NA	NA	E024-H3K4me3.narrowPeak	2.48926966603826e-78	73602
2	705	roadmap_epigenomics	78.1826262842736	3.40631444153284	1988	479	537	488	537	501	806	650	898	roadmap_epigenomics H3K36me3	NA	NA	H3K36me3	NA	NA	E085-H3K36me3.narrowPeak	3.07927130014152e-78	359487
2	718	roadmap_epigenomics	78.1609062996094	3.30158724042005	1680	480	580	699	699	586	591	958	1113	roadmap_epigenomics H3K27ac	NA	NA	H3K27ac	NA	NA	E087-H3K27ac.narrowPeak	3.23044398533071e-78	71309
2	479	roadmap_epigenomics	78.1300535710588	3.75310798856416	2206	481	398	210	481	363	982	432	722	roadmap_epigenomics H3K4me3	NA	NA	H3K4me3	NA	NA	E051-H3K4me3.narrowPeak	3.46107575010502e-78	94048
2	383	roadmap_epigenomics	78.1137941909696	3.49306731594862	2068	482	497	385	497	455	868	570	836	roadmap_epigenomics H3K4me1	NA	NA	H3K4me1	NA	NA	E037-H3K4me1.narrowPeak	3.58565518061152e-78	143294
2	870	roadmap_epigenomics	78.0307226085322	3.4629616318505	2046	483	512	416	512	470	851	592	853	roadmap_epigenomics H3K4me3	NA	NA	H3K4me3	NA	NA	E106-H3K4me3.narrowPeak	4.33251437791934e-78	68861
2	42	roadmap_epigenomics	77.9717013188644	3.31709663453498	1594	484	576	750	750	603	537	1044	1167	roadmap_epigenomics H4K91ac	NA	NA	H4K91ac	NA	NA	E003-H4K91ac.narrowPeak	4.95294005078519e-78	106820
2	15	roadmap_epigenomics	77.8331168674697	4.90897617532051	2428	485	121	12	485	206	1196	210	508	roadmap_epigenomics	NA	NA	NA	NA	NA	E003-DNase.macs2.narrowPeak	6.80066130097732e-78	339188
2	470	roadmap_epigenomics	77.8158807556416	4.2092789709625	2333	486	254	72	486	271	1099	305	605	roadmap_epigenomics H3K4me1	NA	NA	H3K4me1	NA	NA	E050-H3K4me1.narrowPeak	7.06143111726679e-78	180375
2	19	roadmap_epigenomics	77.7203392928628	3.2978833385583	1814	487	581	633	633	567	682	824	1022	roadmap_epigenomics H2BK12ac	NA	NA	H2BK12ac	NA	NA	E003-H2BK12ac.narrowPeak	8.78094987106743e-78	175406
2	391	roadmap_epigenomics	77.6273214536815	3.33291415938977	1907	488	569	554	569	537	748	731	956	roadmap_epigenomics H3K9ac	NA	NA	H3K9ac	NA	NA	E038-H3K9ac.narrowPeak	1.08559660440524e-77	68708
2	71	roadmap_epigenomics	77.4366991710499	3.4580701600836	2055	489	515	399	515	468	860	583	844	roadmap_epigenomics H2BK5ac	NA	NA	H2BK5ac	NA	NA	E005-H2BK5ac.narrowPeak	1.68035762778309e-77	228979
2	1085	roadmap_epigenomics	77.1930797315033	3.36402598750974	1969	490	554	508	554	517	795	669	909	roadmap_epigenomics H3K9ac	NA	NA	H3K9ac	NA	NA	E127-H3K9ac.narrowPeak	2.93855578972802e-77	78312
2	559	roadmap_epigenomics	77.0600316194936	3.26922740541479	1722	491	591	680	680	587	622	916	1082	roadmap_epigenomics H3K27ac	NA	NA	H3K27ac	NA	NA	E065-H3K27ac.narrowPeak	3.98379186385614e-77	141729
2	259	roadmap_epigenomics	76.9468601691447	3.5103685829544	2102	492	495	347	495	445	899	536	805	roadmap_epigenomics H3K4me3	NA	NA	H3K4me3	NA	NA	E019-H3K4me3.narrowPeak	5.15922513807594e-77	61693
2	999	roadmap_epigenomics	76.8551947451161	3.26376848011191	1721	493	595	681	681	590	622	917	1082	roadmap_epigenomics H3K9ac	NA	NA	H3K9ac	NA	NA	E120-H3K9ac.narrowPeak	6.35869636660995e-77	64681
2	471	roadmap_epigenomics	76.7440513167941	3.54587815345588	2127	494	476	313	494	428	920	511	784	roadmap_epigenomics H3K4me3	NA	NA	H3K4me3	NA	NA	E050-H3K4me3.narrowPeak	8.19655743100692e-77	62120
2	907	roadmap_epigenomics	76.6857825681469	3.31724229498667	1922	495	575	546	575	539	762	716	942	roadmap_epigenomics H3K27ac	NA	NA	H3K27ac	NA	NA	E112-H3K27ac.narrowPeak	9.35453027429937e-77	123630
2	854	roadmap_epigenomics	76.6537203374588	3.30206475858657	1897	496	579	566	579	547	744	741	960	roadmap_epigenomics H3K27ac	NA	NA	H3K27ac	NA	NA	E104-H3K27ac.narrowPeak	1.00509644748562e-76	154086
2	164	roadmap_epigenomics	76.6386173470725	3.44042668730391	2058	497	523	398	523	473	865	580	839	roadmap_epigenomics H4K8ac	NA	NA	H4K8ac	NA	NA	E008-H4K8ac.narrowPeak	1.03857058028234e-76	139450
2	228	roadmap_epigenomics	76.6260139635812	3.26655452659445	1803	498	594	639	639	577	678	835	1026	roadmap_epigenomics H2BK5ac	NA	NA	H2BK5ac	NA	NA	E017-H2BK5ac.narrowPeak	1.06700497799985e-76	166186
2	910	roadmap_epigenomics	76.252263508635	3.32478279570715	1950	499	572	519	572	530	784	688	920	roadmap_epigenomics H3K4me1	NA	NA	H3K4me1	NA	NA	E112-H3K4me1.narrowPeak	2.51794185862936e-76	124560
2	798	roadmap_epigenomics	76.2358643859833	3.68280139651336	2200	500	429	220	500	383	983	438	721	roadmap_epigenomics H3K4me3	NA	NA	H3K4me3	NA	NA	E096-H3K4me3.narrowPeak	2.60960851998815e-76	96300
2	165	roadmap_epigenomics	76.0047577871551	3.24847640820824	1646	501	603	717	717	607	576	992	1128	roadmap_epigenomics H4K91ac	NA	NA	H4K91ac	NA	NA	E008-H4K91ac.narrowPeak	4.43418939455309e-76	81358
2	232	roadmap_epigenomics	76.0032822392909	3.2835703997463	1894	502	586	569	586	552	744	744	960	roadmap_epigenomics H3K27ac	NA	NA	H3K27ac	NA	NA	E017-H3K27ac.narrowPeak	4.44041739693255e-76	179168
2	464	roadmap_epigenomics	75.9583517466948	3.5400248152779	2136	503	480	301	503	428	930	502	774	roadmap_epigenomics	NA	NA	NA	NA	NA	E050-DNase.hotspot.all.peaks.bed	4.91462086567129e-76	104134
2	138	roadmap_epigenomics	75.9116398920862	3.47002437117148	2094	504	508	356	508	456	896	544	808	roadmap_epigenomics H2A.Z	NA	NA	H2A.Z	NA	NA	E008-H2A.Z.narrowPeak	5.46184439788327e-76	122323
2	958	roadmap_epigenomics	75.712329374275	3.2585431498703	1581	505	599	758	758	621	536	1057	1168	roadmap_epigenomics H3K36me3	NA	NA	H3K36me3	NA	NA	E117-H3K36me3.narrowPeak	8.62559374466818e-76	316270
2	474	roadmap_epigenomics	75.3552332441259	3.71373098905677	2222	506	417	186	506	370	1005	416	699	roadmap_epigenomics	NA	NA	NA	NA	NA	E051-DNase.hotspot.fdr0.01.peaks.bed	1.95896190680908e-75	133410
2	627	roadmap_epigenomics	75.3501705436908	3.27474954726823	1909	507	590	553	590	550	757	729	947	roadmap_epigenomics H3K36me3	NA	NA	H3K36me3	NA	NA	E075-H3K36me3.narrowPeak	1.97802259798505e-75	274849
2	246	roadmap_epigenomics	75.3108901180828	3.26255420818371	1888	508	597	572	597	559	742	750	962	roadmap_epigenomics H4K5ac	NA	NA	H4K5ac	NA	NA	E017-H4K5ac.narrowPeak	2.16100574554155e-75	228064
2	1016	roadmap_epigenomics	75.2019860685396	3.22008442055018	1734	509	606	671	671	595	636	904	1068	roadmap_epigenomics H3K27ac	NA	NA	H3K27ac	NA	NA	E122-H3K27ac.narrowPeak	2.7714426816999e-75	71491
2	2	roadmap_epigenomics	75.1689733591897	3.22127636379225	1676	510	605	701	701	605	598	962	1106	roadmap_epigenomics H3K36me3	NA	NA	H3K36me3	NA	NA	E001-H3K36me3.narrowPeak	2.98446312067246e-75	187250
2	533	roadmap_epigenomics	75.1057672711879	3.34997106018738	2014	511	558	458	558	509	836	624	868	roadmap_epigenomics H3K27ac	NA	NA	H3K27ac	NA	NA	E059-H3K27ac.narrowPeak	3.44525665746135e-75	103939
2	389	roadmap_epigenomics	75.0564537478619	3.37772830045997	2041	512	551	422	551	495	857	597	847	roadmap_epigenomics H3K4me1	NA	NA	H3K4me1	NA	NA	E038-H3K4me1.narrowPeak	3.85199791241916e-75	143594
2	274	roadmap_epigenomics	75.0089233050022	3.25134434591424	1881	513	600	577	600	563	738	757	966	roadmap_epigenomics H3K36me3	NA	NA	H3K36me3	NA	NA	E021-H3K36me3.narrowPeak	4.28912873847406e-75	189937
2	548	roadmap_epigenomics	74.9186321460381	3.35219909869023	2021	514	557	444	557	505	842	617	862	roadmap_epigenomics H3K4me1	NA	NA	H3K4me1	NA	NA	E062-H3K4me1.narrowPeak	5.27004698158207e-75	122182
2	1051	roadmap_epigenomics	74.8076195457415	3.5098600628747	1248	515	496	886	886	632	347	1390	1357	roadmap_epigenomics H4K20me1	NA	NA	H4K20me1	NA	NA	E124-H4K20me1.narrowPeak	6.79177010681258e-75	157666
2	550	roadmap_epigenomics	74.7431543287055	3.51711878479306	2142	516	492	292	516	433	939	496	765	roadmap_epigenomics H3K9ac	NA	NA	H3K9ac	NA	NA	E062-H3K9ac.narrowPeak	7.86331586879518e-75	142197
2	17	roadmap_epigenomics	74.7294025113525	3.25089390179435	1532	517	601	778	778	632	509	1106	1195	roadmap_epigenomics H2AK5ac	NA	NA	H2AK5ac	NA	NA	E003-H2AK5ac.narrowPeak	8.10059085719986e-75	102280
2	1041	roadmap_epigenomics	74.6351100751412	3.70056350370399	2225	518	422	182	518	374	1010	413	694	roadmap_epigenomics H2A.Z	NA	NA	H2A.Z	NA	NA	E124-H2A.Z.narrowPeak	1.00454620438171e-74	136897
2	862	roadmap_epigenomics	74.571937596066	3.30446682524412	1980	519	578	499	578	532	812	658	892	roadmap_epigenomics H3K36me3	NA	NA	H3K36me3	NA	NA	E105-H3K36me3.narrowPeak	1.15959089861683e-74	267060
2	829	roadmap_epigenomics	74.5102509511052	3.21390203152993	1618	520	611	735	735	622	563	1020	1141	roadmap_epigenomics H3K36me3	NA	NA	H3K36me3	NA	NA	E100-H3K36me3.narrowPeak	1.3339988561335e-74	160205
2	637	roadmap_epigenomics	74.4977400972302	3.21418873712317	1816	521	610	632	632	588	694	822	1010	roadmap_epigenomics H3K9ac	NA	NA	H3K9ac	NA	NA	E076-H3K9ac.narrowPeak	1.37035134816842e-74	60918
2	143	roadmap_epigenomics	74.3885084740156	3.21449108266081	1827	522	608	628	628	586	702	811	1002	roadmap_epigenomics H2BK20ac	NA	NA	H2BK20ac	NA	NA	E008-H2BK20ac.narrowPeak	1.75885798563908e-74	115394
2	788	roadmap_epigenomics	74.373526984868	3.2499660587762	1910	523	602	552	602	559	761	728	943	roadmap_epigenomics H3K27ac	NA	NA	H3K27ac	NA	NA	E095-H3K27ac.narrowPeak	1.81710941327914e-74	153453
2	426	roadmap_epigenomics	74.363448357264	3.40815213184241	2080	524	535	372	535	477	890	558	814	roadmap_epigenomics H3K4me1	NA	NA	H3K4me1	NA	NA	E044-H3K4me1.narrowPeak	1.8562228207994e-74	150223
2	966	roadmap_epigenomics	74.2619379516426	4.13486108911813	2342	525	276	61	525	287	1119	296	585	roadmap_epigenomics	NA	NA	NA	NA	NA	E118-DNase.macs2.narrowPeak	2.34052075613109e-74	277975
2	814	roadmap_epigenomics	74.2565495070022	3.3357411523819	2022	526	567	441	567	511	845	616	859	roadmap_epigenomics H3K36me3	NA	NA	H3K36me3	NA	NA	E098-H3K36me3.narrowPeak	2.36523611015748e-74	278364
2	1063	roadmap_epigenomics	74.1284012012712	3.40638590307465	1311	527	536	863	863	642	383	1327	1321	roadmap_epigenomics H4K20me1	NA	NA	H4K20me1	NA	NA	E125-H4K20me1.narrowPeak	3.17101236448595e-74	167649
2	414	roadmap_epigenomics	74.0770698491633	3.43665158490237	2105	528	524	339	528	464	911	533	793	roadmap_epigenomics H3K4me1	NA	NA	H3K4me1	NA	NA	E042-H3K4me1.narrowPeak	3.56209895701821e-74	160756
2	73	roadmap_epigenomics	73.9637484329369	3.38665095291372	2072	529	547	382	547	486	885	566	819	roadmap_epigenomics H3K18ac	NA	NA	H3K18ac	NA	NA	E005-H3K18ac.narrowPeak	4.61536069204657e-74	251380
2	1078	roadmap_epigenomics	73.950872149846	3.21850592922805	1869	530	607	592	607	576	733	769	971	roadmap_epigenomics H3K27ac	NA	NA	H3K27ac	NA	NA	E127-H3K27ac.narrowPeak	4.74527878693096e-74	94902
2	622	roadmap_epigenomics	73.9278778910867	3.64542943742187	2212	531	443	203	531	392	1001	426	703	roadmap_epigenomics H3K4me3	NA	NA	H3K4me3	NA	NA	E074-H3K4me3.narrowPeak	4.99387123165913e-74	90281
2	1098	roadmap_epigenomics	73.9037247501975	3.20574908984808	1839	532	614	622	622	589	712	799	992	roadmap_epigenomics H3K9ac	NA	NA	H3K9ac	NA	NA	E128-H3K9ac.narrowPeak	5.26954805586878e-74	50400
2	285	roadmap_epigenomics	73.8382884442581	3.52605607885645	2160	533	488	273	533	431	957	478	747	roadmap_epigenomics H3K4me3	NA	NA	H3K4me3	NA	NA	E022-H3K4me3.narrowPeak	6.11496673210321e-74	75387
2	740	roadmap_epigenomics	73.6591500842114	3.72562886384011	2244	534	412	158	534	368	1030	394	674	roadmap_epigenomics H3K4me1	NA	NA	H3K4me1	NA	NA	E089-H3K4me1.narrowPeak	9.21973441077957e-74	234241
2	942	roadmap_epigenomics	73.5595167220021	3.73163152688908	2247	535	408	153	535	365	1033	391	671	roadmap_epigenomics	NA	NA	NA	NA	NA	E116-DNase.macs2.narrowPeak	1.15754863692777e-73	271082
2	797	roadmap_epigenomics	73.5514373861357	4.01680628066807	2323	536	311	78	536	308	1103	315	601	roadmap_epigenomics H3K4me1	NA	NA	H3K4me1	NA	NA	E096-H3K4me1.narrowPeak	1.17708432437607e-73	317595
2	860	roadmap_epigenomics	73.4952390108309	4.03371879179181	2327	537	307	77	537	307	1107	311	597	roadmap_epigenomics H3K27ac	NA	NA	H3K27ac	NA	NA	E105-H3K27ac.narrowPeak	1.33720026933529e-73	294261
2	151	roadmap_epigenomics	73.2430330867749	3.26153055418831	1970	538	598	507	598	548	809	668	895	roadmap_epigenomics H3K36me3	NA	NA	H3K36me3	NA	NA	E008-H3K36me3.narrowPeak	2.38558222113422e-73	287294
2	688	roadmap_epigenomics	73.1424569869295	3.28851687569528	2004	539	584	475	584	533	835	634	869	roadmap_epigenomics H3K4me3	NA	NA	H3K4me3	NA	NA	E083-H3K4me3.narrowPeak	3.00167729238422e-73	112073
2	25	roadmap_epigenomics	73.134456721746	3.79292644804308	1062	540	387	958	958	628	257	1576	1447	roadmap_epigenomics H3K23ac	NA	NA	H3K23ac	NA	NA	E003-H3K23ac.narrowPeak	3.05182249831713e-73	29392
2	784	roadmap_epigenomics	73.1191436307861	3.28047902960361	1996	541	588	481	588	537	829	642	875	roadmap_epigenomics H3K36me3	NA	NA	H3K36me3	NA	NA	E094-H3K36me3.narrowPeak	3.15550487915307e-73	243020
2	396	roadmap_epigenomics	73.0074594210399	3.40446955464861	2103	542	539	345	542	475	913	535	791	roadmap_epigenomics H3K4me1	NA	NA	H3K4me1	NA	NA	E039-H3K4me1.narrowPeak	4.07334358631136e-73	159065
2	816	roadmap_epigenomics	72.9200211085814	3.4574758533494	2137	543	516	299	543	453	941	501	763	roadmap_epigenomics H3K4me3	NA	NA	H3K4me3	NA	NA	E098-H3K4me3.narrowPeak	4.97266054847142e-73	57291
2	88	roadmap_epigenomics	72.8617122765188	3.33215992131761	2052	544	570	405	570	506	873	586	831	roadmap_epigenomics H4K91ac	NA	NA	H4K91ac	NA	NA	E005-H4K91ac.narrowPeak	5.67673440711933e-73	249666
2	108	roadmap_epigenomics	72.6694086501732	3.90078076002053	2303	545	351	100	545	332	1087	335	617	roadmap_epigenomics H3K9ac	NA	NA	H3K9ac	NA	NA	E006-H3K9ac.narrowPeak	8.82276272077392e-73	193085
2	864	roadmap_epigenomics	72.5852968468934	3.38119937822501	2095	546	549	355	549	483	908	543	796	roadmap_epigenomics H3K4me3	NA	NA	H3K4me3	NA	NA	E105-H3K4me3.narrowPeak	1.06885861579652e-72	41900
2	1026	roadmap_epigenomics	72.5782043763533	4.94833570495169	779	547	113	1072	1072	577	133	1859	1571	roadmap_epigenomics H4K20me1	NA	NA	H4K20me1	NA	NA	E122-H4K20me1.narrowPeak	1.08447126535644e-72	49461
2	1023	roadmap_epigenomics	72.5317881575315	3.17723776648627	1858	548	621	607	621	592	730	780	974	roadmap_epigenomics H3K9ac	NA	NA	H3K9ac	NA	NA	E122-H3K9ac.narrowPeak	1.20459494377447e-72	64234
2	1096	roadmap_epigenomics	72.5095036001711	3.18570095245822	1879	549	620	581	620	583	745	759	959	roadmap_epigenomics H3K4me3	NA	NA	H3K4me3	NA	NA	E128-H3K4me3.narrowPeak	1.26570882245572e-72	38014
2	773	roadmap_epigenomics	72.5000347718418	3.19810369869093	1904	550	618	559	618	576	763	734	941	roadmap_epigenomics H3K27ac	NA	NA	H3K27ac	NA	NA	E093-H3K27ac.narrowPeak	1.29125581580132e-72	114812
2	465	roadmap_epigenomics	72.4721467673347	3.7821306687677	2273	551	389	129	551	356	1060	365	644	roadmap_epigenomics	NA	NA	NA	NA	NA	E050-DNase.hotspot.fdr0.01.peaks.bed	1.37439442781917e-72	156377
2	436	roadmap_epigenomics	72.4673438731167	3.31813302602343	2049	552	574	411	574	512	872	589	832	roadmap_epigenomics	NA	NA	NA	NA	NA	E046-DNase.hotspot.fdr0.01.peaks.bed	1.38716077946728e-72	109868
2	114	roadmap_epigenomics	72.1331991207687	4.452051629108	2403	553	193	22	553	256	1187	235	517	roadmap_epigenomics	NA	NA	NA	NA	NA	E007-DNase.macs2.narrowPeak	2.98872185837289e-72	408460
2	930	roadmap_epigenomics	72.0312458164248	3.657616867754	1101	554	438	943	943	645	279	1537	1425	roadmap_epigenomics H4K20me1	NA	NA	H4K20me1	NA	NA	E114-H4K20me1.narrowPeak	3.77271649404073e-72	69077
2	78	roadmap_epigenomics	72.0085797337413	3.17560804372566	1885	555	622	574	622	584	751	753	953	roadmap_epigenomics H3K4ac	NA	NA	H3K4ac	NA	NA	E005-H3K4ac.narrowPeak	3.96768362458895e-72	228267
2	48	roadmap_epigenomics	71.9534991034793	3.49140763623793	1191	556	500	906	906	654	325	1447	1379	roadmap_epigenomics H2BK15ac	NA	NA	H2BK15ac	NA	NA	E004-H2BK15ac.narrowPeak	4.49609891127038e-72	83199
2	325	roadmap_epigenomics	71.9172016033834	3.20569875086966	1941	557	615	531	615	568	792	697	912	roadmap_epigenomics	NA	NA	NA	NA	NA	E029-DNase.hotspot.all.peaks.bed	4.87924868072438e-72	102960
2	1045	roadmap_epigenomics	71.6451678984143	3.55434954137506	2202	558	473	217	558	416	1000	436	704	roadmap_epigenomics H3K4me1	NA	NA	H3K4me1	NA	NA	E124-H3K4me1.narrowPeak	9.11187292857089e-72	127405
2	326	roadmap_epigenomics	71.5564376227433	3.28933358690022	2045	559	583	419	583	520	872	593	832	roadmap_epigenomics	NA	NA	NA	NA	NA	E029-DNase.hotspot.fdr0.01.peaks.bed	1.11573311024605e-71	127216
2	345	roadmap_epigenomics	71.5412677642079	3.3294937612195	2078	560	571	374	571	502	898	560	806	roadmap_epigenomics	NA	NA	NA	NA	NA	E032-DNase.hotspot.fdr0.01.peaks.bed	1.15333098743758e-71	114529
2	84	roadmap_epigenomics	71.4969956232813	3.20988119689486	1962	561	613	513	613	562	809	676	895	roadmap_epigenomics H3K9ac	NA	NA	H3K9ac	NA	NA	E005-H3K9ac.narrowPeak	1.27482704231811e-71	76244
2	403	roadmap_epigenomics	71.4117161940347	3.16946400838689	1903	562	624	561	624	582	766	735	938	roadmap_epigenomics H3K4me3	NA	NA	H3K4me3	NA	NA	E040-H3K4me3.narrowPeak	1.54866414047738e-71	63472
2	786	roadmap_epigenomics	71.4076719973282	3.59967603929856	2223	563	457	184	563	401	1019	415	685	roadmap_epigenomics H3K4me3	NA	NA	H3K4me3	NA	NA	E094-H3K4me3.narrowPeak	1.56037635173896e-71	87979
2	919	roadmap_epigenomics	71.2184607187703	4.44041260494008	2406	564	198	18	564	260	1193	232	511	roadmap_epigenomics	NA	NA	NA	NA	NA	E114-DNase.macs2.narrowPeak	2.40807455742987e-71	371330
2	354	roadmap_epigenomics	71.2106098835597	3.29177627819018	2055	565	582	399	582	515	881	583	823	roadmap_epigenomics	NA	NA	NA	NA	NA	E033-DNase.hotspot.fdr0.01.peaks.bed	2.44766185952477e-71	108321
2	294	roadmap_epigenomics	71.0669196042303	3.13945051799257	1858	566	633	607	633	602	735	780	969	roadmap_epigenomics H3K36me3	NA	NA	H3K36me3	NA	NA	E024-H3K36me3.narrowPeak	3.40152538604163e-71	291581
2	917	roadmap_epigenomics	71.017612224029	4.24998835880605	2381	567	243	34	567	281	1168	257	536	roadmap_epigenomics H3K4me3	NA	NA	H3K4me3	NA	NA	E113-H3K4me3.narrowPeak	3.80377192806522e-71	195000
2	447	roadmap_epigenomics	70.9699802166229	3.30763441589745	2073	568	577	380	577	508	896	565	808	roadmap_epigenomics H3K4me1	NA	NA	H3K4me1	NA	NA	E047-H3K4me1.narrowPeak	4.23722181543282e-71	124596
2	654	roadmap_epigenomics	70.9510121188798	3.70183998688658	2263	569	421	138	569	376	1056	375	648	roadmap_epigenomics H3K4me1	NA	NA	H3K4me1	NA	NA	E079-H3K4me1.narrowPeak	4.41860690248573e-71	257474
2	549	roadmap_epigenomics	70.7693191139719	3.19251481030201	1964	570	619	512	619	567	813	674	891	roadmap_epigenomics H3K4me3	NA	NA	H3K4me3	NA	NA	E062-H3K4me3.narrowPeak	6.70217529016457e-71	34361
2	890	roadmap_epigenomics	70.7348479962562	3.10499151607208	1655	571	637	715	715	641	599	983	1105	roadmap_epigenomics H3K36me3	NA	NA	H3K36me3	NA	NA	E109-H3K36me3.narrowPeak	7.24311944984102e-71	171676
2	215	roadmap_epigenomics	70.6334986104441	3.35656051060681	2114	572	556	331	572	486	930	524	774	roadmap_epigenomics H3K4me3	NA	NA	H3K4me3	NA	NA	E016-H3K4me3.narrowPeak	9.13093208786832e-71	59426
2	911	roadmap_epigenomics	70.6176810283604	3.16112942916515	1924	573	627	544	627	581	784	714	920	roadmap_epigenomics H3K4me3	NA	NA	H3K4me3	NA	NA	E112-H3K4me3.narrowPeak	9.45309672365357e-71	28758
2	191	roadmap_epigenomics	70.5469997793747	3.11832579266255	1837	574	634	623	634	610	722	801	982	roadmap_epigenomics H3K27ac	NA	NA	H3K27ac	NA	NA	E013-H3K27ac.narrowPeak	1.11044762646499e-70	139221
2	759	roadmap_epigenomics	70.3847050974597	3.15697502098443	1927	575	628	540	628	581	787	711	917	roadmap_epigenomics H3K4me3	NA	NA	H3K4me3	NA	NA	E091-H3K4me3.narrowPeak	1.61078215548941e-70	33481
2	1091	roadmap_epigenomics	70.3789752777424	3.10114284649267	1790	576	638	646	646	620	690	848	1014	roadmap_epigenomics H3K27ac	NA	NA	H3K27ac	NA	NA	E128-H3K27ac.narrowPeak	1.62934101770848e-70	84016
2	613	roadmap_epigenomics	70.3477969408474	3.09505920123477	1759	577	640	659	659	625	669	879	1035	roadmap_epigenomics H3K36me3	NA	NA	H3K36me3	NA	NA	E073-H3K36me3.narrowPeak	1.74757972675333e-70	202192
2	777	roadmap_epigenomics	70.3287346061508	3.15367702592399	1924	578	629	544	629	584	785	714	919	roadmap_epigenomics H3K4me3	NA	NA	H3K4me3	NA	NA	E093-H3K4me3.narrowPeak	1.82283478399384e-70	37401
2	1046	roadmap_epigenomics	70.1039846005897	3.40612063944727	2152	579	538	281	579	466	963	486	741	roadmap_epigenomics H3K4me2	NA	NA	H3K4me2	NA	NA	E124-H3K4me2.narrowPeak	3.05313907572522e-70	77302
2	766	roadmap_epigenomics	70.0265506358076	3.11348539446308	1860	580	635	604	635	606	740	778	964	roadmap_epigenomics H3K36me3	NA	NA	H3K36me3	NA	NA	E092-H3K36me3.narrowPeak	3.64276472630531e-70	329663
2	655	roadmap_epigenomics	69.854902920971	3.3494394463616	2123	581	559	319	581	486	940	515	764	roadmap_epigenomics H3K4me3	NA	NA	H3K4me3	NA	NA	E079-H3K4me3.narrowPeak	5.39921595578565e-70	56303
2	373	roadmap_epigenomics	69.7391750161538	3.20216211261894	2007	582	616	469	616	556	849	631	855	roadmap_epigenomics H3K4me3	NA	NA	H3K4me3	NA	NA	E035-H3K4me3.narrowPeak	7.03577189922589e-70	47602
2	588	roadmap_epigenomics	69.5266083472964	3.07139839205957	1737	583	646	670	670	633	657	901	1047	roadmap_epigenomics H3K36me3	NA	NA	H3K36me3	NA	NA	E069-H3K36me3.narrowPeak	1.14586340531306e-69	210227
2	454	roadmap_epigenomics	69.4676883696567	3.19883989711136	2011	584	617	460	617	554	853	627	851	roadmap_epigenomics H3K4me1	NA	NA	H3K4me1	NA	NA	E048-H3K4me1.narrowPeak	1.31011233354168e-69	144692
2	353	roadmap_epigenomics	69.2522516949867	3.16334852419852	1977	585	626	503	626	571	828	661	876	roadmap_epigenomics	NA	NA	NA	NA	NA	E033-DNase.hotspot.all.peaks.bed	2.14784130917596e-69	89092
2	36	roadmap_epigenomics	69.1276207727263	3.08355961463293	1558	586	644	769	769	666	543	1080	1161	roadmap_epigenomics H3K79me2	NA	NA	H3K79me2	NA	NA	E003-H3K79me2.narrowPeak	2.85687581929943e-69	125042
2	435	roadmap_epigenomics	68.9772379150137	3.14383069624301	1961	587	632	514	632	578	817	677	887	roadmap_epigenomics	NA	NA	NA	NA	NA	E046-DNase.hotspot.all.peaks.bed	4.03212266448353e-69	88265
2	327	roadmap_epigenomics	68.9647027334702	3.42043722163848	2176	588	531	253	588	457	987	462	717	roadmap_epigenomics	NA	NA	NA	NA	NA	E029-DNase.macs2.narrowPeak	4.14314079826802e-69	209063
2	129	roadmap_epigenomics	68.9192453402814	3.42118295968497	2177	589	530	252	589	457	988	461	716	roadmap_epigenomics H3K4me3	NA	NA	H3K4me3	NA	NA	E007-H3K4me3.narrowPeak	4.59249949113999e-69	87807
2	68	roadmap_epigenomics	68.6812451195613	3.14534939965683	1973	590	631	505	631	575	827	665	877	roadmap_epigenomics H2AK5ac	NA	NA	H2AK5ac	NA	NA	E005-H2AK5ac.narrowPeak	7.93072006692996e-69	229817
2	361	roadmap_epigenomics	68.608879856729	3.09681635265283	1902	591	639	562	639	597	775	736	929	roadmap_epigenomics	NA	NA	NA	NA	NA	E034-DNase.hotspot.all.peaks.bed	9.35281651376109e-69	81127
2	574	roadmap_epigenomics	68.4911740010885	3.04299560862124	1694	592	655	693	693	647	632	944	1072	roadmap_epigenomics H3K36me3	NA	NA	H3K36me3	NA	NA	E067-H3K36me3.narrowPeak	1.22437384630263e-68	195810
2	77	roadmap_epigenomics	68.4541460542339	3.08136788648192	1879	593	645	581	645	606	759	759	945	roadmap_epigenomics H3K36me3	NA	NA	H3K36me3	NA	NA	E005-H3K36me3.narrowPeak	1.33109485358982e-68	277210
2	796	roadmap_epigenomics	68.3996182248447	3.06857425753612	1852	594	648	613	648	618	740	786	964	roadmap_epigenomics H3K36me3	NA	NA	H3K36me3	NA	NA	E096-H3K36me3.narrowPeak	1.50662469655561e-68	338349
2	606	roadmap_epigenomics	68.2880769573642	3.04054666707472	1750	595	656	663	663	638	670	888	1034	roadmap_epigenomics H3K36me3	NA	NA	H3K36me3	NA	NA	E072-H3K36me3.narrowPeak	1.94453528808942e-68	221904
2	23	roadmap_epigenomics	68.1658310571448	3.48297037368221	1110	596	503	940	940	680	294	1528	1410	roadmap_epigenomics H3K14ac	NA	NA	H3K14ac	NA	NA	E003-H3K14ac.narrowPeak	2.57236407107051e-68	30274
2	331	roadmap_epigenomics	68.1280299356454	3.34919520823891	2151	597	560	283	597	480	969	487	735	roadmap_epigenomics H3K4me1	NA	NA	H3K4me1	NA	NA	E029-H3K4me1.narrowPeak	2.80159584826218e-68	142027
2	117	roadmap_epigenomics	68.0658743454975	3.03257687879017	1725	598	659	679	679	645	654	913	1050	roadmap_epigenomics H2BK12ac	NA	NA	H2BK12ac	NA	NA	E007-H2BK12ac.narrowPeak	3.22726198599556e-68	126786
2	1112	ucsc_features	67.9042115824999	3.08367644636238	1911	599	643	551	643	598	784	727	920	UCSC CpG islands	NA	NA	NA	NA	NA	cpgIslandExt.bed	4.67488946868992e-68	28633
2	758	roadmap_epigenomics	67.8036842931799	3.56617101459635	2250	600	469	151	600	407	1055	388	649	roadmap_epigenomics H3K4me1	NA	NA	H3K4me1	NA	NA	E091-H3K4me1.narrowPeak	5.88266623301885e-68	214541
2	569	roadmap_epigenomics	67.7874501145857	3.26274826757126	2103	601	596	345	601	514	931	535	773	roadmap_epigenomics H3K4me3	NA	NA	H3K4me3	NA	NA	E066-H3K4me3.narrowPeak	6.09656439411943e-68	92061
2	41	roadmap_epigenomics	67.7061123817828	4.81011132007214	2458	602	139	6	602	249	1260	180	444	roadmap_epigenomics H4K8ac	NA	NA	H4K8ac	NA	NA	E003-H4K8ac.narrowPeak	7.34008144572087e-68	371476
2	141	roadmap_epigenomics	67.6439332381638	3.17087979677812	1337	603	623	848	848	691	417	1301	1287	roadmap_epigenomics H2BK12ac	NA	NA	H2BK12ac	NA	NA	E008-H2BK12ac.narrowPeak	8.45588760290077e-68	46023
2	1039	roadmap_epigenomics	67.4645005743198	3.64786402716752	1017	604	442	984	984	677	250	1621	1454	roadmap_epigenomics H4K20me1	NA	NA	H4K20me1	NA	NA	E123-H4K20me1.narrowPeak	1.27606336049191e-67	56074
2	1066	roadmap_epigenomics	67.3973904696812	3.01632441311194	1653	605	663	716	716	661	609	985	1095	roadmap_epigenomics H3K27ac	NA	NA	H3K27ac	NA	NA	E126-H3K27ac.narrowPeak	1.48683887473907e-67	91265
2	92	roadmap_epigenomics	67.2481239532465	3.8747897691364	2338	606	364	67	606	346	1138	300	566	roadmap_epigenomics H2A.Z	NA	NA	H2A.Z	NA	NA	E006-H2A.Z.narrowPeak	2.09321180097776e-67	201531
2	1110	roadmap_epigenomics	67.1831236524869	3.21365821159021	1277	607	612	873	873	697	385	1361	1319	roadmap_epigenomics H4K20me1	NA	NA	H4K20me1	NA	NA	E129-H4K20me1.narrowPeak	2.42715442303851e-67	157676
2	653	roadmap_epigenomics	67.0383071169971	3.07025590796312	1926	608	647	542	647	599	798	712	906	roadmap_epigenomics H3K36me3	NA	NA	H3K36me3	NA	NA	E079-H3K36me3.narrowPeak	3.38219821232383e-67	264229
2	125	roadmap_epigenomics	66.9768723758353	3.0156121824238	1799	609	664	643	664	639	708	839	996	roadmap_epigenomics H3K36me3	NA	NA	H3K36me3	NA	NA	E007-H3K36me3.narrowPeak	3.88973561578391e-67	177693
2	581	roadmap_epigenomics	66.9273439699773	3.00427056905438	1740	610	666	668	668	648	668	898	1036	roadmap_epigenomics H3K36me3	NA	NA	H3K36me3	NA	NA	E068-H3K36me3.narrowPeak	4.35247160924502e-67	230963
2	187	roadmap_epigenomics	66.6678607140516	2.99549009351664	1689	611	668	696	696	658	635	949	1069	roadmap_epigenomics H3K36me3	NA	NA	H3K36me3	NA	NA	E012-H3K36me3.narrowPeak	7.89783084153822e-67	226301
2	949	roadmap_epigenomics	66.6622426736238	3.02297675518578	1849	612	662	615	662	630	744	789	960	roadmap_epigenomics H3K4me3	NA	NA	H3K4me3	NA	NA	E116-H3K4me3.narrowPeak	7.98758800552778e-67	76167
2	358	roadmap_epigenomics	66.6549587074742	3.00594451392485	1793	613	665	644	665	641	705	845	999	roadmap_epigenomics H3K4me1	NA	NA	H3K4me1	NA	NA	E033-H3K4me1.narrowPeak	8.10943449215986e-67	131462
2	415	roadmap_epigenomics	66.5313675462588	3.05909012792185	1929	614	651	537	651	601	802	709	902	roadmap_epigenomics H3K4me3	NA	NA	H3K4me3	NA	NA	E042-H3K4me3.narrowPeak	1.07615253864819e-66	58292
2	344	roadmap_epigenomics	66.5197356563459	3.05218672915132	1918	615	652	549	652	605	794	720	910	roadmap_epigenomics	NA	NA	NA	NA	NA	E032-DNase.hotspot.all.peaks.bed	1.10356769758354e-66	81799
2	1027	roadmap_epigenomics	66.4891478797083	3.63584162642111	2285	616	444	115	616	392	1091	353	613	roadmap_epigenomics	NA	NA	NA	NA	NA	E123-DNase.macs2.narrowPeak	1.18217333728208e-66	341769
2	835	roadmap_epigenomics	66.2898013101267	2.98934420375841	1753	617	670	662	670	650	679	885	1025	roadmap_epigenomics H3K36me3	NA	NA	H3K36me3	NA	NA	E101-H3K36me3.narrowPeak	1.86776949360563e-66	322521
2	696	roadmap_epigenomics	66.2464749357886	2.9854705553761	1726	618	672	678	678	656	661	912	1043	roadmap_epigenomics H3K36me3	NA	NA	H3K36me3	NA	NA	E084-H3K36me3.narrowPeak	2.06037532930543e-66	327499
2	1049	roadmap_epigenomics	66.221385742662	3.15152084106625	2048	619	630	414	630	554	893	590	811	roadmap_epigenomics H3K9ac	NA	NA	H3K9ac	NA	NA	E124-H3K9ac.narrowPeak	2.17938200302088e-66	72690
2	201	roadmap_epigenomics	66.1413079676537	3.28347673911686	2145	620	587	290	620	499	971	493	733	roadmap_epigenomics H3K4me3	NA	NA	H3K4me3	NA	NA	E014-H3K4me3.narrowPeak	2.61643587191021e-66	79278
2	362	roadmap_epigenomics	66.1349458783893	3.11082773877411	2010	621	636	462	636	573	864	628	840	roadmap_epigenomics	NA	NA	NA	NA	NA	E034-DNase.hotspot.fdr0.01.peaks.bed	2.65077138262871e-66	107036
2	600	roadmap_epigenomics	66.0601116064927	2.98103971691908	1731	622	673	674	674	656	665	907	1039	roadmap_epigenomics H3K36me3	NA	NA	H3K36me3	NA	NA	E071-H3K36me3.narrowPeak	3.14418260557229e-66	193688
2	156	roadmap_epigenomics	65.8768519579544	3.22395545423966	2112	623	604	332	623	520	945	526	759	roadmap_epigenomics H3K56ac	NA	NA	H3K56ac	NA	NA	E008-H3K56ac.narrowPeak	4.78706966067328e-66	164562
2	421	roadmap_epigenomics	65.6899854942114	3.0498255686489	1948	624	654	521	654	600	819	690	885	roadmap_epigenomics H3K4me3	NA	NA	H3K4me3	NA	NA	E043-H3K4me3.narrowPeak	7.34919325936333e-66	41721
2	74	roadmap_epigenomics	65.5816211184349	3.72258392562936	954	625	414	1014	1014	684	225	1684	1479	roadmap_epigenomics H3K23ac	NA	NA	H3K23ac	NA	NA	E005-H3K23ac.narrowPeak	9.41691425812775e-66	26230
2	350	roadmap_epigenomics	65.5370366652449	3.33519856097453	2182	626	568	244	626	479	1004	456	700	roadmap_epigenomics H3K4me1	NA	NA	H3K4me1	NA	NA	E032-H3K4me1.narrowPeak	1.04183454466592e-65	167617
2	182	roadmap_epigenomics	65.5260627307984	3.26812139858411	2146	627	593	287	627	502	974	492	730	roadmap_epigenomics H3K4me3	NA	NA	H3K4me3	NA	NA	E011-H3K4me3.narrowPeak	1.06679133700418e-65	131844
2	915	roadmap_epigenomics	65.4818406830816	3.16842802032533	2079	628	625	373	628	542	920	559	784	roadmap_epigenomics H3K36me3	NA	NA	H3K36me3	NA	NA	E113-H3K36me3.narrowPeak	1.17925961279728e-65	279691
2	264	roadmap_epigenomics	65.2703754099017	2.9718193752173	1582	629	674	756	756	686	571	1056	1133	roadmap_epigenomics H3K36me3	NA	NA	H3K36me3	NA	NA	E020-H3K36me3.narrowPeak	1.91594790600446e-65	225893
2	433	roadmap_epigenomics	65.1010576049546	3.02744147533503	1937	630	661	533	661	608	813	701	891	roadmap_epigenomics H3K4me3	NA	NA	H3K4me3	NA	NA	E045-H3K4me3.narrowPeak	2.8249554122816e-65	50440
2	880	roadmap_epigenomics	64.6041622497779	2.94159360027992	1678	631	679	700	700	670	635	960	1069	roadmap_epigenomics H3K36me3	NA	NA	H3K36me3	NA	NA	E108-H3K36me3.narrowPeak	8.85560308524723e-65	243209
2	378	roadmap_epigenomics	64.5177000182649	3.06417564314717	2005	632	650	472	650	585	866	633	838	roadmap_epigenomics H3K4me3	NA	NA	H3K4me3	NA	NA	E036-H3K4me3.narrowPeak	1.07892847565058e-64	56252
2	672	roadmap_epigenomics	64.4997790768893	2.94157024446952	1639	633	680	721	721	678	610	999	1094	roadmap_epigenomics H3K4me3	NA	NA	H3K4me3	NA	NA	E081-H3K4me3.narrowPeak	1.12260498142793e-64	47518
2	427	roadmap_epigenomics	64.482587068838	3.02788877274625	1961	634	660	514	660	603	833	677	871	roadmap_epigenomics H3K4me3	NA	NA	H3K4me3	NA	NA	E044-H3K4me3.narrowPeak	1.16609363607214e-64	48938
2	754	roadmap_epigenomics	64.1922746735174	4.53847527539879	2448	635	183	9	635	276	1260	190	444	roadmap_epigenomics	NA	NA	NA	NA	NA	E091-DNase.macs2.narrowPeak	2.27175427046428e-64	494002
2	367	roadmap_epigenomics	64.1175517036039	3.33642354487539	2202	636	566	217	636	473	1026	436	678	roadmap_epigenomics H3K4me1	NA	NA	H3K4me1	NA	NA	E034-H3K4me1.narrowPeak	2.69402072662654e-64	198110
2	35	roadmap_epigenomics	64.1022689503405	2.96627886150311	1498	637	676	794	794	702	523	1140	1181	roadmap_epigenomics H3K79me1	NA	NA	H3K79me1	NA	NA	E003-H3K79me1.narrowPeak	2.78612995276464e-64	133190
2	647	roadmap_epigenomics	64.0787961979916	2.92859973156906	1707	638	683	688	688	670	656	931	1048	roadmap_epigenomics H3K36me3	NA	NA	H3K36me3	NA	NA	E078-H3K36me3.narrowPeak	2.93624895493728e-64	225957
2	755	roadmap_epigenomics	63.965846558713	2.96673260421006	1879	639	675	581	675	632	775	759	929	roadmap_epigenomics H3K27ac	NA	NA	H3K27ac	NA	NA	E091-H3K27ac.narrowPeak	3.80243969492531e-64	113281
2	868	roadmap_epigenomics	63.7956765664767	2.92156347288593	1713	640	686	685	686	670	661	925	1043	roadmap_epigenomics H3K36me3	NA	NA	H3K36me3	NA	NA	E106-H3K36me3.narrowPeak	5.61763103560032e-64	291154
2	805	roadmap_epigenomics	63.5227163738627	2.92020431331764	1765	641	687	654	687	661	697	873	1007	roadmap_epigenomics H3K36me3	NA	NA	H3K36me3	NA	NA	E097-H3K36me3.narrowPeak	1.05156312543427e-63	343116
2	913	roadmap_epigenomics	63.4290911029453	3.03944667298628	2009	642	657	465	657	588	873	629	831	roadmap_epigenomics H3K27ac	NA	NA	H3K27ac	NA	NA	E113-H3K27ac.narrowPeak	1.3025176617395e-63	130427
2	49	roadmap_epigenomics	63.2801856740798	3.21430566205141	1164	643	609	914	914	722	336	1474	1368	roadmap_epigenomics H2BK5ac	NA	NA	H2BK5ac	NA	NA	E004-H2BK5ac.narrowPeak	1.83236971365339e-63	64664
2	475	roadmap_epigenomics	63.0649210325427	3.9266437670977	2376	644	341	37	644	341	1189	262	515	roadmap_epigenomics	NA	NA	NA	NA	NA	E051-DNase.macs2.narrowPeak	3.00332860154691e-63	314537
2	1042	roadmap_epigenomics	62.8661293640915	2.93562515411692	1872	645	682	589	682	639	774	766	930	roadmap_epigenomics H3K27ac	NA	NA	H3K27ac	NA	NA	E124-H3K27ac.narrowPeak	4.73937063343661e-63	154618
2	152	roadmap_epigenomics	62.7841806997835	2.89446542298982	1697	646	690	692	692	676	654	941	1050	roadmap_epigenomics H3K4ac	NA	NA	H3K4ac	NA	NA	E008-H3K4ac.narrowPeak	5.71474076049439e-63	70510
2	384	roadmap_epigenomics	62.6328847641875	2.92797079972792	1868	647	684	593	684	641	772	770	932	roadmap_epigenomics H3K4me3	NA	NA	H3K4me3	NA	NA	E037-H3K4me3.narrowPeak	8.08389580315769e-63	49554
2	162	roadmap_epigenomics	62.6030270514024	3.62040943575801	2315	648	446	88	648	394	1132	323	572	roadmap_epigenomics H4K20me1	NA	NA	H4K20me1	NA	NA	E008-H4K20me1.narrowPeak	8.64584996262422e-63	284568
2	448	roadmap_epigenomics	62.5954424595735	2.92575327175499	1865	649	685	598	685	644	770	773	934	roadmap_epigenomics H3K4me3	NA	NA	H3K4me3	NA	NA	E047-H3K4me3.narrowPeak	8.78461222811362e-63	39614
2	441	roadmap_epigenomics	62.5554262423372	3.2848789366912	2199	650	585	222	650	486	1029	439	675	roadmap_epigenomics H3K4me1	NA	NA	H3K4me1	NA	NA	E046-H3K4me1.narrowPeak	9.61767623167551e-63	167778
2	106	roadmap_epigenomics	62.14639664265	3.36589149829891	2239	651	552	166	651	456	1065	399	639	roadmap_epigenomics H3K4me3	NA	NA	H3K4me3	NA	NA	E006-H3K4me3.narrowPeak	2.46281687517491e-62	112009
2	363	roadmap_epigenomics	62.0448404745892	3.5981973166898	2314	652	458	91	652	400	1133	324	571	roadmap_epigenomics	NA	NA	NA	NA	NA	E034-DNase.macs2.narrowPeak	3.10685998498522e-62	416560
2	849	roadmap_epigenomics	62.0378850785417	2.87554138583333	1705	653	694	689	694	679	662	933	1042	roadmap_epigenomics H3K36me3	NA	NA	H3K36me3	NA	NA	E103-H3K36me3.narrowPeak	3.15218350510267e-62	225315
2	81	roadmap_epigenomics	61.9977418890054	3.26879791689211	2199	654	592	222	654	489	1031	439	673	roadmap_epigenomics H3K4me3	NA	NA	H3K4me3	NA	NA	E005-H3K4me3.narrowPeak	3.45215362892884e-62	88854
2	116	roadmap_epigenomics	61.974105995119	2.91655139337184	1880	655	688	578	688	640	783	758	921	roadmap_epigenomics H2BK120ac	NA	NA	H2BK120ac	NA	NA	E007-H2BK120ac.narrowPeak	3.63967375287275e-62	114993
2	272	roadmap_epigenomics	61.8581976651513	2.87724112136167	1762	656	692	656	692	668	701	876	1003	roadmap_epigenomics H3K27ac	NA	NA	H3K27ac	NA	NA	E021-H3K27ac.narrowPeak	4.74578705515148e-62	103584
2	409	roadmap_epigenomics	61.8454372497047	2.93919293876856	1929	657	681	537	681	625	819	709	885	roadmap_epigenomics H3K4me3	NA	NA	H3K4me3	NA	NA	E041-H3K4me3.narrowPeak	4.87985741683223e-62	57727
2	359	roadmap_epigenomics	61.8430849414327	2.89956953143082	1847	658	689	617	689	655	760	791	944	roadmap_epigenomics H3K4me3	NA	NA	H3K4me3	NA	NA	E033-H3K4me3.narrowPeak	4.8989038631629e-62	42864
2	121	roadmap_epigenomics	61.5500869660411	3.48323716914266	2286	659	502	113	659	425	1109	352	595	roadmap_epigenomics H3K18ac	NA	NA	H3K18ac	NA	NA	E007-H3K18ac.narrowPeak	9.60367315814491e-62	252687
2	18	roadmap_epigenomics	61.4910746060312	3.43474806634298	994	660	527	995	995	727	255	1644	1449	roadmap_epigenomics H2BK120ac	NA	NA	H2BK120ac	NA	NA	E003-H2BK120ac.narrowPeak	1.09847761284212e-61	62846
2	634	roadmap_epigenomics	61.153208866048	2.86300260908277	1575	661	699	759	759	706	581	1063	1123	roadmap_epigenomics H3K36me3	NA	NA	H3K36me3	NA	NA	E076-H3K36me3.narrowPeak	2.38780812913762e-61	180209
2	321	roadmap_epigenomics	61.0699328180004	2.86288931147488	1565	662	700	766	766	709	575	1073	1129	roadmap_epigenomics H3K36me3	NA	NA	H3K36me3	NA	NA	E028-H3K36me3.narrowPeak	2.88814467536144e-61	214696
2	250	roadmap_epigenomics	61.0170873341483	2.85159291729592	1626	663	704	728	728	698	614	1012	1090	roadmap_epigenomics H3K36me3	NA	NA	H3K36me3	NA	NA	E018-H3K36me3.narrowPeak	3.2569334859954e-61	167069
2	503	roadmap_epigenomics	60.959466370615	2.86838527037824	1821	664	697	631	697	664	745	817	959	roadmap_epigenomics H3K36me3	NA	NA	H3K36me3	NA	NA	E055-H3K36me3.narrowPeak	3.71343051542672e-61	289239
2	429	roadmap_epigenomics	60.8442182034629	2.850889480317	1758	665	705	660	705	677	702	880	1002	roadmap_epigenomics H3K27ac	NA	NA	H3K27ac	NA	NA	E045-H3K27ac.narrowPeak	4.83470414671517e-61	75442
2	29	roadmap_epigenomics	60.736736156483	2.85460110178246	1791	666	702	645	702	671	725	847	979	roadmap_epigenomics H3K36me3	NA	NA	H3K36me3	NA	NA	E003-H3K36me3.narrowPeak	6.18300170519833e-61	323310
2	11	roadmap_epigenomics	60.7303761446158	2.95586900102905	1340	667	677	846	846	730	441	1298	1263	roadmap_epigenomics H3K9ac	NA	NA	H3K9ac	NA	NA	E002-H3K9ac.narrowPeak	6.26480811324407e-61	18733
2	193	roadmap_epigenomics	60.5660244987121	2.83739791299521	1662	668	709	710	710	696	639	976	1065	roadmap_epigenomics H3K36me3	NA	NA	H3K36me3	NA	NA	E013-H3K36me3.narrowPeak	9.13290185769554e-61	304339
2	931	roadmap_epigenomics	60.5324609915933	2.84848946054059	1787	669	706	647	706	674	723	851	981	roadmap_epigenomics H2A.Z	NA	NA	H2A.Z	NA	NA	E115-H2A.Z.narrowPeak	9.85196006068696e-61	84931
2	8	roadmap_epigenomics	60.3602380098028	2.86661960956486	1859	670	698	606	698	658	774	779	930	roadmap_epigenomics H3K36me3	NA	NA	H3K36me3	NA	NA	E002-H3K36me3.narrowPeak	1.46250358530527e-60	284615
2	336	roadmap_epigenomics	60.3028488391697	2.99344359740196	2046	671	669	416	671	585	913	592	791	roadmap_epigenomics H3K4me1	NA	NA	H3K4me1	NA	NA	E030-H3K4me1.narrowPeak	1.66662692057074e-60	116739
2	1076	roadmap_epigenomics	60.1545978668069	3.77138719708372	2367	672	392	47	672	370	1190	271	514	roadmap_epigenomics	NA	NA	NA	NA	NA	E127-DNase.macs2.narrowPeak	2.34122208422715e-60	449247
2	1073	roadmap_epigenomics	60.0333892384621	2.82393315475483	1700	673	713	690	713	692	666	938	1038	roadmap_epigenomics H3K9ac	NA	NA	H3K9ac	NA	NA	E126-H3K9ac.narrowPeak	3.0903342077364e-60	50757
2	790	roadmap_epigenomics	59.9148148102877	2.82046069437054	1666	674	716	707	716	699	644	972	1060	roadmap_epigenomics H3K36me3	NA	NA	H3K36me3	NA	NA	E095-H3K36me3.narrowPeak	4.05447890432508e-60	283237
2	873	roadmap_epigenomics	59.9134835601501	2.82271179157905	1626	675	714	728	728	706	618	1012	1086	roadmap_epigenomics H3K36me3	NA	NA	H3K36me3	NA	NA	E107-H3K36me3.narrowPeak	4.06090115816474e-60	192945
2	130	roadmap_epigenomics	59.8661267709382	3.03315388395655	2091	676	658	360	676	565	950	547	754	roadmap_epigenomics H3K79me1	NA	NA	H3K79me1	NA	NA	E007-H3K79me1.narrowPeak	4.52205963195397e-60	189229
2	341	roadmap_epigenomics	59.8143613025319	2.9544474326426	2019	677	678	450	678	602	894	619	810	roadmap_epigenomics H3K4me1	NA	NA	H3K4me1	NA	NA	E031-H3K4me1.narrowPeak	5.08697707812288e-60	93412
2	640	roadmap_epigenomics	59.6788941732762	2.8145429563429	1692	678	718	694	718	697	662	946	1042	roadmap_epigenomics H3K36me3	NA	NA	H3K36me3	NA	NA	E077-H3K36me3.narrowPeak	6.93882420493953e-60	271474
2	437	roadmap_epigenomics	59.5959082512745	3.38760091920446	2275	679	546	124	679	450	1106	363	598	roadmap_epigenomics	NA	NA	NA	NA	NA	E046-DNase.macs2.narrowPeak	8.38748441821248e-60	287236
2	1006	roadmap_epigenomics	59.120195126583	2.82082259778009	1525	680	715	784	784	726	557	1113	1147	roadmap_epigenomics H3K36me3	NA	NA	H3K36me3	NA	NA	E121-H3K36me3.narrowPeak	2.50441163426415e-59	200978
2	748	roadmap_epigenomics	59.0254923719437	2.79760356336055	1661	681	722	712	722	705	644	977	1060	roadmap_epigenomics H3K36me3	NA	NA	H3K36me3	NA	NA	E090-H3K36me3.narrowPeak	3.11007074501656e-59	278916
2	397	roadmap_epigenomics	59.0113373144789	2.87055259913307	1935	682	696	535	696	638	834	703	870	roadmap_epigenomics H3K4me3	NA	NA	H3K4me3	NA	NA	E039-H3K4me3.narrowPeak	3.20839671341513e-59	51115
2	206	roadmap_epigenomics	58.9148225604027	2.79811125145241	1611	683	721	741	741	715	612	1027	1092	roadmap_epigenomics H3K36me3	NA	NA	H3K36me3	NA	NA	E015-H3K36me3.narrowPeak	4.00098098940809e-59	252828
2	772	roadmap_epigenomics	58.906333978484	3.8197093469954	2384	684	380	32	684	365	1211	254	493	roadmap_epigenomics	NA	NA	NA	NA	NA	E093-DNase.macs2.narrowPeak	4.0739873084262e-59	407437
2	355	roadmap_epigenomics	58.7591137109973	3.36160705775204	2275	685	555	124	685	455	1109	363	595	roadmap_epigenomics	NA	NA	NA	NA	NA	E033-DNase.macs2.narrowPeak	5.70959718246015e-59	279354
2	213	roadmap_epigenomics	58.7578107888878	2.79984484365311	1574	686	720	760	760	722	589	1064	1115	roadmap_epigenomics H3K36me3	NA	NA	H3K36me3	NA	NA	E016-H3K36me3.narrowPeak	5.71840416745973e-59	237501
2	916	roadmap_epigenomics	58.725001011094	3.70466392505262	2364	687	420	49	687	385	1192	274	512	roadmap_epigenomics H3K4me1	NA	NA	H3K4me1	NA	NA	E113-H3K4me1.narrowPeak	6.15817468041154e-59	347200
2	467	roadmap_epigenomics	58.6835220883647	2.83047194282864	1874	688	710	587	710	662	791	764	913	roadmap_epigenomics H3K27ac	NA	NA	H3K27ac	NA	NA	E050-H3K27ac.narrowPeak	6.76548951508511e-59	105551
2	107	roadmap_epigenomics	58.5331068473733	2.78642311826091	1629	689	727	727	727	714	625	1009	1079	roadmap_epigenomics H3K79me1	NA	NA	H3K79me1	NA	NA	E006-H3K79me1.narrowPeak	9.55176617843804e-59	327815
2	142	roadmap_epigenomics	58.5267156231574	2.80399496043697	1528	690	719	780	780	730	561	1110	1143	roadmap_epigenomics H2BK15ac	NA	NA	H2BK15ac	NA	NA	E008-H2BK15ac.narrowPeak	9.67932423649112e-59	52204
2	554	roadmap_epigenomics	58.4464168532012	2.78258649074159	1676	691	729	701	729	707	656	962	1048	roadmap_epigenomics H3K36me3	NA	NA	H3K36me3	NA	NA	E063-H3K36me3.narrowPeak	1.16282631491025e-58	257192
2	739	roadmap_epigenomics	58.0064164540519	2.77780207290181	1587	692	731	754	754	726	600	1051	1104	roadmap_epigenomics H3K36me3	NA	NA	H3K36me3	NA	NA	E089-H3K36me3.narrowPeak	3.19806438860177e-58	233424
2	312	roadmap_epigenomics	57.9298724515902	2.78831481518382	1809	693	726	635	726	685	748	829	956	roadmap_epigenomics H3K36me3	NA	NA	H3K36me3	NA	NA	E027-H3K36me3.narrowPeak	3.80893942286384e-58	455177
2	1047	roadmap_epigenomics	57.8312773825332	2.98874686223878	2099	694	671	349	694	571	964	539	740	roadmap_epigenomics H3K4me3	NA	NA	H3K4me3	NA	NA	E124-H3K4me3.narrowPeak	4.77279629556061e-58	81682
2	466	roadmap_epigenomics	57.768893230258	3.73826672104762	2377	695	404	36	695	378	1208	261	496	roadmap_epigenomics	NA	NA	NA	NA	NA	E050-DNase.macs2.narrowPeak	5.50214101877828e-58	329554
2	842	roadmap_epigenomics	57.5892477248051	2.7605340877245	1662	696	738	710	738	715	650	976	1054	roadmap_epigenomics H3K36me3	NA	NA	H3K36me3	NA	NA	E102-H3K36me3.narrowPeak	8.30907707512582e-58	305308
2	455	roadmap_epigenomics	57.560357111401	2.79663361047156	1861	697	723	602	723	674	786	777	918	roadmap_epigenomics H3K4me3	NA	NA	H3K4me3	NA	NA	E048-H3K4me3.narrowPeak	8.86788111916126e-58	54009
2	411	roadmap_epigenomics	57.5344012503998	2.7612299301829	1716	698	735	683	735	705	686	922	1018	roadmap_epigenomics H3K27ac	NA	NA	H3K27ac	NA	NA	E042-H3K27ac.narrowPeak	9.40054599987418e-58	68927
2	390	roadmap_epigenomics	57.4458143732208	2.79578387939771	1866	699	724	597	724	673	790	772	914	roadmap_epigenomics H3K4me3	NA	NA	H3K4me3	NA	NA	E038-H3K4me3.narrowPeak	1.15111364764335e-57	51910
2	16	roadmap_epigenomics	57.3959625186214	3.52241962985232	2334	700	489	71	700	420	1168	304	536	roadmap_epigenomics H2A.Z	NA	NA	H2A.Z	NA	NA	E003-H2A.Z.narrowPeak	1.28928578175313e-57	280604
2	46	roadmap_epigenomics	57.1255325146806	3.44977406098258	902	701	518	1033	1033	751	223	1736	1481	roadmap_epigenomics H2AK5ac	NA	NA	H2AK5ac	NA	NA	E004-H2AK5ac.narrowPeak	2.39971253062652e-57	52932
2	386	roadmap_epigenomics	56.956885512364	2.74901340583992	1738	702	741	669	741	704	703	900	1001	roadmap_epigenomics H3K27ac	NA	NA	H3K27ac	NA	NA	E038-H3K27ac.narrowPeak	3.53335381027951e-57	50328
2	757	roadmap_epigenomics	56.9106897403174	2.74712316857169	1601	703	742	747	747	731	613	1037	1091	roadmap_epigenomics H3K36me3	NA	NA	H3K36me3	NA	NA	E091-H3K36me3.narrowPeak	3.92432246552111e-57	240653
2	118	roadmap_epigenomics	56.8497158093049	2.76023475272682	1523	704	739	785	785	743	564	1115	1140	roadmap_epigenomics H2BK15ac	NA	NA	H2BK15ac	NA	NA	E007-H2BK15ac.narrowPeak	4.50942619688242e-57	91360
2	131	roadmap_epigenomics	56.8104631120899	4.07052419219072	2432	705	290	11	705	335	1267	206	437	roadmap_epigenomics H3K9ac	NA	NA	H3K9ac	NA	NA	E007-H3K9ac.narrowPeak	4.92898529896947e-57	313345
2	368	roadmap_epigenomics	56.752243166949	2.77234471688264	1851	706	732	614	732	684	782	787	922	roadmap_epigenomics H3K4me3	NA	NA	H3K4me3	NA	NA	E034-H3K4me3.narrowPeak	5.62810101801222e-57	37067
2	1040	roadmap_epigenomics	56.736519882304	3.33678330007381	2288	707	565	111	707	461	1128	350	576	roadmap_epigenomics	NA	NA	NA	NA	NA	E124-DNase.macs2.narrowPeak	5.82734131223333e-57	295595
2	351	roadmap_epigenomics	56.7010473085213	2.75716842857945	1808	708	740	636	740	695	752	830	952	roadmap_epigenomics H3K4me3	NA	NA	H3K4me3	NA	NA	E032-H3K4me3.narrowPeak	6.314357776392e-57	31423
2	927	roadmap_epigenomics	56.4218015503966	2.817637225243	1356	709	717	840	840	755	465	1282	1239	roadmap_epigenomics H3K79me2	NA	NA	H3K79me2	NA	NA	E114-H3K79me2.narrowPeak	1.1993942607276e-56	178908
2	417	roadmap_epigenomics	56.403812721806	2.73165806515749	1626	710	745	728	745	728	631	1012	1073	roadmap_epigenomics H3K27ac	NA	NA	H3K27ac	NA	NA	E043-H3K27ac.narrowPeak	1.24835665662501e-56	65032
2	962	roadmap_epigenomics	56.3001773454217	2.78004642213434	1423	711	730	820	820	754	505	1215	1199	roadmap_epigenomics H3K79me2	NA	NA	H3K79me2	NA	NA	E117-H3K79me2.narrowPeak	1.58256955182803e-56	176874
2	288	roadmap_epigenomics	56.2751965395027	2.73864450993475	1550	712	743	772	772	742	583	1088	1121	roadmap_epigenomics H3K36me3	NA	NA	H3K36me3	NA	NA	E023-H3K36me3.narrowPeak	1.67391429727207e-56	228728
2	895	roadmap_epigenomics	56.0408322470371	2.76053969121041	1453	713	737	808	808	753	524	1185	1180	roadmap_epigenomics H3K36me3	NA	NA	H3K36me3	NA	NA	E110-H3K36me3.narrowPeak	2.86739798052822e-56	86270
2	975	roadmap_epigenomics	56.0078428278314	2.72937571125029	1765	714	746	654	746	705	725	873	979	roadmap_epigenomics H3K9ac	NA	NA	H3K9ac	NA	NA	E118-H3K9ac.narrowPeak	3.0893613741195e-56	55292
2	1032	roadmap_epigenomics	55.6508601676801	2.79190478187334	1946	715	725	522	725	654	855	692	849	roadmap_epigenomics H3K4me1	NA	NA	H3K4me1	NA	NA	E123-H3K4me1.narrowPeak	7.01848768873573e-56	169621
2	1033	roadmap_epigenomics	55.5555161670164	2.84433113066256	2020	716	707	447	716	623	911	618	793	roadmap_epigenomics H3K4me2	NA	NA	H3K4me2	NA	NA	E123-H3K4me2.narrowPeak	8.72932298324675e-56	93300
2	346	roadmap_epigenomics	55.5291061074366	3.34608193540226	2303	717	562	100	717	460	1146	335	558	roadmap_epigenomics	NA	NA	NA	NA	NA	E032-DNase.macs2.narrowPeak	9.26370014090661e-56	359211
2	968	roadmap_epigenomics	55.4876519515928	2.70856618043668	1616	718	747	736	747	734	628	1022	1076	roadmap_epigenomics H3K27ac	NA	NA	H3K27ac	NA	NA	E118-H3K27ac.narrowPeak	1.0177318267522e-55	71755
2	729	roadmap_epigenomics	55.4410458901368	2.7058483297589	1645	719	748	718	748	728	647	993	1057	roadmap_epigenomics H3K36me3	NA	NA	H3K36me3	NA	NA	E088-H3K36me3.narrowPeak	1.13144896996963e-55	301918
2	1056	roadmap_epigenomics	55.433309323754	2.73639238798842	1474	720	744	802	802	755	539	1164	1165	roadmap_epigenomics H3K36me3	NA	NA	H3K36me3	NA	NA	E125-H3K36me3.narrowPeak	1.15018561506706e-55	248840
2	678	roadmap_epigenomics	54.8313322832365	2.70180701687873	1543	721	749	774	774	748	584	1095	1120	roadmap_epigenomics H3K36me3	NA	NA	H3K36me3	NA	NA	E082-H3K36me3.narrowPeak	4.59348395756485e-55	205425
2	126	roadmap_epigenomics	54.8119912827679	2.78633260361441	1329	722	728	854	854	768	455	1309	1249	roadmap_epigenomics H3K4ac	NA	NA	H3K4ac	NA	NA	E007-H3K4ac.narrowPeak	4.79602315942144e-55	45590
2	405	roadmap_epigenomics	54.5062863898654	2.69334838316647	1774	723	750	650	750	708	737	864	967	roadmap_epigenomics H3K27ac	NA	NA	H3K27ac	NA	NA	E041-H3K27ac.narrowPeak	9.68244558098972e-55	106442
2	944	roadmap_epigenomics	54.4314848242509	2.68415866529438	1731	724	753	674	753	717	708	907	996	roadmap_epigenomics H3K27ac	NA	NA	H3K27ac	NA	NA	E116-H3K27ac.narrowPeak	1.1486464150498e-54	78915
2	941	roadmap_epigenomics	54.3564091975316	2.76641978259108	1340	725	733	846	846	768	463	1298	1241	roadmap_epigenomics H4K20me1	NA	NA	H4K20me1	NA	NA	E115-H4K20me1.narrowPeak	1.363523250461e-54	156894
2	199	roadmap_epigenomics	54.1286681468522	2.68679470625745	1526	726	751	781	781	753	576	1112	1128	roadmap_epigenomics H3K36me3	NA	NA	H3K36me3	NA	NA	E014-H3K36me3.narrowPeak	2.30040860979451e-54	224149
2	902	roadmap_epigenomics	54.0615916740745	2.67852734348289	1559	727	754	768	768	750	597	1079	1107	roadmap_epigenomics H3K36me3	NA	NA	H3K36me3	NA	NA	E111-H3K36me3.narrowPeak	2.68091884182104e-54	219857
2	119	roadmap_epigenomics	54.0591481174046	3.88610275591093	2423	728	356	14	728	366	1267	215	437	roadmap_epigenomics H2BK5ac	NA	NA	H2BK5ac	NA	NA	E007-H2BK5ac.narrowPeak	2.69234218007277e-54	389247
2	342	roadmap_epigenomics	53.3647070136452	2.66298360962796	1766	729	760	653	760	714	736	872	968	roadmap_epigenomics H3K4me3	NA	NA	H3K4me3	NA	NA	E031-H3K4me3.narrowPeak	1.33037847624903e-53	39890
2	923	roadmap_epigenomics	53.2415167810184	2.67209378685439	1490	730	756	795	795	760	557	1148	1147	roadmap_epigenomics H3K36me3	NA	NA	H3K36me3	NA	NA	E114-H3K36me3.narrowPeak	1.76429056159054e-53	218138
2	662	roadmap_epigenomics	53.2085575104675	2.65092276376514	1712	731	762	686	762	726	700	926	1004	roadmap_epigenomics H3K36me3	NA	NA	H3K36me3	NA	NA	E080-H3K36me3.narrowPeak	1.90079317752411e-53	296790
2	157	roadmap_epigenomics	53.1324077447076	2.67820552393536	1460	732	755	807	807	765	539	1178	1165	roadmap_epigenomics H3K79me1	NA	NA	H3K79me1	NA	NA	E008-H3K79me1.narrowPeak	2.26199127883625e-53	120353
2	20	roadmap_epigenomics	53.0207333319931	2.87573154548961	1148	733	693	923	923	783	360	1490	1344	roadmap_epigenomics H2BK15ac	NA	NA	H2BK15ac	NA	NA	E003-H2BK15ac.narrowPeak	2.92127502168064e-53	56902
2	139	roadmap_epigenomics	52.8046081877955	3.44052166427436	825	734	522	1055	1055	770	199	1813	1505	roadmap_epigenomics H2AK5ac	NA	NA	H2AK5ac	NA	NA	E008-H2AK5ac.narrowPeak	4.79850005606303e-53	27211
2	1117	ucsc_features	52.7781859441374	3.05058193923886	1005	735	653	989	989	792	286	1633	1418	UCSC Microsatellites	NA	NA	NA	NA	NA	microsat.bed	5.09256368421077e-53	41258
2	180	roadmap_epigenomics	52.2933042990349	2.63807363364294	1526	736	764	781	781	760	583	1112	1121	roadmap_epigenomics H3K36me3	NA	NA	H3K36me3	NA	NA	E011-H3K36me3.narrowPeak	1.55320091798074e-52	271169
2	935	roadmap_epigenomics	52.1646739604158	2.66217948392023	1865	737	761	598	761	699	810	773	894	roadmap_epigenomics H3K4me1	NA	NA	H3K4me1	NA	NA	E115-H3K4me1.narrowPeak	2.0857790627327e-52	130919
2	423	roadmap_epigenomics	52.03214975525	2.61864373729155	1672	738	767	703	767	736	678	966	1026	roadmap_epigenomics H3K27ac	NA	NA	H3K27ac	NA	NA	E044-H3K27ac.narrowPeak	2.82620483379337e-52	85187
2	122	roadmap_epigenomics	52.005242102142	3.36565923906623	2341	739	553	63	739	452	1194	297	510	roadmap_epigenomics H3K23ac	NA	NA	H3K23ac	NA	NA	E007-H3K23ac.narrowPeak	3.00277790363356e-52	240360
2	337	roadmap_epigenomics	51.8010221683647	2.66615485618701	1895	740	759	568	759	689	833	743	871	roadmap_epigenomics H3K4me3	NA	NA	H3K4me3	NA	NA	E030-H3K4me3.narrowPeak	4.79905650943931e-52	53793
2	299	roadmap_epigenomics	51.7246845577513	2.61297161867097	1595	741	770	749	770	753	629	1043	1075	roadmap_epigenomics H3K36me3	NA	NA	H3K36me3	NA	NA	E025-H3K36me3.narrowPeak	5.71356254940114e-52	257733
2	120	roadmap_epigenomics	51.176467483549	2.83871671697934	2123	742	708	319	742	590	1009	515	695	roadmap_epigenomics H3K14ac	NA	NA	H3K14ac	NA	NA	E007-H3K14ac.narrowPeak	2.01622206435536e-51	184207
2	967	roadmap_epigenomics	51.0403466579371	2.66739476589739	1345	743	758	842	842	781	478	1293	1226	roadmap_epigenomics H2A.Z	NA	NA	H2A.Z	NA	NA	E118-H2A.Z.narrowPeak	2.75469981738757e-51	24224
2	936	roadmap_epigenomics	50.903872699847	2.59902480407886	1756	744	775	661	775	727	739	882	965	roadmap_epigenomics H3K4me2	NA	NA	H3K4me2	NA	NA	E115-H3K4me2.narrowPeak	3.76672675217305e-51	70834
2	1034	roadmap_epigenomics	50.7876324808738	2.62837862556209	1867	745	765	594	765	701	817	771	887	roadmap_epigenomics H3K4me3	NA	NA	H3K4me3	NA	NA	E123-H3K4me3.narrowPeak	4.91610328128589e-51	62691
2	620	roadmap_epigenomics	50.6092185543855	2.6027046904502	1485	746	773	799	799	773	564	1153	1140	roadmap_epigenomics H3K36me3	NA	NA	H3K36me3	NA	NA	E074-H3K36me3.narrowPeak	7.40376064494254e-51	154097
2	393	roadmap_epigenomics	50.4538089208908	2.58150699533685	1712	747	776	686	776	736	711	926	993	roadmap_epigenomics H3K27ac	NA	NA	H3K27ac	NA	NA	E039-H3K27ac.narrowPeak	1.05749964247663e-50	79843
2	442	roadmap_epigenomics	50.4337330120733	2.60111504849165	1814	748	774	633	774	718	781	824	923	roadmap_epigenomics H3K4me3	NA	NA	H3K4me3	NA	NA	E046-H3K4me3.narrowPeak	1.1060509726051e-50	33250
2	234	roadmap_epigenomics	50.3334216738368	2.57496455917694	1645	749	778	718	778	748	667	993	1037	roadmap_epigenomics H3K36me3	NA	NA	H3K36me3	NA	NA	E017-H3K36me3.narrowPeak	1.39157385434687e-50	352022
2	567	roadmap_epigenomics	50.2744046388498	2.5746193051439	1684	750	779	697	779	742	693	954	1011	roadmap_epigenomics H3K36me3	NA	NA	H3K36me3	NA	NA	E066-H3K36me3.narrowPeak	1.5920028822899e-50	303329
2	115	roadmap_epigenomics	50.0732634674027	2.56960548908044	1605	751	780	745	780	759	642	1033	1062	roadmap_epigenomics H2AK5ac	NA	NA	H2AK5ac	NA	NA	E007-H2AK5ac.narrowPeak	2.52642463533062e-50	115306
2	1080	roadmap_epigenomics	49.9772616796777	2.56807868605199	1592	752	781	752	781	762	634	1046	1070	roadmap_epigenomics H3K36me3	NA	NA	H3K36me3	NA	NA	E127-H3K36me3.narrowPeak	3.14724267666643e-50	328717
2	512	roadmap_epigenomics	49.9628040913874	2.66853161582989	1980	753	757	499	757	670	903	658	801	roadmap_epigenomics H3K36me3	NA	NA	H3K36me3	NA	NA	E056-H3K36me3.narrowPeak	3.24945617701169e-50	339193
2	561	roadmap_epigenomics	49.9426529417621	2.61702479583105	1387	754	769	829	829	784	507	1251	1197	roadmap_epigenomics H3K36me3	NA	NA	H3K36me3	NA	NA	E065-H3K36me3.narrowPeak	3.39926845682987e-50	104024
2	482	roadmap_epigenomics	49.7910750649546	2.57639029547582	1504	755	777	792	792	775	579	1134	1125	roadmap_epigenomics H3K36me3	NA	NA	H3K36me3	NA	NA	E052-H3K36me3.narrowPeak	4.81268830442054e-50	253308
2	820	roadmap_epigenomics	49.7871891349233	2.56112299047557	1634	756	782	724	782	754	662	1004	1042	roadmap_epigenomics H3K36me3	NA	NA	H3K36me3	NA	NA	E099-H3K36me3.narrowPeak	4.84952074533338e-50	192233
2	401	roadmap_epigenomics	49.7297257470844	2.60629657006208	1399	757	772	827	827	785	515	1239	1189	roadmap_epigenomics H3K36me3	NA	NA	H3K36me3	NA	NA	E040-H3K36me3.narrowPeak	5.52825573771325e-50	157464
2	982	roadmap_epigenomics	49.6558560560163	2.61835210836733	1365	758	768	835	835	787	495	1273	1209	roadmap_epigenomics H3K36me3	NA	NA	H3K36me3	NA	NA	E119-H3K36me3.narrowPeak	6.54358569769106e-50	199445
2	1018	roadmap_epigenomics	49.6553521815315	2.68473609787032	1246	759	752	887	887	799	426	1392	1278	roadmap_epigenomics H3K36me3	NA	NA	H3K36me3	NA	NA	E122-H3K36me3.narrowPeak	6.54358569769106e-50	156941
2	413	roadmap_epigenomics	49.4879454893763	2.55449454004132	1606	760	784	743	784	762	645	1032	1059	roadmap_epigenomics H3K36me3	NA	NA	H3K36me3	NA	NA	E042-H3K36me3.narrowPeak	9.60839105550734e-50	199452
2	444	roadmap_epigenomics	49.2671634600665	2.54778683035338	1643	761	789	720	789	757	670	995	1034	roadmap_epigenomics H3K27ac	NA	NA	H3K27ac	NA	NA	E047-H3K27ac.narrowPeak	1.59537078594082e-49	44461
2	970	roadmap_epigenomics	49.0280009850089	2.64594747302624	1277	762	763	873	873	799	446	1361	1258	roadmap_epigenomics H3K36me3	NA	NA	H3K36me3	NA	NA	E118-H3K36me3.narrowPeak	2.76346389966795e-49	168886
2	541	roadmap_epigenomics	48.512778214529	2.52879080904714	1623	763	793	733	793	763	660	1015	1044	roadmap_epigenomics H3K36me3	NA	NA	H3K36me3	NA	NA	E061-H3K36me3.narrowPeak	9.03872138078064e-49	295294
2	974	roadmap_epigenomics	48.4640382482922	2.7610826514674	1108	764	736	941	941	814	354	1530	1350	roadmap_epigenomics H3K79me2	NA	NA	H3K79me2	NA	NA	E118-H3K79me2.narrowPeak	1.00989947180708e-48	97080
2	494	roadmap_epigenomics	48.4450968170977	2.54902702068178	1468	765	788	803	803	785	562	1170	1142	roadmap_epigenomics H3K36me3	NA	NA	H3K36me3	NA	NA	E054-H3K36me3.narrowPeak	1.0535411412651e-48	221911
2	977	roadmap_epigenomics	48.394915158358	4.28063589719461	579	766	235	1106	1106	702	105	2059	1599	roadmap_epigenomics H4K20me1	NA	NA	H4K20me1	NA	NA	E118-H4K20me1.narrowPeak	1.1810433100837e-48	34450
2	711	roadmap_epigenomics	48.3659007349194	3.89138107413849	2454	767	355	7	767	376	1319	184	385	roadmap_epigenomics	NA	NA	NA	NA	NA	E086-DNase.macs2.narrowPeak	1.26099583770741e-48	654772
2	1104	roadmap_epigenomics	48.2893377083716	2.54001233876104	1488	768	792	796	796	785	575	1150	1129	roadmap_epigenomics H3K36me3	NA	NA	H3K36me3	NA	NA	E129-H3K36me3.narrowPeak	1.502141426974e-48	239707
2	1028	roadmap_epigenomics	48.1474848875311	2.62068661361206	1978	769	766	502	769	679	909	660	795	roadmap_epigenomics H2A.Z	NA	NA	H2A.Z	NA	NA	E123-H2A.Z.narrowPeak	2.07968962186518e-48	128633
2	775	roadmap_epigenomics	47.9168435706746	2.51865106590658	1554	770	794	771	794	778	618	1084	1086	roadmap_epigenomics H3K36me3	NA	NA	H3K36me3	NA	NA	E093-H3K36me3.narrowPeak	3.53244538594272e-48	312106
2	720	roadmap_epigenomics	47.7022100866077	2.50981017294614	1587	771	799	754	799	775	640	1051	1064	roadmap_epigenomics H3K36me3	NA	NA	H3K36me3	NA	NA	E087-H3K36me3.narrowPeak	5.78289473867736e-48	101681
2	168	roadmap_epigenomics	47.6333001803142	2.5134241330577	1538	772	798	776	798	782	609	1100	1095	roadmap_epigenomics H3K36me3	NA	NA	H3K36me3	NA	NA	E009-H3K36me3.narrowPeak	6.76849747563511e-48	389216
2	399	roadmap_epigenomics	47.5734691925993	2.5050381944723	1614	773	800	737	800	770	658	1024	1046	roadmap_epigenomics H3K27ac	NA	NA	H3K27ac	NA	NA	E040-H3K27ac.narrowPeak	7.75820168359847e-48	50690
2	332	roadmap_epigenomics	47.518681586114	2.51805302587751	1775	774	795	649	795	739	766	863	938	roadmap_epigenomics H3K4me3	NA	NA	H3K4me3	NA	NA	E029-H3K4me3.narrowPeak	8.78996620083612e-48	29579
2	257	roadmap_epigenomics	47.4635376394869	2.55010558408351	1381	775	787	831	831	798	513	1257	1191	roadmap_epigenomics H3K36me3	NA	NA	H3K36me3	NA	NA	E019-H3K36me3.narrowPeak	9.96713659099319e-48	162030
2	241	roadmap_epigenomics	47.3874350619768	2.5162389584397	1487	776	796	797	797	790	578	1151	1126	roadmap_epigenomics H3K79me2	NA	NA	H3K79me2	NA	NA	E017-H3K79me2.narrowPeak	1.18607723048018e-47	283453
2	284	roadmap_epigenomics	47.2719310864404	3.00358302488445	2276	777	667	121	777	522	1153	362	551	roadmap_epigenomics H3K4me1	NA	NA	H3K4me1	NA	NA	E022-H3K4me1.narrowPeak	1.54545956465626e-47	324422
2	451	roadmap_epigenomics	47.0707865246198	2.50115066347404	1746	778	802	666	802	749	748	892	956	roadmap_epigenomics H3K27ac	NA	NA	H3K27ac	NA	NA	E048-H3K27ac.narrowPeak	2.4526954776515e-47	60881
2	306	roadmap_epigenomics	47.0385646368322	2.49891520616899	1531	779	803	779	803	787	607	1107	1097	roadmap_epigenomics H3K36me3	NA	NA	H3K36me3	NA	NA	E026-H3K36me3.narrowPeak	2.63819964412902e-47	262442
2	459	roadmap_epigenomics	46.9928235628126	2.49294111513367	1570	780	806	763	806	783	632	1068	1072	roadmap_epigenomics H3K36me3	NA	NA	H3K36me3	NA	NA	E049-H3K36me3.narrowPeak	2.92746415711973e-47	236300
2	1037	roadmap_epigenomics	46.954031835536	3.08706839259082	849	781	642	1047	1047	823	227	1789	1477	roadmap_epigenomics H3K9me1	NA	NA	H3K9me1	NA	NA	E123-H3K9me1.narrowPeak	3.19688403293625e-47	22183
2	989	roadmap_epigenomics	46.9142436608363	5.18848522126821	474	782	80	1112	1112	658	69	2164	1635	roadmap_epigenomics H4K20me1	NA	NA	H4K20me1	NA	NA	E119-H4K20me1.narrowPeak	3.49912404019336e-47	17540
2	951	roadmap_epigenomics	46.8797837722024	2.48801682463766	1672	783	808	703	808	765	699	966	1005	roadmap_epigenomics H3K9ac	NA	NA	H3K9ac	NA	NA	E116-H3K9ac.narrowPeak	3.78324282993585e-47	50567
2	158	roadmap_epigenomics	46.8731494077168	2.82670665392228	1001	784	711	992	992	829	303	1637	1401	roadmap_epigenomics H3K79me2	NA	NA	H3K79me2	NA	NA	E008-H3K79me2.narrowPeak	3.83658020341267e-47	81576
2	134	roadmap_epigenomics	46.6433394061686	2.61220217253811	2020	785	771	447	785	668	947	618	757	roadmap_epigenomics H4K91ac	NA	NA	H4K91ac	NA	NA	E007-H4K91ac.narrowPeak	6.50430186990526e-47	168000
2	30	roadmap_epigenomics	46.5985654674694	2.85854935746642	970	786	701	1008	1008	832	288	1668	1416	roadmap_epigenomics H3K4ac	NA	NA	H3K4ac	NA	NA	E003-H3K4ac.narrowPeak	7.2014796603303e-47	34100
2	526	roadmap_epigenomics	46.5877531200769	2.4796845203894	1620	787	810	734	810	777	666	1018	1038	roadmap_epigenomics H3K36me3	NA	NA	H3K36me3	NA	NA	E058-H3K36me3.narrowPeak	7.37363947487961e-47	288215
2	519	roadmap_epigenomics	46.4193427258725	2.4759583564438	1602	788	811	746	811	782	655	1036	1049	roadmap_epigenomics H3K27me3	NA	NA	H3K27me3	NA	NA	E057-H3K27me3.narrowPeak	1.08527752315016e-46	98301
2	328	roadmap_epigenomics	46.411839850513	2.47511789530994	1625	789	812	731	812	777	670	1013	1034	roadmap_epigenomics H3K27ac	NA	NA	H3K27ac	NA	NA	E029-H3K27ac.narrowPeak	1.10279020033431e-46	61033
2	380	roadmap_epigenomics	46.411257781418	2.4963289095608	1800	790	804	641	804	745	788	838	916	roadmap_epigenomics H3K27ac	NA	NA	H3K27ac	NA	NA	E037-H3K27ac.narrowPeak	1.10287141169863e-46	75646
2	273	roadmap_epigenomics	46.1848369624635	2.48968018284847	1463	791	807	806	807	801	568	1175	1136	roadmap_epigenomics H3K27me3	NA	NA	H3K27me3	NA	NA	E021-H3K27me3.narrowPeak	1.85522379526076e-46	95847
2	986	roadmap_epigenomics	45.9558008532433	2.51570950499849	1361	792	797	837	837	809	507	1277	1197	roadmap_epigenomics H3K79me2	NA	NA	H3K79me2	NA	NA	E119-H3K79me2.narrowPeak	3.13966793118809e-46	189409
2	856	roadmap_epigenomics	45.8983848491581	3.27678438564902	2372	793	589	43	793	475	1246	266	458	roadmap_epigenomics H3K36me3	NA	NA	H3K36me3	NA	NA	E104-H3K36me3.narrowPeak	3.5789177320136e-46	300362
2	240	roadmap_epigenomics	45.8895485429421	2.46860444653349	1533	794	814	777	814	795	613	1105	1091	roadmap_epigenomics H3K79me1	NA	NA	H3K79me1	NA	NA	E017-H3K79me1.narrowPeak	3.64788137028313e-46	390673
2	364	roadmap_epigenomics	45.8578662612283	2.46174718801605	1664	795	815	709	815	773	698	974	1006	roadmap_epigenomics H3K27ac	NA	NA	H3K27ac	NA	NA	E034-H3K27ac.narrowPeak	3.91900991325532e-46	78882
2	174	roadmap_epigenomics	45.5793564320019	2.45934298857179	1542	796	816	775	816	796	620	1096	1084	roadmap_epigenomics H3K36me3	NA	NA	H3K36me3	NA	NA	E010-H3K36me3.narrowPeak	7.43259129173033e-46	378468
2	946	roadmap_epigenomics	45.5133024755344	2.54768373001077	1266	797	791	879	879	822	453	1372	1251	roadmap_epigenomics H3K36me3	NA	NA	H3K36me3	NA	NA	E116-H3K36me3.narrowPeak	8.64269038190634e-46	165402
2	489	roadmap_epigenomics	45.3165304713026	2.48396293268654	1400	798	809	826	826	811	533	1238	1171	roadmap_epigenomics H3K36me3	NA	NA	H3K36me3	NA	NA	E053-H3K36me3.narrowPeak	1.35792689269662e-45	193840
2	1113	ucsc_features	45.2679950179544	2.7662072356154	2188	799	734	237	799	590	1086	450	618	UCSC Evo CpG islands	NA	NA	NA	NA	NA	evoCpg.bed	1.51658918502578e-45	129241
2	932	roadmap_epigenomics	45.1945752747088	2.44430826796647	1611	800	820	741	820	787	666	1027	1038	roadmap_epigenomics H3K27ac	NA	NA	H3K27ac	NA	NA	E115-H3K27ac.narrowPeak	1.79367803636408e-45	105299
2	425	roadmap_epigenomics	45.1447822722033	2.44745759370873	1547	801	818	773	818	797	625	1091	1079	roadmap_epigenomics H3K36me3	NA	NA	H3K36me3	NA	NA	E044-H3K36me3.narrowPeak	2.00906951399322e-45	227711
2	59	roadmap_epigenomics	44.9379591741633	2.55189006088334	1229	802	786	894	894	827	434	1409	1270	roadmap_epigenomics H3K79me1	NA	NA	H3K79me1	NA	NA	E004-H3K79me1.narrowPeak	3.23054808358601e-45	133659
2	1072	roadmap_epigenomics	44.8998729476533	2.54771252892728	1234	803	790	891	891	828	437	1404	1267	roadmap_epigenomics H3K79me2	NA	NA	H3K79me2	NA	NA	E126-H3K79me2.narrowPeak	3.52225876879068e-45	155850
2	1022	roadmap_epigenomics	44.8654750936473	2.55213949453792	1225	804	785	896	896	828	432	1413	1272	roadmap_epigenomics H3K79me2	NA	NA	H3K79me2	NA	NA	E122-H3K79me2.narrowPeak	3.8078392798764e-45	181682
2	545	roadmap_epigenomics	44.7371004593543	2.43439830058714	1574	805	822	760	822	796	644	1064	1060	roadmap_epigenomics H3K27ac	NA	NA	H3K27ac	NA	NA	E062-H3K27ac.narrowPeak	5.11108863235471e-45	51862
2	60	roadmap_epigenomics	44.6272362776842	2.55816773714057	1204	806	783	903	903	831	421	1434	1283	roadmap_epigenomics H3K79me2	NA	NA	H3K79me2	NA	NA	E004-H3K79me2.narrowPeak	6.57413218976298e-45	172076
2	1093	roadmap_epigenomics	44.3059261140215	2.50374243006545	1282	807	801	872	872	827	467	1356	1237	roadmap_epigenomics H3K36me3	NA	NA	H3K36me3	NA	NA	E128-H3K36me3.narrowPeak	1.37597360556506e-44	129078
2	1029	roadmap_epigenomics	44.1412488734792	2.41872484773819	1671	808	825	705	825	779	710	967	994	roadmap_epigenomics H3K27ac	NA	NA	H3K27ac	NA	NA	E123-H3K27ac.narrowPeak	2.00793438861233e-44	72757
2	21	roadmap_epigenomics	43.7842541156759	2.87998915750506	882	809	691	1041	1041	847	253	1756	1451	roadmap_epigenomics H2BK20ac	NA	NA	H2BK20ac	NA	NA	E003-H2BK20ac.narrowPeak	4.562544514024e-44	71225
2	547	roadmap_epigenomics	43.6823538247176	2.40773879379535	1567	810	826	764	826	800	644	1071	1060	roadmap_epigenomics H3K36me3	NA	NA	H3K36me3	NA	NA	E062-H3K36me3.narrowPeak	5.76196887964473e-44	253984
2	469	roadmap_epigenomics	43.4996095783041	2.40267090640427	1572	811	827	762	827	800	648	1066	1056	roadmap_epigenomics H3K36me3	NA	NA	H3K36me3	NA	NA	E050-H3K36me3.narrowPeak	8.76555298800431e-44	262839
2	133	roadmap_epigenomics	43.440716395136	2.85229998551333	2263	812	703	138	812	551	1157	375	547	roadmap_epigenomics H4K8ac	NA	NA	H4K8ac	NA	NA	E007-H4K8ac.narrowPeak	1.00262222549325e-43	223512
2	440	roadmap_epigenomics	43.4049895823665	2.42243978063933	1433	813	824	815	824	817	561	1205	1143	roadmap_epigenomics H3K36me3	NA	NA	H3K36me3	NA	NA	E046-H3K36me3.narrowPeak	1.08725051979267e-43	269244
2	994	roadmap_epigenomics	43.2967247170505	2.49381568696064	1244	814	805	888	888	836	449	1394	1255	roadmap_epigenomics H3K36me3	NA	NA	H3K36me3	NA	NA	E120-H3K36me3.narrowPeak	1.3933513091548e-43	156848
2	1097	roadmap_epigenomics	42.8950193382668	2.47241409708563	1262	815	813	880	880	836	461	1376	1243	roadmap_epigenomics H3K79me2	NA	NA	H3K79me2	NA	NA	E128-H3K79me2.narrowPeak	3.50939945998145e-43	160134
2	1031	roadmap_epigenomics	42.8647797899033	2.4389243459442	1335	816	821	850	850	829	504	1303	1200	roadmap_epigenomics H3K36me3	NA	NA	H3K36me3	NA	NA	E123-H3K36me3.narrowPeak	3.75785313791215e-43	190856
2	1010	roadmap_epigenomics	42.6630624788303	2.43057323138793	1342	817	823	845	845	828	509	1296	1195	roadmap_epigenomics H3K79me2	NA	NA	H3K79me2	NA	NA	E121-H3K79me2.narrowPeak	5.97207449684719e-43	258600
2	271	roadmap_epigenomics	42.3595581358173	4.00448905888396	2493	818	315	5	818	379	1382	145	322	roadmap_epigenomics	NA	NA	NA	NA	NA	E021-DNase.macs2.narrowPeak	1.19977086784321e-42	691347
2	446	roadmap_epigenomics	41.3672430114369	2.3870657801264	1363	819	828	836	836	828	527	1275	1177	roadmap_epigenomics H3K36me3	NA	NA	H3K36me3	NA	NA	E047-H3K36me3.narrowPeak	1.17728832913264e-41	150951
2	1060	roadmap_epigenomics	40.9384305883827	2.38117889303232	1345	820	830	842	842	831	518	1293	1186	roadmap_epigenomics H3K79me2	NA	NA	H3K79me2	NA	NA	E125-H3K79me2.narrowPeak	3.15620578242476e-41	204517
2	1108	roadmap_epigenomics	40.855662082986	2.3703857130971	1371	821	832	832	832	828	534	1267	1170	roadmap_epigenomics H3K79me2	NA	NA	H3K79me2	NA	NA	E129-H3K79me2.narrowPeak	3.81420922170928e-41	217609
2	438	roadmap_epigenomics	40.67437857005	2.33075026129453	1666	822	836	707	836	788	722	972	982	roadmap_epigenomics H3K27ac	NA	NA	H3K27ac	NA	NA	E046-H3K27ac.narrowPeak	5.78308218643088e-41	68379
2	453	roadmap_epigenomics	40.6690194633575	2.38151841251656	1323	823	829	857	857	836	506	1315	1198	roadmap_epigenomics H3K36me3	NA	NA	H3K36me3	NA	NA	E048-H3K36me3.narrowPeak	5.84777229452986e-41	130411
2	1036	roadmap_epigenomics	40.5266322632151	2.32715174668707	1668	824	837	706	837	789	724	970	980	roadmap_epigenomics H3K9ac	NA	NA	H3K9ac	NA	NA	E123-H3K9ac.narrowPeak	8.10681527282991e-41	48136
2	950	roadmap_epigenomics	40.5162725213622	2.37215237817384	1337	825	831	848	848	835	515	1301	1189	roadmap_epigenomics H3K79me2	NA	NA	H3K79me2	NA	NA	E116-H3K79me2.narrowPeak	8.29245802768051e-41	158037
2	366	roadmap_epigenomics	39.85586620763	2.31766191182546	1484	826	838	800	838	821	608	1154	1096	roadmap_epigenomics H3K36me3	NA	NA	H3K36me3	NA	NA	E034-H3K36me3.narrowPeak	3.78933932563276e-40	302239
2	347	roadmap_epigenomics	39.7832397982641	2.3063845123314	1593	827	844	751	844	807	678	1045	1026	roadmap_epigenomics H3K27ac	NA	NA	H3K27ac	NA	NA	E032-H3K27ac.narrowPeak	4.47367513889833e-40	65724
2	969	roadmap_epigenomics	39.6395728843372	2.30834224898288	1511	828	842	790	842	820	626	1127	1078	roadmap_epigenomics H3K27me3	NA	NA	H3K27me3	NA	NA	E118-H3K27me3.narrowPeak	6.22023125020241e-40	110851
2	520	roadmap_epigenomics	39.6056617318458	2.31062750012001	1487	829	841	797	841	822	611	1151	1093	roadmap_epigenomics H3K36me3	NA	NA	H3K36me3	NA	NA	E057-H3K36me3.narrowPeak	6.71728058655223e-40	239831
2	1084	roadmap_epigenomics	39.4887424698054	2.34474173950093	1333	830	835	851	851	839	517	1305	1187	roadmap_epigenomics H3K79me2	NA	NA	H3K79me2	NA	NA	E127-H3K79me2.narrowPeak	8.78191420094084e-40	203560
2	1068	roadmap_epigenomics	39.4501849080973	2.44699031007897	1127	831	819	934	934	861	398	1511	1306	roadmap_epigenomics H3K36me3	NA	NA	H3K36me3	NA	NA	E126-H3K36me3.narrowPeak	9.58569971581344e-40	102513
2	395	roadmap_epigenomics	39.0588603025001	2.28920389136779	1557	832	849	770	849	817	658	1081	1046	roadmap_epigenomics H3K36me3	NA	NA	H3K36me3	NA	NA	E039-H3K36me3.narrowPeak	2.35736115640508e-39	205683
2	330	roadmap_epigenomics	39.0354203892812	2.30566287972984	1430	833	845	817	845	832	578	1208	1126	roadmap_epigenomics H3K36me3	NA	NA	H3K36me3	NA	NA	E029-H3K36me3.narrowPeak	2.4851028146184e-39	235858
2	713	roadmap_epigenomics	39.0099738153599	2.36402999134991	1250	834	834	883	883	850	470	1388	1234	roadmap_epigenomics H3K36me3	NA	NA	H3K36me3	NA	NA	E086-H3K36me3.narrowPeak	2.63190304129745e-39	98059
2	937	roadmap_epigenomics	38.9944528793987	2.28609886569217	1612	835	850	740	850	808	694	1026	1010	roadmap_epigenomics H3K4me3	NA	NA	H3K4me3	NA	NA	E115-H3K4me3.narrowPeak	2.72439702296269e-39	45841
2	54	roadmap_epigenomics	38.6032097116203	2.82670631458164	782	836	712	1070	1070	873	221	1856	1483	roadmap_epigenomics H3K36me3	NA	NA	H3K36me3	NA	NA	E004-H3K36me3.narrowPeak	6.6987498891674e-39	16189
2	431	roadmap_epigenomics	38.5637233881673	2.29691325521019	1412	837	848	822	848	836	569	1226	1135	roadmap_epigenomics H3K36me3	NA	NA	H3K36me3	NA	NA	E045-H3K36me3.narrowPeak	7.32758568853474e-39	196705
2	283	roadmap_epigenomics	38.4719293601823	3.06468415853162	2388	838	649	27	838	505	1290	250	414	roadmap_epigenomics H3K36me3	NA	NA	H3K36me3	NA	NA	E022-H3K36me3.narrowPeak	9.04141436171865e-39	407402
2	939	roadmap_epigenomics	38.3019101529217	2.26839083239708	1601	839	852	747	852	813	690	1037	1014	roadmap_epigenomics H3K9ac	NA	NA	H3K9ac	NA	NA	E115-H3K9ac.narrowPeak	1.33578830910366e-38	45532
2	594	roadmap_epigenomics	38.2943931871474	2.31530615381069	1321	840	840	858	858	846	515	1317	1189	roadmap_epigenomics H3K36me3	NA	NA	H3K36me3	NA	NA	E070-H3K36me3.narrowPeak	1.35749199950282e-38	132982
2	909	roadmap_epigenomics	38.2145307212843	2.30167693229483	1357	841	847	839	847	842	537	1281	1167	roadmap_epigenomics H3K36me3	NA	NA	H3K36me3	NA	NA	E112-H3K36me3.narrowPeak	1.62960757533783e-38	202936
2	376	roadmap_epigenomics	37.7790404199836	2.25833001324269	1526	842	854	781	854	826	644	1112	1060	roadmap_epigenomics H3K36me3	NA	NA	H3K36me3	NA	NA	E036-H3K36me3.narrowPeak	4.43667115842663e-38	328921
2	670	roadmap_epigenomics	37.7604871117976	2.36435553325302	1175	843	833	911	911	862	432	1463	1272	roadmap_epigenomics H3K36me3	NA	NA	H3K36me3	NA	NA	E081-H3K36me3.narrowPeak	4.62482246023478e-38	55931
2	477	roadmap_epigenomics	37.6559398460979	2.25256051871956	1636	844	856	723	856	808	716	1002	988	roadmap_epigenomics H3K36me3	NA	NA	H3K36me3	NA	NA	E051-H3K36me3.narrowPeak	5.87661797532922e-38	355912
2	407	roadmap_epigenomics	37.5936150917772	2.26780079972663	1426	845	853	819	853	839	582	1212	1122	roadmap_epigenomics H3K36me3	NA	NA	H3K36me3	NA	NA	E041-H3K36me3.narrowPeak	6.77544698091889e-38	202854
2	198	roadmap_epigenomics	37.0445921616841	2.31661315996759	1227	846	839	895	895	860	465	1411	1239	roadmap_epigenomics H3K27me3	NA	NA	H3K27me3	NA	NA	E014-H3K27me3.narrowPeak	2.3957816113923e-37	90298
2	535	roadmap_epigenomics	36.9800416586895	2.27614500825427	1328	847	851	855	855	851	525	1310	1179	roadmap_epigenomics H3K36me3	NA	NA	H3K36me3	NA	NA	E059-H3K36me3.narrowPeak	2.77641692316895e-37	98754
2	371	roadmap_epigenomics	36.7618538706509	2.25784130134115	1371	848	855	832	855	845	552	1267	1152	roadmap_epigenomics H3K36me3	NA	NA	H3K36me3	NA	NA	E035-H3K36me3.narrowPeak	4.58310734140921e-37	184716
2	934	roadmap_epigenomics	36.4900209817144	2.23150174192256	1466	849	860	804	860	838	612	1172	1092	roadmap_epigenomics H3K36me3	NA	NA	H3K36me3	NA	NA	E115-H3K36me3.narrowPeak	8.56014418651889e-37	329592
2	388	roadmap_epigenomics	35.6634676069211	2.23504404981617	1343	850	858	844	858	851	540	1295	1164	roadmap_epigenomics H3K36me3	NA	NA	H3K36me3	NA	NA	E038-H3K36me3.narrowPeak	5.73486526834353e-36	143872
2	998	roadmap_epigenomics	35.5134206901518	2.30714298365183	1153	851	843	917	917	870	429	1485	1275	roadmap_epigenomics H3K79me2	NA	NA	H3K79me2	NA	NA	E120-H3K79me2.narrowPeak	8.09206759142548e-36	153900
2	1048	roadmap_epigenomics	35.4752761876174	2.21460093344289	1407	852	863	824	863	846	580	1231	1124	roadmap_epigenomics H3K79me2	NA	NA	H3K79me2	NA	NA	E124-H3K79me2.narrowPeak	8.82457847494892e-36	259630
2	280	roadmap_epigenomics	35.4641219491556	3.67610856482144	2497	853	430	4	853	429	1411	141	293	roadmap_epigenomics	NA	NA	NA	NA	NA	E022-DNase.macs2.narrowPeak	9.04354640890327e-36	671885
2	1044	roadmap_epigenomics	35.2753434040245	2.19806622363282	1476	854	865	801	865	840	624	1162	1080	roadmap_epigenomics H3K36me3	NA	NA	H3K36me3	NA	NA	E124-H3K36me3.narrowPeak	1.39511008194529e-35	195147
2	382	roadmap_epigenomics	35.2207702160239	2.30408041686937	1142	855	846	926	926	876	424	1496	1280	roadmap_epigenomics H3K36me3	NA	NA	H3K36me3	NA	NA	E037-H3K36me3.narrowPeak	1.58005942638558e-35	97050
2	349	roadmap_epigenomics	35.0294131514209	2.18885563530912	1501	856	868	793	868	839	641	1137	1063	roadmap_epigenomics H3K36me3	NA	NA	H3K36me3	NA	NA	E032-H3K36me3.narrowPeak	2.45201338080402e-35	342847
2	256	roadmap_epigenomics	34.8179203713629	2.21805582553112	1320	857	861	859	861	859	530	1318	1174	roadmap_epigenomics H3K27me3	NA	NA	H3K27me3	NA	NA	E019-H3K27me3.narrowPeak	3.98573626924656e-35	67306
2	335	roadmap_epigenomics	34.6942517209209	2.19218464096423	1414	858	867	821	867	849	588	1224	1116	roadmap_epigenomics H3K36me3	NA	NA	H3K36me3	NA	NA	E030-H3K36me3.narrowPeak	5.29262036022672e-35	180397
2	1035	roadmap_epigenomics	34.2231806948268	2.21483426685901	1277	859	862	873	873	865	507	1361	1197	roadmap_epigenomics H3K79me2	NA	NA	H3K79me2	NA	NA	E123-H3K79me2.narrowPeak	1.56399691929635e-34	112209
2	419	roadmap_epigenomics	33.9470956919558	2.16747600049608	1442	860	871	812	871	848	609	1196	1095	roadmap_epigenomics H3K36me3	NA	NA	H3K36me3	NA	NA	E043-H3K36me3.narrowPeak	2.94995647825365e-34	194645
2	186	roadmap_epigenomics	33.2672375257581	2.18246413719833	1293	861	869	869	869	866	521	1345	1183	roadmap_epigenomics H3K27me3	NA	NA	H3K27me3	NA	NA	E012-H3K27me3.narrowPeak	1.4098375539261e-33	75931
2	357	roadmap_epigenomics	33.2562456433179	2.19427788685947	1256	862	866	881	881	870	499	1382	1205	roadmap_epigenomics H3K36me3	NA	NA	H3K36me3	NA	NA	E033-H3K36me3.narrowPeak	1.44429810950099e-33	134198
2	1111	ucsc_features	32.8753625402685	2.20219063688221	1938	863	864	532	864	753	949	700	755	UCSC coriellDelDup table	NA	NA	NA	NA	NA	coriellDelDup.bed	3.46765925835376e-33	864
2	953	roadmap_epigenomics	32.8305975049741	3.57377946529127	464	864	467	1113	1113	815	96	2174	1608	roadmap_epigenomics H4K20me1	NA	NA	H4K20me1	NA	NA	E116-H4K20me1.narrowPeak	3.83971070398214e-33	13628
2	212	roadmap_epigenomics	31.7698566672382	2.15136316803548	1256	865	872	881	881	873	506	1382	1198	roadmap_epigenomics H3K27me3	NA	NA	H3K27me3	NA	NA	E016-H3K27me3.narrowPeak	4.41099918181645e-32	84150
2	282	roadmap_epigenomics	31.4365283196119	2.10615944936444	1403	866	874	825	874	855	597	1235	1107	roadmap_epigenomics H3K27me3	NA	NA	H3K27me3	NA	NA	E022-H3K27me3.narrowPeak	9.49212700142122e-32	68203
2	778	roadmap_epigenomics	31.0649280730196	2.23424905567426	2073	867	859	380	867	702	1059	565	645	roadmap_epigenomics H3K9me3	NA	NA	H3K9me3	NA	NA	E093-H3K9me3.narrowPeak	2.23080999385641e-31	234001
2	593	roadmap_epigenomics	30.5997189765168	2.14474582948611	1944	868	873	524	873	755	965	694	739	roadmap_epigenomics H3K27me3	NA	NA	H3K27me3	NA	NA	E070-H3K27me3.narrowPeak	6.50385799369124e-31	132980
2	53	roadmap_epigenomics	29.476402150977	2.08729598445776	1249	869	876	884	884	876	513	1389	1191	roadmap_epigenomics H3K27me3	NA	NA	H3K27me3	NA	NA	E004-H3K27me3.narrowPeak	8.62954354394423e-30	77713
2	525	roadmap_epigenomics	29.4350717097439	2.07663982626233	1842	870	877	621	877	789	898	796	806	roadmap_epigenomics H3K27me3	NA	NA	H3K27me3	NA	NA	E058-H3K27me3.narrowPeak	9.48022815920585e-30	199828
2	28	roadmap_epigenomics	28.4428123644266	2.01376680361261	1567	871	885	764	885	840	717	1071	987	roadmap_epigenomics H3K27me3	NA	NA	H3K27me3	NA	NA	E003-H3K27me3.narrowPeak	9.29139455442976e-29	123423
2	690	roadmap_epigenomics	28.1651576782662	2.013752476459	1432	872	886	816	886	858	632	1206	1072	roadmap_epigenomics H3K9me3	NA	NA	H3K9me3	NA	NA	E083-H3K9me3.narrowPeak	1.75888655824439e-28	79957
2	192	roadmap_epigenomics	27.6791539724103	2.03401060101463	1854	873	881	612	881	789	916	784	788	roadmap_epigenomics H3K27me3	NA	NA	H3K27me3	NA	NA	E013-H3K27me3.narrowPeak	5.37953016221697e-28	207227
2	124	roadmap_epigenomics	27.4968841668727	2.01407917291385	1315	874	884	862	884	873	563	1323	1141	roadmap_epigenomics H3K27me3	NA	NA	H3K27me3	NA	NA	E007-H3K27me3.narrowPeak	8.17556041190799e-28	54468
2	340	roadmap_epigenomics	27.4205028545017	2.0592068751883	1152	875	879	919	919	891	466	1486	1238	roadmap_epigenomics H3K36me3	NA	NA	H3K36me3	NA	NA	E031-H3K36me3.narrowPeak	9.73649827527086e-28	119677
2	263	roadmap_epigenomics	27.2943468267487	1.99637563874301	1383	876	887	830	887	864	606	1255	1098	roadmap_epigenomics H3K27me3	NA	NA	H3K27me3	NA	NA	E020-H3K27me3.narrowPeak	1.30035919153562e-27	96382
2	150	roadmap_epigenomics	26.559688085821	2.2398699501808	821	877	857	1057	1057	930	286	1817	1418	roadmap_epigenomics H3K27me3	NA	NA	H3K27me3	NA	NA	E008-H3K27me3.narrowPeak	7.05061742863657e-27	38910
2	179	roadmap_epigenomics	26.5376155360125	2.01704154435991	1197	878	883	905	905	889	497	1441	1207	roadmap_epigenomics H3K27me3	NA	NA	H3K27me3	NA	NA	E011-H3K27me3.narrowPeak	7.4097804621052e-27	107312
2	774	roadmap_epigenomics	26.5029225662018	2.02973704087668	1156	879	882	916	916	892	473	1482	1231	roadmap_epigenomics H3K27me3	NA	NA	H3K27me3	NA	NA	E093-H3K27me3.narrowPeak	8.01686395180396e-27	90546
2	813	roadmap_epigenomics	24.376476410219	2.17340003014424	797	880	870	1066	1066	939	283	1841	1421	roadmap_epigenomics H3K27me3	NA	NA	H3K27me3	NA	NA	E098-H3K27me3.narrowPeak	1.07141428706774e-24	34318
2	914	roadmap_epigenomics	23.0518293066759	1.96743396277201	1037	881	888	970	970	913	422	1601	1282	roadmap_epigenomics H3K27me3	NA	NA	H3K27me3	NA	NA	E113-H3K27me3.narrowPeak	2.26001780226024e-23	57437
2	1055	roadmap_epigenomics	22.6464199390196	1.91582611415987	1143	882	889	925	925	899	486	1495	1218	roadmap_epigenomics H3K27me3	NA	NA	H3K27me3	NA	NA	E125-H3K27me3.narrowPeak	5.74154944631954e-23	199061
2	177	roadmap_epigenomics	22.3707166631894	1.85984199821314	1683	883	893	698	893	825	829	955	875	roadmap_epigenomics H3K9me3	NA	NA	H3K9me3	NA	NA	E010-H3K9me3.narrowPeak	1.0820337912276e-22	226115
2	938	roadmap_epigenomics	22.2563247980022	1.87338252423784	1269	884	892	878	892	885	564	1369	1140	roadmap_epigenomics H3K79me2	NA	NA	H3K79me2	NA	NA	E115-H3K79me2.narrowPeak	1.40650630464786e-22	200232
2	171	roadmap_epigenomics	22.1645189463435	1.84904485496989	1446	885	896	810	896	864	675	1192	1029	roadmap_epigenomics H3K9me3	NA	NA	H3K9me3	NA	NA	E009-H3K9me3.narrowPeak	1.73562974216569e-22	190181
2	945	roadmap_epigenomics	21.9372488590568	2.45902499516007	524	886	817	1108	1108	937	156	2114	1548	roadmap_epigenomics H3K27me3	NA	NA	H3K27me3	NA	NA	E116-H3K27me3.narrowPeak	2.92575039971683e-22	17339
2	908	roadmap_epigenomics	21.7747435081319	2.04853123081651	819	887	880	1059	1059	942	307	1819	1397	roadmap_epigenomics H3K27me3	NA	NA	H3K27me3	NA	NA	E112-H3K27me3.narrowPeak	4.24867271829279e-22	44640
2	339	roadmap_epigenomics	21.5497081656612	3.09456565579036	353	888	641	1118	1118	882	81	2285	1623	roadmap_epigenomics H3K27me3	NA	NA	H3K27me3	NA	NA	E031-H3K27me3.narrowPeak	7.12524538121057e-22	10222
2	502	roadmap_epigenomics	21.4062399702036	1.85193882775598	1800	889	895	641	895	808	915	838	789	roadmap_epigenomics H3K27me3	NA	NA	H3K27me3	NA	NA	E055-H3K27me3.narrowPeak	9.90329634633975e-22	302342
2	1067	roadmap_epigenomics	19.5872323808628	2.06945749204043	690	890	878	1085	1085	951	249	1948	1455	roadmap_epigenomics H3K27me3	NA	NA	H3K27me3	NA	NA	E126-H3K27me3.narrowPeak	6.50617757111554e-20	70203
2	286	roadmap_epigenomics	18.4273019606128	1.82518950562502	1994	891	898	482	898	757	1072	644	632	roadmap_epigenomics H3K9me3	NA	NA	H3K9me3	NA	NA	E022-H3K9me3.narrowPeak	9.39226359317448e-19	207447
2	1	roadmap_epigenomics	17.7436887668332	1.73607782604205	1301	892	902	867	902	887	612	1337	1092	roadmap_epigenomics H3K27me3	NA	NA	H3K27me3	NA	NA	E001-H3K27me3.narrowPeak	4.52791170839046e-18	93339
2	783	roadmap_epigenomics	17.5185535257076	1.82214604697459	932	893	899	1021	1021	938	393	1706	1311	roadmap_epigenomics H3K27me3	NA	NA	H3K27me3	NA	NA	E094-H3K27me3.narrowPeak	7.59535743713112e-18	42768
2	249	roadmap_epigenomics	17.4802162934424	1.71886223117552	1411	894	904	823	904	874	683	1227	1021	roadmap_epigenomics H3K27me3	NA	NA	H3K27me3	NA	NA	E018-H3K27me3.narrowPeak	8.28707015533313e-18	130489
2	387	roadmap_epigenomics	17.4729062866508	1.82830677366492	914	895	897	1030	1030	941	383	1724	1321	roadmap_epigenomics H3K27me3	NA	NA	H3K27me3	NA	NA	E038-H3K27me3.narrowPeak	8.41835292040208e-18	62829
2	76	roadmap_epigenomics	16.396563049174	1.69278298169943	1331	896	907	853	907	885	640	1307	1064	roadmap_epigenomics H3K27me3	NA	NA	H3K27me3	NA	NA	E005-H3K27me3.narrowPeak	1.00139217469054e-16	76270
2	699	roadmap_epigenomics	15.4696930366761	1.69991544215574	1880	897	906	578	906	794	1011	758	693	roadmap_epigenomics H3K9me3	NA	NA	H3K9me3	NA	NA	E084-H3K9me3.narrowPeak	8.45263127299966e-16	236782
2	848	roadmap_epigenomics	15.3911192391638	1.65591213098447	1512	898	911	788	911	866	763	1126	941	roadmap_epigenomics H3K27me3	NA	NA	H3K27me3	NA	NA	E103-H3K27me3.narrowPeak	1.01177507226502e-15	164869
2	511	roadmap_epigenomics	15.3052354926089	1.65797701118016	1631	899	909	726	909	845	842	1007	862	roadmap_epigenomics H3K27me3	NA	NA	H3K27me3	NA	NA	E056-H3K27me3.narrowPeak	1.23164772502965e-15	290583
2	1092	roadmap_epigenomics	14.7923239138633	1.71354335834361	961	900	905	1010	1010	938	427	1677	1277	roadmap_epigenomics H3K27me3	NA	NA	H3K27me3	NA	NA	E128-H3K27me3.narrowPeak	4.0079048962314e-15	130551
2	712	roadmap_epigenomics	14.5499996427733	1.87534342207538	641	901	891	1092	1092	961	249	1997	1455	roadmap_epigenomics H3K27me3	NA	NA	H3K27me3	NA	NA	E086-H3K27me3.narrowPeak	6.99457819934141e-15	61387
2	381	roadmap_epigenomics	14.3656306005442	1.81383633118135	711	902	900	1080	1080	961	288	1927	1416	roadmap_epigenomics H3K27me3	NA	NA	H3K27me3	NA	NA	E037-H3K27me3.narrowPeak	1.06819601559625e-14	36137
2	356	roadmap_epigenomics	13.9778165609894	1.85222954286738	635	903	894	1094	1094	964	249	2003	1455	roadmap_epigenomics H3K27me3	NA	NA	H3K27me3	NA	NA	E033-H3K27me3.narrowPeak	2.60606896207744e-14	39591
2	673	roadmap_epigenomics	13.4985528771012	1.67349882726885	939	904	908	1018	1018	943	423	1699	1281	roadmap_epigenomics H3K9me3	NA	NA	H3K9me3	NA	NA	E081-H3K9me3.narrowPeak	7.84821742828557e-14	24119
2	540	roadmap_epigenomics	13.3465585311074	1.61138844185791	1748	905	916	665	916	829	936	890	768	roadmap_epigenomics H3K27me3	NA	NA	H3K27me3	NA	NA	E061-H3K27me3.narrowPeak	1.11246751378882e-13	303846
2	452	roadmap_epigenomics	13.0790285068959	1.76580233155217	695	906	901	1083	1083	963	287	1943	1417	roadmap_epigenomics H3K27me3	NA	NA	H3K27me3	NA	NA	E048-H3K27me3.narrowPeak	2.05750004180503e-13	34760
2	7	roadmap_epigenomics	12.9469855233915	1.62052339670639	1072	907	915	955	955	926	506	1566	1198	roadmap_epigenomics H3K27me3	NA	NA	H3K27me3	NA	NA	E002-H3K27me3.narrowPeak	2.78551724539406e-13	95078
2	738	roadmap_epigenomics	12.9223900971924	1.58326374344612	1562	908	918	767	918	864	815	1076	889	roadmap_epigenomics H3K27me3	NA	NA	H3K27me3	NA	NA	E089-H3K27me3.narrowPeak	2.94458988840325e-13	221319
2	1121	ucsc_features	12.7406926340614	1.88564862355647	2339	909	890	65	909	621	1373	299	331	UCSC Simple repeats	NA	NA	NA	NA	NA	simpleRepeat.bed	4.46937031697603e-13	958537
2	488	roadmap_epigenomics	12.7188234864018	1.65768343037156	897	910	910	1037	1037	952	404	1741	1300	roadmap_epigenomics H3K27me3	NA	NA	H3K27me3	NA	NA	E053-H3K27me3.narrowPeak	4.69504835825691e-13	115999
2	1017	roadmap_epigenomics	12.6794967105467	1.62070091014108	1027	911	914	979	979	935	481	1611	1223	roadmap_epigenomics H3K27me3	NA	NA	H3K27me3	NA	NA	E122-H3K27me3.narrowPeak	5.1344265716168e-13	176690
2	12	roadmap_epigenomics	12.532254840505	1.57022610547265	1522	912	922	786	922	873	792	1116	912	roadmap_epigenomics H3K9me3	NA	NA	H3K9me3	NA	NA	E002-H3K9me3.narrowPeak	7.19093852077134e-13	304858
2	400	roadmap_epigenomics	12.1214351173706	1.62377503899928	934	913	913	1020	1020	949	430	1704	1274	roadmap_epigenomics H3K27me3	NA	NA	H3K27me3	NA	NA	E040-H3K27me3.narrowPeak	1.84983057470221e-12	76554
2	981	roadmap_epigenomics	11.8115788504781	1.58082178991961	1074	914	920	954	954	929	516	1564	1188	roadmap_epigenomics H3K27me3	NA	NA	H3K27me3	NA	NA	E119-H3K27me3.narrowPeak	3.77151109850355e-12	181513
2	329	roadmap_epigenomics	11.6563120714275	1.57663679813827	1067	915	921	956	956	931	513	1571	1191	roadmap_epigenomics H3K27me3	NA	NA	H3K27me3	NA	NA	E029-H3K27me3.narrowPeak	5.38653955254815e-12	103373
2	101	roadmap_epigenomics	11.562481720491	1.63059549459788	843	916	912	1049	1049	959	381	1795	1323	roadmap_epigenomics H3K27me3	NA	NA	H3K27me3	NA	NA	E006-H3K27me3.narrowPeak	6.67833808786063e-12	117340
2	370	roadmap_epigenomics	11.3452580545948	1.72776664404376	626	917	903	1097	1097	972	260	2012	1444	roadmap_epigenomics H3K27me3	NA	NA	H3K27me3	NA	NA	E035-H3K27me3.narrowPeak	1.10007115271151e-11	55503
2	993	roadmap_epigenomics	10.9004223728625	1.58428876695157	908	918	917	1032	1032	956	424	1730	1280	roadmap_epigenomics H3K27me3	NA	NA	H3K27me3	NA	NA	E120-H3K27me3.narrowPeak	3.06045274419152e-11	126488
2	348	roadmap_epigenomics	10.6172083795714	1.5202091366186	1222	919	926	898	926	914	617	1416	1087	roadmap_epigenomics H3K27me3	NA	NA	H3K27me3	NA	NA	E032-H3K27me3.narrowPeak	5.86853097414504e-11	178963
2	205	roadmap_epigenomics	10.4330100613008	1.51404458865114	1221	920	927	899	927	915	618	1417	1086	roadmap_epigenomics H3K27me3	NA	NA	H3K27me3	NA	NA	E015-H3K27me3.narrowPeak	8.95896743317065e-11	125743
2	685	roadmap_epigenomics	10.2873780450702	1.5811400515306	835	921	919	1052	1052	964	386	1803	1318	roadmap_epigenomics H3K27me3	NA	NA	H3K27me3	NA	NA	E083-H3K27me3.narrowPeak	1.25147079800264e-10	94590
2	439	roadmap_epigenomics	10.0714579800469	1.52407901147838	1042	922	924	967	967	938	511	1596	1193	roadmap_epigenomics H3K27me3	NA	NA	H3K27me3	NA	NA	E046-H3K27me3.narrowPeak	2.05528492937526e-10	116582
2	756	roadmap_epigenomics	10.0326934951293	1.51287579623051	1107	923	928	942	942	931	551	1531	1153	roadmap_epigenomics H3K27me3	NA	NA	H3K27me3	NA	NA	E091-H3K27me3.narrowPeak	2.24475155240406e-10	114417
2	430	roadmap_epigenomics	9.81734530713319	1.50622582845333	1099	924	929	945	945	933	548	1539	1156	roadmap_epigenomics H3K27me3	NA	NA	H3K27me3	NA	NA	E045-H3K27me3.narrowPeak	3.68170282538022e-10	113136
2	233	roadmap_epigenomics	9.51577309797952	1.49858767526763	1075	925	932	953	953	937	536	1563	1168	roadmap_epigenomics H3K27me3	NA	NA	H3K27me3	NA	NA	E017-H3K27me3.narrowPeak	7.36467701836213e-10	299272
2	894	roadmap_epigenomics	9.26100599250003	1.47679107077866	1183	926	934	908	934	923	605	1455	1099	roadmap_epigenomics H3K27me3	NA	NA	H3K27me3	NA	NA	E110-H3K27me3.narrowPeak	1.322677842922e-09	119289
2	747	roadmap_epigenomics	9.18380274174435	1.46189439205366	1448	927	937	809	937	891	774	1190	930	roadmap_epigenomics H3K27me3	NA	NA	H3K27me3	NA	NA	E090-H3K27me3.narrowPeak	1.57830560139363e-09	283720
2	765	roadmap_epigenomics	9.12495632732848	1.46950016454052	1690	928	935	695	935	853	934	948	770	roadmap_epigenomics H3K27me3	NA	NA	H3K27me3	NA	NA	E092-H3K27me3.narrowPeak	1.80539311058378e-09	273954
2	1043	roadmap_epigenomics	9.0472935870075	1.46710089933243	1207	929	936	901	936	922	622	1431	1082	roadmap_epigenomics H3K27me3	NA	NA	H3K27me3	NA	NA	E124-H3K27me3.narrowPeak	2.15659844976321e-09	160742
2	1123	ucsc_features	8.92643506598059	Inf	41	930	1	1122	1122	684	0	2597	1704	UCSC Vista enhancers	NA	NA	NA	NA	NA	vistaEnhancers.bed	2.8455293867367e-09	1339
2	728	roadmap_epigenomics	8.84970427890307	1.48047029867499	1029	931	933	976	976	947	514	1609	1190	roadmap_epigenomics H3K27me3	NA	NA	H3K27me3	NA	NA	E088-H3K27me3.narrowPeak	3.39179522377991e-09	203560
2	704	roadmap_epigenomics	8.43969899256752	1.43893256915019	1318	932	938	861	938	910	698	1320	1006	roadmap_epigenomics H3K27me3	NA	NA	H3K27me3	NA	NA	E085-H3K27me3.narrowPeak	8.70905771171164e-09	218555
2	1030	roadmap_epigenomics	8.39717800482145	1.49907222452944	844	933	931	1048	1048	971	407	1794	1297	roadmap_epigenomics H3K27me3	NA	NA	H3K27me3	NA	NA	E123-H3K27me3.narrowPeak	9.5946449595174e-09	123368
2	1118	ucsc_features	8.00275891166356	1.54118730911029	2181	934	923	246	934	701	1288	457	416	UCSC Nested repeats	NA	NA	NA	NA	NA	nestedRepeats.bed	0.0000000237675955209121	574736
2	1122	ucsc_features	7.91667154956073	2.09272537591831	2529	935	875	3	935	604	1563	109	141	UCSC Switch DB TSSs	NA	NA	NA	NA	NA	switchDbTss.bed	0.0000000289166899836864	131751
2	493	roadmap_epigenomics	7.8380010085612	1.49925673492001	754	936	930	1075	1075	980	359	1884	1345	roadmap_epigenomics H3K27me3	NA	NA	H3K27me3	NA	NA	E054-H3K27me3.narrowPeak	0.000000034622453493302	89616
2	6	roadmap_epigenomics	7.78839443380168	1.42351605799362	1179	937	941	909	941	929	617	1459	1087	roadmap_epigenomics H3K9me3	NA	NA	H3K9me3	NA	NA	E001-H3K9me3.narrowPeak	0.0000000387706984982031	176553
2	424	roadmap_epigenomics	7.52867788687375	1.41018132690152	1232	938	943	892	943	924	653	1406	1051	roadmap_epigenomics H3K27me3	NA	NA	H3K27me3	NA	NA	E044-H3K27me3.narrowPeak	0.0000000704303539167507	189790
2	160	roadmap_epigenomics	7.41502617644261	1.4098466362244	1698	939	944	691	944	858	957	940	747	roadmap_epigenomics H3K9me3	NA	NA	H3K9me3	NA	NA	E008-H3K9me3.narrowPeak	0.000000091401172509897	210217
2	394	roadmap_epigenomics	7.39673273256352	1.43012140778502	983	940	940	1000	1000	960	500	1655	1204	roadmap_epigenomics H3K27me3	NA	NA	H3K27me3	NA	NA	E039-H3K27me3.narrowPeak	0.000000095232652966206	115142
2	695	roadmap_epigenomics	7.35966629315499	1.40955192840694	1151	941	945	920	945	935	604	1487	1100	roadmap_epigenomics H3K27me3	NA	NA	H3K27me3	NA	NA	E084-H3K27me3.narrowPeak	0.000000103608045184289	193037
2	841	roadmap_epigenomics	7.22713143651792	1.4196935836955	1008	942	942	987	987	957	517	1630	1187	roadmap_epigenomics H3K27me3	NA	NA	H3K27me3	NA	NA	E102-H3K27me3.narrowPeak	0.000000140433260144852	129148
2	819	roadmap_epigenomics	7.13704611186647	1.52309788641409	598	943	925	1105	1105	991	275	2040	1429	roadmap_epigenomics H3K27me3	NA	NA	H3K27me3	NA	NA	E099-H3K27me3.narrowPeak	0.000000172622510197619	40652
2	1103	roadmap_epigenomics	6.84242501700172	1.38780621290644	1174	944	946	912	946	934	624	1464	1080	roadmap_epigenomics H3K27me3	NA	NA	H3K27me3	NA	NA	E129-H3K27me3.narrowPeak	0.000000339829541571	309622
2	85	roadmap_epigenomics	6.77245102419598	1.43758385856775	2039	945	939	425	945	770	1198	599	506	roadmap_epigenomics H3K9me3	NA	NA	H3K9me3	NA	NA	E005-H3K9me3.narrowPeak	0.000000398821176948249	286964
2	626	roadmap_epigenomics	6.68604532272794	1.37391409816282	1351	946	948	841	948	912	738	1287	966	roadmap_epigenomics H3K27me3	NA	NA	H3K27me3	NA	NA	E075-H3K27me3.narrowPeak	0.00000048610208158485	185405
2	834	roadmap_epigenomics	6.60663702405248	1.37918818665472	1165	947	947	913	947	936	621	1473	1083	roadmap_epigenomics H3K27me3	NA	NA	H3K27me3	NA	NA	E101-H3K27me3.narrowPeak	0.000000583015132447789	178729
2	190	roadmap_epigenomics	6.30358196450098	1.37305925276909	1089	948	949	947	949	948	577	1549	1127	roadmap_epigenomics H3K9me3	NA	NA	H3K9me3	NA	NA	E012-H3K9me3.narrowPeak	0.00000117025205576858	164404
2	708	roadmap_epigenomics	5.7132588465112	1.33640587374168	1512	949	951	788	951	896	854	1126	850	roadmap_epigenomics H3K9me3	NA	NA	H3K9me3	NA	NA	E085-H3K9me3.narrowPeak	0.00000454666559397634	264076
2	132	roadmap_epigenomics	5.59594295329977	1.33414111558621	1592	950	953	752	953	885	908	1046	796	roadmap_epigenomics H3K9me3	NA	NA	H3K9me3	NA	NA	E007-H3K9me3.narrowPeak	0.00000595051920024891	151755
2	334	roadmap_epigenomics	5.53455509423711	1.32853566492944	1464	951	955	805	955	904	825	1174	879	roadmap_epigenomics H3K27me3	NA	NA	H3K27me3	NA	NA	E030-H3K27me3.narrowPeak	0.00000684682375232845	255104
2	412	roadmap_epigenomics	5.42106261042744	1.34008623989901	1040	952	950	969	969	957	557	1598	1147	roadmap_epigenomics H3K27me3	NA	NA	H3K27me3	NA	NA	E042-H3K27me3.narrowPeak	0.0000088823633394237	132585
2	1115	ucsc_features	5.40534674378192	2.87522535203925	2610	953	695	1	953	550	1653	28	51	UCSC LaminBq	NA	NA	NA	NA	NA	laminB1.bed	0.00000920008362883666	2859551
2	305	roadmap_epigenomics	5.23174733771425	1.33235824823083	1033	954	954	974	974	961	555	1605	1149	roadmap_epigenomics H3K27me3	NA	NA	H3K27me3	NA	NA	E026-H3K27me3.narrowPeak	0.0000137068931257179	281141
2	468	roadmap_epigenomics	5.14060744692081	1.33419250874766	973	955	952	1004	1004	970	519	1665	1185	roadmap_epigenomics H3K27me3	NA	NA	H3K27me3	NA	NA	E050-H3K27me3.narrowPeak	0.0000168899060169241	188829
2	933	roadmap_epigenomics	5.00890196143534	1.31956805045788	1067	956	956	956	956	956	579	1571	1125	roadmap_epigenomics H3K27me3	NA	NA	H3K27me3	NA	NA	E115-H3K27me3.narrowPeak	0.0000228497526604779	239959
2	167	roadmap_epigenomics	4.98310043480667	1.31283973902096	1151	957	957	920	957	945	632	1487	1072	roadmap_epigenomics H3K27me3	NA	NA	H3K27me3	NA	NA	E009-H3K27me3.narrowPeak	0.0000242232428499948	215158
2	481	roadmap_epigenomics	4.84653359737932	1.31089447983775	1086	958	958	948	958	955	593	1552	1111	roadmap_epigenomics H3K27me3	NA	NA	H3K27me3	NA	NA	E052-H3K27me3.narrowPeak	0.0000331397204952646	291852
2	597	roadmap_epigenomics	4.73603806992527	1.29673952539415	1286	959	962	871	962	931	721	1352	983	roadmap_epigenomics H3K9me3	NA	NA	H3K9me3	NA	NA	E070-H3K9me3.narrowPeak	0.0000426967241455124	240503
2	497	roadmap_epigenomics	4.73345866099934	1.30781825142192	1058	960	959	959	960	959	577	1580	1127	roadmap_epigenomics H3K9me3	NA	NA	H3K9me3	NA	NA	E054-H3K9me3.narrowPeak	0.0000429066509058803	152197
2	492	roadmap_epigenomics	4.72889492323187	1.30201652964617	1144	961	960	924	961	948	631	1494	1073	roadmap_epigenomics H3K9me3	NA	NA	H3K9me3	NA	NA	E053-H3K9me3.narrowPeak	0.0000433151149614138	206695
2	445	roadmap_epigenomics	4.51311682792645	1.29599668930697	1082	962	963	950	963	958	595	1556	1109	roadmap_epigenomics H3K27me3	NA	NA	H3K27me3	NA	NA	E047-H3K27me3.narrowPeak	0.0000710429831854896	175300
2	769	roadmap_epigenomics	4.35930443649806	1.29045707486218	1749	963	964	664	964	864	1029	889	675	roadmap_epigenomics H3K9me3	NA	NA	H3K9me3	NA	NA	E092-H3K9me3.narrowPeak	0.000101131415400508	273587
2	546	roadmap_epigenomics	4.23428896430564	1.28007850628929	1133	964	969	931	969	955	631	1505	1073	roadmap_epigenomics H3K27me3	NA	NA	H3K27me3	NA	NA	E062-H3K27me3.narrowPeak	0.000134726963812162	117101
2	733	roadmap_epigenomics	4.12697573578555	1.27717472560444	1094	965	970	946	970	960	608	1544	1096	roadmap_epigenomics H3K9me3	NA	NA	H3K9me3	NA	NA	E088-H3K9me3.narrowPeak	0.000172314242764464	161817
2	652	roadmap_epigenomics	4.12210987985177	1.28362205680737	998	966	967	994	994	976	548	1640	1156	roadmap_epigenomics H3K27me3	NA	NA	H3K27me3	NA	NA	E079-H3K27me3.narrowPeak	0.000174076808258949	85895
2	184	roadmap_epigenomics	4.11397002220021	1.26861932364008	1311	967	972	863	972	934	746	1327	958	roadmap_epigenomics H3K9me3	NA	NA	H3K9me3	NA	NA	E011-H3K9me3.narrowPeak	0.000177188329629283	213267
2	964	roadmap_epigenomics	3.98840304973767	1.26951001243824	1113	968	971	938	971	959	622	1525	1082	roadmap_epigenomics H3K9me3	NA	NA	H3K9me3	NA	NA	E117-H3K9me3.narrowPeak	0.000236350695444914	92881
2	639	roadmap_epigenomics	3.90727317479572	1.26530369111419	1119	969	973	936	973	959	627	1519	1077	roadmap_epigenomics H3K27me3	NA	NA	H3K27me3	NA	NA	E077-H3K27me3.narrowPeak	0.000284604664354447	151995
2	633	roadmap_epigenomics	3.8999654589353	1.28884134286337	836	970	965	1050	1050	995	451	1802	1253	roadmap_epigenomics H3K27me3	NA	NA	H3K27me3	NA	NA	E076-H3K27me3.narrowPeak	0.000289138176807875	65497
2	799	roadmap_epigenomics	3.86077638130132	1.3010103178466	2042	971	961	421	971	784	1235	596	469	roadmap_epigenomics H3K9me3	NA	NA	H3K9me3	NA	NA	E096-H3K9me3.narrowPeak	0.000315796487315689	438415
2	804	roadmap_epigenomics	3.82131411159418	1.28754052490964	813	972	966	1062	1062	1000	438	1825	1266	roadmap_epigenomics H3K27me3	NA	NA	H3K27me3	NA	NA	E097-H3K27me3.narrowPeak	0.000345482960873253	112268
2	320	roadmap_epigenomics	3.81347039663003	1.2554406086658	1271	973	977	876	977	942	725	1367	979	roadmap_epigenomics H3K27me3	NA	NA	H3K27me3	NA	NA	E028-H3K27me3.narrowPeak	0.000351421127260198	124081
2	677	roadmap_epigenomics	3.71829034137713	1.25625365846848	1116	974	976	937	976	962	628	1522	1076	roadmap_epigenomics H3K27me3	NA	NA	H3K27me3	NA	NA	E082-H3K27me3.narrowPeak	0.000437084990142095	117993
2	476	roadmap_epigenomics	3.64147584346772	1.26235518931498	961	975	974	1010	1010	986	532	1677	1172	roadmap_epigenomics H3K27me3	NA	NA	H3K27me3	NA	NA	E051-H3K27me3.narrowPeak	0.000521121282486134	236036
2	940	roadmap_epigenomics	3.49462967674059	1.25022222927483	1023	976	978	982	982	979	573	1615	1131	roadmap_epigenomics H3K9me3	NA	NA	H3K9me3	NA	NA	E115-H3K9me3.narrowPeak	0.000730035273540149	191833
2	669	roadmap_epigenomics	3.39770678126305	1.25772310004437	868	977	975	1042	1042	998	478	1770	1226	roadmap_epigenomics H3K27me3	NA	NA	H3K27me3	NA	NA	E081-H3K27me3.narrowPeak	0.000911645632544855	82305
2	379	roadmap_epigenomics	3.29675519000932	1.22921886540272	1390	978	980	828	980	929	810	1248	894	roadmap_epigenomics H3K9me3	NA	NA	H3K9me3	NA	NA	E036-H3K9me3.narrowPeak	0.00114904598414628	237679
2	795	roadmap_epigenomics	3.07201473013298	1.24988364623701	769	979	979	1073	1073	1010	422	1869	1282	roadmap_epigenomics H3K27me3	NA	NA	H3K27me3	NA	NA	E096-H3K27me3.narrowPeak	0.00192591926395404	85642
2	560	roadmap_epigenomics	2.98307962068244	1.2175871611015	1141	980	982	929	982	964	656	1497	1048	roadmap_epigenomics H3K27me3	NA	NA	H3K27me3	NA	NA	E065-H3K27me3.narrowPeak	0.00236120579079271	134896
2	406	roadmap_epigenomics	2.96298594813806	1.21804316261212	1101	981	981	943	981	968	631	1537	1073	roadmap_epigenomics H3K27me3	NA	NA	H3K27me3	NA	NA	E041-H3K27me3.narrowPeak	0.00247052133758991	184455
2	375	roadmap_epigenomics	2.78145006193604	1.20598859981467	1162	982	984	915	984	960	673	1476	1031	roadmap_epigenomics H3K27me3	NA	NA	H3K27me3	NA	NA	E036-H3K27me3.narrowPeak	0.00374874617383342	292043
2	352	roadmap_epigenomics	2.6487587144291	1.20581810988048	989	983	985	999	999	989	566	1649	1138	roadmap_epigenomics H3K9me3	NA	NA	H3K9me3	NA	NA	E032-H3K9me3.narrowPeak	0.00507810631498598	126853
2	624	roadmap_epigenomics	2.55694686528996	1.19986932327143	999	984	986	993	993	988	574	1639	1130	roadmap_epigenomics H3K9me3	NA	NA	H3K9me3	NA	NA	E074-H3K9me3.narrowPeak	0.00626724254252475	150390
2	293	roadmap_epigenomics	2.53580951083536	1.19179884410589	1582	985	987	756	987	909	949	1056	755	roadmap_epigenomics H3K27me3	NA	NA	H3K27me3	NA	NA	E024-H3K27me3.narrowPeak	0.00657320474897388	222597
2	369	roadmap_epigenomics	2.4333005914864	1.18984137216499	1057	986	988	960	988	978	613	1581	1091	roadmap_epigenomics H3K9me3	NA	NA	H3K9me3	NA	NA	E034-H3K9me3.narrowPeak	0.00831476198919942	176448
2	1012	roadmap_epigenomics	2.37242500255267	1.18378949498914	1126	987	989	935	989	970	658	1512	1046	roadmap_epigenomics H3K9me3	NA	NA	H3K9me3	NA	NA	E121-H3K9me3.narrowPeak	0.00954672050448709	138498
2	808	roadmap_epigenomics	2.29729441792868	1.17572665837232	1370	988	992	834	992	938	816	1268	888	roadmap_epigenomics H3K9me3	NA	NA	H3K9me3	NA	NA	E097-H3K9me3.narrowPeak	0.0113270113059238	165885
2	717	roadmap_epigenomics	2.26249827200263	1.20956814887128	661	989	983	1089	1089	1020	369	1977	1335	roadmap_epigenomics H3K9me3	NA	NA	H3K9me3	NA	NA	E086-H3K9me3.narrowPeak	0.0122596311072892	29160
2	418	roadmap_epigenomics	2.22979631739614	1.17856028394411	1030	990	990	975	990	985	600	1608	1104	roadmap_epigenomics H3K27me3	NA	NA	H3K27me3	NA	NA	E043-H3K27me3.narrowPeak	0.0131920564646763	166658
2	656	roadmap_epigenomics	2.17016585425952	1.17686053135996	1762	991	991	656	991	879	1075	876	629	roadmap_epigenomics H3K9me3	NA	NA	H3K9me3	NA	NA	E079-H3K9me3.narrowPeak	0.0151185515421579	258176
2	855	roadmap_epigenomics	2.12985531375461	1.28063943623705	326	992	968	1119	1119	1030	169	2312	1535	roadmap_epigenomics H3K27me3	NA	NA	H3K27me3	NA	NA	E104-H3K27me3.narrowPeak	0.0165560396359201	18466
2	585	roadmap_epigenomics	2.12433230751448	1.17168372674391	1036	993	994	971	994	986	606	1602	1098	roadmap_epigenomics H3K9me3	NA	NA	H3K9me3	NA	NA	E068-H3K9me3.narrowPeak	0.0167512790694941	193456
2	681	roadmap_epigenomics	2.10212409699668	1.17300678209517	972	994	993	1005	1005	997	566	1666	1138	roadmap_epigenomics H3K9me3	NA	NA	H3K9me3	NA	NA	E082-H3K9me3.narrowPeak	0.01761266695067	165724
2	751	roadmap_epigenomics	2.09136967113674	1.16992915607721	1027	995	995	979	995	990	601	1611	1103	roadmap_epigenomics H3K9me3	NA	NA	H3K9me3	NA	NA	E090-H3K9me3.narrowPeak	0.0180363608078149	163795
2	297	roadmap_epigenomics	2.05561938210016	1.16222674330963	1236	996	999	890	999	962	735	1402	969	roadmap_epigenomics H3K9me3	NA	NA	H3K9me3	NA	NA	E024-H3K9me3.narrowPeak	0.0195645109337306	260267
2	879	roadmap_epigenomics	1.93731573115754	1.15631609828159	1149	997	1000	922	1000	973	682	1489	1022	roadmap_epigenomics H3K27me3	NA	NA	H3K27me3	NA	NA	E108-H3K27me3.narrowPeak	0.0256650943514267	189539
2	661	roadmap_epigenomics	1.92917846721334	1.15355611266475	1430	998	1003	817	1003	939	863	1208	841	roadmap_epigenomics H3K27me3	NA	NA	H3K27me3	NA	NA	E080-H3K27me3.narrowPeak	0.0261246675306006	290737
2	952	roadmap_epigenomics	1.92830964013112	1.16976482878959	823	999	996	1056	1056	1020	476	1815	1228	roadmap_epigenomics H3K9me3	NA	NA	H3K9me3	NA	NA	E116-H3K9me3.narrowPeak	0.0261511424525122	59492
2	316	roadmap_epigenomics	1.91646028588717	1.15258551661244	1360	1000	1004	838	1004	947	818	1278	886	roadmap_epigenomics H3K9me3	NA	NA	H3K9me3	NA	NA	E027-H3K9me3.narrowPeak	0.0268479735344817	366285
2	534	roadmap_epigenomics	1.91347578690097	1.16654403405281	856	1001	997	1046	1046	1010	497	1782	1207	roadmap_epigenomics H3K27me3	NA	NA	H3K27me3	NA	NA	E059-H3K27me3.narrowPeak	0.0270064762966684	100360
2	646	roadmap_epigenomics	1.86716523649387	1.15416956329431	1057	1002	1002	960	1002	988	625	1581	1079	roadmap_epigenomics H3K27me3	NA	NA	H3K27me3	NA	NA	E078-H3K27me3.narrowPeak	0.0299863470135467	107890
2	638	roadmap_epigenomics	1.85703638855009	1.1654239971614	811	1003	998	1064	1064	1020	470	1827	1234	roadmap_epigenomics H3K9me3	NA	NA	H3K9me3	NA	NA	E076-H3K9me3.narrowPeak	0.0306637725864657	64003
2	374	roadmap_epigenomics	1.83877613635248	1.1560793823297	955	1004	1001	1013	1013	1010	561	1683	1143	roadmap_epigenomics H3K9me3	NA	NA	H3K9me3	NA	NA	E035-H3K9me3.narrowPeak	0.0319491590652083	112817
2	480	roadmap_epigenomics	1.81247168763268	1.14607141742504	1305	1005	1005	866	1005	959	785	1333	919	roadmap_epigenomics H3K9me3	NA	NA	H3K9me3	NA	NA	E051-H3K9me3.narrowPeak	0.0338775755294407	399600
2	472	roadmap_epigenomics	1.7898434728801	1.14605498555408	1178	1006	1006	910	1006	974	704	1460	1000	roadmap_epigenomics H3K9me3	NA	NA	H3K9me3	NA	NA	E050-H3K9me3.narrowPeak	0.0356545847853312	253527
2	1079	roadmap_epigenomics	1.70803831061306	1.14097973516288	1153	1007	1009	917	1009	978	690	1485	1014	roadmap_epigenomics H3K27me3	NA	NA	H3K27me3	NA	NA	E127-H3K27me3.narrowPeak	0.0429188005171496	230204
2	196	roadmap_epigenomics	1.66209364506719	1.1360917465665	1293	1008	1010	869	1010	962	781	1345	923	roadmap_epigenomics H3K9me3	NA	NA	H3K9me3	NA	NA	E013-H3K9me3.narrowPeak	0.0475688872331875	223866
2	665	roadmap_epigenomics	1.55105216625148	1.12838215738347	1434	1009	1011	814	1011	945	875	1204	829	roadmap_epigenomics H3K9me3	NA	NA	H3K9me3	NA	NA	E080-H3K9me3.narrowPeak	0.0613084534634416	218395
2	404	roadmap_epigenomics	1.53454866330341	1.14182108920299	793	1010	1008	1068	1068	1030	466	1845	1238	roadmap_epigenomics H3K9me3	NA	NA	H3K9me3	NA	NA	E040-H3K9me3.narrowPeak	0.063621283059503	108267
2	566	roadmap_epigenomics	1.49067810108651	1.1432083706565	718	1011	1007	1079	1079	1030	420	1920	1284	roadmap_epigenomics H3K27me3	NA	NA	H3K27me3	NA	NA	E066-H3K27me3.narrowPeak	0.0703156431673786	107945
2	867	roadmap_epigenomics	1.31053030067003	1.11056558318561	1320	1012	1017	859	1017	963	808	1318	896	roadmap_epigenomics H3K27me3	NA	NA	H3K27me3	NA	NA	E106-H3K27me3.narrowPeak	0.106052203340022	171804
2	893	roadmap_epigenomics	1.30499733395722	1.11595530713155	956	1013	1013	1012	1013	1010	575	1682	1129	roadmap_epigenomics H3K9me3	NA	NA	H3K9me3	NA	NA	E109-H3K9me3.narrowPeak	0.107308385698995	103033
2	298	roadmap_epigenomics	1.29487136905446	1.11248779881601	1056	1014	1015	962	1015	997	639	1582	1065	roadmap_epigenomics H3K27me3	NA	NA	H3K27me3	NA	NA	E025-H3K27me3.narrowPeak	0.109733954282039	300249
2	458	roadmap_epigenomics	1.29344559818259	1.11287566994591	1034	1015	1014	972	1015	1000	625	1604	1079	roadmap_epigenomics H3K27me3	NA	NA	H3K27me3	NA	NA	E049-H3K27me3.narrowPeak	0.109988836052193	322175
2	410	roadmap_epigenomics	1.24753145730076	1.11804506998249	783	1016	1012	1069	1069	1030	467	1855	1237	roadmap_epigenomics H3K9me3	NA	NA	H3K9me3	NA	NA	E041-H3K9me3.narrowPeak	0.122136355119314	98944
2	578	roadmap_epigenomics	1.2275565453683	1.1117541540392	888	1017	1016	1040	1040	1020	534	1750	1170	roadmap_epigenomics H3K9me3	NA	NA	H3K9me3	NA	NA	E067-H3K9me3.narrowPeak	0.127762228100996	97767
2	619	roadmap_epigenomics	1.20673682632578	1.10730624764397	972	1018	1018	1005	1018	1010	588	1666	1116	roadmap_epigenomics H3K27me3	NA	NA	H3K27me3	NA	NA	E074-H3K27me3.narrowPeak	0.133651065968362	137148
2	631	roadmap_epigenomics	1.14041494520263	1.09760267716546	1211	1019	1021	900	1021	980	743	1427	961	roadmap_epigenomics H3K9me3	NA	NA	H3K9me3	NA	NA	E075-H3K9me3.narrowPeak	0.154959896817485	149780
2	603	roadmap_epigenomics	1.09553333314751	1.09790345679065	962	1020	1020	1009	1020	1020	585	1676	1119	roadmap_epigenomics H3K9me3	NA	NA	H3K9me3	NA	NA	E071-H3K9me3.narrowPeak	0.171667119412312	136353
2	287	roadmap_epigenomics	1.06666803280021	1.09357844170729	1042	1021	1022	967	1022	1000	637	1596	1067	roadmap_epigenomics H3K27me3	NA	NA	H3K27me3	NA	NA	E023-H3K27me3.narrowPeak	0.183290097862365	307913
2	553	roadmap_epigenomics	1.05922465406538	1.09232775592195	1076	1022	1023	951	1023	999	659	1562	1045	roadmap_epigenomics H3K27me3	NA	NA	H3K27me3	NA	NA	E063-H3K27me3.narrowPeak	0.186281342019225	207798
2	899	roadmap_epigenomics	1.0306493017744	1.10151124670379	702	1023	1019	1081	1081	1040	422	1936	1282	roadmap_epigenomics H3K9me3	NA	NA	H3K9me3	NA	NA	E110-H3K9me3.narrowPeak	0.198761414588299	32117
2	872	roadmap_epigenomics	0.959489254563369	1.08258605675335	1130	1024	1027	933	1027	995	697	1508	1007	roadmap_epigenomics H3K27me3	NA	NA	H3K27me3	NA	NA	E107-H3K27me3.narrowPeak	0.233705018149073	192092
2	573	roadmap_epigenomics	0.932092177470382	1.08374859906096	916	1025	1025	1028	1028	1030	561	1722	1143	roadmap_epigenomics H3K27me3	NA	NA	H3K27me3	NA	NA	E067-H3K27me3.narrowPeak	0.248687328079285	102020
2	1050	roadmap_epigenomics	0.92714542079188	1.07950972079794	1136	1026	1028	930	1028	995	702	1502	1002	roadmap_epigenomics H3K9me3	NA	NA	H3K9me3	NA	NA	E124-H3K9me3.narrowPeak	0.251105383674862	220527
2	592	roadmap_epigenomics	0.927068060182325	1.08310792967954	922	1027	1026	1025	1027	1030	565	1716	1139	roadmap_epigenomics H3K9me3	NA	NA	H3K9me3	NA	NA	E069-H3K9me3.narrowPeak	0.251105383674862	114493
2	422	roadmap_epigenomics	0.922419514290356	1.08430955738224	859	1028	1024	1045	1045	1030	525	1779	1179	roadmap_epigenomics H3K9me3	NA	NA	H3K9me3	NA	NA	E043-H3K9me3.narrowPeak	0.253567902110424	129594
2	832	roadmap_epigenomics	0.847923813663051	1.07582636921113	891	1029	1029	1039	1039	1030	548	1747	1156	roadmap_epigenomics H3K9me3	NA	NA	H3K9me3	NA	NA	E100-H3K9me3.narrowPeak	0.300732298070547	148038
2	612	roadmap_epigenomics	0.839772367399562	1.07242296436444	1025	1030	1031	981	1031	1010	634	1613	1070	roadmap_epigenomics H3K27me3	NA	NA	H3K27me3	NA	NA	E073-H3K27me3.narrowPeak	0.306141355382877	123448
2	918	roadmap_epigenomics	0.779435409561797	1.06752392344546	1742	1031	1032	667	1032	910	1100	896	604	roadmap_epigenomics H3K9me3	NA	NA	H3K9me3	NA	NA	E113-H3K9me3.narrowPeak	0.351438895707815	275470
2	580	roadmap_epigenomics	0.76678445483838	1.0752780670446	635	1032	1030	1094	1094	1050	388	2003	1316	roadmap_epigenomics H3K27me3	NA	NA	H3K27me3	NA	NA	E068-H3K27me3.narrowPeak	0.361146715222663	52286
2	1005	roadmap_epigenomics	0.740306465529574	1.06182311530414	1047	1033	1034	964	1034	1010	652	1591	1052	roadmap_epigenomics H3K27me3	NA	NA	H3K27me3	NA	NA	E121-H3K27me3.narrowPeak	0.383489677681949	349372
2	434	roadmap_epigenomics	0.729118027154622	1.06734411255348	721	1034	1033	1078	1078	1050	444	1917	1260	roadmap_epigenomics H3K9me3	NA	NA	H3K9me3	NA	NA	E045-H3K9me3.narrowPeak	0.393128491649767	83794
2	742	roadmap_epigenomics	0.693842405848256	1.05948454821185	863	1035	1035	1043	1043	1040	536	1775	1168	roadmap_epigenomics H3K9me3	NA	NA	H3K9me3	NA	NA	E089-H3K9me3.narrowPeak	0.425196460732575	123393
2	428	roadmap_epigenomics	0.676897824297328	1.05847492017294	815	1036	1036	1061	1061	1040	506	1823	1198	roadmap_epigenomics H3K9me3	NA	NA	H3K9me3	NA	NA	E044-H3K9me3.narrowPeak	0.441700763485719	145102
2	443	roadmap_epigenomics	0.629301235895919	1.04967903209268	1010	1037	1039	986	1039	1020	633	1628	1071	roadmap_epigenomics H3K9me3	NA	NA	H3K9me3	NA	NA	E046-H3K9me3.narrowPeak	0.491941805441297	220089
2	303	roadmap_epigenomics	0.620395361956786	1.04903827101817	972	1038	1040	1005	1040	1030	609	1666	1095	roadmap_epigenomics H3K9me3	NA	NA	H3K9me3	NA	NA	E025-H3K9me3.narrowPeak	0.501665999917304	216512
2	587	roadmap_epigenomics	0.619799177732224	1.05211156911857	780	1039	1038	1071	1071	1050	486	1858	1218	roadmap_epigenomics H3K27me3	NA	NA	H3K27me3	NA	NA	E069-H3K27me3.narrowPeak	0.501887400086464	78271
2	922	roadmap_epigenomics	0.594825480644075	1.04830979709288	808	1040	1041	1065	1065	1050	505	1830	1199	roadmap_epigenomics H3K27me3	NA	NA	H3K27me3	NA	NA	E114-H3K27me3.narrowPeak	0.530923402324901	215893
2	817	roadmap_epigenomics	0.594565611768192	1.04496657200934	1613	1041	1044	738	1044	941	1024	1025	680	roadmap_epigenomics H3K9me3	NA	NA	H3K9me3	NA	NA	E098-H3K9me3.narrowPeak	0.530923402324901	251390
2	724	roadmap_epigenomics	0.593841899959789	1.05298814754168	617	1042	1037	1101	1101	1060	383	2021	1321	roadmap_epigenomics H3K9me3	NA	NA	H3K9me3	NA	NA	E087-H3K9me3.narrowPeak	0.531315087659636	39484
2	929	roadmap_epigenomics	0.591034197422297	1.04644471055825	892	1043	1042	1038	1043	1040	559	1746	1145	roadmap_epigenomics H3K9me3	NA	NA	H3K9me3	NA	NA	E114-H3K9me3.narrowPeak	0.534265085391096	103230
2	551	roadmap_epigenomics	0.576975290226986	1.04587326953609	813	1044	1043	1062	1062	1050	509	1825	1195	roadmap_epigenomics H3K9me3	NA	NA	H3K9me3	NA	NA	E062-H3K9me3.narrowPeak	0.551331767440991	97775
2	463	roadmap_epigenomics	0.574046882508255	1.04324352458251	978	1045	1045	1002	1045	1030	615	1660	1089	roadmap_epigenomics H3K9me3	NA	NA	H3K9me3	NA	NA	E049-H3K9me3.narrowPeak	0.554547962458552	233346
2	173	roadmap_epigenomics	0.557018389862501	1.04021904163747	1084	1046	1046	949	1046	1010	684	1554	1020	roadmap_epigenomics H3K27me3	NA	NA	H3K27me3	NA	NA	E010-H3K27me3.narrowPeak	0.576189935585183	251817
2	38	roadmap_epigenomics	0.538471984303736	1.03711829257685	1326	1047	1048	856	1048	984	841	1312	863	roadmap_epigenomics H3K9me3	NA	NA	H3K9me3	NA	NA	E003-H3K9me3.narrowPeak	0.600773139055654	307462
2	861	roadmap_epigenomics	0.527303504813987	1.0372134553378	976	1048	1047	1003	1048	1030	616	1662	1088	roadmap_epigenomics H3K27me3	NA	NA	H3K27me3	NA	NA	E105-H3K27me3.narrowPeak	0.615854033968564	139718
2	310	roadmap_epigenomics	0.510403558030151	1.03567442614303	900	1049	1049	1034	1049	1040	568	1738	1136	roadmap_epigenomics H3K9me3	NA	NA	H3K9me3	NA	NA	E026-H3K9me3.narrowPeak	0.639227927220388	170622
2	605	roadmap_epigenomics	0.501915480162387	1.03431543738876	918	1050	1050	1027	1050	1040	580	1720	1124	roadmap_epigenomics H3K27me3	NA	NA	H3K27me3	NA	NA	E072-H3K27me3.narrowPeak	0.651125114048739	109748
2	254	roadmap_epigenomics	0.49960101536562	1.0333396943274	994	1051	1051	995	1051	1030	629	1644	1075	roadmap_epigenomics H3K9me3	NA	NA	H3K9me3	NA	NA	E018-H3K9me3.narrowPeak	0.654002174734481	188469
2	787	roadmap_epigenomics	0.473085708601793	1.02861528632877	1271	1052	1052	876	1052	993	809	1367	895	roadmap_epigenomics H3K9me3	NA	NA	H3K9me3	NA	NA	E094-H3K9me3.narrowPeak	0.69262680146797	157542
2	610	roadmap_epigenomics	0.447180370088187	1.02591020305771	1002	1053	1053	990	1053	1030	637	1636	1067	roadmap_epigenomics H3K9me3	NA	NA	H3K9me3	NA	NA	E072-H3K9me3.narrowPeak	0.733853246561165	143837
2	644	roadmap_epigenomics	0.443635117525859	1.02570261574621	952	1054	1054	1015	1054	1040	605	1686	1099	roadmap_epigenomics H3K9me3	NA	NA	H3K9me3	NA	NA	E077-H3K9me3.narrowPeak	0.739192092544484	223454
2	846	roadmap_epigenomics	0.431867837915333	1.02483602053942	836	1055	1055	1050	1055	1050	531	1802	1173	roadmap_epigenomics H3K9me3	NA	NA	H3K9me3	NA	NA	E102-H3K9me3.narrowPeak	0.758800825758214	148364
2	333	roadmap_epigenomics	0.420550281373086	1.02146631775103	1133	1056	1056	931	1056	1010	723	1505	981	roadmap_epigenomics H3K9me3	NA	NA	H3K9me3	NA	NA	E029-H3K9me3.narrowPeak	0.77812418948626	223443
2	828	roadmap_epigenomics	0.405715739125786	1.01930624965471	1113	1057	1057	938	1057	1020	711	1525	993	roadmap_epigenomics H3K27me3	NA	NA	H3K27me3	NA	NA	E100-H3K27me3.narrowPeak	0.80442838230896	119670
2	599	roadmap_epigenomics	0.374997519433311	1.01480993634575	1017	1058	1058	984	1058	1030	651	1621	1053	roadmap_epigenomics H3K27me3	NA	NA	H3K27me3	NA	NA	E071-H3K27me3.narrowPeak	0.861032505868624	129447
2	392	roadmap_epigenomics	0.359654404974165	1.01454695062014	623	1059	1059	1098	1098	1070	398	2015	1306	roadmap_epigenomics H3K9me3	NA	NA	H3K9me3	NA	NA	E038-H3K9me3.narrowPeak	0.890376630051955	43418
2	268	roadmap_epigenomics	0.312225148877278	1.00399541703059	1142	1060	1060	926	1060	1020	736	1496	968	roadmap_epigenomics H3K9me3	NA	NA	H3K9me3	NA	NA	E020-H3K9me3.narrowPeak	0.991323792419291	201977
2	853	roadmap_epigenomics	0.289124841426948	0.999877929687499	935	1061	1061	1019	1061	1050	604	1703	1100	roadmap_epigenomics H3K9me3	NA	NA	H3K9me3	NA	NA	E103-H3K9me3.narrowPeak	1	100968
2	450	roadmap_epigenomics	0.276710821024436	0.997478564707667	700	1062	1062	1082	1082	1070	453	1938	1251	roadmap_epigenomics H3K9me3	NA	NA	H3K9me3	NA	NA	E047-H3K9me3.narrowPeak	1	66663
2	544	roadmap_epigenomics	0.259689178124067	0.994149691093697	1230	1063	1064	893	1064	1010	797	1408	907	roadmap_epigenomics H3K9me3	NA	NA	H3K9me3	NA	NA	E061-H3K9me3.narrowPeak	1	269877
2	1120	ucsc_features	0.25668357066474	0.99514544794557	2596	1064	1063	2	1064	710	1677	42	27	UCSC Repeat Masker	NA	NA	NA	NA	NA	rmsk.bed	1	5291824
2	365	roadmap_epigenomics	0.240069442889507	0.98993187258165	1613	1065	1065	738	1065	956	1046	1025	658	roadmap_epigenomics H3K27me3	NA	NA	H3K27me3	NA	NA	E034-H3K27me3.narrowPeak	1	387733
2	398	roadmap_epigenomics	0.235886184616501	0.988598136291741	794	1066	1066	1067	1067	1070	517	1844	1187	roadmap_epigenomics H3K9me3	NA	NA	H3K9me3	NA	NA	E039-H3K9me3.narrowPeak	1	85095
2	385	roadmap_epigenomics	0.232166813424654	0.987036872137406	630	1067	1067	1096	1096	1080	411	2008	1293	roadmap_epigenomics H3K9me3	NA	NA	H3K9me3	NA	NA	E037-H3K9me3.narrowPeak	1	66247
2	871	roadmap_epigenomics	0.225294070974772	0.986621531983426	947	1068	1068	1017	1068	1050	617	1691	1087	roadmap_epigenomics H3K9me3	NA	NA	H3K9me3	NA	NA	E106-H3K9me3.narrowPeak	1	167309
2	416	roadmap_epigenomics	0.223457881395668	0.985088262199025	669	1069	1069	1087	1087	1080	437	1969	1267	roadmap_epigenomics H3K9me3	NA	NA	H3K9me3	NA	NA	E042-H3K9me3.narrowPeak	1	78727
2	617	roadmap_epigenomics	0.195939438088849	0.979901205304048	1006	1070	1070	988	1070	1040	658	1632	1046	roadmap_epigenomics H3K9me3	NA	NA	H3K9me3	NA	NA	E073-H3K9me3.narrowPeak	1	139270
2	210	roadmap_epigenomics	0.168933414182492	0.973559020647874	1224	1071	1071	897	1071	1010	802	1414	902	roadmap_epigenomics H3K9me3	NA	NA	H3K9me3	NA	NA	E015-H3K9me3.narrowPeak	1	342240
2	912	roadmap_epigenomics	0.161807933141652	0.967763347023483	648	1072	1074	1091	1091	1080	429	1990	1275	roadmap_epigenomics H3K9me3	NA	NA	H3K9me3	NA	NA	E112-H3K9me3.narrowPeak	1	29697
2	789	roadmap_epigenomics	0.157273899269285	0.969605571081124	981	1073	1072	1001	1073	1050	646	1657	1058	roadmap_epigenomics H3K27me3	NA	NA	H3K27me3	NA	NA	E095-H3K27me3.narrowPeak	1	152210
2	650	roadmap_epigenomics	0.154388341706536	0.968426729432876	925	1074	1073	1023	1074	1060	610	1713	1094	roadmap_epigenomics H3K9me3	NA	NA	H3K9me3	NA	NA	E078-H3K9me3.narrowPeak	1	134778
2	760	roadmap_epigenomics	0.149894634442302	0.966898035701414	898	1075	1075	1036	1075	1060	593	1740	1111	roadmap_epigenomics H3K9me3	NA	NA	H3K9me3	NA	NA	E091-H3K9me3.narrowPeak	1	158209
2	217	roadmap_epigenomics	0.143811073371029	0.966382275823264	1142	1076	1076	926	1076	1030	752	1496	952	roadmap_epigenomics H3K9me3	NA	NA	H3K9me3	NA	NA	E016-H3K9me3.narrowPeak	1	236873
2	456	roadmap_epigenomics	0.138047688079233	0.959445000833984	618	1077	1077	1100	1100	1080	412	2020	1292	roadmap_epigenomics H3K9me3	NA	NA	H3K9me3	NA	NA	E048-H3K9me3.narrowPeak	1	50821
2	901	roadmap_epigenomics	0.12422023382004	0.95893058929938	916	1078	1078	1028	1078	1060	608	1722	1096	roadmap_epigenomics H3K27me3	NA	NA	H3K27me3	NA	NA	E111-H3K27me3.narrowPeak	1	155817
2	261	roadmap_epigenomics	0.113152941051081	0.955390936655961	952	1079	1079	1015	1079	1060	633	1686	1071	roadmap_epigenomics H3K9me3	NA	NA	H3K9me3	NA	NA	E019-H3K9me3.narrowPeak	1	217812
2	1038	roadmap_epigenomics	0.102903334899324	0.941561961309701	491	1080	1085	1111	1111	1090	333	2147	1371	roadmap_epigenomics H3K9me3	NA	NA	H3K9me3	NA	NA	E123-H3K9me3.narrowPeak	1	22127
2	889	roadmap_epigenomics	0.0978888446485637	0.951157486764944	1201	1081	1080	904	1081	1020	797	1437	907	roadmap_epigenomics H3K27me3	NA	NA	H3K27me3	NA	NA	E109-H3K27me3.narrowPeak	1	201231
2	1062	roadmap_epigenomics	0.0935395000238558	0.94945854172692	1206	1082	1081	902	1082	1020	801	1432	903	roadmap_epigenomics H3K9me3	NA	NA	H3K9me3	NA	NA	E125-H3K9me3.narrowPeak	1	149930
2	338	roadmap_epigenomics	0.0916916732038454	0.947566737874204	1002	1083	1082	990	1083	1050	669	1636	1035	roadmap_epigenomics H3K9me3	NA	NA	H3K9me3	NA	NA	E030-H3K9me3.narrowPeak	1	242870
2	839	roadmap_epigenomics	0.0903532533775042	0.944719340428955	819	1084	1083	1059	1084	1080	550	1819	1154	roadmap_epigenomics H3K9me3	NA	NA	H3K9me3	NA	NA	E101-H3K9me3.narrowPeak	1	120707
2	292	roadmap_epigenomics	0.0807175297613184	0.943187833764387	1045	1085	1084	966	1085	1040	699	1593	1005	roadmap_epigenomics H3K9me3	NA	NA	H3K9me3	NA	NA	E023-H3K9me3.narrowPeak	1	224057
2	558	roadmap_epigenomics	0.0608776276084681	0.933303990855797	1046	1086	1086	965	1086	1050	704	1592	1000	roadmap_epigenomics H3K9me3	NA	NA	H3K9me3	NA	NA	E063-H3K9me3.narrowPeak	1	232267
2	1119	ucsc_features	0.0368000748486605	0.430279863565715	2	1087	1122	1123	1123	1110	3	2636	1701	UCSC Numts assembled	NA	NA	NA	NA	NA	numtSAssembled.bed	1	78
2	719	roadmap_epigenomics	0.0359563751989193	0.90544732463884	616	1088	1087	1102	1102	1090	429	2022	1275	roadmap_epigenomics H3K27me3	NA	NA	H3K27me3	NA	NA	E087-H3K27me3.narrowPeak	1	66475
2	1109	roadmap_epigenomics	0.0280130584558616	0.905357568840609	831	1089	1088	1054	1089	1080	574	1807	1130	roadmap_epigenomics H3K9me3	NA	NA	H3K9me3	NA	NA	E129-H3K9me3.narrowPeak	1	180247
2	1087	roadmap_epigenomics	0.0250372025179958	0.902219968367383	835	1090	1090	1052	1090	1080	578	1803	1126	roadmap_epigenomics H3K9me3	NA	NA	H3K9me3	NA	NA	E127-H3K9me3.narrowPeak	1	155989
2	109	roadmap_epigenomics	0.0229753945030387	0.905141980431471	1184	1091	1089	907	1091	1030	807	1454	897	roadmap_epigenomics H3K9me3	NA	NA	H3K9me3	NA	NA	E006-H3K9me3.narrowPeak	1	248522
2	343	roadmap_epigenomics	0.0182237568806804	0.878214693221239	521	1092	1092	1109	1109	1100	373	2117	1331	roadmap_epigenomics H3K9me3	NA	NA	H3K9me3	NA	NA	E031-H3K9me3.narrowPeak	1	25266
2	244	roadmap_epigenomics	0.0138223295789692	0.892420763600901	1244	1093	1091	888	1093	1020	852	1394	852	roadmap_epigenomics H3K9me3	NA	NA	H3K9me3	NA	NA	E017-H3K9me3.narrowPeak	1	418568
2	865	roadmap_epigenomics	0.0107827260350925	0.873063812414353	667	1094	1094	1088	1094	1090	476	1971	1228	roadmap_epigenomics H3K9me3	NA	NA	H3K9me3	NA	NA	E105-H3K9me3.narrowPeak	1	72720
2	906	roadmap_epigenomics	0.00942843347613069	0.869909729088215	671	1095	1096	1086	1096	1090	480	1967	1224	roadmap_epigenomics H3K9me3	NA	NA	H3K9me3	NA	NA	E111-H3K9me3.narrowPeak	1	69918
2	311	roadmap_epigenomics	0.00799921268305728	0.875623547102233	922	1096	1093	1025	1096	1070	648	1716	1056	roadmap_epigenomics H3K27me3	NA	NA	H3K27me3	NA	NA	E027-H3K27me3.narrowPeak	1	319446
2	360	roadmap_epigenomics	0.00647033001306342	0.847813572100385	498	1097	1099	1110	1110	1100	367	2140	1337	roadmap_epigenomics H3K9me3	NA	NA	H3K9me3	NA	NA	E033-H3K9me3.narrowPeak	1	37434
2	884	roadmap_epigenomics	0.00621161210333096	0.868278968455316	862	1098	1097	1044	1098	1080	611	1776	1093	roadmap_epigenomics H3K9me3	NA	NA	H3K9me3	NA	NA	E108-H3K9me3.narrowPeak	1	125491
2	571	roadmap_epigenomics	0.00578431646539127	0.870628988046523	1019	1099	1095	983	1099	1060	715	1619	989	roadmap_epigenomics H3K9me3	NA	NA	H3K9me3	NA	NA	E066-H3K9me3.narrowPeak	1	280982
2	988	roadmap_epigenomics	0.00378248793824786	0.859931593801355	932	1100	1098	1021	1100	1070	662	1706	1042	roadmap_epigenomics H3K9me3	NA	NA	H3K9me3	NA	NA	E119-H3K9me3.narrowPeak	1	271804
2	957	roadmap_epigenomics	0.00308804583476359	0.845982048911482	693	1101	1100	1084	1101	1100	505	1945	1199	roadmap_epigenomics H3K27me3	NA	NA	H3K27me3	NA	NA	E117-H3K27me3.narrowPeak	1	219064
2	859	roadmap_epigenomics	0.00216342060686381	0.835407631583665	641	1102	1103	1092	1103	1100	473	1997	1231	roadmap_epigenomics H3K9me3	NA	NA	H3K9me3	NA	NA	E104-H3K9me3.narrowPeak	1	53841
2	523	roadmap_epigenomics	0.0014949112299089	0.845579799744018	1076	1103	1101	951	1103	1050	765	1562	939	roadmap_epigenomics H3K9me3	NA	NA	H3K9me3	NA	NA	E057-H3K9me3.narrowPeak	1	247543
2	203	roadmap_epigenomics	0.00111599160821498	0.839811493630179	1034	1104	1102	972	1104	1060	740	1604	964	roadmap_epigenomics H3K9me3	NA	NA	H3K9me3	NA	NA	E014-H3K9me3.narrowPeak	1	279334
2	976	roadmap_epigenomics	0.00106555480265188	0.790851174766976	380	1105	1112	1117	1117	1110	299	2258	1405	roadmap_epigenomics H3K9me3	NA	NA	H3K9me3	NA	NA	E118-H3K9me3.narrowPeak	1	97122
2	793	roadmap_epigenomics	0.00078254143209434	0.833007581178567	993	1106	1104	997	1106	1070	716	1645	988	roadmap_epigenomics H3K9me3	NA	NA	H3K9me3	NA	NA	E095-H3K9me3.narrowPeak	1	192228
2	529	roadmap_epigenomics	0.000586893378596539	0.829187277326026	1029	1107	1105	976	1107	1060	742	1609	962	roadmap_epigenomics H3K9me3	NA	NA	H3K9me3	NA	NA	E058-H3K9me3.narrowPeak	1	301065
2	62	roadmap_epigenomics	0.000573269057498095	0.816738205227573	722	1108	1107	1077	1108	1100	538	1916	1166	roadmap_epigenomics H3K9me3	NA	NA	H3K9me3	NA	NA	E004-H3K9me3.narrowPeak	1	65901
2	564	roadmap_epigenomics	0.000442183088772433	0.821460410907848	909	1109	1106	1031	1109	1080	665	1729	1039	roadmap_epigenomics H3K9me3	NA	NA	H3K9me3	NA	NA	E065-H3K9me3.narrowPeak	1	124507
2	823	roadmap_epigenomics	0.000377426858174194	0.797848330185717	572	1110	1111	1107	1111	1110	439	2066	1265	roadmap_epigenomics H3K9me3	NA	NA	H3K9me3	NA	NA	E099-H3K9me3.narrowPeak	1	52477
2	277	roadmap_epigenomics	0.000331243462203028	0.803529078709067	660	1111	1110	1090	1111	1100	500	1978	1204	roadmap_epigenomics H3K9me3	NA	NA	H3K9me3	NA	NA	E021-H3K9me3.narrowPeak	1	61601
2	487	roadmap_epigenomics	0.000244869995520862	0.804662604557728	744	1112	1109	1076	1112	1100	559	1894	1145	roadmap_epigenomics H3K9me3	NA	NA	H3K9me3	NA	NA	E052-H3K9me3.narrowPeak	1	148296
2	877	roadmap_epigenomics	0.000179108216606428	0.808522877313018	923	1113	1108	1024	1113	1080	681	1715	1023	roadmap_epigenomics H3K9me3	NA	NA	H3K9me3	NA	NA	E107-H3K9me3.narrowPeak	1	110622
2	324	roadmap_epigenomics	0.0000822347578295289	0.77831022844941	610	1114	1113	1103	1114	1110	475	2028	1229	roadmap_epigenomics H3K9me3	NA	NA	H3K9me3	NA	NA	E028-H3K9me3.narrowPeak	1	192863
2	1000	roadmap_epigenomics	0.00000575981332736885	0.718027690278483	428	1115	1115	1116	1116	1120	362	2210	1342	roadmap_epigenomics H3K9me3	NA	NA	H3K9me3	NA	NA	E120-H3K9me3.narrowPeak	1	18061
2	538	roadmap_epigenomics	0.000000638728253564986	0.734046665575052	755	1116	1114	1074	1116	1100	602	1883	1102	roadmap_epigenomics H3K9me3	NA	NA	H3K9me3	NA	NA	E059-H3K9me3.narrowPeak	1	85196
2	1116	ucsc_features	0.000000349357152864875	0.715846907943532	619	1117	1116	1099	1117	1110	511	2019	1193	UCSC LaminB1 Lads	NA	NA	NA	NA	NA	laminB1Lads.bed	1	1296
2	1074	roadmap_epigenomics	6.21358617153261e-11	0.565288980697641	272	1118	1118	1120	1120	1120	288	2366	1416	roadmap_epigenomics H3K9me3	NA	NA	H3K9me3	NA	NA	E126-H3K9me3.narrowPeak	1	12150
2	506	roadmap_epigenomics	7.7146197324263e-16	0.612143301198421	1028	1119	1117	978	1119	1070	870	1610	834	roadmap_epigenomics H3K9me3	NA	NA	H3K9me3	NA	NA	E055-H3K9me3.narrowPeak	1	439063
2	515	roadmap_epigenomics	0	0.458221919953434	605	1120	1121	1104	1121	1120	671	2033	1033	roadmap_epigenomics H3K9me3	NA	NA	H3K9me3	NA	NA	E056-H3K9me3.narrowPeak	1	314736
2	1025	roadmap_epigenomics	0	0.512722678352001	432	1120	1119	1115	1120	1120	471	2206	1233	roadmap_epigenomics H3K9me3	NA	NA	H3K9me3	NA	NA	E122-H3K9me3.narrowPeak	1	224772
2	1099	roadmap_epigenomics	0	0.408848450423874	231	1120	1123	1121	1123	1120	324	2407	1380	roadmap_epigenomics H3K9me3	NA	NA	H3K9me3	NA	NA	E128-H3K9me3.narrowPeak	1	16125
2	1114	ucsc_features	0	0.495673468538249	463	1120	1120	1114	1120	1120	512	2175	1192	UCSC Genomic superdups	NA	NA	NA	NA	NA	genomicSuperDups.bed	1	49852
