userSet	dbSet	collection	pValueLog	oddsRatio	support	rnkPV	rnkOR	rnkSup	maxRnk	meanRnk	b	c	d	description	cellType	tissue	antibody	treatment	dataSource	filename	qValue	size
1	515	roadmap_epigenomics	84.8448902191247	3.20678823550445	1012	2	3	1030	1030	345	454	2730	3928	roadmap_epigenomics H3K9me3	NA	NA	H3K9me3	NA	NA	E056-H3K9me3.narrowPeak	1.82392453326026e-84	314736
1	922	roadmap_epigenomics	61.7660311769253	2.50138156355209	1104	3	4	1010	1010	339	628	2638	3754	roadmap_epigenomics H3K27me3	NA	NA	H3K27me3	NA	NA	E114-H3K27me3.narrowPeak	8.66953102039962e-62	215893
1	789	roadmap_epigenomics	60.161472989356	2.33571390035622	1270	4	6	950	950	320	790	2472	3592	roadmap_epigenomics H3K27me3	NA	NA	H3K27me3	NA	NA	E095-H3K27me3.narrowPeak	3.32315689445643e-60	152210
1	793	roadmap_epigenomics	57.9459269104489	2.26377590464209	1321	5	7	929	929	314	851	2421	3531	roadmap_epigenomics H3K9me3	NA	NA	H3K9me3	NA	NA	E095-H3K9me3.narrowPeak	5.15983628454257e-58	192228
1	506	roadmap_epigenomics	56.190139966306	2.15279033403469	1499	6	11	859	859	292	1038	2243	3344	roadmap_epigenomics H3K9me3	NA	NA	H3K9me3	NA	NA	E055-H3K9me3.narrowPeak	2.7824800700781e-56	439063
1	1005	roadmap_epigenomics	49.1708352444874	2.09314668172508	1347	7	13	917	917	312	928	2395	3454	roadmap_epigenomics H3K27me3	NA	NA	H3K27me3	NA	NA	E121-H3K27me3.narrowPeak	2.53438928304661e-49	349372
1	564	roadmap_epigenomics	48.4776357410908	2.15287598921084	1200	8	10	980	980	333	788	2542	3594	roadmap_epigenomics H3K9me3	NA	NA	H3K9me3	NA	NA	E065-H3K9me3.narrowPeak	1.22586931941123e-48	124507
1	889	roadmap_epigenomics	43.9192647164123	1.93897164693114	1549	9	18	846	846	291	1170	2193	3212	roadmap_epigenomics H3K27me3	NA	NA	H3K27me3	NA	NA	E109-H3K27me3.narrowPeak	4.13587388329933e-44	201231
1	957	roadmap_epigenomics	41.3552954756471	2.13414678070218	998	10	12	1036	1036	353	638	2744	3744	roadmap_epigenomics H3K27me3	NA	NA	H3K27me3	NA	NA	E117-H3K27me3.narrowPeak	1.47484032389015e-41	219064
1	861	roadmap_epigenomics	41.2968347614917	1.99703793932384	1235	11	15	964	964	330	867	2507	3515	roadmap_epigenomics H3K27me3	NA	NA	H3K27me3	NA	NA	E105-H3K27me3.narrowPeak	1.68234512451731e-41	139718
1	566	roadmap_epigenomics	39.9942254140314	2.15847706734489	927	12	9	1056	1056	359	580	2815	3802	roadmap_epigenomics H3K27me3	NA	NA	H3K27me3	NA	NA	E066-H3K27me3.narrowPeak	3.33244994031522e-40	107945
1	311	roadmap_epigenomics	39.5041259184589	1.95973554401778	1243	13	16	960	960	330	887	2499	3495	roadmap_epigenomics H3K27me3	NA	NA	H3K27me3	NA	NA	E027-H3K27me3.narrowPeak	1.02109138386176e-39	319446
1	173	roadmap_epigenomics	38.5846025546089	1.89076331693832	1395	14	22	899	899	312	1048	2347	3334	roadmap_epigenomics H3K27me3	NA	NA	H3K27me3	NA	NA	E010-H3K27me3.narrowPeak	8.39842711741417e-39	251817
1	571	roadmap_epigenomics	35.7715305542927	1.87160168697064	1294	15	24	939	939	326	965	2448	3417	roadmap_epigenomics H3K9me3	NA	NA	H3K9me3	NA	NA	E066-H3K9me3.narrowPeak	5.30843098334795e-36	280982
1	573	roadmap_epigenomics	35.4968790759975	1.91457987740637	1165	16	20	997	997	344	837	2577	3545	roadmap_epigenomics H3K27me3	NA	NA	H3K27me3	NA	NA	E067-H3K27me3.narrowPeak	9.86717133355867e-36	102020
1	560	roadmap_epigenomics	35.2942159480351	1.82615322719833	1424	17	28	888	888	311	1103	2318	3279	roadmap_epigenomics H3K27me3	NA	NA	H3K27me3	NA	NA	E065-H3K27me3.narrowPeak	1.57129302688908e-35	134896
1	458	roadmap_epigenomics	34.556825551984	1.85020281332212	1291	18	26	942	942	329	971	2451	3411	roadmap_epigenomics H3K27me3	NA	NA	H3K27me3	NA	NA	E049-H3K27me3.narrowPeak	8.54784565383549e-35	322175
1	445	roadmap_epigenomics	33.6077064386438	1.81617855495467	1348	19	29	916	916	321	1037	2394	3345	roadmap_epigenomics H3K27me3	NA	NA	H3K27me3	NA	NA	E047-H3K27me3.narrowPeak	7.55104838937066e-34	175300
1	867	roadmap_epigenomics	33.3579162428167	1.75082474949597	1656	20	38	800	800	286	1367	2086	3015	roadmap_epigenomics H3K27me3	NA	NA	H3K27me3	NA	NA	E106-H3K27me3.narrowPeak	1.3366756025918e-33	171804
1	877	roadmap_epigenomics	32.8729886074449	1.85539543262767	1183	21	25	988	988	345	874	2559	3508	roadmap_epigenomics H3K9me3	NA	NA	H3K9me3	NA	NA	E107-H3K9me3.narrowPeak	4.04978838735886e-33	110622
1	719	roadmap_epigenomics	32.0910220303006	2.02127265776319	851	22	14	1068	1068	368	557	2891	3825	roadmap_epigenomics H3K27me3	NA	NA	H3K27me3	NA	NA	E087-H3K27me3.narrowPeak	2.44145595688666e-32	66475
1	406	roadmap_epigenomics	32.0850829897151	1.77814103999442	1391	23	34	901	901	319	1094	2351	3288	roadmap_epigenomics H3K27me3	NA	NA	H3K27me3	NA	NA	E041-H3K27me3.narrowPeak	2.47175920626017e-32	184455
1	605	roadmap_epigenomics	31.7887517427286	1.84063716934884	1165	24	27	997	997	349	864	2577	3518	roadmap_epigenomics H3K27me3	NA	NA	H3K27me3	NA	NA	E072-H3K27me3.narrowPeak	4.87076016788799e-32	109748
1	832	roadmap_epigenomics	31.4410049756442	1.90287186420738	1009	25	21	1032	1032	359	712	2733	3670	roadmap_epigenomics H3K9me3	NA	NA	H3K9me3	NA	NA	E100-H3K9me3.narrowPeak	1.08046275329921e-31	148038
1	619	roadmap_epigenomics	30.9888384942551	1.80367912574519	1226	26	30	966	966	341	932	2516	3450	roadmap_epigenomics H3K27me3	NA	NA	H3K27me3	NA	NA	E074-H3K27me3.narrowPeak	3.04421539681429e-31	137148
1	804	roadmap_epigenomics	30.8746116691909	1.92578810336295	945	27	19	1050	1050	365	654	2797	3728	roadmap_epigenomics H3K27me3	NA	NA	H3K27me3	NA	NA	E097-H3K27me3.narrowPeak	3.94962903478815e-31	112268
1	617	roadmap_epigenomics	30.6854814151627	1.79006681661667	1251	28	32	958	958	339	960	2491	3422	roadmap_epigenomics H3K9me3	NA	NA	H3K9me3	NA	NA	E073-H3K9me3.narrowPeak	6.0969796361041e-31	139270
1	1025	roadmap_epigenomics	30.5775424558929	2.21171001308558	634	29	8	1108	1108	382	370	3108	4012	roadmap_epigenomics H3K9me3	NA	NA	H3K9me3	NA	NA	E122-H3K9me3.narrowPeak	7.77631666427744e-31	224772
1	599	roadmap_epigenomics	29.6493623879057	1.7570023382684	1299	30	37	937	937	335	1018	2443	3364	roadmap_epigenomics H3K27me3	NA	NA	H3K27me3	NA	NA	E071-H3K27me3.narrowPeak	6.50588531525301e-30	129447
1	418	roadmap_epigenomics	29.0738698294349	1.74498971652736	1304	31	40	936	936	336	1028	2438	3354	roadmap_epigenomics H3K27me3	NA	NA	H3K27me3	NA	NA	E043-H3K27me3.narrowPeak	2.42598934226072e-29	166658
1	203	roadmap_epigenomics	28.985080835487	1.73146853285035	1353	32	43	913	913	329	1080	2389	3302	roadmap_epigenomics H3K9me3	NA	NA	H3K9me3	NA	NA	E014-H3K9me3.narrowPeak	2.96870575501285e-29	279334
1	1012	roadmap_epigenomics	28.985080835487	1.73146853285035	1353	32	43	913	913	329	1080	2389	3302	roadmap_epigenomics H3K9me3	NA	NA	H3K9me3	NA	NA	E121-H3K9me3.narrowPeak	2.96870575501285e-29	138498
1	871	roadmap_epigenomics	28.9671716105566	1.78135414333942	1173	34	33	991	991	353	894	2569	3488	roadmap_epigenomics H3K9me3	NA	NA	H3K9me3	NA	NA	E106-H3K9me3.narrowPeak	3.08974102002417e-29	167309
1	544	roadmap_epigenomics	28.7590776934272	1.68606575956462	1582	35	54	834	834	308	1327	2160	3055	roadmap_epigenomics H3K9me3	NA	NA	H3K9me3	NA	NA	E061-H3K9me3.narrowPeak	4.97633389640653e-29	269877
1	610	roadmap_epigenomics	28.5897026154767	1.7505983201534	1249	36	39	959	959	345	975	2493	3407	roadmap_epigenomics H3K9me3	NA	NA	H3K9me3	NA	NA	E072-H3K9me3.narrowPeak	7.33129877730542e-29	143837
1	612	roadmap_epigenomics	28.5117904895531	1.73910614800458	1286	37	41	945	945	341	1014	2456	3368	roadmap_epigenomics H3K27me3	NA	NA	H3K27me3	NA	NA	E073-H3K27me3.narrowPeak	8.76076960433535e-29	123448
1	292	roadmap_epigenomics	28.3157319479219	1.72269467092579	1338	38	45	922	922	335	1070	2404	3312	roadmap_epigenomics H3K9me3	NA	NA	H3K9me3	NA	NA	E023-H3K9me3.narrowPeak	1.37073222356451e-28	224057
1	828	roadmap_epigenomics	27.3250001015272	1.69901358597043	1363	39	51	910	910	333	1105	2379	3277	roadmap_epigenomics H3K27me3	NA	NA	H3K27me3	NA	NA	E100-H3K27me3.narrowPeak	1.31848322480797e-27	119670
1	480	roadmap_epigenomics	26.9651804760239	1.647273929023	1656	40	65	800	800	302	1425	2086	2957	roadmap_epigenomics H3K9me3	NA	NA	H3K9me3	NA	NA	E051-H3K9me3.narrowPeak	3.00802024091445e-27	399600
1	210	roadmap_epigenomics	26.9544181736162	1.65834144452479	1562	41	60	843	843	315	1322	2180	3060	roadmap_epigenomics H3K9me3	NA	NA	H3K9me3	NA	NA	E015-H3K9me3.narrowPeak	3.07968685565439e-27	342240
1	529	roadmap_epigenomics	26.9405846965656	1.70174623404302	1318	42	50	930	930	341	1061	2424	3321	roadmap_epigenomics H3K9me3	NA	NA	H3K9me3	NA	NA	E058-H3K9me3.narrowPeak	3.17544212039033e-27	301065
1	109	roadmap_epigenomics	26.8230413149694	1.65802065727137	1548	44	61	847	847	317	1308	2194	3074	roadmap_epigenomics H3K9me3	NA	NA	H3K9me3	NA	NA	E006-H3K9me3.narrowPeak	4.15219643624091e-27	248522
1	884	roadmap_epigenomics	26.317817200964	1.76910512401131	1054	45	35	1023	1023	368	795	2688	3587	roadmap_epigenomics H3K9me3	NA	NA	H3K9me3	NA	NA	E108-H3K9me3.narrowPeak	1.31919394481383e-26	125491
1	287	roadmap_epigenomics	25.7793295602016	1.69105250811761	1270	46	53	950	950	350	1021	2472	3361	roadmap_epigenomics H3K27me3	NA	NA	H3K27me3	NA	NA	E023-H3K27me3.narrowPeak	4.55267175797817e-26	307913
1	244	roadmap_epigenomics	25.3689742860973	1.62431888894757	1621	47	73	820	820	313	1402	2121	2980	roadmap_epigenomics H3K9me3	NA	NA	H3K9me3	NA	NA	E017-H3K9me3.narrowPeak	1.1669053489952e-25	418568
1	463	roadmap_epigenomics	25.2626545080941	1.69705997174824	1207	48	52	975	975	358	960	2535	3422	roadmap_epigenomics H3K9me3	NA	NA	H3K9me3	NA	NA	E049-H3K9me3.narrowPeak	1.48696687973465e-25	233346
1	865	roadmap_epigenomics	25.1942780811225	1.88845787774449	781	49	23	1084	1084	385	537	2961	3845	roadmap_epigenomics H3K9me3	NA	NA	H3K9me3	NA	NA	E105-H3K9me3.narrowPeak	1.73840764607236e-25	72720
1	523	roadmap_epigenomics	24.8925509307096	1.6464757017323	1405	50	66	894	894	337	1172	2337	3210	roadmap_epigenomics H3K9me3	NA	NA	H3K9me3	NA	NA	E057-H3K9me3.narrowPeak	3.46979878542141e-25	247543
1	558	roadmap_epigenomics	24.8916385419071	1.66519068047295	1309	51	58	935	935	348	1070	2433	3312	roadmap_epigenomics H3K9me3	NA	NA	H3K9me3	NA	NA	E063-H3K9me3.narrowPeak	3.4729067123251e-25	232267
1	553	roadmap_epigenomics	24.6124907756703	1.65152385322771	1350	52	64	915	915	344	1116	2392	3266	roadmap_epigenomics H3K27me3	NA	NA	H3K27me3	NA	NA	E063-H3K27me3.narrowPeak	6.5728379578114e-25	207798
1	316	roadmap_epigenomics	24.1855880766175	1.5945116199032	1729	53	81	774	774	303	1534	2013	2848	roadmap_epigenomics H3K9me3	NA	NA	H3K9me3	NA	NA	E027-H3K9me3.narrowPeak	1.74814582236475e-24	366285
1	430	roadmap_epigenomics	23.5999598523671	1.64453675981066	1290	54	67	943	943	355	1062	2452	3320	roadmap_epigenomics H3K27me3	NA	NA	H3K27me3	NA	NA	E045-H3K27me3.narrowPeak	6.69302311576527e-24	113136
1	578	roadmap_epigenomics	23.5440841606122	1.70951970359444	1050	55	48	1026	1026	376	814	2692	3568	roadmap_epigenomics H3K9me3	NA	NA	H3K9me3	NA	NA	E067-H3K9me3.narrowPeak	7.60296768648566e-24	97767
1	901	roadmap_epigenomics	23.2818082093801	1.66269960612157	1186	56	59	987	987	367	956	2556	3426	roadmap_epigenomics H3K27me3	NA	NA	H3K27me3	NA	NA	E111-H3K27me3.narrowPeak	1.38749421004649e-23	155817
1	603	roadmap_epigenomics	23.058986797364	1.67403930048474	1128	57	56	1003	1003	372	898	2614	3484	roadmap_epigenomics H3K9me3	NA	NA	H3K9me3	NA	NA	E071-H3K9me3.narrowPeak	2.30676858796735e-23	136353
1	305	roadmap_epigenomics	22.9692601243362	1.65555201338021	1189	58	63	985	985	369	962	2553	3420	roadmap_epigenomics H3K27me3	NA	NA	H3K27me3	NA	NA	E026-H3K27me3.narrowPeak	2.83282709408662e-23	281141
1	338	roadmap_epigenomics	22.8725003749764	1.63792584821987	1255	59	69	957	957	362	1032	2487	3350	roadmap_epigenomics H3K9me3	NA	NA	H3K9me3	NA	NA	E030-H3K9me3.narrowPeak	3.53565419482086e-23	242870
1	795	roadmap_epigenomics	22.4276354412066	1.73813585888898	914	60	42	1061	1061	388	687	2828	3695	roadmap_epigenomics H3K27me3	NA	NA	H3K27me3	NA	NA	E096-H3K27me3.narrowPeak	9.81314454629092e-23	85642
1	303	roadmap_epigenomics	21.9399251812799	1.63818925491405	1174	61	68	990	990	373	956	2568	3426	roadmap_epigenomics H3K9me3	NA	NA	H3K9me3	NA	NA	E025-H3K9me3.narrowPeak	2.99906666351231e-22	216512
1	808	roadmap_epigenomics	21.7146142197173	1.5549604127572	1701	62	89	782	782	311	1529	2041	2853	roadmap_epigenomics H3K9me3	NA	NA	H3K9me3	NA	NA	E097-H3K9me3.narrowPeak	5.02676134057482e-22	165885
1	365	roadmap_epigenomics	21.5069652517825	1.53843220587761	2105	63	97	563	563	241	1995	1637	2387	roadmap_epigenomics H3K27me3	NA	NA	H3K27me3	NA	NA	E034-H3K27me3.narrowPeak	8.08966910147872e-22	387733
1	394	roadmap_epigenomics	21.4263055349432	1.62178243386264	1198	64	74	981	981	373	986	2544	3396	roadmap_epigenomics H3K27me3	NA	NA	H3K27me3	NA	NA	E039-H3K27me3.narrowPeak	9.70700200896801e-22	115142
1	846	roadmap_epigenomics	21.3781012749167	1.68510639161796	981	65	55	1040	1040	387	763	2761	3619	roadmap_epigenomics H3K9me3	NA	NA	H3K9me3	NA	NA	E102-H3K9me3.narrowPeak	1.08339980188001e-21	148364
1	906	roadmap_epigenomics	21.3026561776362	1.76422660690708	806	66	36	1078	1078	393	590	2936	3792	roadmap_epigenomics H3K9me3	NA	NA	H3K9me3	NA	NA	E111-H3K9me3.narrowPeak	1.28746015706143e-21	69918
1	585	roadmap_epigenomics	21.1740143560559	1.61408765204145	1209	67	75	974	974	372	1000	2533	3382	roadmap_epigenomics H3K9me3	NA	NA	H3K9me3	NA	NA	E068-H3K9me3.narrowPeak	1.72733765642722e-21	193456
1	412	roadmap_epigenomics	21.1392164093428	1.60661495300227	1240	68	77	963	963	369	1033	2502	3349	roadmap_epigenomics H3K27me3	NA	NA	H3K27me3	NA	NA	E042-H3K27me3.narrowPeak	1.86929075315721e-21	132585
1	817	roadmap_epigenomics	21.1081352073515	1.53268647820371	2163	69	103	518	518	230	2068	1579	2314	roadmap_epigenomics H3K9me3	NA	NA	H3K9me3	NA	NA	E098-H3K9me3.narrowPeak	2.00567379765311e-21	251390
1	196	roadmap_epigenomics	20.6514731204092	1.54413268425678	1608	70	93	828	828	330	1437	2134	2945	roadmap_epigenomics H3K9me3	NA	NA	H3K9me3	NA	NA	E013-H3K9me3.narrowPeak	5.7204807085423e-21	223866
1	546	roadmap_epigenomics	20.6450284943593	1.56695815096891	1411	71	87	892	892	350	1221	2331	3161	roadmap_epigenomics H3K27me3	NA	NA	H3K27me3	NA	NA	E062-H3K27me3.narrowPeak	5.79938130466016e-21	117101
1	587	roadmap_epigenomics	20.5871635862675	1.66753559518731	978	72	57	1043	1043	391	767	2764	3615	roadmap_epigenomics H3K27me3	NA	NA	H3K27me3	NA	NA	E069-H3K27me3.narrowPeak	6.61837925052128e-21	78271
1	592	roadmap_epigenomics	20.4642712153377	1.62734598695052	1096	73	71	1016	1016	387	889	2646	3493	roadmap_epigenomics H3K9me3	NA	NA	H3K9me3	NA	NA	E069-H3K9me3.narrowPeak	8.773030950481e-21	114493
1	261	roadmap_epigenomics	20.2604114933042	1.59973874654527	1189	74	79	985	985	379	988	2553	3394	roadmap_epigenomics H3K9me3	NA	NA	H3K9me3	NA	NA	E019-H3K9me3.narrowPeak	1.39965935175029e-20	217812
1	538	roadmap_epigenomics	19.897601518955	1.65758786508774	960	76	62	1049	1049	396	755	2782	3627	roadmap_epigenomics H3K9me3	NA	NA	H3K9me3	NA	NA	E059-H3K9me3.narrowPeak	3.21266145167685e-20	85196
1	348	roadmap_epigenomics	19.8628725581533	1.54534247612266	1463	77	92	872	872	347	1286	2279	3096	roadmap_epigenomics H3K27me3	NA	NA	H3K27me3	NA	NA	E032-H3K27me3.narrowPeak	3.47618972778379e-20	178963
1	12	roadmap_epigenomics	19.7544071316214	1.51294626402265	1857	78	110	705	705	298	1728	1885	2654	roadmap_epigenomics H3K9me3	NA	NA	H3K9me3	NA	NA	E002-H3K9me3.narrowPeak	4.45235366564337e-20	304858
1	993	roadmap_epigenomics	19.7050270457649	1.63176566652454	1023	79	70	1029	1029	393	821	2719	3561	roadmap_epigenomics H3K27me3	NA	NA	H3K27me3	NA	NA	E120-H3K27me3.narrowPeak	4.98288592919079e-20	126488
1	424	roadmap_epigenomics	19.5692064532884	1.53642709880525	1492	80	101	861	861	347	1321	2250	3061	roadmap_epigenomics H3K27me3	NA	NA	H3K27me3	NA	NA	E044-H3K27me3.narrowPeak	6.78951018682309e-20	189790
1	650	roadmap_epigenomics	19.5458860169591	1.60636050202647	1099	81	78	1014	1014	391	901	2643	3481	roadmap_epigenomics H3K9me3	NA	NA	H3K9me3	NA	NA	E078-H3K9me3.narrowPeak	7.15603203494709e-20	134778
1	580	roadmap_epigenomics	19.3702693759255	1.71682490001783	795	82	46	1082	1082	403	595	2947	3787	roadmap_epigenomics H3K27me3	NA	NA	H3K27me3	NA	NA	E068-H3K27me3.narrowPeak	1.06983632729155e-19	52286
1	624	roadmap_epigenomics	19.2549224406342	1.58352571258403	1167	83	84	996	996	388	975	2575	3407	roadmap_epigenomics H3K9me3	NA	NA	H3K9me3	NA	NA	E074-H3K9me3.narrowPeak	1.39217832613891e-19	150390
1	443	roadmap_epigenomics	18.9737700111091	1.56603486001414	1222	84	88	967	967	380	1036	2520	3346	roadmap_epigenomics H3K9me3	NA	NA	H3K9me3	NA	NA	E046-H3K9me3.narrowPeak	2.65092372142677e-19	220089
1	933	roadmap_epigenomics	18.8540736287752	1.55300172499001	1279	85	90	947	947	374	1098	2463	3284	roadmap_epigenomics H3K27me3	NA	NA	H3K27me3	NA	NA	E115-H3K27me3.narrowPeak	3.48055397361699e-19	239959
1	665	roadmap_epigenomics	18.8088841770238	1.50042454402858	1769	86	116	753	753	318	1639	1973	2743	roadmap_epigenomics H3K9me3	NA	NA	H3K9me3	NA	NA	E080-H3K9me3.narrowPeak	3.85795488266259e-19	218395
1	217	roadmap_epigenomics	18.6423995250607	1.52856403767952	1413	87	105	891	891	361	1245	2329	3137	roadmap_epigenomics H3K9me3	NA	NA	H3K9me3	NA	NA	E016-H3K9me3.narrowPeak	5.65407607604175e-19	236873
1	310	roadmap_epigenomics	18.493232908139	1.59265938149745	1062	88	82	1022	1022	397	873	2680	3509	roadmap_epigenomics H3K9me3	NA	NA	H3K9me3	NA	NA	E026-H3K9me3.narrowPeak	7.9537064211854e-19	170622
1	472	roadmap_epigenomics	18.4800943508914	1.51991210317221	1458	89	108	875	875	357	1296	2284	3086	roadmap_epigenomics H3K9me3	NA	NA	H3K9me3	NA	NA	E050-H3K9me3.narrowPeak	8.18897513667734e-19	253527
1	879	roadmap_epigenomics	18.3500047405568	1.52634808357415	1387	90	106	902	902	366	1220	2355	3162	roadmap_epigenomics H3K27me3	NA	NA	H3K27me3	NA	NA	E108-H3K27me3.narrowPeak	1.10367480418627e-18	189539
1	481	roadmap_epigenomics	18.2033034787294	1.53762048509343	1292	91	99	941	941	377	1119	2450	3263	roadmap_epigenomics H3K27me3	NA	NA	H3K27me3	NA	NA	E052-H3K27me3.narrowPeak	1.54548530811622e-18	291852
1	1087	roadmap_epigenomics	18.0026586493583	1.59685361187588	1007	92	80	1034	1034	402	821	2735	3561	roadmap_epigenomics H3K9me3	NA	NA	H3K9me3	NA	NA	E127-H3K9me3.narrowPeak	2.45037597424495e-18	155989
1	268	roadmap_epigenomics	17.9536032674773	1.51638429314357	1404	93	109	895	895	366	1243	2338	3139	roadmap_epigenomics H3K9me3	NA	NA	H3K9me3	NA	NA	E020-H3K9me3.narrowPeak	2.74038540671783e-18	201977
1	823	roadmap_epigenomics	17.8659755704581	1.70908345092803	731	94	49	1094	1094	412	545	3011	3837	roadmap_epigenomics H3K9me3	NA	NA	H3K9me3	NA	NA	E099-H3K9me3.narrowPeak	3.34937214297346e-18	52477
1	988	roadmap_epigenomics	17.8309668163467	1.55239665560329	1170	95	91	995	995	394	993	2572	3389	roadmap_epigenomics H3K9me3	NA	NA	H3K9me3	NA	NA	E119-H3K9me3.narrowPeak	3.62261216778201e-18	271804
1	1109	roadmap_epigenomics	17.3573021166238	1.5856058695929	993	96	83	1039	1039	406	813	2749	3569	roadmap_epigenomics H3K9me3	NA	NA	H3K9me3	NA	NA	E129-H3K9me3.narrowPeak	1.07699121711892e-17	180247
1	652	roadmap_epigenomics	17.2790713588577	1.54026169855975	1171	97	95	994	994	395	1000	2571	3382	roadmap_epigenomics H3K27me3	NA	NA	H3K27me3	NA	NA	E079-H3K27me3.narrowPeak	1.28675454781996e-17	85895
1	254	roadmap_epigenomics	17.0560364379009	1.53058499625438	1196	98	104	982	982	395	1029	2546	3353	roadmap_epigenomics H3K9me3	NA	NA	H3K9me3	NA	NA	E018-H3K9me3.narrowPeak	2.14345161191723e-17	188469
1	661	roadmap_epigenomics	16.960275112258	1.46655065791482	1792	99	126	742	742	322	1688	1950	2694	roadmap_epigenomics H3K27me3	NA	NA	H3K27me3	NA	NA	E080-H3K27me3.narrowPeak	2.66933891953982e-17	290737
1	799	roadmap_epigenomics	16.9531945077891	1.50131330025474	2696	100	115	83	115	99.3	2769	1046	1613	roadmap_epigenomics H3K9me3	NA	NA	H3K9me3	NA	NA	E096-H3K9me3.narrowPeak	2.71027614826919e-17	438415
1	644	roadmap_epigenomics	16.6219470740661	1.53724665404708	1116	101	100	1007	1007	403	949	2626	3433	roadmap_epigenomics H3K9me3	NA	NA	H3K9me3	NA	NA	E077-H3K9me3.narrowPeak	5.80484605416647e-17	223454
1	375	roadmap_epigenomics	16.463184868012	1.47980561351428	1470	102	121	868	868	364	1333	2272	3049	roadmap_epigenomics H3K27me3	NA	NA	H3K27me3	NA	NA	E036-H3K27me3.narrowPeak	8.3576302032003e-17	292043
1	1030	roadmap_epigenomics	16.2867400829207	1.5677665565543	965	103	86	1048	1048	412	795	2777	3587	roadmap_epigenomics H3K27me3	NA	NA	H3K27me3	NA	NA	E123-H3K27me3.narrowPeak	1.25195850509769e-16	123368
1	379	roadmap_epigenomics	16.0482855522149	1.45317545442707	1721	104	131	779	779	338	1619	2021	2763	roadmap_epigenomics H3K9me3	NA	NA	H3K9me3	NA	NA	E036-H3K9me3.narrowPeak	2.15861166051907e-16	237679
1	940	roadmap_epigenomics	15.9881053281742	1.50503920663901	1210	105	113	971	971	396	1056	2532	3326	roadmap_epigenomics H3K9me3	NA	NA	H3K9me3	NA	NA	E115-H3K9me3.narrowPeak	2.47678615530032e-16	191833
1	487	roadmap_epigenomics	15.9774728868068	1.57229027678432	925	106	85	1058	1058	416	757	2817	3625	roadmap_epigenomics H3K9me3	NA	NA	H3K9me3	NA	NA	E052-H3K9me3.narrowPeak	2.5354509974355e-16	148296
1	1062	roadmap_epigenomics	15.549957795908	1.45639055460694	1531	107	129	850	850	362	1412	2211	2970	roadmap_epigenomics H3K9me3	NA	NA	H3K9me3	NA	NA	E125-H3K9me3.narrowPeak	6.77805486301587e-16	149930
1	333	roadmap_epigenomics	15.4498258662188	1.46771751166371	1395	108	124	899	899	377	1263	2347	3119	roadmap_epigenomics H3K9me3	NA	NA	H3K9me3	NA	NA	E029-H3K9me3.narrowPeak	8.52652902625322e-16	223443
1	893	roadmap_epigenomics	15.3799592578144	1.51195028393302	1102	109	111	1011	1011	410	948	2640	3434	roadmap_epigenomics H3K9me3	NA	NA	H3K9me3	NA	NA	E109-H3K9me3.narrowPeak	1.00040221669975e-15	103033
1	859	roadmap_epigenomics	15.3538067488562	1.61288564480066	773	110	76	1087	1087	424	609	2969	3773	roadmap_epigenomics H3K9me3	NA	NA	H3K9me3	NA	NA	E104-H3K9me3.narrowPeak	1.06136170106062e-15	53841
1	853	roadmap_epigenomics	15.2298681796189	1.50746016884165	1107	111	112	1009	1009	411	955	2635	3427	roadmap_epigenomics H3K9me3	NA	NA	H3K9me3	NA	NA	E103-H3K9me3.narrowPeak	1.41038842129323e-15	100968
1	839	roadmap_epigenomics	15.1778866297676	1.53762770791671	974	112	98	1046	1046	419	816	2768	3566	roadmap_epigenomics H3K9me3	NA	NA	H3K9me3	NA	NA	E101-H3K9me3.narrowPeak	1.58802571202345e-15	120707
1	167	roadmap_epigenomics	15.165740245065	1.46893620394086	1336	113	123	923	923	386	1202	2406	3180	roadmap_epigenomics H3K27me3	NA	NA	H3K27me3	NA	NA	E009-H3K27me3.narrowPeak	1.63132936281321e-15	215158
1	324	roadmap_epigenomics	15.1541438557898	1.62728895537179	730	114	72	1095	1095	427	568	3012	3814	roadmap_epigenomics H3K9me3	NA	NA	H3K9me3	NA	NA	E028-H3K9me3.narrowPeak	1.67369482268036e-15	192863
1	38	roadmap_epigenomics	15.1046744498413	1.4376538881142	1680	115	139	791	791	348	1585	2062	2797	roadmap_epigenomics H3K9me3	NA	NA	H3K9me3	NA	NA	E003-H3K9me3.narrowPeak	1.87363244923195e-15	307462
1	760	roadmap_epigenomics	14.9781517542705	1.49809689002388	1125	116	117	1005	1005	413	977	2617	3405	roadmap_epigenomics H3K9me3	NA	NA	H3K9me3	NA	NA	E091-H3K9me3.narrowPeak	2.50199249909772e-15	158209
1	834	roadmap_epigenomics	14.8557871288304	1.457264611055	1380	117	128	905	905	383	1254	2362	3128	roadmap_epigenomics H3K27me3	NA	NA	H3K27me3	NA	NA	E101-H3K27me3.narrowPeak	3.3127664147667e-15	178729
1	1017	roadmap_epigenomics	14.6943101283459	1.48427729334408	1165	118	118	997	997	411	1023	2577	3359	roadmap_epigenomics H3K27me3	NA	NA	H3K27me3	NA	NA	E122-H3K27me3.narrowPeak	4.79963804508493e-15	176690
1	184	roadmap_epigenomics	14.4945333576742	1.43018719318257	1608	119	141	828	828	363	1512	2134	2870	roadmap_epigenomics H3K9me3	NA	NA	H3K9me3	NA	NA	E011-H3K9me3.narrowPeak	7.58696458633859e-15	213267
1	872	roadmap_epigenomics	14.4321463837589	1.44784566761102	1386	120	135	903	903	386	1266	2356	3116	roadmap_epigenomics H3K27me3	NA	NA	H3K27me3	NA	NA	E107-H3K27me3.narrowPeak	8.74978044844114e-15	192092
1	422	roadmap_epigenomics	14.4200060921218	1.5204390816074	967	121	107	1047	1047	425	817	2775	3565	roadmap_epigenomics H3K9me3	NA	NA	H3K9me3	NA	NA	E043-H3K9me3.narrowPeak	8.98835164160137e-15	129594
1	297	roadmap_epigenomics	14.3789456007576	1.4388176857157	1466	122	138	870	870	377	1355	2276	3027	roadmap_epigenomics H3K9me3	NA	NA	H3K9me3	NA	NA	E024-H3K9me3.narrowPeak	9.86923827208749e-15	260267
1	639	roadmap_epigenomics	14.3461704323035	1.45345573323645	1322	123	130	926	926	393	1197	2420	3185	roadmap_epigenomics H3K27me3	NA	NA	H3K27me3	NA	NA	E077-H3K27me3.narrowPeak	1.06316916236608e-14	151995
1	1103	roadmap_epigenomics	14.1888315743763	1.45147135060932	1311	124	132	933	933	396	1187	2431	3195	roadmap_epigenomics H3K27me3	NA	NA	H3K27me3	NA	NA	E129-H3K27me3.narrowPeak	1.52575666900118e-14	309622
1	855	roadmap_epigenomics	14.0329420330983	1.94819036143161	360	126	17	1118	1118	420	227	3382	4155	roadmap_epigenomics H3K27me3	NA	NA	H3K27me3	NA	NA	E104-H3K27me3.narrowPeak	2.1800394227606e-14	18466
1	298	roadmap_epigenomics	13.8353878375845	1.45047341884987	1260	127	134	954	954	405	1136	2482	3246	roadmap_epigenomics H3K27me3	NA	NA	H3K27me3	NA	NA	E025-H3K27me3.narrowPeak	3.41783176145258e-14	300249
1	400	roadmap_epigenomics	13.748654983304	1.48030672829863	1069	128	120	1020	1020	423	932	2673	3450	roadmap_epigenomics H3K27me3	NA	NA	H3K27me3	NA	NA	E040-H3K27me3.narrowPeak	4.16899506420656e-14	76554
1	450	roadmap_epigenomics	13.3517988568446	1.53344345297092	828	129	102	1071	1071	434	685	2914	3697	roadmap_epigenomics H3K9me3	NA	NA	H3K9me3	NA	NA	E047-H3K9me3.narrowPeak	1.03749164491634e-13	66663
1	551	roadmap_epigenomics	13.2916269214161	1.50183569029823	927	130	114	1056	1056	433	788	2815	3594	roadmap_epigenomics H3K9me3	NA	NA	H3K9me3	NA	NA	E062-H3K9me3.narrowPeak	1.19043530019594e-13	97775
1	981	roadmap_epigenomics	13.1625611048387	1.44145645875246	1217	131	137	969	969	412	1098	2525	3284	roadmap_epigenomics H3K27me3	NA	NA	H3K27me3	NA	NA	E119-H3K27me3.narrowPeak	1.59908489401392e-13	181513
1	334	roadmap_epigenomics	13.1001151780348	1.39380915669829	1815	132	153	725	725	337	1767	1927	2615	roadmap_epigenomics H3K27me3	NA	NA	H3K27me3	NA	NA	E030-H3K27me3.narrowPeak	1.84445515201677e-13	255104
1	1050	roadmap_epigenomics	12.8548638385817	1.41462967457586	1386	133	145	903	903	394	1287	2356	3095	roadmap_epigenomics H3K9me3	NA	NA	H3K9me3	NA	NA	E124-H3K9me3.narrowPeak	3.24093675444232e-13	220527
1	708	roadmap_epigenomics	12.8334088368872	1.38764409373892	1855	134	155	709	709	333	1817	1887	2565	roadmap_epigenomics H3K9me3	NA	NA	H3K9me3	NA	NA	E085-H3K9me3.narrowPeak	3.40155218421583e-13	264076
1	6	roadmap_epigenomics	12.375720174335	1.40981982141474	1331	135	147	924	924	402	1233	2411	3149	roadmap_epigenomics H3K9me3	NA	NA	H3K9me3	NA	NA	E001-H3K9me3.narrowPeak	9.74805213703587e-13	176553
1	404	roadmap_epigenomics	12.3170499453746	1.48356799921243	897	136	119	1063	1063	439	768	2845	3614	roadmap_epigenomics H3K9me3	NA	NA	H3K9me3	NA	NA	E040-H3K9me3.narrowPeak	1.11465527761663e-12	108267
1	751	roadmap_epigenomics	12.1249301901353	1.41730085542257	1220	137	144	968	968	416	1115	2522	3267	roadmap_epigenomics H3K9me3	NA	NA	H3K9me3	NA	NA	E090-H3K9me3.narrowPeak	1.73127764601265e-12	163795
1	733	roadmap_epigenomics	11.8525147002347	1.40405289056821	1277	138	149	948	948	412	1181	2465	3201	roadmap_epigenomics H3K9me3	NA	NA	H3K9me3	NA	NA	E088-H3K9me3.narrowPeak	3.23512030872625e-12	161817
1	540	roadmap_epigenomics	11.8025633299911	1.36911211297336	2242	139	163	452	452	251	2287	1500	2095	roadmap_epigenomics H3K27me3	NA	NA	H3K27me3	NA	NA	E061-H3K27me3.narrowPeak	3.6257395527789e-12	303846
1	190	roadmap_epigenomics	11.7743186454572	1.40238484187957	1276	140	150	949	949	413	1181	2466	3201	roadmap_epigenomics H3K9me3	NA	NA	H3K9me3	NA	NA	E012-H3K9me3.narrowPeak	3.86541869475628e-12	164404
1	387	roadmap_epigenomics	11.5196425498518	1.43325413820189	1026	142	140	1028	1028	437	914	2716	3468	roadmap_epigenomics H3K27me3	NA	NA	H3K27me3	NA	NA	E038-H3K27me3.narrowPeak	6.90579503436629e-12	62829
1	597	roadmap_epigenomics	11.4771828973618	1.37250854869841	1551	143	162	844	844	383	1491	2191	2891	roadmap_epigenomics H3K9me3	NA	NA	H3K9me3	NA	NA	E070-H3K9me3.narrowPeak	7.6073212437599e-12	240503
1	434	roadmap_epigenomics	11.1878151741799	1.47473125277776	814	144	122	1074	1074	447	695	2928	3687	roadmap_epigenomics H3K9me3	NA	NA	H3K9me3	NA	NA	E045-H3K9me3.narrowPeak	1.47964778126559e-11	83794
1	428	roadmap_epigenomics	11.0178179816547	1.44193810369485	920	145	136	1059	1059	447	808	2822	3574	roadmap_epigenomics H3K9me3	NA	NA	H3K9me3	NA	NA	E044-H3K9me3.narrowPeak	2.18632567704139e-11	145102
1	656	roadmap_epigenomics	10.9728592223998	1.3533603144045	2271	146	170	427	427	248	2335	1471	2047	roadmap_epigenomics H3K9me3	NA	NA	H3K9me3	NA	NA	E079-H3K9me3.narrowPeak	2.42233038490234e-11	258176
1	439	roadmap_epigenomics	10.5011251420582	1.38014348333941	1210	147	159	971	971	426	1127	2532	3255	roadmap_epigenomics H3K27me3	NA	NA	H3K27me3	NA	NA	E046-H3K27me3.narrowPeak	7.16289060183807e-11	116582
1	476	roadmap_epigenomics	10.4601869163756	1.38255262341539	1182	148	158	989	989	432	1097	2560	3285	roadmap_epigenomics H3K27me3	NA	NA	H3K27me3	NA	NA	E051-H3K27me3.narrowPeak	7.86298850836734e-11	236036
1	62	roadmap_epigenomics	10.3573677979148	1.42950051693636	893	149	142	1064	1064	452	788	2849	3594	roadmap_epigenomics H3K9me3	NA	NA	H3K9me3	NA	NA	E004-H3K9me3.narrowPeak	9.95332762335364e-11	65901
1	681	roadmap_epigenomics	10.1669873465095	1.38638399344666	1099	150	157	1014	1014	440	1011	2643	3371	roadmap_epigenomics H3K9me3	NA	NA	H3K9me3	NA	NA	E082-H3K9me3.narrowPeak	1.53828222238622e-10	165724
1	534	roadmap_epigenomics	9.90143771835486	1.38654519249648	1052	151	156	1025	1025	444	964	2690	3418	roadmap_epigenomics H3K27me3	NA	NA	H3K27me3	NA	NA	E059-H3K27me3.narrowPeak	2.82668149157844e-10	100360
1	1079	roadmap_epigenomics	9.70492051847636	1.34489341974938	1379	152	172	906	906	410	1326	2363	3056	roadmap_epigenomics H3K27me3	NA	NA	H3K27me3	NA	NA	E127-H3K27me3.narrowPeak	4.43610199109e-10	230204
1	398	roadmap_epigenomics	9.70484274117761	1.40588610612947	915	153	148	1060	1060	454	820	2827	3562	roadmap_epigenomics H3K9me3	NA	NA	H3K9me3	NA	NA	E039-H3K9me3.narrowPeak	4.43610199109e-10	85095
1	233	roadmap_epigenomics	9.45905576629821	1.35649380390144	1192	154	167	983	983	435	1123	2550	3259	roadmap_epigenomics H3K27me3	NA	NA	H3K27me3	NA	NA	E017-H3K27me3.narrowPeak	7.78908178787826e-10	299272
1	787	roadmap_epigenomics	9.45097873971866	1.32437844658923	1636	155	177	809	809	380	1620	2106	2762	roadmap_epigenomics H3K9me3	NA	NA	H3K9me3	NA	NA	E094-H3K9me3.narrowPeak	7.92738734759042e-10	157542
1	1099	roadmap_epigenomics	9.34980723046379	1.71190397389385	335	156	47	1120	1120	441	238	3407	4144	roadmap_epigenomics H3K9me3	NA	NA	H3K9me3	NA	NA	E128-H3K9me3.narrowPeak	9.99697966380602e-10	16125
1	742	roadmap_epigenomics	9.33972172614166	1.37990302384358	999	157	160	1035	1035	451	915	2743	3467	roadmap_epigenomics H3K9me3	NA	NA	H3K9me3	NA	NA	E089-H3K9me3.narrowPeak	1.0221672544223e-09	123393
1	695	roadmap_epigenomics	9.21673038845921	1.33464705773701	1362	158	176	911	911	415	1315	2380	3067	roadmap_epigenomics H3K27me3	NA	NA	H3K27me3	NA	NA	E084-H3K27me3.narrowPeak	1.35409736479967e-09	193037
1	841	roadmap_epigenomics	9.18780657670014	1.3546790595292	1148	159	168	1001	1001	443	1079	2594	3303	roadmap_epigenomics H3K27me3	NA	NA	H3K27me3	NA	NA	E102-H3K27me3.narrowPeak	1.44591460039474e-09	129148
1	646	roadmap_epigenomics	9.17060825633554	1.34178359210746	1265	160	174	953	953	429	1208	2477	3174	roadmap_epigenomics H3K27me3	NA	NA	H3K27me3	NA	NA	E078-H3K27me3.narrowPeak	1.50283163795065e-09	107890
1	374	roadmap_epigenomics	9.04374906497871	1.35665928499702	1102	161	166	1011	1011	446	1031	2640	3351	roadmap_epigenomics H3K9me3	NA	NA	H3K9me3	NA	NA	E035-H3K9me3.narrowPeak	2.01066312502749e-09	112817
1	685	roadmap_epigenomics	8.86327980612537	1.37812250359447	932	162	161	1052	1052	458	850	2810	3532	roadmap_epigenomics H3K27me3	NA	NA	H3K27me3	NA	NA	E083-H3K27me3.narrowPeak	3.04353843250472e-09	94590
1	277	roadmap_epigenomics	8.83085728307001	1.40221840350725	814	163	151	1074	1074	463	725	2928	3657	roadmap_epigenomics H3K9me3	NA	NA	H3K9me3	NA	NA	E021-H3K9me3.narrowPeak	3.27621169557686e-09	61601
1	410	roadmap_epigenomics	8.66791913979538	1.39010187794892	844	164	154	1069	1069	462	759	2898	3623	roadmap_epigenomics H3K9me3	NA	NA	H3K9me3	NA	NA	E041-H3K9me3.narrowPeak	4.75830917366656e-09	98944
1	631	roadmap_epigenomics	8.65104698087733	1.31387196939487	1472	165	182	867	867	405	1448	2270	2934	roadmap_epigenomics H3K9me3	NA	NA	H3K9me3	NA	NA	E075-H3K9me3.narrowPeak	4.94193158462747e-09	149780
1	416	roadmap_epigenomics	8.5743777194526	1.41166937930449	746	166	146	1092	1092	468	657	2996	3725	roadmap_epigenomics H3K9me3	NA	NA	H3K9me3	NA	NA	E042-H3K9me3.narrowPeak	5.89031234279517e-09	78727
1	976	roadmap_epigenomics	8.15621439357829	1.53909234286345	435	168	96	1116	1116	460	345	3307	4037	roadmap_epigenomics H3K9me3	NA	NA	H3K9me3	NA	NA	E118-H3K9me3.narrowPeak	0.0000000153672156769967	97122
1	369	roadmap_epigenomics	8.05783129003803	1.31914161849609	1204	169	180	977	977	442	1159	2538	3223	roadmap_epigenomics H3K9me3	NA	NA	H3K9me3	NA	NA	E034-H3K9me3.narrowPeak	0.0000000192554077580311	176448
1	468	roadmap_epigenomics	8.03676863141609	1.32277415262403	1162	170	179	1000	1000	450	1113	2580	3269	roadmap_epigenomics H3K27me3	NA	NA	H3K27me3	NA	NA	E050-H3K27me3.narrowPeak	0.0000000201925061911425	188829
1	492	roadmap_epigenomics	7.91228993878185	1.30786914855323	1290	171	185	943	943	433	1257	2452	3125	roadmap_epigenomics H3K9me3	NA	NA	H3K9me3	NA	NA	E053-H3K9me3.narrowPeak	0.0000000268685468876574	206695
1	638	roadmap_epigenomics	7.78097760806514	1.35353372513272	888	173	169	1065	1065	469	819	2854	3563	roadmap_epigenomics H3K9me3	NA	NA	H3K9me3	NA	NA	E076-H3K9me3.narrowPeak	0.0000000362834252176743	64003
1	385	roadmap_epigenomics	7.70773837373634	1.39845935250068	687	174	152	1102	1102	476	607	3055	3775	roadmap_epigenomics H3K9me3	NA	NA	H3K9me3	NA	NA	E037-H3K9me3.narrowPeak	0.0000000429065916845265	66247
1	497	roadmap_epigenomics	7.69407211416876	1.31240685659655	1173	175	183	991	991	450	1131	2569	3251	roadmap_epigenomics H3K9me3	NA	NA	H3K9me3	NA	NA	E054-H3K9me3.narrowPeak	0.000000044235118411712	152197
1	493	roadmap_epigenomics	7.53425539425696	1.35892734417942	820	176	165	1073	1073	471	750	2922	3632	roadmap_epigenomics H3K27me3	NA	NA	H3K27me3	NA	NA	E054-H3K27me3.narrowPeak	0.0000000637260695141174	89616
1	360	roadmap_epigenomics	7.43267277067589	1.42045449031587	592	177	143	1110	1110	477	512	3150	3870	roadmap_epigenomics H3K9me3	NA	NA	H3K9me3	NA	NA	E033-H3K9me3.narrowPeak	0.0000000804411583815313	37434
1	352	roadmap_epigenomics	7.14550059717519	1.30579737670901	1089	178	187	1017	1017	461	1048	2653	3334	roadmap_epigenomics H3K9me3	NA	NA	H3K9me3	NA	NA	E032-H3K9me3.narrowPeak	0.0000001555280880866	126853
1	728	roadmap_epigenomics	7.01289390376242	1.29210450971495	1190	179	188	984	984	450	1162	2552	3220	roadmap_epigenomics H3K27me3	NA	NA	H3K27me3	NA	NA	E088-H3K27me3.narrowPeak	0.000000210656807595077	203560
1	381	roadmap_epigenomics	6.99485771425546	1.3447404498011	801	180	173	1079	1079	477	738	2941	3644	roadmap_epigenomics H3K27me3	NA	NA	H3K27me3	NA	NA	E037-H3K27me3.narrowPeak	0.000000219166050408657	36137
1	488	roadmap_epigenomics	6.71049111663255	1.30617766613323	978	181	186	1043	1043	470	934	2764	3448	roadmap_epigenomics H3K27me3	NA	NA	H3K27me3	NA	NA	E053-H3K27me3.narrowPeak	0.000000421425957068018	115999
1	370	roadmap_epigenomics	6.48884897061464	1.34676258073159	711	182	171	1098	1098	484	650	3031	3732	roadmap_epigenomics H3K27me3	NA	NA	H3K27me3	NA	NA	E035-H3K27me3.narrowPeak	0.000000701366847718457	55503
1	392	roadmap_epigenomics	5.98836024180059	1.33888530659797	665	183	175	1103	1103	487	609	3077	3773	roadmap_epigenomics H3K9me3	NA	NA	H3K9me3	NA	NA	E038-H3K9me3.narrowPeak	0.00000221614810358487	43418
1	456	roadmap_epigenomics	5.79948558251795	1.32380279449883	696	184	178	1100	1100	487	645	3046	3737	roadmap_epigenomics H3K9me3	NA	NA	H3K9me3	NA	NA	E048-H3K9me3.narrowPeak	0.00000341695973358831	50821
1	929	roadmap_epigenomics	5.49504497756465	1.26345209334178	1012	185	189	1030	1030	468	994	2730	3388	roadmap_epigenomics H3K9me3	NA	NA	H3K9me3	NA	NA	E114-H3K9me3.narrowPeak	0.00000686804433260512	103230
1	1092	roadmap_epigenomics	5.29784501357101	1.25506515692808	1031	186	191	1027	1027	468	1019	2711	3363	roadmap_epigenomics H3K27me3	NA	NA	H3K27me3	NA	NA	E128-H3K27me3.narrowPeak	0.0000107842326937849	130551
1	724	roadmap_epigenomics	5.19760120713164	1.30976025279197	651	187	184	1105	1105	492	607	3091	3775	roadmap_epigenomics H3K9me3	NA	NA	H3K9me3	NA	NA	E087-H3K9me3.narrowPeak	0.0000135583184066951	39484
1	1055	roadmap_epigenomics	5.18615263587641	1.23713175276448	1210	188	194	971	971	451	1221	2532	3161	roadmap_epigenomics H3K27me3	NA	NA	H3K27me3	NA	NA	E125-H3K27me3.narrowPeak	0.0000139072536674917	199061
1	101	roadmap_epigenomics	5.07182391570469	1.25824900799295	929	189	190	1054	1054	478	911	2813	3471	roadmap_epigenomics H3K27me3	NA	NA	H3K27me3	NA	NA	E006-H3K27me3.narrowPeak	0.0000180782948394016	117340
1	704	roadmap_epigenomics	5.00827614176861	1.21734697790419	1516	190	196	855	855	414	1572	2226	2810	roadmap_epigenomics H3K27me3	NA	NA	H3K27me3	NA	NA	E085-H3K27me3.narrowPeak	0.0000209070616214397	218555
1	918	roadmap_epigenomics	4.86182312350229	1.20874077465895	2214	191	199	474	474	288	2389	1528	1993	roadmap_epigenomics H3K9me3	NA	NA	H3K9me3	NA	NA	E113-H3K9me3.narrowPeak	0.0000292640323880628	275470
1	952	roadmap_epigenomics	4.65224488965772	1.23809791731854	979	192	193	1042	1042	476	975	2763	3407	roadmap_epigenomics H3K9me3	NA	NA	H3K9me3	NA	NA	E116-H3K9me3.narrowPeak	0.0000473697337897421	59492
1	293	roadmap_epigenomics	4.45988868834161	1.19502578622647	1965	193	200	644	644	346	2106	1777	2276	roadmap_epigenomics H3K27me3	NA	NA	H3K27me3	NA	NA	E024-H3K27me3.narrowPeak	0.0000736963665328302	222597
1	813	roadmap_epigenomics	4.20084084520536	1.24194902399939	797	194	192	1081	1081	489	784	2945	3598	roadmap_epigenomics H3K27me3	NA	NA	H3K27me3	NA	NA	E098-H3K27me3.narrowPeak	0.000133558934779832	34318
1	1074	roadmap_epigenomics	4.11904719082755	1.36205171732797	356	195	164	1119	1119	493	314	3386	4068	roadmap_epigenomics H3K9me3	NA	NA	H3K9me3	NA	NA	E126-H3K9me3.narrowPeak	0.000161085591382741	12150
1	899	roadmap_epigenomics	3.4434311424281	1.21575436920462	749	196	197	1090	1090	494	748	2993	3634	roadmap_epigenomics H3K9me3	NA	NA	H3K9me3	NA	NA	E110-H3K9me3.narrowPeak	0.000760391023865854	32117
1	1043	roadmap_epigenomics	3.35742568751487	1.16749450257435	1434	197	206	885	885	429	1522	2308	2860	roadmap_epigenomics H3K27me3	NA	NA	H3K27me3	NA	NA	E124-H3K27me3.narrowPeak	0.000926050043842273	160742
1	783	roadmap_epigenomics	3.07299458670655	1.17790512775439	975	198	204	1045	1045	482	1009	2767	3373	roadmap_epigenomics H3K27me3	NA	NA	H3K27me3	NA	NA	E094-H3K27me3.narrowPeak	0.00177597750263337	42768
1	452	roadmap_epigenomics	3.01367240060387	1.19399333243795	764	199	201	1088	1088	496	775	2978	3607	roadmap_epigenomics H3K27me3	NA	NA	H3K27me3	NA	NA	E048-H3K27me3.narrowPeak	0.00203401229434708	34760
1	633	roadmap_epigenomics	2.99451301214357	1.17701076878181	941	200	205	1051	1051	485	973	2801	3409	roadmap_epigenomics H3K27me3	NA	NA	H3K27me3	NA	NA	E076-H3K27me3.narrowPeak	0.00212376895941738	65497
1	343	roadmap_epigenomics	2.97452501993141	1.21343721673262	608	201	198	1109	1109	503	604	3134	3778	roadmap_epigenomics H3K9me3	NA	NA	H3K9me3	NA	NA	E031-H3K9me3.narrowPeak	0.0022217231822651	25266
1	1000	roadmap_epigenomics	2.86850814475755	1.23059328984732	492	202	195	1113	1113	503	480	3250	3902	roadmap_epigenomics H3K9me3	NA	NA	H3K9me3	NA	NA	E120-H3K9me3.narrowPeak	0.00283336082691771	18061
1	1067	roadmap_epigenomics	2.79871232532965	1.19043332515266	704	203	202	1099	1099	501	714	3038	3668	roadmap_epigenomics H3K27me3	NA	NA	H3K27me3	NA	NA	E126-H3K27me3.narrowPeak	0.00332424592638103	70203
1	769	roadmap_epigenomics	2.54482912926906	1.13328447639264	2168	204	209	511	511	308	2404	1574	1978	roadmap_epigenomics H3K9me3	NA	NA	H3K9me3	NA	NA	E092-H3K9me3.narrowPeak	0.00595344507551124	273587
1	177	roadmap_epigenomics	2.51996605833309	1.13114822816298	1941	205	210	657	657	357	2138	1801	2244	roadmap_epigenomics H3K9me3	NA	NA	H3K9me3	NA	NA	E010-H3K9me3.narrowPeak	0.00629836739621077	226115
1	894	roadmap_epigenomics	2.42997229914534	1.13564234186345	1312	206	208	932	932	449	1412	2430	2970	roadmap_epigenomics H3K27me3	NA	NA	H3K27me3	NA	NA	E110-H3K27me3.narrowPeak	0.0077413854509271	119289
1	132	roadmap_epigenomics	2.41965880847176	1.12728784425327	1925	207	212	667	667	362	2123	1817	2259	roadmap_epigenomics H3K9me3	NA	NA	H3K9me3	NA	NA	E007-H3K9me3.narrowPeak	0.00792007873055519	151755
1	320	roadmap_epigenomics	2.35795168629859	1.12914977370764	1461	208	211	873	873	431	1586	2281	2796	roadmap_epigenomics H3K27me3	NA	NA	H3K27me3	NA	NA	E028-H3K27me3.narrowPeak	0.00911239152941167	124081
1	1038	roadmap_epigenomics	2.13783039677945	1.17809498267911	521	210	203	1112	1112	508	529	3221	3853	roadmap_epigenomics H3K9me3	NA	NA	H3K9me3	NA	NA	E123-H3K9me3.narrowPeak	0.0150990943364806	22127
1	677	roadmap_epigenomics	2.11452238842443	1.12197353572028	1315	211	215	931	931	452	1427	2427	2955	roadmap_epigenomics H3K27me3	NA	NA	H3K27me3	NA	NA	E082-H3K27me3.narrowPeak	0.0159168851026743	117993
1	7	roadmap_epigenomics	2.06116149919612	1.123657147376	1172	212	214	993	993	473	1265	2570	3117	roadmap_epigenomics H3K27me3	NA	NA	H3K27me3	NA	NA	E002-H3K27me3.narrowPeak	0.0179811934973551	95078
1	747	roadmap_epigenomics	1.85874505905915	1.10514160490001	1657	213	216	799	799	409	1833	2085	2549	roadmap_epigenomics H3K27me3	NA	NA	H3K27me3	NA	NA	E090-H3K27me3.narrowPeak	0.0285782609512514	283720
1	171	roadmap_epigenomics	1.82004557408344	1.10369995515941	1622	214	217	819	819	417	1794	2120	2588	roadmap_epigenomics H3K9me3	NA	NA	H3K9me3	NA	NA	E009-H3K9me3.narrowPeak	0.031184420638755	190181
1	819	roadmap_epigenomics	1.74202085384795	1.13688391967096	639	215	207	1107	1107	510	672	3103	3710	roadmap_epigenomics H3K27me3	NA	NA	H3K27me3	NA	NA	E099-H3K27me3.narrowPeak	0.0372875756508783	40652
1	626	roadmap_epigenomics	1.62191660797843	1.09510556113095	1548	216	219	847	847	427	1717	2194	2665	roadmap_epigenomics H3K27me3	NA	NA	H3K27me3	NA	NA	E075-H3K27me3.narrowPeak	0.0491213739314614	185405
1	356	roadmap_epigenomics	1.59825690926282	1.12576325652724	656	217	213	1104	1104	511	696	3086	3686	roadmap_epigenomics H3K27me3	NA	NA	H3K27me3	NA	NA	E033-H3K27me3.narrowPeak	0.0518242088320544	39591
1	8	roadmap_epigenomics	1.50739325960171	1.08869073994736	2187	218	220	492	492	310	2470	1555	1912	roadmap_epigenomics H3K36me3	NA	NA	H3K36me3	NA	NA	E002-H3K36me3.narrowPeak	0.0637679378941881	284615
1	717	roadmap_epigenomics	1.31780941390086	1.10227207061047	712	219	218	1097	1097	511	770	3030	3612	roadmap_epigenomics H3K9me3	NA	NA	H3K9me3	NA	NA	E086-H3K9me3.narrowPeak	0.0984903567283077	29160
1	690	roadmap_epigenomics	1.22758630890913	1.07367203317045	1664	220	221	796	796	412	1872	2078	2510	roadmap_epigenomics H3K9me3	NA	NA	H3K9me3	NA	NA	E083-H3K9me3.narrowPeak	0.121121461595854	79957
1	669	roadmap_epigenomics	0.814182347771462	1.0547595018049	980	221	222	1041	1041	495	1103	2762	3279	roadmap_epigenomics H3K27me3	NA	NA	H3K27me3	NA	NA	E081-H3K27me3.narrowPeak	0.312924873386282	82305
1	525	roadmap_epigenomics	0.801278684391144	1.04741343132822	2206	222	224	479	479	308	2534	1536	1848	roadmap_epigenomics H3K27me3	NA	NA	H3K27me3	NA	NA	E058-H3K27me3.narrowPeak	0.322069406532479	199828
1	914	roadmap_epigenomics	0.7998866567344	1.05156360592971	1101	223	223	1013	1013	486	1244	2641	3138	roadmap_epigenomics H3K27me3	NA	NA	H3K27me3	NA	NA	E113-H3K27me3.narrowPeak	0.322810448155906	57437
1	85	roadmap_epigenomics	0.70035665975407	1.04216531922918	2547	224	225	175	225	208	2943	1195	1439	roadmap_epigenomics H3K9me3	NA	NA	H3K9me3	NA	NA	E005-H3K9me3.narrowPeak	0.405219945822836	286964
1	329	roadmap_epigenomics	0.637863356127189	1.03711876847975	1202	225	226	979	979	477	1373	2540	3009	roadmap_epigenomics H3K27me3	NA	NA	H3K27me3	NA	NA	E029-H3K27me3.narrowPeak	0.467088069894366	103373
1	673	roadmap_epigenomics	0.624398683938552	1.03706497883104	1085	226	227	1018	1018	490	1238	2657	3144	roadmap_epigenomics H3K9me3	NA	NA	H3K9me3	NA	NA	E081-H3K9me3.narrowPeak	0.481361450984499	24119
1	273	roadmap_epigenomics	0.589568612644268	1.0308275895359	1605	227	228	830	830	428	1847	2137	2535	roadmap_epigenomics H3K27me3	NA	NA	H3K27me3	NA	NA	E021-H3K27me3.narrowPeak	0.521086225551345	95847
1	179	roadmap_epigenomics	0.554272730093434	1.02919361754083	1257	228	229	956	956	471	1444	2485	2938	roadmap_epigenomics H3K27me3	NA	NA	H3K27me3	NA	NA	E011-H3K27me3.narrowPeak	0.564695130911675	107312
1	205	roadmap_epigenomics	0.427585983360529	1.01602514938129	1399	229	231	898	898	453	1622	2343	2760	roadmap_epigenomics H3K27me3	NA	NA	H3K27me3	NA	NA	E015-H3K27me3.narrowPeak	0.753925797789767	125743
1	912	roadmap_epigenomics	0.405195653116604	1.01673019192124	752	230	230	1089	1089	516	869	2990	3513	roadmap_epigenomics H3K9me3	NA	NA	H3K9me3	NA	NA	E112-H3K9me3.narrowPeak	0.793101749653291	29697
1	712	roadmap_epigenomics	0.295344025197995	1.00074107190014	640	232	232	1106	1106	523	749	3102	3633	roadmap_epigenomics H3K27me3	NA	NA	H3K27me3	NA	NA	E086-H3K27me3.narrowPeak	1	61387
1	964	roadmap_epigenomics	0.266134131995279	0.996149556206075	1241	233	233	961	961	476	1457	2501	2925	roadmap_epigenomics H3K9me3	NA	NA	H3K9me3	NA	NA	E117-H3K9me3.narrowPeak	1	92881
1	138	roadmap_epigenomics	0.215015693283566	0.988274495049955	2380	234	234	319	319	262	2799	1362	1583	roadmap_epigenomics H2A.Z	NA	NA	H2A.Z	NA	NA	E008-H2A.Z.narrowPeak	1	122323
1	848	roadmap_epigenomics	0.192377293385465	0.984809084361432	1663	235	235	797	797	422	1964	2079	2418	roadmap_epigenomics H3K27me3	NA	NA	H3K27me3	NA	NA	E103-H3K27me3.narrowPeak	1	164869
1	192	roadmap_epigenomics	0.184546736446936	0.983346583669947	2140	236	236	534	534	335	2524	1602	1858	roadmap_epigenomics H3K27me3	NA	NA	H3K27me3	NA	NA	E013-H3K27me3.narrowPeak	1	207227
1	249	roadmap_epigenomics	0.1654289208309	0.979753147683448	1585	237	237	833	833	436	1878	2157	2504	roadmap_epigenomics H3K27me3	NA	NA	H3K27me3	NA	NA	E018-H3K27me3.narrowPeak	1	130489
1	756	roadmap_epigenomics	0.141362919665312	0.973497554279317	1211	238	238	970	970	482	1444	2531	2938	roadmap_epigenomics H3K27me3	NA	NA	H3K27me3	NA	NA	E091-H3K27me3.narrowPeak	1	114417
1	124	roadmap_epigenomics	0.122895810768487	0.970109912203968	1424	239	239	888	888	455	1699	2318	2683	roadmap_epigenomics H3K27me3	NA	NA	H3K27me3	NA	NA	E007-H3K27me3.narrowPeak	1	54468
1	511	roadmap_epigenomics	0.119248085289398	0.970011829446775	1869	240	240	697	697	392	2222	1873	2160	roadmap_epigenomics H3K27me3	NA	NA	H3K27me3	NA	NA	E056-H3K27me3.narrowPeak	1	290583
1	339	roadmap_epigenomics	0.113783297948547	0.94746176054623	335	241	242	1120	1120	534	412	3407	3970	roadmap_epigenomics H3K27me3	NA	NA	H3K27me3	NA	NA	E031-H3K27me3.narrowPeak	1	10222
1	16	roadmap_epigenomics	0.0641821430781678	0.945425248859821	2854	242	243	29	243	171	3386	888	996	roadmap_epigenomics H2A.Z	NA	NA	H2A.Z	NA	NA	E003-H2A.Z.narrowPeak	1	280604
1	502	roadmap_epigenomics	0.0607775538516331	0.951920669183077	2050	243	241	606	606	363	2454	1692	1928	roadmap_epigenomics H3K27me3	NA	NA	H3K27me3	NA	NA	E055-H3K27me3.narrowPeak	1	302342
1	76	roadmap_epigenomics	0.0368881641588003	0.938758602494724	1364	244	244	909	909	466	1662	2378	2720	roadmap_epigenomics H3K27me3	NA	NA	H3K27me3	NA	NA	E005-H3K27me3.narrowPeak	1	76270
1	53	roadmap_epigenomics	0.0132541124635448	0.916899883142509	1267	245	245	952	952	481	1570	2475	2812	roadmap_epigenomics H3K27me3	NA	NA	H3K27me3	NA	NA	E004-H3K27me3.narrowPeak	1	77713
1	945	roadmap_epigenomics	0.00743899004291703	0.871791806300822	467	246	250	1114	1114	537	616	3275	3766	roadmap_epigenomics H3K27me3	NA	NA	H3K27me3	NA	NA	E116-H3K27me3.narrowPeak	1	17339
1	765	roadmap_epigenomics	0.00498402048103032	0.90416736077074	1991	247	246	636	636	376	2441	1751	1941	roadmap_epigenomics H3K27me3	NA	NA	H3K27me3	NA	NA	E092-H3K27me3.narrowPeak	1	273954
1	212	roadmap_epigenomics	0.00166252414525808	0.885154715274742	1330	248	247	925	925	473	1682	2412	2700	roadmap_epigenomics H3K27me3	NA	NA	H3K27me3	NA	NA	E016-H3K27me3.narrowPeak	1	84150
1	28	roadmap_epigenomics	0.000983857456263454	0.881844370582329	1678	249	248	793	793	430	2102	2064	2280	roadmap_epigenomics H3K27me3	NA	NA	H3K27me3	NA	NA	E003-H3K27me3.narrowPeak	1	123423
1	699	roadmap_epigenomics	0.000897970288372407	0.878404939572257	2213	250	249	475	475	325	2727	1529	1655	roadmap_epigenomics H3K9me3	NA	NA	H3K9me3	NA	NA	E084-H3K9me3.narrowPeak	1	236782
1	774	roadmap_epigenomics	0.000524726760040315	0.867833561823846	1205	251	251	976	976	493	1550	2537	2832	roadmap_epigenomics H3K27me3	NA	NA	H3K27me3	NA	NA	E093-H3K27me3.narrowPeak	1	90546
1	198	roadmap_epigenomics	0.00029672859916332	0.861939035664867	1241	252	252	961	961	488	1601	2501	2781	roadmap_epigenomics H3K27me3	NA	NA	H3K27me3	NA	NA	E014-H3K27me3.narrowPeak	1	90298
1	593	roadmap_epigenomics	0.000114320788825023	0.853765002007139	2258	253	253	437	437	314	2807	1484	1575	roadmap_epigenomics H3K27me3	NA	NA	H3K27me3	NA	NA	E070-H3K27me3.narrowPeak	1	132980
1	519	roadmap_epigenomics	0.0000672564793403895	0.852462979946571	1802	255	254	733	733	414	2285	1940	2097	roadmap_epigenomics H3K27me3	NA	NA	H3K27me3	NA	NA	E057-H3K27me3.narrowPeak	1	98301
1	74	roadmap_epigenomics	0.0000335848773769449	0.821671823632413	828	256	257	1071	1071	528	1126	2914	3256	roadmap_epigenomics H3K23ac	NA	NA	H3K23ac	NA	NA	E005-H3K23ac.narrowPeak	1	26230
1	263	roadmap_epigenomics	0.0000135716900082198	0.835174972442011	1461	257	256	873	873	462	1902	2281	2480	roadmap_epigenomics H3K27me3	NA	NA	H3K27me3	NA	NA	E020-H3K27me3.narrowPeak	1	96382
1	150	roadmap_epigenomics	0.0000104781001539338	0.808576373027034	807	258	260	1077	1077	532	1112	2935	3270	roadmap_epigenomics H3K27me3	NA	NA	H3K27me3	NA	NA	E008-H3K27me3.narrowPeak	1	38910
1	160	roadmap_epigenomics	0.00000175550574802605	0.819236445798988	2019	259	258	622	622	380	2579	1723	1803	roadmap_epigenomics H3K9me3	NA	NA	H3K9me3	NA	NA	E008-H3K9me3.narrowPeak	1	210217
1	186	roadmap_epigenomics	0.00000069289559155953	0.808723240908701	1345	260	259	918	918	479	1795	2397	2587	roadmap_epigenomics H3K27me3	NA	NA	H3K27me3	NA	NA	E012-H3K27me3.narrowPeak	1	75931
1	908	roadmap_epigenomics	0.000000420455235999596	0.779798259341306	800	261	266	1080	1080	536	1133	2942	3249	roadmap_epigenomics H3K27me3	NA	NA	H3K27me3	NA	NA	E112-H3K27me3.narrowPeak	1	44640
1	54	roadmap_epigenomics	0.000000184220653136978	0.772664618184363	792	262	270	1083	1083	538	1130	2950	3252	roadmap_epigenomics H3K36me3	NA	NA	H3K36me3	NA	NA	E004-H3K36me3.narrowPeak	1	16189
1	163	roadmap_epigenomics	0.000000154849112493106	0.792866035757671	2376	263	263	324	324	283	3010	1366	1372	roadmap_epigenomics H4K5ac	NA	NA	H4K5ac	NA	NA	E008-H4K5ac.narrowPeak	1	136718
1	738	roadmap_epigenomics	0.0000000956974102053494	0.79932696414266	1759	264	261	758	758	428	2305	1983	2077	roadmap_epigenomics H3K27me3	NA	NA	H3K27me3	NA	NA	E089-H3K27me3.narrowPeak	1	221319
1	256	roadmap_epigenomics	0.000000092459972370961	0.794910967812392	1374	265	262	908	908	478	1849	2368	2533	roadmap_epigenomics H3K27me3	NA	NA	H3K27me3	NA	NA	E019-H3K27me3.narrowPeak	1	67306
1	1	roadmap_epigenomics	0.0000000157466772586301	0.782921472717673	1360	266	265	912	912	481	1848	2382	2534	roadmap_epigenomics H3K27me3	NA	NA	H3K27me3	NA	NA	E001-H3K27me3.narrowPeak	1	93339
1	969	roadmap_epigenomics	9.51287445594889e-09	0.783944780154062	1641	267	264	808	808	446	2187	2101	2195	roadmap_epigenomics H3K27me3	NA	NA	H3K27me3	NA	NA	E118-H3K27me3.narrowPeak	1	110851
1	21	roadmap_epigenomics	2.80493617695727e-09	0.739149432826309	748	268	275	1091	1091	545	1107	2994	3275	roadmap_epigenomics H2BK20ac	NA	NA	H2BK20ac	NA	NA	E003-H2BK20ac.narrowPeak	1	71225
1	967	roadmap_epigenomics	2.64723840351985e-09	0.77396792017614	1455	269	268	877	877	471	1977	2287	2405	roadmap_epigenomics H2A.Z	NA	NA	H2A.Z	NA	NA	E118-H2A.Z.narrowPeak	1	24224
1	56	roadmap_epigenomics	2.28335126417253e-09	0.775309304532097	1635	270	267	811	811	449	2192	2107	2190	roadmap_epigenomics H3K4me1	NA	NA	H3K4me1	NA	NA	E004-H3K4me1.narrowPeak	1	125993
1	562	roadmap_epigenomics	1.3963829629069e-09	0.77281969406055	1790	271	269	743	743	428	2378	1952	2004	roadmap_epigenomics H3K4me1	NA	NA	H3K4me1	NA	NA	E065-H3K4me1.narrowPeak	1	190844
1	1024	roadmap_epigenomics	2.13617868659794e-10	0.731055042806784	832	272	277	1070	1070	540	1232	2910	3150	roadmap_epigenomics H3K9me1	NA	NA	H3K9me1	NA	NA	E122-H3K9me1.narrowPeak	1	25444
1	143	roadmap_epigenomics	2.13368204278581e-10	0.761234764408246	1940	273	271	658	658	401	2567	1802	1815	roadmap_epigenomics H2BK20ac	NA	NA	H2BK20ac	NA	NA	E008-H2BK20ac.narrowPeak	1	115394
1	721	roadmap_epigenomics	4.32667215258682e-11	0.75347821138349	1857	274	272	705	705	417	2483	1885	1899	roadmap_epigenomics H3K4me1	NA	NA	H3K4me1	NA	NA	E087-H3K4me1.narrowPeak	1	167584
1	19	roadmap_epigenomics	1.43584502462292e-11	0.747740323366957	1869	275	273	697	697	415	2505	1873	1877	roadmap_epigenomics H2BK12ac	NA	NA	H2BK12ac	NA	NA	E003-H2BK12ac.narrowPeak	1	175406
1	92	roadmap_epigenomics	1.23499489988302e-11	0.705292786973746	2791	276	283	50	283	203	3533	951	849	roadmap_epigenomics H2A.Z	NA	NA	H2A.Z	NA	NA	E006-H2A.Z.narrowPeak	1	201531
1	147	roadmap_epigenomics	9.05358841982990e-12	0.745827955307373	1805	277	274	731	731	427	2434	1937	1948	roadmap_epigenomics H3K23ac	NA	NA	H3K23ac	NA	NA	E008-H3K23ac.narrowPeak	1	83775
1	48	roadmap_epigenomics	7.08636038802464e-12	0.729363420554849	1079	278	278	1019	1019	525	1565	2663	2817	roadmap_epigenomics H2BK15ac	NA	NA	H2BK15ac	NA	NA	E004-H2BK15ac.narrowPeak	1	83199
1	172	roadmap_epigenomics	3.79294100783728e-12	0.72841612495087	2364	279	279	339	339	299	3076	1378	1306	roadmap_epigenomics H2A.Z	NA	NA	H2A.Z	NA	NA	E010-H2A.Z.narrowPeak	1	113363
1	133	roadmap_epigenomics	8.8438471957692e-13	0.69636227459915	2729	280	286	73	286	213	3482	1013	900	roadmap_epigenomics H4K8ac	NA	NA	H4K8ac	NA	NA	E007-H4K8ac.narrowPeak	1	223512
1	51	roadmap_epigenomics	8.34818287795983e-13	0.732830615513923	1961	281	276	646	646	401	2631	1781	1751	roadmap_epigenomics H3K23ac	NA	NA	H3K23ac	NA	NA	E004-H3K23ac.narrowPeak	1	111604
1	686	roadmap_epigenomics	4.21073588270697e-13	0.727217734193294	2084	282	280	584	584	382	2776	1658	1606	roadmap_epigenomics H3K36me3	NA	NA	H3K36me3	NA	NA	E083-H3K36me3.narrowPeak	1	221146
1	161	roadmap_epigenomics	1.91804733097491e-13	0.727182992165455	1870	283	281	695	695	420	2536	1872	1846	roadmap_epigenomics H3T11ph	NA	NA	H3T11ph	NA	NA	E008-H3T11ph.narrowPeak	1	108647
1	20	roadmap_epigenomics	1.64417833047367e-13	0.710067017787101	1054	284	282	1023	1023	530	1559	2688	2823	roadmap_epigenomics H2BK15ac	NA	NA	H2BK15ac	NA	NA	E003-H2BK15ac.narrowPeak	1	56902
1	10	roadmap_epigenomics	1.0617245406753e-13	0.69160629244289	2658	285	288	100	288	224	3418	1084	964	roadmap_epigenomics H3K4me3	NA	NA	H3K4me3	NA	NA	E002-H3K4me3.narrowPeak	1	147544
1	286	roadmap_epigenomics	2.37706720505392e-14	0.700770816310153	2422	286	285	286	286	286	3171	1320	1211	roadmap_epigenomics H3K9me3	NA	NA	H3K9me3	NA	NA	E022-H3K9me3.narrowPeak	1	207447
1	46	roadmap_epigenomics	2.37224556772115e-14	0.683218604709586	813	287	289	1076	1076	551	1266	2929	3116	roadmap_epigenomics H2AK5ac	NA	NA	H2AK5ac	NA	NA	E004-H2AK5ac.narrowPeak	1	52932
1	164	roadmap_epigenomics	1.10897658653629e-14	0.702120483315641	2328	288	284	375	375	316	3072	1414	1310	roadmap_epigenomics H4K8ac	NA	NA	H4K8ac	NA	NA	E008-H4K8ac.narrowPeak	1	139450
1	18	roadmap_epigenomics	5.40023381269844e-15	0.681115798377643	860	289	291	1067	1067	549	1335	2882	3047	roadmap_epigenomics H2BK120ac	NA	NA	H2BK120ac	NA	NA	E003-H2BK120ac.narrowPeak	1	62846
1	1026	roadmap_epigenomics	6.75029226587302e-16	0.66463673323871	781	290	299	1084	1084	558	1245	2961	3137	roadmap_epigenomics H4K20me1	NA	NA	H4K20me1	NA	NA	E122-H4K20me1.narrowPeak	1	49461
1	856	roadmap_epigenomics	3.85730986621315e-16	0.627704691724211	2958	291	319	13	319	208	3757	784	625	roadmap_epigenomics H3K36me3	NA	NA	H3K36me3	NA	NA	E104-H3K36me3.narrowPeak	1	300362
1	149	roadmap_epigenomics	3.37514613293651e-16	0.680347405996409	2448	293	292	265	293	283	3223	1294	1159	roadmap_epigenomics H3K27ac	NA	NA	H3K27ac	NA	NA	E008-H3K27ac.narrowPeak	1	220688
1	156	roadmap_epigenomics	1.92865493310657e-16	0.679448663070234	2432	294	293	278	294	288	3208	1310	1174	roadmap_epigenomics H3K56ac	NA	NA	H3K56ac	NA	NA	E008-H3K56ac.narrowPeak	1	164562
1	17	roadmap_epigenomics	9.64327466553287e-17	0.694493378605728	1513	295	287	857	857	480	2166	2229	2216	roadmap_epigenomics H2AK5ac	NA	NA	H2AK5ac	NA	NA	E003-H2AK5ac.narrowPeak	1	102280
1	96	roadmap_epigenomics	4.82163733276644e-17	0.682531633555403	2235	296	290	460	460	349	3001	1507	1381	roadmap_epigenomics H2BK5ac	NA	NA	H2BK5ac	NA	NA	E006-H2BK5ac.narrowPeak	1	169022
1	121	roadmap_epigenomics	0	0.62406872207947	2671	297	321	94	321	237	3505	1071	877	roadmap_epigenomics H3K18ac	NA	NA	H3K18ac	NA	NA	E007-H3K18ac.narrowPeak	1	252687
1	162	roadmap_epigenomics	0	0.582693779518691	2757	297	361	60	361	239	3627	985	755	roadmap_epigenomics H4K20me1	NA	NA	H4K20me1	NA	NA	E008-H4K20me1.narrowPeak	1	284568
1	44	roadmap_epigenomics	0	0.554148136580451	2768	297	384	54	384	245	3667	974	715	roadmap_epigenomics	NA	NA	NA	NA	NA	E004-DNase.hotspot.fdr0.01.peaks.bed	1	238986
1	1041	roadmap_epigenomics	0	0.601380170916444	2648	297	339	104	339	247	3510	1094	872	roadmap_epigenomics H2A.Z	NA	NA	H2A.Z	NA	NA	E124-H2A.Z.narrowPeak	1	136897
1	979	roadmap_epigenomics	0	0.626306339871704	2595	297	320	133	320	250	3432	1147	950	roadmap_epigenomics H2A.Z	NA	NA	H2A.Z	NA	NA	E119-H2A.Z.narrowPeak	1	137376
1	517	roadmap_epigenomics	0	0.585719537710745	2668	297	360	98	360	252	3546	1074	836	roadmap_epigenomics	NA	NA	NA	NA	NA	E057-DNase.hotspot.fdr0.01.peaks.bed	1	209886
1	145	roadmap_epigenomics	0	0.610597632676672	2592	297	329	135	329	254	3448	1150	934	roadmap_epigenomics H3K14ac	NA	NA	H3K14ac	NA	NA	E008-H3K14ac.narrowPeak	1	181023
1	676	roadmap_epigenomics	0	0.520555860477892	2837	297	436	33	436	255	3758	905	624	roadmap_epigenomics	NA	NA	NA	NA	NA	E082-DNase.macs2.narrowPeak	1	496530
1	280	roadmap_epigenomics	0	0.503188841536179	3231	297	468	4	468	256	4059	511	323	roadmap_epigenomics	NA	NA	NA	NA	NA	E022-DNase.macs2.narrowPeak	1	671885
1	1003	roadmap_epigenomics	0	0.612817813872377	2583	297	327	144	327	256	3437	1159	945	roadmap_epigenomics H2A.Z	NA	NA	H2A.Z	NA	NA	E121-H2A.Z.narrowPeak	1	153394
1	136	roadmap_epigenomics	0	0.5495117257111	2683	297	391	88	391	259	3601	1059	781	roadmap_epigenomics	NA	NA	NA	NA	NA	E008-DNase.hotspot.fdr0.01.peaks.bed	1	189915
1	14	roadmap_epigenomics	0	0.54388354130326	2717	297	406	77	406	260	3636	1025	746	roadmap_epigenomics	NA	NA	NA	NA	NA	E003-DNase.hotspot.fdr0.01.peaks.bed	1	181790
1	279	roadmap_epigenomics	0	0.541304224224283	2734	297	412	72	412	260	3653	1008	729	roadmap_epigenomics	NA	NA	NA	NA	NA	E022-DNase.hotspot.fdr0.01.peaks.bed	1	191448
1	518	roadmap_epigenomics	0	0.513671471130366	2833	297	448	35	448	260	3762	909	620	roadmap_epigenomics	NA	NA	NA	NA	NA	E057-DNase.macs2.narrowPeak	1	290255
1	108	roadmap_epigenomics	0	0.535312856498288	2749	297	420	66	420	261	3672	993	710	roadmap_epigenomics H3K9ac	NA	NA	H3K9ac	NA	NA	E006-H3K9ac.narrowPeak	1	193085
1	318	roadmap_epigenomics	0	0.573888138965941	2625	297	371	116	371	261	3522	1117	860	roadmap_epigenomics	NA	NA	NA	NA	NA	E028-DNase.hotspot.fdr0.01.peaks.bed	1	186595
1	270	roadmap_epigenomics	0	0.537648080635757	2729	297	416	73	416	262	3653	1013	729	roadmap_epigenomics	NA	NA	NA	NA	NA	E021-DNase.hotspot.fdr0.01.peaks.bed	1	182710
1	978	roadmap_epigenomics	0	0.506252535722285	2836	297	461	34	461	264	3772	906	610	roadmap_epigenomics	NA	NA	NA	NA	NA	E119-DNase.macs2.narrowPeak	1	292840
1	753	roadmap_epigenomics	0	0.524378086251768	2750	297	433	64	433	265	3685	992	697	roadmap_epigenomics	NA	NA	NA	NA	NA	E091-DNase.hotspot.fdr0.01.peaks.bed	1	214514
1	66	roadmap_epigenomics	0	0.537282092548512	2691	297	417	85	417	266	3622	1051	760	roadmap_epigenomics	NA	NA	NA	NA	NA	E005-DNase.macs2.narrowPeak	1	271969
1	465	roadmap_epigenomics	0	0.538136503223236	2679	297	413	92	413	267	3611	1063	771	roadmap_epigenomics	NA	NA	NA	NA	NA	E050-DNase.hotspot.fdr0.01.peaks.bed	1	156377
1	119	roadmap_epigenomics	0	0.490295442581007	2976	297	499	12	499	269	3891	766	491	roadmap_epigenomics H2BK5ac	NA	NA	H2BK5ac	NA	NA	E007-H2BK5ac.narrowPeak	1	389247
1	622	roadmap_epigenomics	0	0.544053959132508	2647	297	404	105	404	269	3577	1095	805	roadmap_epigenomics H3K4me3	NA	NA	H3K4me3	NA	NA	E074-H3K4me3.narrowPeak	1	90281
1	319	roadmap_epigenomics	0	0.51190292874054	2750	297	452	64	452	271	3699	992	683	roadmap_epigenomics	NA	NA	NA	NA	NA	E028-DNase.macs2.narrowPeak	1	247966
1	166	roadmap_epigenomics	0	0.596645301650496	2543	297	343	177	343	272	3420	1199	962	roadmap_epigenomics H2A.Z	NA	NA	H2A.Z	NA	NA	E009-H2A.Z.narrowPeak	1	158512
1	668	roadmap_epigenomics	0	0.494734634080908	2765	297	483	57	483	279	3730	977	652	roadmap_epigenomics	NA	NA	NA	NA	NA	E081-DNase.macs2.narrowPeak	1	402299
1	251	roadmap_epigenomics	0	0.533871443453484	2624	297	425	117	425	280	3570	1118	812	roadmap_epigenomics H3K4me1	NA	NA	H3K4me1	NA	NA	E018-H3K4me1.narrowPeak	1	334991
1	726	roadmap_epigenomics	0	0.509958830412516	2682	297	455	89	455	280	3647	1060	735	roadmap_epigenomics	NA	NA	NA	NA	NA	E088-DNase.hotspot.fdr0.01.peaks.bed	1	243016
1	200	roadmap_epigenomics	0	0.586060684852624	2524	297	359	197	359	284	3416	1218	966	roadmap_epigenomics H3K4me1	NA	NA	H3K4me1	NA	NA	E014-H3K4me1.narrowPeak	1	314776
1	531	roadmap_epigenomics	0	0.533136759096803	2604	297	426	128	426	284	3554	1138	828	roadmap_epigenomics	NA	NA	NA	NA	NA	E059-DNase.hotspot.fdr0.01.peaks.bed	1	188414
1	120	roadmap_epigenomics	0	0.652655959989377	2454	297	304	257	304	286	3264	1288	1118	roadmap_epigenomics H3K14ac	NA	NA	H3K14ac	NA	NA	E007-H3K14ac.narrowPeak	1	184207
1	474	roadmap_epigenomics	0	0.52917849142029	2591	297	427	136	427	287	3548	1151	834	roadmap_epigenomics	NA	NA	NA	NA	NA	E051-DNase.hotspot.fdr0.01.peaks.bed	1	133410
1	667	roadmap_epigenomics	0	0.59478136334621	2494	297	345	220	345	287	3377	1248	1005	roadmap_epigenomics	NA	NA	NA	NA	NA	E081-DNase.hotspot.fdr0.01.peaks.bed	1	206920
1	675	roadmap_epigenomics	0	0.59849901975753	2481	297	342	225	342	288	3360	1261	1022	roadmap_epigenomics	NA	NA	NA	NA	NA	E082-DNase.hotspot.fdr0.01.peaks.bed	1	195020
1	990	roadmap_epigenomics	0	0.486230087558133	2800	297	520	46	520	288	3766	942	616	roadmap_epigenomics	NA	NA	NA	NA	NA	E120-DNase.macs2.narrowPeak	1	386665
1	24	roadmap_epigenomics	0	0.628440439012049	2460	297	318	253	318	289	3301	1282	1081	roadmap_epigenomics H3K18ac	NA	NA	H3K18ac	NA	NA	E003-H3K18ac.narrowPeak	1	249755
1	1077	roadmap_epigenomics	0	0.65357934593508	2439	297	303	273	303	291	3248	1303	1134	roadmap_epigenomics H2A.Z	NA	NA	H2A.Z	NA	NA	E127-H2A.Z.narrowPeak	1	137462
1	45	roadmap_epigenomics	0	0.47591178246276	2886	297	555	24	555	292	3840	856	542	roadmap_epigenomics	NA	NA	NA	NA	NA	E004-DNase.macs2.narrowPeak	1	365365
1	81	roadmap_epigenomics	0	0.518109342796031	2586	297	443	140	443	293	3558	1156	824	roadmap_epigenomics H3K4me3	NA	NA	H3K4me3	NA	NA	E005-H3K4me3.narrowPeak	1	88854
1	271	roadmap_epigenomics	0	0.468952731847976	3196	297	581	5	581	294	4057	546	325	roadmap_epigenomics	NA	NA	NA	NA	NA	E021-DNase.macs2.narrowPeak	1	691347
1	798	roadmap_epigenomics	0	0.543931577867132	2540	297	405	180	405	294	3485	1202	897	roadmap_epigenomics H3K4me3	NA	NA	H3K4me3	NA	NA	E096-H3K4me3.narrowPeak	1	96300
1	1101	roadmap_epigenomics	0	0.615716414288605	2450	297	325	262	325	295	3308	1292	1074	roadmap_epigenomics H2A.Z	NA	NA	H2A.Z	NA	NA	E129-H2A.Z.narrowPeak	1	144805
1	449	roadmap_epigenomics	0	0.569314635526252	2499	297	376	217	376	297	3415	1243	967	roadmap_epigenomics H3K9ac	NA	NA	H3K9ac	NA	NA	E047-H3K9ac.narrowPeak	1	147914
1	146	roadmap_epigenomics	0	0.586878477986716	2471	297	357	239	357	298	3366	1271	1016	roadmap_epigenomics H3K18ac	NA	NA	H3K18ac	NA	NA	E008-H3K18ac.narrowPeak	1	148881
1	269	roadmap_epigenomics	0	0.549329492894097	2505	297	392	211	392	300	3447	1237	935	roadmap_epigenomics	NA	NA	NA	NA	NA	E021-DNase.hotspot.all.peaks.bed	1	111181
1	710	roadmap_epigenomics	0	0.493619240611939	2627	297	488	115	488	300	3623	1115	759	roadmap_epigenomics	NA	NA	NA	NA	NA	E086-DNase.hotspot.fdr0.01.peaks.bed	1	178680
1	65	roadmap_epigenomics	0	0.581981311227364	2464	297	362	246	362	302	3366	1278	1016	roadmap_epigenomics	NA	NA	NA	NA	NA	E005-DNase.hotspot.fdr0.01.peaks.bed	1	152235
1	278	roadmap_epigenomics	0	0.542751316175185	2512	297	408	205	408	303	3462	1230	920	roadmap_epigenomics	NA	NA	NA	NA	NA	E022-DNase.hotspot.all.peaks.bed	1	119252
1	13	roadmap_epigenomics	0	0.545626206589335	2487	297	399	224	399	307	3436	1255	946	roadmap_epigenomics	NA	NA	NA	NA	NA	E003-DNase.hotspot.all.peaks.bed	1	111055
1	105	roadmap_epigenomics	0	0.479507390556323	2699	297	541	82	541	307	3697	1043	685	roadmap_epigenomics H3K4me2	NA	NA	H3K4me2	NA	NA	E006-H3K4me2.narrowPeak	1	170555
1	128	roadmap_epigenomics	0	0.47859076808169	2708	297	545	79	545	307	3705	1034	677	roadmap_epigenomics H3K4me2	NA	NA	H3K4me2	NA	NA	E007-H3K4me2.narrowPeak	1	143005
1	214	roadmap_epigenomics	0	0.591310842249215	2441	297	352	271	352	307	3332	1301	1050	roadmap_epigenomics H3K4me1	NA	NA	H3K4me1	NA	NA	E016-H3K4me1.narrowPeak	1	292493
1	221	roadmap_epigenomics	0	0.525105884367906	2525	297	431	196	431	308	3497	1217	885	roadmap_epigenomics H2A.Z	NA	NA	H2A.Z	NA	NA	E017-H2A.Z.narrowPeak	1	121643
1	129	roadmap_epigenomics	0	0.512016447555299	2536	297	451	183	451	310	3524	1206	858	roadmap_epigenomics H3K4me3	NA	NA	H3K4me3	NA	NA	E007-H3K4me3.narrowPeak	1	87807
1	3	roadmap_epigenomics	0	0.562369553447549	2447	297	380	267	380	315	3377	1295	1005	roadmap_epigenomics H3K4me1	NA	NA	H3K4me1	NA	NA	E001-H3K4me1.narrowPeak	1	308728
1	113	roadmap_epigenomics	0	0.519358061483682	2495	297	440	218	440	318	3479	1247	903	roadmap_epigenomics	NA	NA	NA	NA	NA	E007-DNase.hotspot.fdr0.01.peaks.bed	1	135081
1	786	roadmap_epigenomics	0	0.488502858121807	2579	297	509	147	509	318	3591	1163	791	roadmap_epigenomics H3K4me3	NA	NA	H3K4me3	NA	NA	E094-H3K4me3.narrowPeak	1	87979
1	122	roadmap_epigenomics	0	0.455394291645645	2824	297	621	39	621	319	3817	918	565	roadmap_epigenomics H3K23ac	NA	NA	H3K23ac	NA	NA	E007-H3K23ac.narrowPeak	1	240360
1	258	roadmap_epigenomics	0	0.575336232588232	2407	297	370	294	370	320	3322	1335	1060	roadmap_epigenomics H3K4me1	NA	NA	H3K4me1	NA	NA	E019-H3K4me1.narrowPeak	1	213365
1	692	roadmap_epigenomics	0	0.493515262532868	2548	297	490	173	490	320	3559	1194	823	roadmap_epigenomics	NA	NA	NA	NA	NA	E084-DNase.hotspot.fdr0.01.peaks.bed	1	168261
1	701	roadmap_epigenomics	0	0.491239139406211	2554	297	497	165	497	320	3567	1188	815	roadmap_epigenomics	NA	NA	NA	NA	NA	E085-DNase.hotspot.fdr0.01.peaks.bed	1	161983
1	810	roadmap_epigenomics	0	0.50874794037299	2513	297	458	204	458	320	3509	1229	873	roadmap_epigenomics	NA	NA	NA	NA	NA	E098-DNase.hotspot.fdr0.01.peaks.bed	1	150516
1	182	roadmap_epigenomics	0	0.490902556830737	2551	297	498	168	498	321	3565	1191	817	roadmap_epigenomics H3K4me3	NA	NA	H3K4me3	NA	NA	E011-H3K4me3.narrowPeak	1	131844
1	778	roadmap_epigenomics	0	0.59440808610229	2376	297	347	324	347	323	3266	1366	1116	roadmap_epigenomics H3K9me3	NA	NA	H3K9me3	NA	NA	E093-H3K9me3.narrowPeak	1	234001
1	920	roadmap_epigenomics	0	0.667478142435537	2328	297	298	375	375	323	3118	1414	1264	roadmap_epigenomics H2A.Z	NA	NA	H2A.Z	NA	NA	E114-H2A.Z.narrowPeak	1	88217
1	265	roadmap_epigenomics	0	0.52131512817801	2467	297	435	244	435	325	3452	1275	930	roadmap_epigenomics H3K4me1	NA	NA	H3K4me1	NA	NA	E020-H3K4me1.narrowPeak	1	289288
1	473	roadmap_epigenomics	0	0.534536014697862	2454	297	422	257	422	325	3422	1288	960	roadmap_epigenomics	NA	NA	NA	NA	NA	E051-DNase.hotspot.all.peaks.bed	1	105226
1	683	roadmap_epigenomics	0	0.48053452203677	2587	297	539	138	539	325	3608	1155	774	roadmap_epigenomics	NA	NA	NA	NA	NA	E083-DNase.hotspot.fdr0.01.peaks.bed	1	218413
1	220	roadmap_epigenomics	0	0.443490661095973	2888	297	663	23	663	328	3874	854	508	roadmap_epigenomics	NA	NA	NA	NA	NA	E017-DNase.macs2.narrowPeak	1	398131
1	735	roadmap_epigenomics	0	0.473053730468389	2624	297	570	117	570	328	3647	1118	735	roadmap_epigenomics	NA	NA	NA	NA	NA	E089-DNase.hotspot.fdr0.01.peaks.bed	1	210689
1	137	roadmap_epigenomics	0	0.451277911546944	2770	297	638	53	638	329	3783	972	599	roadmap_epigenomics	NA	NA	NA	NA	NA	E008-DNase.macs2.narrowPeak	1	244359
1	1015	roadmap_epigenomics	0	0.588372411528964	2363	297	354	340	354	330	3262	1379	1120	roadmap_epigenomics H2A.Z	NA	NA	H2A.Z	NA	NA	E122-H2A.Z.narrowPeak	1	124665
1	207	roadmap_epigenomics	0	0.480939479165107	2559	297	537	159	537	331	3585	1183	797	roadmap_epigenomics H3K4me1	NA	NA	H3K4me1	NA	NA	E015-H3K4me1.narrowPeak	1	327376
1	806	roadmap_epigenomics	0	0.593566159745112	2355	297	349	348	349	331	3247	1387	1135	roadmap_epigenomics H3K4me1	NA	NA	H3K4me1	NA	NA	E097-H3K4me1.narrowPeak	1	316356
1	1053	roadmap_epigenomics	0	0.567495855301625	2377	297	377	323	377	332	3305	1365	1077	roadmap_epigenomics H2A.Z	NA	NA	H2A.Z	NA	NA	E125-H2A.Z.narrowPeak	1	96604
1	26	roadmap_epigenomics	0	0.610282809516246	2330	297	331	372	372	333	3199	1412	1183	roadmap_epigenomics H3K23me2	NA	NA	H3K23me2	NA	NA	E003-H3K23me2.narrowPeak	1	95590
1	780	roadmap_epigenomics	0	0.491526379799399	2512	297	496	205	496	333	3532	1230	850	roadmap_epigenomics	NA	NA	NA	NA	NA	E094-DNase.hotspot.fdr0.01.peaks.bed	1	165153
1	15	roadmap_epigenomics	0	0.4376959629529	2912	297	685	21	685	334	3896	830	486	roadmap_epigenomics	NA	NA	NA	NA	NA	E003-DNase.macs2.narrowPeak	1	339188
1	744	roadmap_epigenomics	0	0.472657025990137	2594	297	571	134	571	334	3624	1148	758	roadmap_epigenomics	NA	NA	NA	NA	NA	E090-DNase.hotspot.fdr0.01.peaks.bed	1	219306
1	43	roadmap_epigenomics	0	0.581438815672912	2360	297	363	345	363	335	3269	1382	1113	roadmap_epigenomics	NA	NA	NA	NA	NA	E004-DNase.hotspot.all.peaks.bed	1	114500
1	99	roadmap_epigenomics	0	0.45633243996761	2680	297	618	90	618	335	3711	1062	671	roadmap_epigenomics H3K23ac	NA	NA	H3K23ac	NA	NA	E006-H3K23ac.narrowPeak	1	220387
1	464	roadmap_epigenomics	0	0.534859494720653	2422	297	421	286	421	335	3393	1320	989	roadmap_epigenomics	NA	NA	NA	NA	NA	E050-DNase.hotspot.all.peaks.bed	1	104134
1	1089	roadmap_epigenomics	0	0.451843164357054	2724	297	634	75	634	335	3749	1018	633	roadmap_epigenomics	NA	NA	NA	NA	NA	E128-DNase.macs2.narrowPeak	1	363287
1	63	roadmap_epigenomics	0	0.639523557301243	2306	297	311	400	400	336	3134	1436	1248	roadmap_epigenomics H4K8ac	NA	NA	H4K8ac	NA	NA	E004-H4K8ac.narrowPeak	1	131576
1	762	roadmap_epigenomics	0	0.4571397330731	2668	297	612	98	612	336	3701	1074	681	roadmap_epigenomics	NA	NA	NA	NA	NA	E092-DNase.hotspot.fdr0.01.peaks.bed	1	194389
1	296	roadmap_epigenomics	0	0.488784238968591	2511	297	507	208	507	337	3535	1231	847	roadmap_epigenomics H3K4me3	NA	NA	H3K4me3	NA	NA	E024-H3K4me3.narrowPeak	1	73602
1	711	roadmap_epigenomics	0	0.431433184630997	3099	297	714	6	714	339	4022	643	360	roadmap_epigenomics	NA	NA	NA	NA	NA	E086-DNase.macs2.narrowPeak	1	654772
1	1076	roadmap_epigenomics	0	0.435281629233868	2931	297	705	15	705	339	3911	811	471	roadmap_epigenomics	NA	NA	NA	NA	NA	E127-DNase.macs2.narrowPeak	1	449247
1	781	roadmap_epigenomics	0	0.477232679264184	2549	297	551	172	551	340	3582	1193	800	roadmap_epigenomics	NA	NA	NA	NA	NA	E094-DNase.macs2.narrowPeak	1	205035
1	991	roadmap_epigenomics	0	0.571979035249076	2352	297	372	350	372	340	3275	1390	1107	roadmap_epigenomics H2A.Z	NA	NA	H2A.Z	NA	NA	E120-H2A.Z.narrowPeak	1	101641
1	127	roadmap_epigenomics	0	0.514184165667651	2429	297	447	279	447	341	3429	1313	953	roadmap_epigenomics H3K4me1	NA	NA	H3K4me1	NA	NA	E007-H3K4me1.narrowPeak	1	262404
1	917	roadmap_epigenomics	0	0.437162906807056	2833	297	692	35	692	341	3843	909	539	roadmap_epigenomics H3K4me3	NA	NA	H3K4me3	NA	NA	E113-H3K4me3.narrowPeak	1	195000
1	466	roadmap_epigenomics	0	0.432247947130838	2922	297	713	17	713	342	3908	820	474	roadmap_epigenomics	NA	NA	NA	NA	NA	E050-DNase.macs2.narrowPeak	1	329554
1	532	roadmap_epigenomics	0	0.43666360578877	2809	297	694	43	694	345	3827	933	555	roadmap_epigenomics	NA	NA	NA	NA	NA	E059-DNase.macs2.narrowPeak	1	281326
1	181	roadmap_epigenomics	0	0.520097124571188	2389	297	437	308	437	347	3385	1353	997	roadmap_epigenomics H3K4me1	NA	NA	H3K4me1	NA	NA	E011-H3K4me1.narrowPeak	1	274844
1	55	roadmap_epigenomics	0	0.553554028869452	2335	297	385	370	385	351	3286	1407	1096	roadmap_epigenomics H3K4ac	NA	NA	H3K4ac	NA	NA	E004-H3K4ac.narrowPeak	1	176127
1	702	roadmap_epigenomics	0	0.456112896299984	2590	297	620	137	620	351	3643	1152	739	roadmap_epigenomics	NA	NA	NA	NA	NA	E085-DNase.macs2.narrowPeak	1	231841
1	134	roadmap_epigenomics	0	0.602469545725298	2277	297	338	422	422	352	3158	1465	1224	roadmap_epigenomics H4K91ac	NA	NA	H4K91ac	NA	NA	E007-H4K91ac.narrowPeak	1	168000
1	1052	roadmap_epigenomics	0	0.434766572912764	2780	297	707	52	707	352	3809	962	573	roadmap_epigenomics	NA	NA	NA	NA	NA	E125-DNase.macs2.narrowPeak	1	363159
1	816	roadmap_epigenomics	0	0.486588300162443	2464	297	517	246	517	353	3499	1278	883	roadmap_epigenomics H3K4me3	NA	NA	H3K4me3	NA	NA	E098-H3K4me3.narrowPeak	1	57291
1	658	roadmap_epigenomics	0	0.440911007273463	2670	297	673	96	673	355	3723	1072	659	roadmap_epigenomics	NA	NA	NA	NA	NA	E080-DNase.hotspot.fdr0.01.peaks.bed	1	215699
1	771	roadmap_epigenomics	0	0.482561039840137	2475	297	531	236	531	355	3514	1267	868	roadmap_epigenomics	NA	NA	NA	NA	NA	E093-DNase.hotspot.fdr0.01.peaks.bed	1	133624
1	135	roadmap_epigenomics	0	0.533922237777295	2352	297	424	350	424	357	3331	1390	1051	roadmap_epigenomics	NA	NA	NA	NA	NA	E008-DNase.hotspot.all.peaks.bed	1	106443
1	114	roadmap_epigenomics	0	0.418859273915267	2928	297	762	16	762	358	3925	814	457	roadmap_epigenomics	NA	NA	NA	NA	NA	E007-DNase.macs2.narrowPeak	1	408460
1	886	roadmap_epigenomics	0	0.454149725652018	2571	297	627	155	627	360	3631	1171	751	roadmap_epigenomics	NA	NA	NA	NA	NA	E109-DNase.hotspot.fdr0.01.peaks.bed	1	173129
1	569	roadmap_epigenomics	0	0.486715686475543	2444	297	516	270	516	361	3482	1298	900	roadmap_epigenomics H3K4me3	NA	NA	H3K4me3	NA	NA	E066-H3K4me3.narrowPeak	1	92061
1	201	roadmap_epigenomics	0	0.462274697418767	2528	297	599	190	599	362	3586	1214	796	roadmap_epigenomics H3K4me3	NA	NA	H3K4me3	NA	NA	E014-H3K4me3.narrowPeak	1	79278
1	688	roadmap_epigenomics	0	0.547314023200708	2309	297	395	398	398	363	3271	1433	1111	roadmap_epigenomics H3K4me3	NA	NA	H3K4me3	NA	NA	E083-H3K4me3.narrowPeak	1	112073
1	693	roadmap_epigenomics	0	0.434403329962409	2689	297	709	87	709	364	3745	1053	637	roadmap_epigenomics	NA	NA	NA	NA	NA	E084-DNase.macs2.narrowPeak	1	291379
1	106	roadmap_epigenomics	0	0.442103669126314	2598	297	669	130	669	365	3668	1144	714	roadmap_epigenomics H3K4me3	NA	NA	H3K4me3	NA	NA	E006-H3K4me3.narrowPeak	1	112009
1	67	roadmap_epigenomics	0	0.430858857604606	2680	297	717	90	717	368	3743	1062	639	roadmap_epigenomics H2A.Z	NA	NA	H2A.Z	NA	NA	E005-H2A.Z.narrowPeak	1	202104
1	84	roadmap_epigenomics	0	0.60322317312635	2210	297	336	476	476	370	3090	1532	1292	roadmap_epigenomics H3K9ac	NA	NA	H3K9ac	NA	NA	E005-H3K9ac.narrowPeak	1	76244
1	814	roadmap_epigenomics	0	0.551176121170537	2275	297	389	424	424	370	3233	1467	1149	roadmap_epigenomics H3K36me3	NA	NA	H3K36me3	NA	NA	E098-H3K36me3.narrowPeak	1	278364
1	1064	roadmap_epigenomics	0	0.417263051460366	2823	297	772	40	772	370	3858	919	524	roadmap_epigenomics	NA	NA	NA	NA	NA	E126-DNase.macs2.narrowPeak	1	406203
1	159	roadmap_epigenomics	0	0.444145602192896	2570	297	660	156	660	371	3644	1172	738	roadmap_epigenomics H3K9ac	NA	NA	H3K9ac	NA	NA	E008-H3K9ac.narrowPeak	1	146401
1	219	roadmap_epigenomics	0	0.465782147899199	2477	297	589	231	589	372	3540	1265	842	roadmap_epigenomics	NA	NA	NA	NA	NA	E017-DNase.hotspot.fdr0.01.peaks.bed	1	185164
1	725	roadmap_epigenomics	0	0.545053898680015	2283	297	400	418	418	372	3250	1459	1132	roadmap_epigenomics	NA	NA	NA	NA	NA	E088-DNase.hotspot.all.peaks.bed	1	112194
1	1090	roadmap_epigenomics	0	0.619539853120256	2184	297	323	496	496	372	3039	1558	1343	roadmap_epigenomics H2A.Z	NA	NA	H2A.Z	NA	NA	E128-H2A.Z.narrowPeak	1	88185
1	752	roadmap_epigenomics	0	0.537691137849788	2289	297	414	411	414	374	3267	1453	1115	roadmap_epigenomics	NA	NA	NA	NA	NA	E091-DNase.hotspot.all.peaks.bed	1	111776
1	1065	roadmap_epigenomics	0	0.635239120863097	2168	297	314	511	511	374	2999	1574	1383	roadmap_epigenomics H2A.Z	NA	NA	H2A.Z	NA	NA	E126-H2A.Z.narrowPeak	1	69033
1	475	roadmap_epigenomics	0	0.40823341859614	2921	297	811	18	811	375	3931	821	451	roadmap_epigenomics	NA	NA	NA	NA	NA	E051-DNase.macs2.narrowPeak	1	314537
1	131	roadmap_epigenomics	0	0.405557632270514	3004	297	822	10	822	376	3985	738	397	roadmap_epigenomics H3K9ac	NA	NA	H3K9ac	NA	NA	E007-H3K9ac.narrowPeak	1	313345
1	1028	roadmap_epigenomics	0	0.541965850222508	2279	297	411	419	419	376	3251	1463	1131	roadmap_epigenomics H2A.Z	NA	NA	H2A.Z	NA	NA	E123-H2A.Z.narrowPeak	1	128633
1	317	roadmap_epigenomics	0	0.593937775666605	2194	297	348	486	486	377	3088	1548	1294	roadmap_epigenomics	NA	NA	NA	NA	NA	E028-DNase.hotspot.all.peaks.bed	1	103263
1	731	roadmap_epigenomics	0	0.494443902228715	2345	297	484	357	484	379	3385	1397	997	roadmap_epigenomics H3K4me3	NA	NA	H3K4me3	NA	NA	E088-H3K4me3.narrowPeak	1	96360
1	1040	roadmap_epigenomics	0	0.413394042067676	2785	297	789	51	789	379	3837	957	545	roadmap_epigenomics	NA	NA	NA	NA	NA	E124-DNase.macs2.narrowPeak	1	295595
1	709	roadmap_epigenomics	0	0.488870685145233	2366	297	506	337	506	380	3412	1376	970	roadmap_epigenomics	NA	NA	NA	NA	NA	E086-DNase.hotspot.all.peaks.bed	1	106536
1	64	roadmap_epigenomics	0	0.594501876103462	2176	297	346	506	506	383	3069	1566	1313	roadmap_epigenomics	NA	NA	NA	NA	NA	E005-DNase.hotspot.all.peaks.bed	1	102999
1	39	roadmap_epigenomics	0	0.477589579026377	2390	297	549	307	549	384	3450	1352	932	roadmap_epigenomics H4K20me1	NA	NA	H4K20me1	NA	NA	E003-H4K20me1.narrowPeak	1	266490
1	72	roadmap_epigenomics	0	0.482989989931557	2374	297	528	328	528	384	3428	1368	954	roadmap_epigenomics H3K14ac	NA	NA	H3K14ac	NA	NA	E005-H3K14ac.narrowPeak	1	204548
1	112	roadmap_epigenomics	0	0.519306065873925	2285	297	441	415	441	384	3292	1457	1090	roadmap_epigenomics	NA	NA	NA	NA	NA	E007-DNase.hotspot.all.peaks.bed	1	89801
1	779	roadmap_epigenomics	0	0.525301315298082	2265	297	430	431	431	386	3264	1477	1118	roadmap_epigenomics	NA	NA	NA	NA	NA	E094-DNase.hotspot.all.peaks.bed	1	111695
1	657	roadmap_epigenomics	0	0.47938705954522	2378	297	543	321	543	387	3437	1364	945	roadmap_epigenomics	NA	NA	NA	NA	NA	E080-DNase.hotspot.all.peaks.bed	1	118437
1	649	roadmap_epigenomics	0	0.431176300050891	2574	297	715	152	715	388	3665	1168	717	roadmap_epigenomics H3K4me3	NA	NA	H3K4me3	NA	NA	E078-H3K4me3.narrowPeak	1	74526
1	691	roadmap_epigenomics	0	0.565074710855515	2192	297	379	488	488	388	3131	1550	1251	roadmap_epigenomics	NA	NA	NA	NA	NA	E084-DNase.hotspot.all.peaks.bed	1	97138
1	727	roadmap_epigenomics	0	0.398933181270196	2919	297	848	19	848	388	3939	823	443	roadmap_epigenomics	NA	NA	NA	NA	NA	E088-DNase.macs2.narrowPeak	1	530673
1	700	roadmap_epigenomics	0	0.518246048631967	2268	297	442	429	442	389	3278	1474	1104	roadmap_epigenomics	NA	NA	NA	NA	NA	E085-DNase.hotspot.all.peaks.bed	1	101917
1	1014	roadmap_epigenomics	0	0.439285564010817	2531	297	681	189	681	389	3621	1211	761	roadmap_epigenomics	NA	NA	NA	NA	NA	E122-DNase.macs2.narrowPeak	1	241268
1	322	roadmap_epigenomics	0	0.415780562645192	2674	297	781	93	781	390	3758	1068	624	roadmap_epigenomics H3K4me1	NA	NA	H3K4me1	NA	NA	E028-H3K4me1.narrowPeak	1	354089
1	516	roadmap_epigenomics	0	0.631825412526362	2118	297	317	555	555	390	2952	1624	1430	roadmap_epigenomics	NA	NA	NA	NA	NA	E057-DNase.hotspot.all.peaks.bed	1	102170
1	326	roadmap_epigenomics	0	0.497541016072376	2311	297	479	397	479	391	3350	1431	1032	roadmap_epigenomics	NA	NA	NA	NA	NA	E029-DNase.hotspot.fdr0.01.peaks.bed	1	127216
1	674	roadmap_epigenomics	0	0.579108560849979	2168	297	366	511	511	391	3085	1574	1297	roadmap_epigenomics	NA	NA	NA	NA	NA	E082-DNase.hotspot.all.peaks.bed	1	115791
1	666	roadmap_epigenomics	0	0.594791824183797	2139	297	344	536	536	392	3031	1603	1351	roadmap_epigenomics	NA	NA	NA	NA	NA	E081-DNase.hotspot.all.peaks.bed	1	115426
1	655	roadmap_epigenomics	0	0.457661596287064	2429	297	610	279	610	395	3513	1313	869	roadmap_epigenomics H3K4me3	NA	NA	H3K4me3	NA	NA	E079-H3K4me3.narrowPeak	1	56303
1	1002	roadmap_epigenomics	0	0.392841771831001	2955	297	874	14	874	395	3967	787	415	roadmap_epigenomics	NA	NA	NA	NA	NA	E121-DNase.macs2.narrowPeak	1	476154
1	761	roadmap_epigenomics	0	0.493620126144472	2304	297	487	403	487	396	3350	1438	1032	roadmap_epigenomics	NA	NA	NA	NA	NA	E092-DNase.hotspot.all.peaks.bed	1	92888
1	130	roadmap_epigenomics	0	0.464227744865404	2400	297	594	301	594	397	3479	1342	903	roadmap_epigenomics H3K79me1	NA	NA	H3K79me1	NA	NA	E007-H3K79me1.narrowPeak	1	189229
1	315	roadmap_epigenomics	0	0.405355397970418	2738	297	823	71	823	397	3815	1004	567	roadmap_epigenomics H3K9ac	NA	NA	H3K9ac	NA	NA	E027-H3K9ac.narrowPeak	1	217726
1	266	roadmap_epigenomics	0	0.429766639369016	2546	297	720	176	720	398	3646	1196	736	roadmap_epigenomics H3K4me3	NA	NA	H3K4me3	NA	NA	E020-H3K4me3.narrowPeak	1	88728
1	809	roadmap_epigenomics	0	0.511722169103675	2248	297	453	444	453	398	3270	1494	1112	roadmap_epigenomics	NA	NA	NA	NA	NA	E098-DNase.hotspot.all.peaks.bed	1	99617
1	116	roadmap_epigenomics	0	0.657284202315412	2051	297	300	603	603	400	2842	1691	1540	roadmap_epigenomics H2BK120ac	NA	NA	H2BK120ac	NA	NA	E007-H2BK120ac.narrowPeak	1	114993
1	202	roadmap_epigenomics	0	0.525626560866151	2206	297	429	479	479	402	3208	1536	1174	roadmap_epigenomics H3K9ac	NA	NA	H3K9ac	NA	NA	E014-H3K9ac.narrowPeak	1	74747
1	891	roadmap_epigenomics	0	0.457660003572987	2401	297	611	299	611	402	3490	1341	892	roadmap_epigenomics H3K4me1	NA	NA	H3K4me1	NA	NA	E109-H3K4me1.narrowPeak	1	214385
1	984	roadmap_epigenomics	0	0.418573099689976	2580	297	763	145	763	402	3687	1162	695	roadmap_epigenomics H3K4me2	NA	NA	H3K4me2	NA	NA	E119-H3K4me2.narrowPeak	1	119229
1	4	roadmap_epigenomics	0	0.437299986557672	2491	297	689	222	689	403	3593	1251	789	roadmap_epigenomics H3K4me3	NA	NA	H3K4me3	NA	NA	E001-H3K4me3.narrowPeak	1	92429
1	50	roadmap_epigenomics	0	0.537254680358168	2182	297	418	499	499	405	3166	1560	1216	roadmap_epigenomics H3K18ac	NA	NA	H3K18ac	NA	NA	E004-H3K18ac.narrowPeak	1	141200
1	642	roadmap_epigenomics	0	0.408202484341474	2647	297	812	105	812	405	3749	1095	633	roadmap_epigenomics H3K4me3	NA	NA	H3K4me3	NA	NA	E077-H3K4me3.narrowPeak	1	105842
1	811	roadmap_epigenomics	0	0.389974618496979	2859	297	890	27	890	405	3911	883	471	roadmap_epigenomics	NA	NA	NA	NA	NA	E098-DNase.macs2.narrowPeak	1	349441
1	69	roadmap_epigenomics	0	0.469468785259227	2361	297	579	342	579	406	3438	1381	944	roadmap_epigenomics H2BK120ac	NA	NA	H2BK120ac	NA	NA	E005-H2BK120ac.narrowPeak	1	261051
1	583	roadmap_epigenomics	0	0.428144432768408	2527	297	730	191	730	406	3634	1215	748	roadmap_epigenomics H3K4me3	NA	NA	H3K4me3	NA	NA	E068-H3K4me3.narrowPeak	1	89967
1	807	roadmap_epigenomics	0	0.49290063658876	2267	297	491	430	491	406	3318	1475	1064	roadmap_epigenomics H3K4me3	NA	NA	H3K4me3	NA	NA	E097-H3K4me3.narrowPeak	1	41526
1	955	roadmap_epigenomics	0	0.546249190745917	2154	297	398	524	524	406	3124	1588	1258	roadmap_epigenomics H2A.Z	NA	NA	H2A.Z	NA	NA	E117-H2A.Z.narrowPeak	1	87564
1	556	roadmap_epigenomics	0	0.424006478703994	2539	297	743	181	743	407	3649	1203	733	roadmap_epigenomics H3K4me3	NA	NA	H3K4me3	NA	NA	E063-H3K4me3.narrowPeak	1	87655
1	858	roadmap_epigenomics	0	0.469752609748433	2358	297	577	346	577	407	3435	1384	947	roadmap_epigenomics H3K4me3	NA	NA	H3K4me3	NA	NA	E104-H3K4me3.narrowPeak	1	42254
1	892	roadmap_epigenomics	0	0.483437385936542	2307	297	525	399	525	407	3369	1435	1013	roadmap_epigenomics H3K4me3	NA	NA	H3K4me3	NA	NA	E109-H3K4me3.narrowPeak	1	65084
1	590	roadmap_epigenomics	0	0.435879986882157	2478	297	701	230	701	409	3585	1264	797	roadmap_epigenomics H3K4me3	NA	NA	H3K4me3	NA	NA	E069-H3K4me3.narrowPeak	1	79806
1	772	roadmap_epigenomics	0	0.383561673707981	2915	297	911	20	911	409	3952	827	430	roadmap_epigenomics	NA	NA	NA	NA	NA	E093-DNase.macs2.narrowPeak	1	407437
1	870	roadmap_epigenomics	0	0.485330863425827	2298	297	523	406	523	409	3358	1444	1024	roadmap_epigenomics H3K4me3	NA	NA	H3K4me3	NA	NA	E106-H3K4me3.narrowPeak	1	68861
1	148	roadmap_epigenomics	0	0.424522102081026	2524	297	740	197	740	411	3637	1218	745	roadmap_epigenomics H3K23me2	NA	NA	H3K23me2	NA	NA	E008-H3K23me2.narrowPeak	1	123622
1	530	roadmap_epigenomics	0	0.548273500028798	2131	297	394	542	542	411	3098	1611	1284	roadmap_epigenomics	NA	NA	NA	NA	NA	E059-DNase.hotspot.all.peaks.bed	1	97681
1	22	roadmap_epigenomics	0	0.551932485847753	2124	297	386	553	553	412	3085	1618	1297	roadmap_epigenomics H2BK5ac	NA	NA	H2BK5ac	NA	NA	E003-H2BK5ac.narrowPeak	1	151346
1	47	roadmap_epigenomics	0	0.604189148333233	2051	297	335	603	603	412	2925	1691	1457	roadmap_epigenomics H2BK120ac	NA	NA	H2BK120ac	NA	NA	E004-H2BK120ac.narrowPeak	1	149531
1	919	roadmap_epigenomics	0	0.382755936577062	2907	297	916	22	916	412	3948	835	434	roadmap_epigenomics	NA	NA	NA	NA	NA	E114-DNase.macs2.narrowPeak	1	371330
1	91	roadmap_epigenomics	0	0.39666491371975	2710	297	863	78	863	413	3807	1032	575	roadmap_epigenomics	NA	NA	NA	NA	NA	E006-DNase.macs2.narrowPeak	1	343835
1	608	roadmap_epigenomics	0	0.429262658660029	2495	297	723	218	723	413	3608	1247	774	roadmap_epigenomics H3K4me3	NA	NA	H3K4me3	NA	NA	E072-H3K4me3.narrowPeak	1	82143
1	34	roadmap_epigenomics	0	0.672490032914531	1956	297	295	649	649	414	2715	1786	1667	roadmap_epigenomics H3K56ac	NA	NA	H3K56ac	NA	NA	E003-H3K56ac.narrowPeak	1	86476
1	602	roadmap_epigenomics	0	0.422121246553854	2526	297	751	193	751	414	3642	1216	740	roadmap_epigenomics H3K4me3	NA	NA	H3K4me3	NA	NA	E071-H3K4me3.narrowPeak	1	77102
1	943	roadmap_epigenomics	0	0.509779502980054	2192	297	456	488	488	414	3221	1550	1161	roadmap_epigenomics H2A.Z	NA	NA	H2A.Z	NA	NA	E116-H2A.Z.narrowPeak	1	84270
1	373	roadmap_epigenomics	0	0.473485745360033	2323	297	568	380	568	415	3399	1419	983	roadmap_epigenomics H3K4me3	NA	NA	H3K4me3	NA	NA	E035-H3K4me3.narrowPeak	1	47602
1	323	roadmap_epigenomics	0	0.489280293408653	2246	297	502	448	502	416	3305	1496	1077	roadmap_epigenomics H3K4me3	NA	NA	H3K4me3	NA	NA	E028-H3K4me3.narrowPeak	1	54966
1	354	roadmap_epigenomics	0	0.466307829010517	2341	297	587	363	587	416	3426	1401	956	roadmap_epigenomics	NA	NA	NA	NA	NA	E033-DNase.hotspot.fdr0.01.peaks.bed	1	108321
1	576	roadmap_epigenomics	0	0.44005415484836	2434	297	675	276	675	416	3544	1308	838	roadmap_epigenomics H3K4me3	NA	NA	H3K4me3	NA	NA	E067-H3K4me3.narrowPeak	1	70953
1	885	roadmap_epigenomics	0	0.481954277697952	2276	297	534	423	534	418	3344	1466	1038	roadmap_epigenomics	NA	NA	NA	NA	NA	E109-DNase.hotspot.all.peaks.bed	1	108993
1	71	roadmap_epigenomics	0	0.464822984329185	2330	297	591	372	591	420	3419	1412	963	roadmap_epigenomics H2BK5ac	NA	NA	H2BK5ac	NA	NA	E005-H2BK5ac.narrowPeak	1	228979
1	1047	roadmap_epigenomics	0	0.429005703453183	2475	297	726	236	726	420	3593	1267	789	roadmap_epigenomics H3K4me3	NA	NA	H3K4me3	NA	NA	E124-H3K4me3.narrowPeak	1	81682
1	215	roadmap_epigenomics	0	0.425078754294362	2479	297	738	229	738	421	3602	1263	780	roadmap_epigenomics H3K4me3	NA	NA	H3K4me3	NA	NA	E016-H3K4me3.narrowPeak	1	59426
1	284	roadmap_epigenomics	0	0.396307592064803	2656	297	866	101	866	421	3771	1086	611	roadmap_epigenomics H3K4me1	NA	NA	H3K4me1	NA	NA	E022-H3K4me1.narrowPeak	1	324422
1	275	roadmap_epigenomics	0	0.551346674625194	2088	297	388	580	580	422	3050	1654	1332	roadmap_epigenomics H3K4me1	NA	NA	H3K4me1	NA	NA	E021-H3K4me1.narrowPeak	1	187283
1	797	roadmap_epigenomics	0	0.387977575087494	2707	297	893	80	893	423	3816	1035	566	roadmap_epigenomics H3K4me1	NA	NA	H3K4me1	NA	NA	E096-H3K4me1.narrowPeak	1	317595
1	175	roadmap_epigenomics	0	0.411886769959685	2541	297	796	178	796	424	3668	1201	714	roadmap_epigenomics H3K4me1	NA	NA	H3K4me1	NA	NA	E010-H3K4me1.narrowPeak	1	266556
1	437	roadmap_epigenomics	0	0.383811122641718	2742	297	907	69	907	424	3844	1000	538	roadmap_epigenomics	NA	NA	NA	NA	NA	E046-DNase.macs2.narrowPeak	1	287236
1	272	roadmap_epigenomics	0	0.669828167307731	1893	297	297	680	680	425	2649	1849	1733	roadmap_epigenomics H3K27ac	NA	NA	H3K27ac	NA	NA	E021-H3K27ac.narrowPeak	1	103584
1	290	roadmap_epigenomics	0	0.417542741108225	2505	297	771	211	771	426	3633	1237	749	roadmap_epigenomics H3K4me3	NA	NA	H3K4me3	NA	NA	E023-H3K4me3.narrowPeak	1	116720
1	549	roadmap_epigenomics	0	0.486366702720381	2234	297	518	462	518	426	3299	1508	1083	roadmap_epigenomics H3K4me3	NA	NA	H3K4me3	NA	NA	E062-H3K4me3.narrowPeak	1	34361
1	140	roadmap_epigenomics	0	0.587474413795158	2004	297	356	628	628	427	2903	1738	1479	roadmap_epigenomics H2BK120ac	NA	NA	H2BK120ac	NA	NA	E008-H2BK120ac.narrowPeak	1	97781
1	283	roadmap_epigenomics	0	0.359050050056802	2988	297	972	11	972	427	4018	754	364	roadmap_epigenomics H3K36me3	NA	NA	H3K36me3	NA	NA	E022-H3K36me3.narrowPeak	1	407402
1	792	roadmap_epigenomics	0	0.477725177793729	2258	297	548	437	548	427	3335	1484	1047	roadmap_epigenomics H3K4me3	NA	NA	H3K4me3	NA	NA	E095-H3K4me3.narrowPeak	1	41750
1	79	roadmap_epigenomics	0	0.399765595828831	2585	297	845	142	845	428	3717	1157	665	roadmap_epigenomics H3K4me1	NA	NA	H3K4me1	NA	NA	E005-H3K4me1.narrowPeak	1	297165
1	301	roadmap_epigenomics	0	0.407820055319495	2548	297	813	173	813	428	3679	1194	703	roadmap_epigenomics H3K4me3	NA	NA	H3K4me3	NA	NA	E025-H3K4me3.narrowPeak	1	104434
1	499	roadmap_epigenomics	0	0.390998666388256	2650	297	884	103	884	428	3774	1092	608	roadmap_epigenomics	NA	NA	NA	NA	NA	E055-DNase.hotspot.fdr0.01.peaks.bed	1	232786
1	659	roadmap_epigenomics	0	0.364120826144442	2881	297	961	25	961	428	3952	861	430	roadmap_epigenomics	NA	NA	NA	NA	NA	E080-DNase.macs2.narrowPeak	1	420510
1	844	roadmap_epigenomics	0	0.416029649049605	2506	297	778	210	778	428	3636	1236	746	roadmap_epigenomics H3K4me3	NA	NA	H3K4me3	NA	NA	E102-H3K4me3.narrowPeak	1	83775
1	887	roadmap_epigenomics	0	0.370405318255268	2809	297	945	43	945	428	3902	933	480	roadmap_epigenomics	NA	NA	NA	NA	NA	E109-DNase.macs2.narrowPeak	1	334231
1	926	roadmap_epigenomics	0	0.437118360949807	2407	297	693	294	693	428	3527	1335	855	roadmap_epigenomics H3K4me3	NA	NA	H3K4me3	NA	NA	E114-H3K4me3.narrowPeak	1	76182
1	1008	roadmap_epigenomics	0	0.411108169097538	2534	297	801	185	801	428	3664	1208	718	roadmap_epigenomics H3K4me2	NA	NA	H3K4me2	NA	NA	E121-H3K4me2.narrowPeak	1	137508
1	97	roadmap_epigenomics	0	0.489008559652612	2194	297	504	486	504	429	3258	1548	1124	roadmap_epigenomics H3K14ac	NA	NA	H3K14ac	NA	NA	E006-H3K14ac.narrowPeak	1	124581
1	274	roadmap_epigenomics	0	0.546530440810532	2063	297	396	597	597	430	3033	1679	1349	roadmap_epigenomics H3K36me3	NA	NA	H3K36me3	NA	NA	E021-H3K36me3.narrowPeak	1	189937
1	325	roadmap_epigenomics	0	0.505432887956253	2144	297	462	530	530	430	3183	1598	1199	roadmap_epigenomics	NA	NA	NA	NA	NA	E029-DNase.hotspot.all.peaks.bed	1	102960
1	436	roadmap_epigenomics	0	0.461410472775362	2320	297	604	388	604	430	3416	1422	966	roadmap_epigenomics	NA	NA	NA	NA	NA	E046-DNase.hotspot.fdr0.01.peaks.bed	1	109868
1	1082	roadmap_epigenomics	0	0.393637025785748	2623	297	872	120	872	430	3752	1119	630	roadmap_epigenomics H3K4me2	NA	NA	H3K4me2	NA	NA	E127-H3K4me2.narrowPeak	1	129570
1	31	roadmap_epigenomics	0	0.452771779842481	2340	297	630	365	630	431	3447	1402	935	roadmap_epigenomics H3K4me1	NA	NA	H3K4me1	NA	NA	E003-H3K4me1.narrowPeak	1	223118
1	40	roadmap_epigenomics	0	0.542474906821799	2080	297	410	587	587	431	3057	1662	1325	roadmap_epigenomics H4K5ac	NA	NA	H4K5ac	NA	NA	E003-H4K5ac.narrowPeak	1	130639
1	345	roadmap_epigenomics	0	0.44608100148236	2357	297	649	347	649	431	3472	1385	910	roadmap_epigenomics	NA	NA	NA	NA	NA	E032-DNase.hotspot.fdr0.01.peaks.bed	1	114529
1	812	roadmap_epigenomics	0	0.50222913157923	2154	297	471	524	524	431	3198	1588	1184	roadmap_epigenomics H3K27ac	NA	NA	H3K27ac	NA	NA	E098-H3K27ac.narrowPeak	1	102275
1	32	roadmap_epigenomics	0	0.382899220997825	2691	297	915	85	915	432	3812	1051	570	roadmap_epigenomics H3K4me2	NA	NA	H3K4me2	NA	NA	E003-H3K4me2.narrowPeak	1	217090
1	218	roadmap_epigenomics	0	0.493608802943618	2168	297	489	511	511	432	3226	1574	1156	roadmap_epigenomics	NA	NA	NA	NA	NA	E017-DNase.hotspot.all.peaks.bed	1	116011
1	90	roadmap_epigenomics	0	0.432797833699116	2411	297	711	291	711	433	3537	1331	845	roadmap_epigenomics	NA	NA	NA	NA	NA	E006-DNase.hotspot.fdr0.01.peaks.bed	1	174991
1	831	roadmap_epigenomics	0	0.462195467085531	2304	297	600	403	600	433	3401	1438	981	roadmap_epigenomics H3K4me3	NA	NA	H3K4me3	NA	NA	E100-H3K4me3.narrowPeak	1	39238
1	41	roadmap_epigenomics	0	0.350932965081754	3024	297	996	9	996	434	4045	718	337	roadmap_epigenomics H4K8ac	NA	NA	H4K8ac	NA	NA	E003-H4K8ac.narrowPeak	1	371476
1	83	roadmap_epigenomics	0	0.476966660292507	2242	297	553	452	553	434	3322	1500	1060	roadmap_epigenomics H3K79me2	NA	NA	H3K79me2	NA	NA	E005-H3K79me2.narrowPeak	1	154809
1	295	roadmap_epigenomics	0	0.371981422761475	2749	297	939	66	939	434	3863	993	519	roadmap_epigenomics H3K4me1	NA	NA	H3K4me1	NA	NA	E024-H3K4me1.narrowPeak	1	357319
1	327	roadmap_epigenomics	0	0.401229330433552	2550	297	839	170	839	435	3690	1192	692	roadmap_epigenomics	NA	NA	NA	NA	NA	E029-DNase.macs2.narrowPeak	1	209063
1	5	roadmap_epigenomics	0	0.413542758730588	2489	297	788	223	788	436	3627	1253	755	roadmap_epigenomics H3K9ac	NA	NA	H3K9ac	NA	NA	E001-H3K9ac.narrowPeak	1	67397
1	508	roadmap_epigenomics	0	0.390808140847551	2597	297	886	132	886	438	3738	1145	644	roadmap_epigenomics	NA	NA	NA	NA	NA	E056-DNase.hotspot.fdr0.01.peaks.bed	1	223698
1	684	roadmap_epigenomics	0	0.358643208601262	2813	297	975	41	975	438	3918	929	464	roadmap_epigenomics	NA	NA	NA	NA	NA	E083-DNase.macs2.narrowPeak	1	517786
1	837	roadmap_epigenomics	0	0.397381513653583	2559	297	857	159	857	438	3702	1183	680	roadmap_epigenomics H3K4me3	NA	NA	H3K4me3	NA	NA	E101-H3K4me3.narrowPeak	1	96726
1	715	roadmap_epigenomics	0	0.487660002451667	2172	297	513	509	513	440	3240	1570	1142	roadmap_epigenomics H3K4me3	NA	NA	H3K4me3	NA	NA	E086-H3K4me3.narrowPeak	1	45257
1	734	roadmap_epigenomics	0	0.481532870025024	2192	297	535	488	535	440	3269	1550	1113	roadmap_epigenomics	NA	NA	NA	NA	NA	E089-DNase.hotspot.all.peaks.bed	1	103433
1	743	roadmap_epigenomics	0	0.503854657946469	2116	297	467	557	557	440	3159	1626	1223	roadmap_epigenomics	NA	NA	NA	NA	NA	E090-DNase.hotspot.all.peaks.bed	1	99312
1	80	roadmap_epigenomics	0	0.454447403179344	2289	297	623	411	623	444	3401	1453	981	roadmap_epigenomics H3K4me2	NA	NA	H3K4me2	NA	NA	E005-H3K4me2.narrowPeak	1	62053
1	629	roadmap_epigenomics	0	0.391873291391434	2569	297	878	157	878	444	3717	1173	665	roadmap_epigenomics H3K4me3	NA	NA	H3K4me3	NA	NA	E075-H3K4me3.narrowPeak	1	84678
1	736	roadmap_epigenomics	0	0.345439484862416	2865	297	1009	26	1009	444	3963	877	419	roadmap_epigenomics	NA	NA	NA	NA	NA	E089-DNase.macs2.narrowPeak	1	465721
1	931	roadmap_epigenomics	0	0.546249836927302	1989	297	397	637	637	444	2958	1753	1424	roadmap_epigenomics H2A.Z	NA	NA	H2A.Z	NA	NA	E115-H2A.Z.narrowPeak	1	84931
1	1046	roadmap_epigenomics	0	0.400166108741255	2527	297	844	191	844	444	3675	1215	707	roadmap_epigenomics H3K4me2	NA	NA	H3K4me2	NA	NA	E124-H3K4me2.narrowPeak	1	77302
1	289	roadmap_epigenomics	0	0.370969054202725	2670	297	941	96	941	445	3814	1072	568	roadmap_epigenomics H3K4me1	NA	NA	H3K4me1	NA	NA	E023-H3K4me1.narrowPeak	1	307369
1	785	roadmap_epigenomics	0	0.387072290871195	2585	297	896	142	896	445	3735	1157	647	roadmap_epigenomics H3K4me1	NA	NA	H3K4me1	NA	NA	E094-H3K4me1.narrowPeak	1	238260
1	58	roadmap_epigenomics	0	0.50313155338364	2097	297	469	572	572	446	3142	1645	1240	roadmap_epigenomics H3K4me3	NA	NA	H3K4me3	NA	NA	E004-H3K4me3.narrowPeak	1	41020
1	208	roadmap_epigenomics	0	0.404699292841091	2502	297	827	213	827	446	3650	1240	732	roadmap_epigenomics H3K4me3	NA	NA	H3K4me3	NA	NA	E015-H3K4me3.narrowPeak	1	70722
1	763	roadmap_epigenomics	0	0.350092839076138	2808	297	997	45	997	446	3925	934	457	roadmap_epigenomics	NA	NA	NA	NA	NA	E092-DNase.macs2.narrowPeak	1	354211
1	925	roadmap_epigenomics	0	0.404699292841091	2502	297	827	213	827	446	3650	1240	732	roadmap_epigenomics H3K4me2	NA	NA	H3K4me2	NA	NA	E114-H3K4me2.narrowPeak	1	103473
1	1027	roadmap_epigenomics	0	0.359915336956568	2741	297	970	70	970	446	3873	1001	509	roadmap_epigenomics	NA	NA	NA	NA	NA	E123-DNase.macs2.narrowPeak	1	341769
1	154	roadmap_epigenomics	0	0.410581838636034	2471	297	804	239	804	447	3618	1271	764	roadmap_epigenomics H3K4me2	NA	NA	H3K4me2	NA	NA	E008-H3K4me2.narrowPeak	1	111374
1	954	roadmap_epigenomics	0	0.392593270885288	2552	297	876	167	876	447	3704	1190	678	roadmap_epigenomics	NA	NA	NA	NA	NA	E117-DNase.macs2.narrowPeak	1	206823
1	88	roadmap_epigenomics	0	0.443694861607236	2321	297	662	386	662	448	3446	1421	936	roadmap_epigenomics H4K91ac	NA	NA	H4K91ac	NA	NA	E005-H4K91ac.narrowPeak	1	249666
1	194	roadmap_epigenomics	0	0.422916837445619	2400	297	746	301	746	448	3544	1342	838	roadmap_epigenomics H3K4me1	NA	NA	H3K4me1	NA	NA	E013-H3K4me1.narrowPeak	1	275053
1	570	roadmap_epigenomics	0	0.448514074614983	2302	297	643	405	643	448	3422	1440	960	roadmap_epigenomics H3K9ac	NA	NA	H3K9ac	NA	NA	E066-H3K9ac.narrowPeak	1	109594
1	654	roadmap_epigenomics	0	0.379317530348039	2610	297	923	124	923	448	3763	1132	619	roadmap_epigenomics H3K4me1	NA	NA	H3K4me1	NA	NA	E079-H3K4me1.narrowPeak	1	257474
1	722	roadmap_epigenomics	0	0.478754981154185	2178	297	544	503	544	448	3261	1564	1121	roadmap_epigenomics H3K4me3	NA	NA	H3K4me3	NA	NA	E087-H3K4me3.narrowPeak	1	35931
1	754	roadmap_epigenomics	0	0.329067544011102	3027	297	1040	8	1040	448	4066	715	316	roadmap_epigenomics	NA	NA	NA	NA	NA	E091-DNase.macs2.narrowPeak	1	494002
1	259	roadmap_epigenomics	0	0.416330191878546	2438	297	775	274	775	449	3584	1304	798	roadmap_epigenomics H3K4me3	NA	NA	H3K4me3	NA	NA	E019-H3K4me3.narrowPeak	1	61693
1	403	roadmap_epigenomics	0	0.483207348501178	2155	297	526	523	526	449	3232	1587	1150	roadmap_epigenomics H3K4me3	NA	NA	H3K4me3	NA	NA	E040-H3K4me3.narrowPeak	1	63472
1	362	roadmap_epigenomics	0	0.448139834112047	2293	297	644	408	644	450	3415	1449	967	roadmap_epigenomics	NA	NA	NA	NA	NA	E034-DNase.hotspot.fdr0.01.peaks.bed	1	107036
1	461	roadmap_epigenomics	0	0.405690860522211	2477	297	821	231	821	450	3630	1265	752	roadmap_epigenomics H3K4me3	NA	NA	H3K4me3	NA	NA	E049-H3K4me3.narrowPeak	1	76569
1	716	roadmap_epigenomics	0	0.508646408378369	2070	297	459	593	593	450	3106	1672	1276	roadmap_epigenomics H3K9ac	NA	NA	H3K9ac	NA	NA	E086-H3K9ac.narrowPeak	1	45031
1	1106	roadmap_epigenomics	0	0.384182001209575	2579	297	906	147	906	450	3735	1163	647	roadmap_epigenomics H3K4me2	NA	NA	H3K4me2	NA	NA	E129-H3K4me2.narrowPeak	1	131837
1	682	roadmap_epigenomics	0	0.488143770439909	2129	297	511	544	544	451	3199	1613	1183	roadmap_epigenomics	NA	NA	NA	NA	NA	E083-DNase.hotspot.all.peaks.bed	1	98445
1	815	roadmap_epigenomics	0	0.349152610012737	2767	297	1000	55	1000	451	3902	975	480	roadmap_epigenomics H3K4me1	NA	NA	H3K4me1	NA	NA	E098-H3K4me1.narrowPeak	1	293089
1	987	roadmap_epigenomics	0	0.480499721279764	2165	297	540	517	540	451	3246	1577	1136	roadmap_epigenomics H3K9ac	NA	NA	H3K9ac	NA	NA	E119-H3K9ac.narrowPeak	1	82070
1	805	roadmap_epigenomics	0	0.542699669997625	1953	297	409	650	650	452	2927	1789	1455	roadmap_epigenomics H3K36me3	NA	NA	H3K36me3	NA	NA	E097-H3K36me3.narrowPeak	1	343116
1	851	roadmap_epigenomics	0	0.396313593235769	2526	297	865	193	865	452	3680	1216	702	roadmap_epigenomics H3K4me3	NA	NA	H3K4me3	NA	NA	E103-H3K4me3.narrowPeak	1	93750
1	442	roadmap_epigenomics	0	0.498925662773925	2082	297	477	585	585	453	3135	1660	1247	roadmap_epigenomics H3K4me3	NA	NA	H3K4me3	NA	NA	E046-H3K4me3.narrowPeak	1	33250
1	507	roadmap_epigenomics	0	0.465461773425299	2220	297	590	471	590	453	3322	1522	1060	roadmap_epigenomics	NA	NA	NA	NA	NA	E056-DNase.hotspot.all.peaks.bed	1	117994
1	745	roadmap_epigenomics	0	0.332911495389698	2849	297	1031	30	1031	453	3968	893	414	roadmap_epigenomics	NA	NA	NA	NA	NA	E090-DNase.macs2.narrowPeak	1	506090
1	1009	roadmap_epigenomics	0	0.44168724057922	2317	297	671	390	671	453	3446	1425	936	roadmap_epigenomics H3K4me3	NA	NA	H3K4me3	NA	NA	E121-H3K4me3.narrowPeak	1	69233
1	308	roadmap_epigenomics	0	0.421032049930033	2386	297	754	311	754	454	3536	1356	846	roadmap_epigenomics H3K4me3	NA	NA	H3K4me3	NA	NA	E026-H3K4me3.narrowPeak	1	81465
1	471	roadmap_epigenomics	0	0.411781403505216	2447	297	797	267	797	454	3598	1295	784	roadmap_epigenomics H3K4me3	NA	NA	H3K4me3	NA	NA	E050-H3K4me3.narrowPeak	1	62120
1	864	roadmap_epigenomics	0	0.421778097286387	2385	297	753	313	753	454	3534	1357	848	roadmap_epigenomics H3K4me3	NA	NA	H3K4me3	NA	NA	E105-H3K4me3.narrowPeak	1	41900
1	1059	roadmap_epigenomics	0	0.424891385006433	2375	297	739	327	739	454	3521	1367	861	roadmap_epigenomics H3K4me3	NA	NA	H3K4me3	NA	NA	E125-H3K4me3.narrowPeak	1	70898
1	37	roadmap_epigenomics	0	0.426981125030318	2373	297	736	331	736	455	3516	1369	866	roadmap_epigenomics H3K9ac	NA	NA	H3K9ac	NA	NA	E003-H3K9ac.narrowPeak	1	90295
1	897	roadmap_epigenomics	0	0.454220316832806	2248	297	625	444	625	455	3366	1494	1016	roadmap_epigenomics H3K4me3	NA	NA	H3K4me3	NA	NA	E110-H3K4me3.narrowPeak	1	51758
1	29	roadmap_epigenomics	0	0.515091409374737	2007	297	446	626	626	456	3032	1735	1350	roadmap_epigenomics H3K36me3	NA	NA	H3K36me3	NA	NA	E003-H3K36me3.narrowPeak	1	323310
1	276	roadmap_epigenomics	0	0.461927663852474	2221	297	601	469	601	456	3329	1521	1053	roadmap_epigenomics H3K4me3	NA	NA	H3K4me3	NA	NA	E021-H3K4me3.narrowPeak	1	38867
1	321	roadmap_epigenomics	0	0.63810118423959	1761	297	313	757	757	456	2551	1981	1831	roadmap_epigenomics H3K36me3	NA	NA	H3K36me3	NA	NA	E028-H3K36me3.narrowPeak	1	214696
1	542	roadmap_epigenomics	0	0.352329515806917	2704	297	991	81	991	456	3860	1038	522	roadmap_epigenomics H3K4me1	NA	NA	H3K4me1	NA	NA	E061-H3K4me1.narrowPeak	1	294530
1	563	roadmap_epigenomics	0	0.512332689311699	2022	297	450	620	620	456	3052	1720	1330	roadmap_epigenomics H3K4me3	NA	NA	H3K4me3	NA	NA	E065-H3K4me3.narrowPeak	1	39916
1	720	roadmap_epigenomics	0	0.673010974300186	1723	297	294	777	777	456	2450	2019	1932	roadmap_epigenomics H3K36me3	NA	NA	H3K36me3	NA	NA	E087-H3K36me3.narrowPeak	1	101681
1	355	roadmap_epigenomics	0	0.338782276440968	2764	297	1016	58	1016	457	3913	978	469	roadmap_epigenomics	NA	NA	NA	NA	NA	E033-DNase.macs2.narrowPeak	1	279354
1	770	roadmap_epigenomics	0	0.469977138914148	2182	297	575	499	575	457	3280	1560	1102	roadmap_epigenomics	NA	NA	NA	NA	NA	E093-DNase.hotspot.all.peaks.bed	1	86221
1	155	roadmap_epigenomics	0	0.423425681113023	2372	297	744	332	744	458	3521	1370	861	roadmap_epigenomics H3K4me3	NA	NA	H3K4me3	NA	NA	E008-H3K4me3.narrowPeak	1	59360
1	314	roadmap_epigenomics	0	0.410148623105078	2441	297	805	271	805	458	3596	1301	786	roadmap_epigenomics H3K4me3	NA	NA	H3K4me3	NA	NA	E027-H3K4me3.narrowPeak	1	61082
1	479	roadmap_epigenomics	0	0.38246639218281	2558	297	917	161	917	458	3723	1184	659	roadmap_epigenomics H3K4me3	NA	NA	H3K4me3	NA	NA	E051-H3K4me3.narrowPeak	1	94048
1	672	roadmap_epigenomics	0	0.586453738182249	1838	297	358	718	718	458	2726	1904	1656	roadmap_epigenomics H3K4me3	NA	NA	H3K4me3	NA	NA	E081-H3K4me3.narrowPeak	1	47518
1	636	roadmap_epigenomics	0	0.417953171521641	2386	297	769	311	769	459	3541	1356	841	roadmap_epigenomics H3K4me3	NA	NA	H3K4me3	NA	NA	E076-H3K4me3.narrowPeak	1	72243
1	759	roadmap_epigenomics	0	0.475742995312196	2157	297	558	521	558	459	3247	1585	1135	roadmap_epigenomics H3K4me3	NA	NA	H3K4me3	NA	NA	E091-H3K4me3.narrowPeak	1	33481
1	183	roadmap_epigenomics	0	0.476180994498493	2147	297	554	529	554	460	3237	1595	1145	roadmap_epigenomics H3K9ac	NA	NA	H3K9ac	NA	NA	E011-H3K9ac.narrowPeak	1	58328
1	252	roadmap_epigenomics	0	0.395625229819418	2501	297	869	215	869	460	3663	1241	719	roadmap_epigenomics H3K4me3	NA	NA	H3K4me3	NA	NA	E018-H3K4me3.narrowPeak	1	76986
1	768	roadmap_epigenomics	0	0.429412817155765	2342	297	722	361	722	460	3487	1400	895	roadmap_epigenomics H3K4me3	NA	NA	H3K4me3	NA	NA	E092-H3K4me3.narrowPeak	1	39260
1	829	roadmap_epigenomics	0	0.647891289362742	1723	297	306	777	777	460	2491	2019	1891	roadmap_epigenomics H3K36me3	NA	NA	H3K36me3	NA	NA	E100-H3K36me3.narrowPeak	1	160205
1	1083	roadmap_epigenomics	0	0.401195140216985	2469	297	840	243	840	460	3631	1273	751	roadmap_epigenomics H3K4me3	NA	NA	H3K4me3	NA	NA	E127-H3K4me3.narrowPeak	1	83151
1	57	roadmap_epigenomics	0	0.467916190992307	2178	297	583	503	583	461	3280	1564	1102	roadmap_epigenomics H3K4me2	NA	NA	H3K4me2	NA	NA	E004-H3K4me2.narrowPeak	1	59056
1	188	roadmap_epigenomics	0	0.379903390043703	2554	297	921	165	921	461	3724	1188	658	roadmap_epigenomics H3K4me1	NA	NA	H3K4me1	NA	NA	E012-H3K4me1.narrowPeak	1	258735
1	260	roadmap_epigenomics	0	0.436505914716859	2315	297	695	391	695	461	3453	1427	929	roadmap_epigenomics H3K9ac	NA	NA	H3K9ac	NA	NA	E019-H3K9ac.narrowPeak	1	72277
1	300	roadmap_epigenomics	0	0.358899026399187	2632	297	973	112	973	461	3806	1110	576	roadmap_epigenomics H3K4me1	NA	NA	H3K4me1	NA	NA	E025-H3K4me1.narrowPeak	1	312578
1	353	roadmap_epigenomics	0	0.464015335666044	2187	297	595	492	595	461	3295	1555	1087	roadmap_epigenomics	NA	NA	NA	NA	NA	E033-DNase.hotspot.all.peaks.bed	1	89092
1	983	roadmap_epigenomics	0	0.391616271603802	2512	297	880	205	880	461	3677	1230	705	roadmap_epigenomics H3K4me1	NA	NA	H3K4me1	NA	NA	E119-H3K4me1.narrowPeak	1	182438
1	36	roadmap_epigenomics	0	0.656961537968198	1692	297	301	787	787	462	2440	2050	1942	roadmap_epigenomics H3K79me2	NA	NA	H3K79me2	NA	NA	E003-H3K79me2.narrowPeak	1	125042
1	478	roadmap_epigenomics	0	0.335151631293799	2751	297	1026	63	1026	462	3910	991	472	roadmap_epigenomics H3K4me1	NA	NA	H3K4me1	NA	NA	E051-H3K4me1.narrowPeak	1	222976
1	694	roadmap_epigenomics	0	0.444788950785387	2264	297	656	432	656	462	3396	1478	986	roadmap_epigenomics H3K27ac	NA	NA	H3K27ac	NA	NA	E084-H3K27ac.narrowPeak	1	121559
1	703	roadmap_epigenomics	0	0.436011900270317	2314	297	699	394	699	463	3453	1428	929	roadmap_epigenomics H3K27ac	NA	NA	H3K27ac	NA	NA	E085-H3K27ac.narrowPeak	1	130166
1	52	roadmap_epigenomics	0	0.489185883465131	2070	297	503	593	593	464	3141	1672	1241	roadmap_epigenomics H3K27ac	NA	NA	H3K27ac	NA	NA	E004-H3K27ac.narrowPeak	1	144857
1	342	roadmap_epigenomics	0	0.500267878671661	2020	297	473	621	621	464	3072	1722	1310	roadmap_epigenomics H3K4me3	NA	NA	H3K4me3	NA	NA	E031-H3K4me3.narrowPeak	1	39890
1	433	roadmap_epigenomics	0	0.452518928930208	2232	297	632	463	632	464	3355	1510	1027	roadmap_epigenomics H3K4me3	NA	NA	H3K4me3	NA	NA	E045-H3K4me3.narrowPeak	1	50440
1	460	roadmap_epigenomics	0	0.349092458306943	2671	297	1001	94	1001	464	3844	1071	538	roadmap_epigenomics H3K4me1	NA	NA	H3K4me1	NA	NA	E049-H3K4me1.narrowPeak	1	260639
1	1081	roadmap_epigenomics	0	0.374050551397355	2556	297	933	162	933	464	3734	1186	648	roadmap_epigenomics H3K4me1	NA	NA	H3K4me1	NA	NA	E127-H3K4me1.narrowPeak	1	199886
1	750	roadmap_epigenomics	0	0.442463767989959	2264	297	666	432	666	465	3400	1478	982	roadmap_epigenomics H3K4me3	NA	NA	H3K4me3	NA	NA	E090-H3K4me3.narrowPeak	1	35057
1	825	roadmap_epigenomics	0	0.397807213369772	2470	297	855	242	855	465	3637	1272	745	roadmap_epigenomics	NA	NA	NA	NA	NA	E100-DNase.hotspot.fdr0.01.peaks.bed	1	170766
1	144	roadmap_epigenomics	0	0.638271189007838	1691	297	312	788	788	466	2470	2051	1912	roadmap_epigenomics H2BK5ac	NA	NA	H2BK5ac	NA	NA	E008-H2BK5ac.narrowPeak	1	66830
1	527	roadmap_epigenomics	0	0.326632504906505	2755	297	1041	61	1041	466	3923	987	459	roadmap_epigenomics H3K4me1	NA	NA	H3K4me1	NA	NA	E058-H3K4me1.narrowPeak	1	289473
1	615	roadmap_epigenomics	0	0.398676116052658	2461	297	852	249	852	466	3629	1281	753	roadmap_epigenomics H3K4me3	NA	NA	H3K4me3	NA	NA	E073-H3K4me3.narrowPeak	1	75872
1	942	roadmap_epigenomics	0	0.349254014404406	2652	297	999	102	999	466	3832	1090	550	roadmap_epigenomics	NA	NA	NA	NA	NA	E116-DNase.macs2.narrowPeak	1	271082
1	996	roadmap_epigenomics	0	0.416457812758483	2374	297	774	328	774	466	3534	1368	848	roadmap_epigenomics H3K4me2	NA	NA	H3K4me2	NA	NA	E120-H3K4me2.narrowPeak	1	121927
1	104	roadmap_epigenomics	0	0.314945434889015	2794	297	1060	48	1060	468	3959	948	423	roadmap_epigenomics H3K4me1	NA	NA	H3K4me1	NA	NA	E006-H3K4me1.narrowPeak	1	392101
1	509	roadmap_epigenomics	0	0.311708499955115	2811	297	1065	42	1065	468	3972	931	410	roadmap_epigenomics	NA	NA	NA	NA	NA	E056-DNase.macs2.narrowPeak	1	397102
1	243	roadmap_epigenomics	0	0.543116076123618	1860	297	407	702	702	469	2828	1882	1554	roadmap_epigenomics H3K9me1	NA	NA	H3K9me1	NA	NA	E017-H3K9me1.narrowPeak	1	209146
1	344	roadmap_epigenomics	0	0.47565780451827	2118	297	559	555	559	470	3211	1624	1171	roadmap_epigenomics	NA	NA	NA	NA	NA	E032-DNase.hotspot.all.peaks.bed	1	81799
1	435	roadmap_epigenomics	0	0.460347900613908	2172	297	605	509	605	470	3288	1570	1094	roadmap_epigenomics	NA	NA	NA	NA	NA	E046-DNase.hotspot.all.peaks.bed	1	88265
1	470	roadmap_epigenomics	0	0.316812850749816	2767	297	1058	55	1058	470	3942	975	440	roadmap_epigenomics H3K4me1	NA	NA	H3K4me1	NA	NA	E050-H3K4me1.narrowPeak	1	180375
1	117	roadmap_epigenomics	0	0.591298299860079	1741	297	353	764	764	471	2609	2001	1773	roadmap_epigenomics H2BK12ac	NA	NA	H2BK12ac	NA	NA	E007-H2BK12ac.narrowPeak	1	126786
1	253	roadmap_epigenomics	0	0.35631297660636	2586	297	977	140	977	471	3780	1156	602	roadmap_epigenomics H3K9ac	NA	NA	H3K9ac	NA	NA	E018-H3K9ac.narrowPeak	1	148075
1	331	roadmap_epigenomics	0	0.373591785299877	2536	297	934	183	934	471	3721	1206	661	roadmap_epigenomics H3K4me1	NA	NA	H3K4me1	NA	NA	E029-H3K4me1.narrowPeak	1	142027
1	2	roadmap_epigenomics	0	0.559225446530873	1799	297	383	737	737	472	2732	1943	1650	roadmap_epigenomics H3K36me3	NA	NA	H3K36me3	NA	NA	E001-H3K36me3.narrowPeak	1	187250
1	165	roadmap_epigenomics	0	0.606596530233416	1700	297	334	784	784	472	2535	2042	1847	roadmap_epigenomics H4K91ac	NA	NA	H4K91ac	NA	NA	E008-H4K91ac.narrowPeak	1	81358
1	294	roadmap_epigenomics	0	0.488655640338261	2039	297	508	610	610	472	3112	1703	1270	roadmap_epigenomics H3K36me3	NA	NA	H3K36me3	NA	NA	E024-H3K36me3.narrowPeak	1	291581
1	448	roadmap_epigenomics	0	0.466293040597749	2143	297	588	531	588	472	3251	1599	1131	roadmap_epigenomics H3K4me3	NA	NA	H3K4me3	NA	NA	E047-H3K4me3.narrowPeak	1	39614
1	498	roadmap_epigenomics	0	0.442402690185082	2244	297	667	451	667	472	3383	1498	999	roadmap_epigenomics	NA	NA	NA	NA	NA	E055-DNase.hotspot.all.peaks.bed	1	120443
1	916	roadmap_epigenomics	0	0.298521062297537	2831	297	1081	37	1081	472	3998	911	384	roadmap_epigenomics H3K4me1	NA	NA	H3K4me1	NA	NA	E113-H3K4me1.narrowPeak	1	347200
1	1020	roadmap_epigenomics	0	0.406670803569232	2401	297	819	299	819	472	3571	1341	811	roadmap_epigenomics H3K4me2	NA	NA	H3K4me2	NA	NA	E122-H3K4me2.narrowPeak	1	99492
1	75	roadmap_epigenomics	0	0.497168593211696	1973	297	480	642	642	473	3031	1769	1351	roadmap_epigenomics H3K27ac	NA	NA	H3K27ac	NA	NA	E005-H3K27ac.narrowPeak	1	123614
1	125	roadmap_epigenomics	0	0.501343318115167	1953	297	472	650	650	473	3003	1789	1379	roadmap_epigenomics H3K36me3	NA	NA	H3K36me3	NA	NA	E007-H3K36me3.narrowPeak	1	177693
1	304	roadmap_epigenomics	0	0.486264673862001	2052	297	519	602	602	473	3129	1690	1253	roadmap_epigenomics H3K27ac	NA	NA	H3K27ac	NA	NA	E026-H3K27ac.narrowPeak	1	107716
1	27	roadmap_epigenomics	0	0.459776709966606	2162	297	606	519	606	474	3280	1580	1102	roadmap_epigenomics H3K27ac	NA	NA	H3K27ac	NA	NA	E003-H3K27ac.narrowPeak	1	166837
1	151	roadmap_epigenomics	0	0.454161599781379	2182	297	626	499	626	474	3308	1560	1074	roadmap_epigenomics H3K36me3	NA	NA	H3K36me3	NA	NA	E008-H3K36me3.narrowPeak	1	287294
1	500	roadmap_epigenomics	0	0.286800083104352	2858	297	1096	28	1096	474	4025	884	357	roadmap_epigenomics	NA	NA	NA	NA	NA	E055-DNase.macs2.narrowPeak	1	447741
1	9	roadmap_epigenomics	0	0.622473387173508	1643	297	322	807	807	475	2441	2099	1941	roadmap_epigenomics H3K4me1	NA	NA	H3K4me1	NA	NA	E002-H3K4me1.narrowPeak	1	155088
1	1045	roadmap_epigenomics	0	0.345608843950378	2623	297	1007	120	1007	475	3819	1119	563	roadmap_epigenomics H3K4me1	NA	NA	H3K4me1	NA	NA	E124-H3K4me1.narrowPeak	1	127405
1	89	roadmap_epigenomics	0	0.474055458480142	2101	297	566	564	566	476	3198	1641	1184	roadmap_epigenomics	NA	NA	NA	NA	NA	E006-DNase.hotspot.all.peaks.bed	1	102198
1	152	roadmap_epigenomics	0	0.550959896729723	1796	297	390	740	740	476	2744	1946	1638	roadmap_epigenomics H3K4ac	NA	NA	H3K4ac	NA	NA	E008-H3K4ac.narrowPeak	1	70510
1	153	roadmap_epigenomics	0	0.650742605871539	1611	297	305	826	826	476	2355	2131	2027	roadmap_epigenomics H3K4me1	NA	NA	H3K4me1	NA	NA	E008-H3K4me1.narrowPeak	1	135771
1	332	roadmap_epigenomics	0	0.487759713302448	2026	297	512	618	618	476	3101	1716	1281	roadmap_epigenomics H3K4me3	NA	NA	H3K4me3	NA	NA	E029-H3K4me3.narrowPeak	1	29579
1	377	roadmap_epigenomics	0	0.335462366047918	2637	297	1024	110	1024	477	3842	1105	540	roadmap_epigenomics H3K4me1	NA	NA	H3K4me1	NA	NA	E036-H3K4me1.narrowPeak	1	232778
1	822	roadmap_epigenomics	0	0.447369120767566	2192	297	647	488	647	477	3329	1550	1053	roadmap_epigenomics H3K4me3	NA	NA	H3K4me3	NA	NA	E099-H3K4me3.narrowPeak	1	38242
1	42	roadmap_epigenomics	0	0.634967857751981	1618	297	315	823	823	478	2390	2124	1992	roadmap_epigenomics H4K91ac	NA	NA	H4K91ac	NA	NA	E003-H4K91ac.narrowPeak	1	106820
1	61	roadmap_epigenomics	0	0.422444267782474	2319	297	749	389	749	478	3480	1423	902	roadmap_epigenomics H3K9ac	NA	NA	H3K9ac	NA	NA	E004-H3K9ac.narrowPeak	1	93600
1	123	roadmap_epigenomics	0	0.523341698581857	1860	297	434	702	702	478	2865	1882	1517	roadmap_epigenomics H3K27ac	NA	NA	H3K27ac	NA	NA	E007-H3K27ac.narrowPeak	1	78132
1	359	roadmap_epigenomics	0	0.461451897161427	2140	297	603	534	603	478	3257	1602	1125	roadmap_epigenomics H3K4me3	NA	NA	H3K4me3	NA	NA	E033-H3K4me3.narrowPeak	1	42864
1	415	roadmap_epigenomics	0	0.443435946541667	2216	297	664	472	664	478	3357	1526	1025	roadmap_epigenomics H3K4me3	NA	NA	H3K4me3	NA	NA	E042-H3K4me3.narrowPeak	1	58292
1	882	roadmap_epigenomics	0	0.386568844065317	2472	297	899	238	899	478	3656	1270	726	roadmap_epigenomics H3K4me3	NA	NA	H3K4me3	NA	NA	E108-H3K4me3.narrowPeak	1	92210
1	966	roadmap_epigenomics	0	0.301962110567838	2762	297	1078	59	1078	478	3958	980	424	roadmap_epigenomics	NA	NA	NA	NA	NA	E118-DNase.macs2.narrowPeak	1	277975
1	239	roadmap_epigenomics	0	0.502508608468275	1913	297	470	669	669	479	2960	1829	1422	roadmap_epigenomics H3K56ac	NA	NA	H3K56ac	NA	NA	E017-H3K56ac.narrowPeak	1	109751
1	307	roadmap_epigenomics	0	0.390908053501907	2458	297	885	254	885	479	3639	1284	743	roadmap_epigenomics H3K4me1	NA	NA	H3K4me1	NA	NA	E026-H3K4me1.narrowPeak	1	233572
1	801	roadmap_epigenomics	0	0.401872833425941	2396	297	836	305	836	479	3575	1346	807	roadmap_epigenomics	NA	NA	NA	NA	NA	E097-DNase.hotspot.fdr0.01.peaks.bed	1	154095
1	980	roadmap_epigenomics	0	0.482029582926492	2047	297	533	607	607	479	3132	1695	1250	roadmap_epigenomics H3K27ac	NA	NA	H3K27ac	NA	NA	E119-H3K27ac.narrowPeak	1	94592
1	102	roadmap_epigenomics	0	0.391121601955199	2453	297	883	259	883	480	3635	1289	747	roadmap_epigenomics H3K36me3	NA	NA	H3K36me3	NA	NA	E006-H3K36me3.narrowPeak	1	368481
1	230	roadmap_epigenomics	0	0.487500693184687	2000	297	514	630	630	480	3076	1742	1306	roadmap_epigenomics H3K18ac	NA	NA	H3K18ac	NA	NA	E017-H3K18ac.narrowPeak	1	266971
1	313	roadmap_epigenomics	0	0.309585769034953	2721	297	1067	76	1067	480	3926	1021	456	roadmap_epigenomics H3K4me1	NA	NA	H3K4me1	NA	NA	E027-H3K4me1.narrowPeak	1	374655
1	741	roadmap_epigenomics	0	0.443885336284146	2202	297	661	481	661	480	3344	1540	1038	roadmap_epigenomics H3K4me3	NA	NA	H3K4me3	NA	NA	E089-H3K4me3.narrowPeak	1	32241
1	985	roadmap_epigenomics	0	0.435516457428437	2251	297	704	440	704	480	3401	1491	981	roadmap_epigenomics H3K4me3	NA	NA	H3K4me3	NA	NA	E119-H3K4me3.narrowPeak	1	41290
1	262	roadmap_epigenomics	0	0.490289504480733	1958	297	500	647	647	481	3029	1784	1353	roadmap_epigenomics H3K27ac	NA	NA	H3K27ac	NA	NA	E020-H3K27ac.narrowPeak	1	100851
1	368	roadmap_epigenomics	0	0.456947567593977	2142	297	614	532	614	481	3267	1600	1115	roadmap_epigenomics H3K4me3	NA	NA	H3K4me3	NA	NA	E034-H3K4me3.narrowPeak	1	37067
1	730	roadmap_epigenomics	0	0.35522670008102	2556	297	985	162	985	481	3762	1186	620	roadmap_epigenomics H3K4me1	NA	NA	H3K4me1	NA	NA	E088-H3K4me1.narrowPeak	1	291610
1	826	roadmap_epigenomics	0	0.230277109853749	2839	297	1115	32	1115	481	4083	903	299	roadmap_epigenomics	NA	NA	NA	NA	NA	E100-DNase.macs2.narrowPeak	1	441628
1	890	roadmap_epigenomics	0	0.537254552556882	1810	297	419	728	728	481	2785	1932	1597	roadmap_epigenomics H3K36me3	NA	NA	H3K36me3	NA	NA	E109-H3K36me3.narrowPeak	1	171676
1	346	roadmap_epigenomics	0	0.276671323877716	2794	297	1102	48	1102	482	4006	948	376	roadmap_epigenomics	NA	NA	NA	NA	NA	E032-DNase.macs2.narrowPeak	1	359211
1	732	roadmap_epigenomics	0	0.422685763561682	2306	297	748	400	748	482	3469	1436	913	roadmap_epigenomics H3K9ac	NA	NA	H3K9ac	NA	NA	E088-H3K9ac.narrowPeak	1	113769
1	755	roadmap_epigenomics	0	0.469820939678923	2097	297	576	572	576	482	3202	1645	1180	roadmap_epigenomics H3K27ac	NA	NA	H3K27ac	NA	NA	E091-H3K27ac.narrowPeak	1	113281
1	790	roadmap_epigenomics	0	0.519868665266728	1850	297	438	711	711	482	2861	1892	1521	roadmap_epigenomics H3K36me3	NA	NA	H3K36me3	NA	NA	E095-H3K36me3.narrowPeak	1	283237
1	802	roadmap_epigenomics	0	0.246616300949588	2829	297	1111	38	1111	482	4059	913	323	roadmap_epigenomics	NA	NA	NA	NA	NA	E097-DNase.macs2.narrowPeak	1	492363
1	363	roadmap_epigenomics	0	0.263711502907367	2800	297	1106	46	1106	483	4025	942	357	roadmap_epigenomics	NA	NA	NA	NA	NA	E034-DNase.macs2.narrowPeak	1	416560
1	707	roadmap_epigenomics	0	0.406694426262357	2370	297	818	333	818	483	3547	1372	835	roadmap_epigenomics H3K4me3	NA	NA	H3K4me3	NA	NA	E085-H3K4me3.narrowPeak	1	43543
1	869	roadmap_epigenomics	0	0.442348257793016	2200	297	668	484	668	483	3345	1542	1037	roadmap_epigenomics H3K4me1	NA	NA	H3K4me1	NA	NA	E106-H3K4me1.narrowPeak	1	133631
1	267	roadmap_epigenomics	0	0.396884921068318	2405	297	860	296	860	484	3590	1337	792	roadmap_epigenomics H3K9ac	NA	NA	H3K9ac	NA	NA	E020-H3K9ac.narrowPeak	1	108554
1	477	roadmap_epigenomics	0	0.500114699949619	1893	297	474	680	680	484	2944	1849	1438	roadmap_epigenomics H3K36me3	NA	NA	H3K36me3	NA	NA	E051-H3K36me3.narrowPeak	1	355912
1	555	roadmap_epigenomics	0	0.290096765539101	2754	297	1093	62	1093	484	3969	988	413	roadmap_epigenomics H3K4me1	NA	NA	H3K4me1	NA	NA	E063-H3K4me1.narrowPeak	1	260722
1	1058	roadmap_epigenomics	0	0.347347504891712	2578	297	1004	150	1004	484	3788	1164	594	roadmap_epigenomics H3K4me2	NA	NA	H3K4me2	NA	NA	E125-H3K4me2.narrowPeak	1	125847
1	237	roadmap_epigenomics	0	0.367406317670416	2515	297	954	203	954	485	3716	1227	666	roadmap_epigenomics H3K4me2	NA	NA	H3K4me2	NA	NA	E017-H3K4me2.narrowPeak	1	177688
1	351	roadmap_epigenomics	0	0.474494564837908	2069	297	562	595	595	485	3167	1673	1215	roadmap_epigenomics H3K4me3	NA	NA	H3K4me3	NA	NA	E032-H3K4me3.narrowPeak	1	31423
1	358	roadmap_epigenomics	0	0.478503000276518	2035	297	546	612	612	485	3127	1707	1255	roadmap_epigenomics H3K4me1	NA	NA	H3K4me1	NA	NA	E033-H3K4me1.narrowPeak	1	131462
1	390	roadmap_epigenomics	0	0.451797499211002	2156	297	635	522	635	485	3289	1586	1093	roadmap_epigenomics H3K4me3	NA	NA	H3K4me3	NA	NA	E038-H3K4me3.narrowPeak	1	51910
1	664	roadmap_epigenomics	0	0.426138628133738	2278	297	737	421	737	485	3440	1464	942	roadmap_epigenomics H3K4me3	NA	NA	H3K4me3	NA	NA	E080-H3K4me3.narrowPeak	1	34321
1	680	roadmap_epigenomics	0	0.415990730062894	2324	297	779	379	779	485	3495	1418	887	roadmap_epigenomics H3K4me3	NA	NA	H3K4me3	NA	NA	E082-H3K4me3.narrowPeak	1	40821
1	216	roadmap_epigenomics	0	0.411481767245318	2342	297	799	361	799	486	3517	1400	865	roadmap_epigenomics H3K9ac	NA	NA	H3K9ac	NA	NA	E016-H3K9ac.narrowPeak	1	82706
1	401	roadmap_epigenomics	0	0.639701801283397	1527	297	310	852	852	486	2273	2215	2109	roadmap_epigenomics H3K36me3	NA	NA	H3K36me3	NA	NA	E040-H3K36me3.narrowPeak	1	157464
1	857	roadmap_epigenomics	0	0.422043924730935	2290	297	752	410	752	486	3457	1452	925	roadmap_epigenomics H3K4me1	NA	NA	H3K4me1	NA	NA	E104-H3K4me1.narrowPeak	1	271842
1	187	roadmap_epigenomics	0	0.512426872034873	1845	297	449	715	715	487	2870	1897	1512	roadmap_epigenomics H3K36me3	NA	NA	H3K36me3	NA	NA	E012-H3K36me3.narrowPeak	1	226301
1	561	roadmap_epigenomics	0	0.633689255227484	1535	297	316	849	849	487	2293	2207	2089	roadmap_epigenomics H3K36me3	NA	NA	H3K36me3	NA	NA	E065-H3K36me3.narrowPeak	1	104024
1	777	roadmap_epigenomics	0	0.441583441370027	2187	297	672	492	672	487	3335	1555	1047	roadmap_epigenomics H3K4me3	NA	NA	H3K4me3	NA	NA	E093-H3K4me3.narrowPeak	1	37401
1	1107	roadmap_epigenomics	0	0.396854091064817	2397	297	861	304	861	487	3584	1345	798	roadmap_epigenomics H3K4me3	NA	NA	H3K4me3	NA	NA	E129-H3K4me3.narrowPeak	1	73663
1	191	roadmap_epigenomics	0	0.4794524786427	2009	297	542	625	625	488	3100	1733	1282	roadmap_epigenomics H3K27ac	NA	NA	H3K27ac	NA	NA	E013-H3K27ac.narrowPeak	1	139221
1	350	roadmap_epigenomics	0	0.322731368427353	2615	297	1045	123	1045	488	3847	1127	535	roadmap_epigenomics H3K4me1	NA	NA	H3K4me1	NA	NA	E032-H3K4me1.narrowPeak	1	167617
1	698	roadmap_epigenomics	0	0.412345553779252	2330	297	794	372	794	488	3506	1412	876	roadmap_epigenomics H3K4me3	NA	NA	H3K4me3	NA	NA	E084-H3K4me3.narrowPeak	1	40136
1	714	roadmap_epigenomics	0	0.571914805817838	1675	297	373	794	794	488	2569	2067	1813	roadmap_epigenomics H3K4me1	NA	NA	H3K4me1	NA	NA	E086-H3K4me1.narrowPeak	1	91722
1	904	roadmap_epigenomics	0	0.374396271492517	2476	297	932	235	932	488	3678	1266	704	roadmap_epigenomics H3K4me3	NA	NA	H3K4me3	NA	NA	E111-H3K4me3.narrowPeak	1	90969
1	384	roadmap_epigenomics	0	0.454414119093132	2127	297	624	546	624	489	3258	1615	1124	roadmap_epigenomics H3K4me3	NA	NA	H3K4me3	NA	NA	E037-H3K4me3.narrowPeak	1	49554
1	697	roadmap_epigenomics	0	0.332263618809495	2587	297	1032	138	1032	489	3816	1155	566	roadmap_epigenomics H3K4me1	NA	NA	H3K4me1	NA	NA	E084-H3K4me1.narrowPeak	1	247694
1	285	roadmap_epigenomics	0	0.377772013272078	2461	297	925	249	925	490	3662	1281	720	roadmap_epigenomics H3K4me3	NA	NA	H3K4me3	NA	NA	E022-H3K4me3.narrowPeak	1	75387
1	840	roadmap_epigenomics	0	0.428379564182078	2248	297	729	444	729	490	3411	1494	971	roadmap_epigenomics H3K27ac	NA	NA	H3K27ac	NA	NA	E102-H3K27ac.narrowPeak	1	127503
1	1021	roadmap_epigenomics	0	0.437185978546353	2202	297	691	481	691	490	3356	1540	1026	roadmap_epigenomics H3K4me3	NA	NA	H3K4me3	NA	NA	E122-H3K4me3.narrowPeak	1	43730
1	118	roadmap_epigenomics	0	0.608766752991611	1551	297	332	844	844	491	2356	2191	2026	roadmap_epigenomics H2BK15ac	NA	NA	H2BK15ac	NA	NA	E007-H2BK15ac.narrowPeak	1	91360
1	361	roadmap_epigenomics	0	0.458414401101097	2098	297	608	569	608	491	3224	1644	1158	roadmap_epigenomics	NA	NA	NA	NA	NA	E034-DNase.hotspot.all.peaks.bed	1	81127
1	446	roadmap_epigenomics	0	0.603044230373124	1570	297	337	840	840	491	2389	2172	1993	roadmap_epigenomics H3K36me3	NA	NA	H3K36me3	NA	NA	E047-H3K36me3.narrowPeak	1	150951
1	545	roadmap_epigenomics	0	0.528051098644346	1781	297	428	747	747	491	2771	1961	1611	roadmap_epigenomics H3K27ac	NA	NA	H3K27ac	NA	NA	E062-H3K27ac.narrowPeak	1	51862
1	663	roadmap_epigenomics	0	0.261805375648927	2748	297	1108	68	1108	491	4003	994	379	roadmap_epigenomics H3K4me1	NA	NA	H3K4me1	NA	NA	E080-H3K4me1.narrowPeak	1	279457
1	33	roadmap_epigenomics	0	0.414211560152872	2314	297	785	394	785	492	3490	1428	892	roadmap_epigenomics H3K4me3	NA	NA	H3K4me3	NA	NA	E003-H3K4me3.narrowPeak	1	42133
1	1105	roadmap_epigenomics	0	0.356191757615543	2519	297	978	201	978	492	3736	1223	646	roadmap_epigenomics H3K4me1	NA	NA	H3K4me1	NA	NA	E129-H3K4me1.narrowPeak	1	237110
1	409	roadmap_epigenomics	0	0.420524105963438	2271	297	755	427	755	493	3444	1471	938	roadmap_epigenomics H3K4me3	NA	NA	H3K4me3	NA	NA	E041-H3K4me3.narrowPeak	1	57727
1	791	roadmap_epigenomics	0	0.399314934477155	2367	297	847	336	847	493	3557	1375	825	roadmap_epigenomics H3K4me1	NA	NA	H3K4me1	NA	NA	E095-H3K4me1.narrowPeak	1	268306
1	441	roadmap_epigenomics	0	0.314163847780633	2609	297	1061	125	1061	494	3856	1133	526	roadmap_epigenomics H3K4me1	NA	NA	H3K4me1	NA	NA	E046-H3K4me1.narrowPeak	1	167778
1	378	roadmap_epigenomics	0	0.411766962041906	2315	297	798	391	798	495	3495	1427	887	roadmap_epigenomics H3K4me3	NA	NA	H3K4me3	NA	NA	E036-H3K4me3.narrowPeak	1	56252
1	860	roadmap_epigenomics	0	0.264694555811115	2692	297	1105	84	1105	495	3972	1050	410	roadmap_epigenomics H3K27ac	NA	NA	H3K27ac	NA	NA	E105-H3K27ac.narrowPeak	1	294261
1	911	roadmap_epigenomics	0	0.439151894528463	2174	297	682	507	682	495	3328	1568	1054	roadmap_epigenomics H3K4me3	NA	NA	H3K4me3	NA	NA	E112-H3K4me3.narrowPeak	1	28758
1	1049	roadmap_epigenomics	0	0.402053493478478	2351	297	835	352	835	495	3540	1391	842	roadmap_epigenomics H3K9ac	NA	NA	H3K9ac	NA	NA	E124-H3K9ac.narrowPeak	1	72690
1	371	roadmap_epigenomics	0	0.592398466062325	1563	297	351	842	842	497	2400	2179	1982	roadmap_epigenomics H3K36me3	NA	NA	H3K36me3	NA	NA	E035-H3K36me3.narrowPeak	1	184716
1	388	roadmap_epigenomics	0	0.588332272254381	1571	297	355	838	838	497	2417	2171	1965	roadmap_epigenomics H3K36me3	NA	NA	H3K36me3	NA	NA	E038-H3K36me3.narrowPeak	1	143872
1	484	roadmap_epigenomics	0	0.356135037785879	2501	297	979	215	979	497	3724	1241	658	roadmap_epigenomics H3K4me2	NA	NA	H3K4me2	NA	NA	E052-H3K4me2.narrowPeak	1	119840
1	706	roadmap_epigenomics	0	0.304697163856478	2616	297	1073	122	1073	497	3874	1126	508	roadmap_epigenomics H3K4me1	NA	NA	H3K4me1	NA	NA	E085-H3K4me1.narrowPeak	1	285846
1	758	roadmap_epigenomics	0	0.308250014213768	2606	297	1069	126	1069	497	3863	1136	519	roadmap_epigenomics H3K4me1	NA	NA	H3K4me1	NA	NA	E091-H3K4me1.narrowPeak	1	214541
1	1011	roadmap_epigenomics	0	0.440477059598049	2162	297	674	519	674	497	3315	1580	1067	roadmap_epigenomics H3K9ac	NA	NA	H3K9ac	NA	NA	E121-H3K9ac.narrowPeak	1	104079
1	282	roadmap_epigenomics	0	0.655597039155302	1404	297	302	895	895	498	2095	2338	2287	roadmap_epigenomics H3K27me3	NA	NA	H3K27me3	NA	NA	E022-H3K27me3.narrowPeak	1	68203
1	568	roadmap_epigenomics	0	0.292426507733942	2643	297	1089	108	1089	498	3907	1099	475	roadmap_epigenomics H3K4me1	NA	NA	H3K4me1	NA	NA	E066-H3K4me1.narrowPeak	1	233359
1	800	roadmap_epigenomics	0	0.445757948629668	2127	297	652	546	652	498	3274	1615	1108	roadmap_epigenomics	NA	NA	NA	NA	NA	E097-DNase.hotspot.all.peaks.bed	1	99584
1	87	roadmap_epigenomics	0	0.367585542007426	2462	297	953	248	953	499	3679	1280	703	roadmap_epigenomics H4K8ac	NA	NA	H4K8ac	NA	NA	E005-H4K8ac.narrowPeak	1	197762
1	100	roadmap_epigenomics	0	0.48142604646364	1929	297	536	663	663	499	3017	1813	1365	roadmap_epigenomics H3K27ac	NA	NA	H3K27ac	NA	NA	E006-H3K27ac.narrowPeak	1	144157
1	238	roadmap_epigenomics	0	0.419071102052196	2251	297	761	440	761	499	3430	1491	952	roadmap_epigenomics H3K4me3	NA	NA	H3K4me3	NA	NA	E017-H3K4me3.narrowPeak	1	42408
1	491	roadmap_epigenomics	0	0.416233927431643	2274	297	776	425	776	499	3454	1468	928	roadmap_epigenomics H3K4me3	NA	NA	H3K4me3	NA	NA	E053-H3K4me3.narrowPeak	1	36677
1	204	roadmap_epigenomics	0	0.480908395006782	1927	297	538	665	665	500	3016	1815	1366	roadmap_epigenomics H3K27ac	NA	NA	H3K27ac	NA	NA	E015-H3K27ac.narrowPeak	1	106159
1	337	roadmap_epigenomics	0	0.436413413066	2174	297	696	507	696	500	3333	1568	1049	roadmap_epigenomics H3K4me3	NA	NA	H3K4me3	NA	NA	E030-H3K4me3.narrowPeak	1	53793
1	455	roadmap_epigenomics	0	0.444681867637683	2127	297	657	546	657	500	3276	1615	1106	roadmap_epigenomics H3K4me3	NA	NA	H3K4me3	NA	NA	E048-H3K4me3.narrowPeak	1	54009
1	111	roadmap_epigenomics	0	0.354410279680525	2494	297	987	220	987	501	3722	1248	660	roadmap_epigenomics H4K91ac	NA	NA	H4K91ac	NA	NA	E006-H4K91ac.narrowPeak	1	234539
1	185	roadmap_epigenomics	0	0.464277403346407	2032	297	593	614	614	501	3151	1710	1231	roadmap_epigenomics H3K27ac	NA	NA	H3K27ac	NA	NA	E012-H3K27ac.narrowPeak	1	157402
1	641	roadmap_epigenomics	0	0.290976901166646	2630	297	1091	114	1091	501	3902	1112	480	roadmap_epigenomics H3K4me1	NA	NA	H3K4me1	NA	NA	E077-H3K4me1.narrowPeak	1	231713
1	863	roadmap_epigenomics	0	0.303156088751529	2598	297	1077	130	1077	501	3866	1144	516	roadmap_epigenomics H3K4me1	NA	NA	H3K4me1	NA	NA	E105-H3K4me1.narrowPeak	1	309072
1	367	roadmap_epigenomics	0	0.282601167885201	2633	297	1099	111	1099	502	3916	1109	466	roadmap_epigenomics H3K4me1	NA	NA	H3K4me1	NA	NA	E034-H3K4me1.narrowPeak	1	198110
1	524	roadmap_epigenomics	0	0.41136059611719	2293	297	800	408	800	502	3478	1449	904	roadmap_epigenomics H3K27ac	NA	NA	H3K27ac	NA	NA	E058-H3K27ac.narrowPeak	1	155109
1	621	roadmap_epigenomics	0	0.363287192227037	2465	297	963	245	963	502	3688	1277	694	roadmap_epigenomics H3K4me1	NA	NA	H3K4me1	NA	NA	E074-H3K4me1.narrowPeak	1	266870
1	776	roadmap_epigenomics	0	0.285892237731842	2631	297	1097	113	1097	502	3910	1111	472	roadmap_epigenomics H3K4me1	NA	NA	H3K4me1	NA	NA	E093-H3K4me1.narrowPeak	1	250705
1	784	roadmap_epigenomics	0	0.436337440166148	2167	297	697	516	697	503	3327	1575	1055	roadmap_epigenomics H3K36me3	NA	NA	H3K36me3	NA	NA	E094-H3K36me3.narrowPeak	1	243020
1	59	roadmap_epigenomics	0	0.612653598018393	1432	297	328	887	887	504	2204	2310	2178	roadmap_epigenomics H3K79me1	NA	NA	H3K79me1	NA	NA	E004-H3K79me1.narrowPeak	1	133659
1	550	roadmap_epigenomics	0	0.339308489149596	2517	297	1014	202	1014	504	3761	1225	621	roadmap_epigenomics H3K9ac	NA	NA	H3K9ac	NA	NA	E062-H3K9ac.narrowPeak	1	142197
1	830	roadmap_epigenomics	0	0.447097895606462	2100	297	648	567	648	504	3247	1642	1135	roadmap_epigenomics H3K4me1	NA	NA	H3K4me1	NA	NA	E100-H3K4me1.narrowPeak	1	196301
1	1078	roadmap_epigenomics	0	0.450199662577288	2090	297	639	577	639	504	3232	1652	1150	roadmap_epigenomics H3K27ac	NA	NA	H3K27ac	NA	NA	E127-H3K27ac.narrowPeak	1	94902
1	60	roadmap_epigenomics	0	0.608461577219076	1434	297	333	885	885	505	2214	2308	2168	roadmap_epigenomics H3K79me2	NA	NA	H3K79me2	NA	NA	E004-H3K79me2.narrowPeak	1	172076
1	444	roadmap_epigenomics	0	0.488224397447004	1856	297	510	707	707	505	2929	1886	1453	roadmap_epigenomics H3K27ac	NA	NA	H3K27ac	NA	NA	E047-H3K27ac.narrowPeak	1	44461
1	767	roadmap_epigenomics	0	0.306469553905868	2579	297	1071	147	1071	505	3850	1163	532	roadmap_epigenomics H3K4me1	NA	NA	H3K4me1	NA	NA	E092-H3K4me1.narrowPeak	1	275943
1	1004	roadmap_epigenomics	0	0.453830825730263	2079	297	628	589	628	505	3215	1663	1167	roadmap_epigenomics H3K27ac	NA	NA	H3K27ac	NA	NA	E121-H3K27ac.narrowPeak	1	117985
1	1071	roadmap_epigenomics	0	0.44971211915134	2089	297	641	578	641	505	3232	1653	1150	roadmap_epigenomics H3K4me3	NA	NA	H3K4me3	NA	NA	E126-H3K4me3.narrowPeak	1	53066
1	543	roadmap_epigenomics	0	0.398777136567174	2331	297	851	371	851	506	3530	1411	852	roadmap_epigenomics H3K4me3	NA	NA	H3K4me3	NA	NA	E061-H3K4me3.narrowPeak	1	39368
1	896	roadmap_epigenomics	0	0.303574391579547	2580	297	1076	145	1076	506	3855	1162	527	roadmap_epigenomics H3K4me1	NA	NA	H3K4me1	NA	NA	E110-H3K4me1.narrowPeak	1	214877
1	453	roadmap_epigenomics	0	0.579039554504543	1514	297	367	856	856	507	2366	2228	2016	roadmap_epigenomics H3K36me3	NA	NA	H3K36me3	NA	NA	E048-H3K36me3.narrowPeak	1	130411
1	485	roadmap_epigenomics	0	0.39716402503041	2339	297	858	366	858	507	3539	1403	843	roadmap_epigenomics H3K4me3	NA	NA	H3K4me3	NA	NA	E052-H3K4me3.narrowPeak	1	77026
1	496	roadmap_epigenomics	0	0.38584921070262	2378	297	902	321	902	507	3588	1364	794	roadmap_epigenomics H3K4me3	NA	NA	H3K4me3	NA	NA	E054-H3K4me3.narrowPeak	1	59260
1	521	roadmap_epigenomics	0	0.370617517770258	2428	297	943	281	943	507	3650	1314	732	roadmap_epigenomics H3K4me1	NA	NA	H3K4me1	NA	NA	E057-H3K4me1.narrowPeak	1	212997
1	713	roadmap_epigenomics	0	0.59971288710587	1439	297	340	883	883	507	2236	2303	2146	roadmap_epigenomics H3K36me3	NA	NA	H3K36me3	NA	NA	E086-H3K36me3.narrowPeak	1	98059
1	782	roadmap_epigenomics	0	0.444396570869308	2101	297	659	564	659	507	3253	1641	1129	roadmap_epigenomics H3K27ac	NA	NA	H3K27ac	NA	NA	E094-H3K27ac.narrowPeak	1	98193
1	86	roadmap_epigenomics	0	0.308964714945931	2560	297	1068	158	1068	508	3835	1182	547	roadmap_epigenomics H4K12ac	NA	NA	H4K12ac	NA	NA	E005-H4K12ac.narrowPeak	1	157052
1	229	roadmap_epigenomics	0	0.475303261956543	1927	297	561	665	665	508	3027	1815	1355	roadmap_epigenomics H3K14ac	NA	NA	H3K14ac	NA	NA	E017-H3K14ac.narrowPeak	1	195264
1	397	roadmap_epigenomics	0	0.412163228302413	2264	297	795	432	795	508	3453	1478	929	roadmap_epigenomics H3K4me3	NA	NA	H3K4me3	NA	NA	E039-H3K4me3.narrowPeak	1	51115
1	483	roadmap_epigenomics	0	0.337520262932593	2508	297	1018	209	1018	508	3758	1234	624	roadmap_epigenomics H3K4me1	NA	NA	H3K4me1	NA	NA	E052-H3K4me1.narrowPeak	1	247579
1	670	roadmap_epigenomics	0	0.645852502515201	1344	297	307	919	919	508	2036	2398	2346	roadmap_epigenomics H3K36me3	NA	NA	H3K36me3	NA	NA	E081-H3K36me3.narrowPeak	1	55931
1	842	roadmap_epigenomics	0	0.487063561267403	1848	297	515	712	712	508	2923	1894	1459	roadmap_epigenomics H3K36me3	NA	NA	H3K36me3	NA	NA	E102-H3K36me3.narrowPeak	1	305308
1	1070	roadmap_epigenomics	0	0.383469767679891	2382	297	912	316	912	508	3595	1360	787	roadmap_epigenomics H3K4me2	NA	NA	H3K4me2	NA	NA	E126-H3K4me2.narrowPeak	1	115042
1	77	roadmap_epigenomics	0	0.439652419519646	2121	297	677	554	677	509	3280	1621	1102	roadmap_epigenomics H3K36me3	NA	NA	H3K36me3	NA	NA	E005-H3K36me3.narrowPeak	1	277210
1	142	roadmap_epigenomics	0	0.57811898655093	1487	297	368	862	862	509	2335	2255	2047	roadmap_epigenomics H2BK15ac	NA	NA	H2BK15ac	NA	NA	E008-H2BK15ac.narrowPeak	1	52204
1	340	roadmap_epigenomics	0	0.641249312167865	1341	297	309	920	920	509	2040	2401	2342	roadmap_epigenomics H3K36me3	NA	NA	H3K36me3	NA	NA	E031-H3K36me3.narrowPeak	1	119677
1	386	roadmap_epigenomics	0	0.473269687229833	1934	297	569	660	660	509	3038	1808	1344	roadmap_epigenomics H3K27ac	NA	NA	H3K27ac	NA	NA	E038-H3K27ac.narrowPeak	1	50328
1	510	roadmap_epigenomics	0	0.178226156030444	2641	297	1121	109	1121	509	4079	1101	303	roadmap_epigenomics H3K27ac	NA	NA	H3K27ac	NA	NA	E056-H3K27ac.narrowPeak	1	271197
1	528	roadmap_epigenomics	0	0.366524853266807	2434	297	955	276	955	509	3661	1308	721	roadmap_epigenomics H3K4me3	NA	NA	H3K4me3	NA	NA	E058-H3K4me3.narrowPeak	1	45445
1	582	roadmap_epigenomics	0	0.322596534570975	2534	297	1046	185	1046	509	3798	1208	584	roadmap_epigenomics H3K4me1	NA	NA	H3K4me1	NA	NA	E068-H3K4me1.narrowPeak	1	279154
1	997	roadmap_epigenomics	0	0.407565088047216	2286	297	815	414	815	509	3479	1456	903	roadmap_epigenomics H3K4me3	NA	NA	H3K4me3	NA	NA	E120-H3K4me3.narrowPeak	1	47100
1	189	roadmap_epigenomics	0	0.398628504685854	2323	297	853	380	853	510	3524	1419	858	roadmap_epigenomics H3K4me3	NA	NA	H3K4me3	NA	NA	E012-H3K4me3.narrowPeak	1	42211
1	391	roadmap_epigenomics	0	0.43836530131558	2125	297	683	550	683	510	3286	1617	1096	roadmap_epigenomics H3K9ac	NA	NA	H3K9ac	NA	NA	E038-H3K9ac.narrowPeak	1	68708
1	1057	roadmap_epigenomics	0	0.331575597117271	2523	297	1035	199	1035	510	3777	1219	605	roadmap_epigenomics H3K4me1	NA	NA	H3K4me1	NA	NA	E125-H3K4me1.narrowPeak	1	233552
1	255	roadmap_epigenomics	0	0.544903201056644	1578	297	401	835	835	511	2508	2164	1874	roadmap_epigenomics H3K27ac	NA	NA	H3K27ac	NA	NA	E019-H3K27ac.narrowPeak	1	53191
1	347	roadmap_epigenomics	0	0.489829687592265	1800	297	501	735	735	511	2867	1942	1515	roadmap_epigenomics H3K27ac	NA	NA	H3K27ac	NA	NA	E032-H3K27ac.narrowPeak	1	65724
1	504	roadmap_epigenomics	0	0.20314731161284	2624	297	1118	117	1118	511	4033	1118	349	roadmap_epigenomics H3K4me1	NA	NA	H3K4me1	NA	NA	E055-H3K4me1.narrowPeak	1	338865
1	992	roadmap_epigenomics	0	0.478076722431523	1882	297	547	690	690	511	2976	1860	1406	roadmap_epigenomics H3K27ac	NA	NA	H3K27ac	NA	NA	E120-H3K27ac.narrowPeak	1	89677
1	994	roadmap_epigenomics	0	0.577548750578215	1473	297	369	866	866	511	2319	2269	2063	roadmap_epigenomics H3K36me3	NA	NA	H3K36me3	NA	NA	E120-H3K36me3.narrowPeak	1	156848
1	1007	roadmap_epigenomics	0	0.385545205085568	2368	297	903	334	903	511	3581	1374	801	roadmap_epigenomics H3K4me1	NA	NA	H3K4me1	NA	NA	E121-H3K4me1.narrowPeak	1	248336
1	601	roadmap_epigenomics	0	0.29462106140085	2577	297	1087	151	1087	512	3867	1165	515	roadmap_epigenomics H3K4me1	NA	NA	H3K4me1	NA	NA	E071-H3K4me1.narrowPeak	1	226083
1	843	roadmap_epigenomics	0	0.318779076052473	2534	297	1055	185	1055	512	3804	1208	578	roadmap_epigenomics H3K4me1	NA	NA	H3K4me1	NA	NA	E102-H3K4me1.narrowPeak	1	236074
1	1096	roadmap_epigenomics	0	0.43724276571161	2126	297	690	549	690	512	3289	1616	1093	roadmap_epigenomics H3K4me3	NA	NA	H3K4me3	NA	NA	E128-H3K4me3.narrowPeak	1	38014
1	421	roadmap_epigenomics	0	0.409101790208919	2261	297	807	436	807	513	3456	1481	926	roadmap_epigenomics H3K4me3	NA	NA	H3K4me3	NA	NA	E043-H3K4me3.narrowPeak	1	41721
1	671	roadmap_epigenomics	0	0.364129288605498	2427	297	960	282	960	513	3660	1315	722	roadmap_epigenomics H3K4me1	NA	NA	H3K4me1	NA	NA	E081-H3K4me1.narrowPeak	1	160582
1	881	roadmap_epigenomics	0	0.241001574543445	2605	297	1114	127	1114	513	3965	1137	417	roadmap_epigenomics H3K4me1	NA	NA	H3K4me1	NA	NA	E108-H3K4me1.narrowPeak	1	272216
1	372	roadmap_epigenomics	0	0.375188271653388	2382	297	929	316	929	514	3609	1360	773	roadmap_epigenomics H3K4me1	NA	NA	H3K4me1	NA	NA	E035-H3K4me1.narrowPeak	1	126220
1	501	roadmap_epigenomics	0	0.215164822235385	2603	297	1117	129	1117	514	4005	1139	377	roadmap_epigenomics H3K27ac	NA	NA	H3K27ac	NA	NA	E055-H3K27ac.narrowPeak	1	274023
1	660	roadmap_epigenomics	0	0.407670105814776	2264	297	814	432	814	514	3461	1478	921	roadmap_epigenomics H3K27ac	NA	NA	H3K27ac	NA	NA	E080-H3K27ac.narrowPeak	1	158539
1	596	roadmap_epigenomics	0	0.402575512326111	2285	297	834	415	834	515	3487	1457	895	roadmap_epigenomics H3K4me3	NA	NA	H3K4me3	NA	NA	E070-H3K4me3.narrowPeak	1	41846
1	1016	roadmap_epigenomics	0	0.4697416168211	1913	297	578	669	669	515	3024	1829	1358	roadmap_epigenomics H3K27ac	NA	NA	H3K27ac	NA	NA	E122-H3K27ac.narrowPeak	1	71491
1	180	roadmap_epigenomics	0	0.492618213879121	1766	297	494	756	756	516	2825	1976	1557	roadmap_epigenomics H3K36me3	NA	NA	H3K36me3	NA	NA	E011-H3K36me3.narrowPeak	1	271169
1	382	roadmap_epigenomics	0	0.614684177755597	1322	297	326	926	926	516	2062	2420	2320	roadmap_epigenomics H3K36me3	NA	NA	H3K36me3	NA	NA	E037-H3K36me3.narrowPeak	1	97050
1	427	roadmap_epigenomics	0	0.405136995299849	2272	297	824	426	824	516	3472	1470	910	roadmap_epigenomics H3K4me3	NA	NA	H3K4me3	NA	NA	E044-H3K4me3.narrowPeak	1	48938
1	875	roadmap_epigenomics	0	0.372676371240501	2383	297	937	315	937	516	3614	1359	768	roadmap_epigenomics H3K4me3	NA	NA	H3K4me3	NA	NA	E107-H3K4me3.narrowPeak	1	80526
1	1033	roadmap_epigenomics	0	0.383626529318906	2361	297	910	342	910	516	3579	1381	803	roadmap_epigenomics H3K4me2	NA	NA	H3K4me2	NA	NA	E123-H3K4me2.narrowPeak	1	93300
1	224	roadmap_epigenomics	0	0.519772919215578	1626	297	439	816	816	517	2614	2116	1768	roadmap_epigenomics H2BK120ac	NA	NA	H2BK120ac	NA	NA	E017-H2BK120ac.narrowPeak	1	223563
1	420	roadmap_epigenomics	0	0.306123469392919	2539	297	1072	181	1072	517	3827	1203	555	roadmap_epigenomics H3K4me1	NA	NA	H3K4me1	NA	NA	E043-H3K4me1.narrowPeak	1	154217
1	749	roadmap_epigenomics	0	0.276812381182492	2572	297	1101	154	1101	517	3892	1170	490	roadmap_epigenomics H3K4me1	NA	NA	H3K4me1	NA	NA	E090-H3K4me1.narrowPeak	1	268484
1	169	roadmap_epigenomics	0	0.362355255967666	2420	297	968	289	968	518	3658	1322	724	roadmap_epigenomics H3K4me1	NA	NA	H3K4me1	NA	NA	E009-H3K4me1.narrowPeak	1	280630
1	357	roadmap_epigenomics	0	0.56744181726778	1454	297	378	879	879	518	2315	2288	2067	roadmap_epigenomics H3K36me3	NA	NA	H3K36me3	NA	NA	E033-H3K36me3.narrowPeak	1	134198
1	836	roadmap_epigenomics	0	0.317525155929732	2521	297	1057	200	1057	518	3798	1221	584	roadmap_epigenomics H3K4me1	NA	NA	H3K4me1	NA	NA	E101-H3K4me1.narrowPeak	1	208728
1	408	roadmap_epigenomics	0	0.291890705733424	2550	297	1090	170	1090	519	3856	1192	526	roadmap_epigenomics H3K4me1	NA	NA	H3K4me1	NA	NA	E041-H3K4me1.narrowPeak	1	159193
1	419	roadmap_epigenomics	0	0.504256641272983	1673	297	466	795	795	519	2699	2069	1683	roadmap_epigenomics H3K36me3	NA	NA	H3K36me3	NA	NA	E043-H3K36me3.narrowPeak	1	194645
1	522	roadmap_epigenomics	0	0.375581019822691	2368	297	927	334	927	519	3598	1374	784	roadmap_epigenomics H3K4me3	NA	NA	H3K4me3	NA	NA	E057-H3K4me3.narrowPeak	1	48504
1	567	roadmap_epigenomics	0	0.475807828826534	1859	297	557	704	704	519	2957	1883	1425	roadmap_epigenomics H3K36me3	NA	NA	H3K36me3	NA	NA	E066-H3K36me3.narrowPeak	1	303329
1	640	roadmap_epigenomics	0	0.467706611330742	1896	297	585	676	676	519	3011	1846	1371	roadmap_epigenomics H3K36me3	NA	NA	H3K36me3	NA	NA	E077-H3K36me3.narrowPeak	1	271474
1	999	roadmap_epigenomics	0	0.472598708726597	1883	297	572	688	688	519	2988	1859	1394	roadmap_epigenomics H3K9ac	NA	NA	H3K9ac	NA	NA	E120-H3K9ac.narrowPeak	1	64681
1	1018	roadmap_epigenomics	0	0.561166380767869	1449	297	381	881	881	520	2321	2293	2061	roadmap_epigenomics H3K36me3	NA	NA	H3K36me3	NA	NA	E122-H3K36me3.narrowPeak	1	156941
1	628	roadmap_epigenomics	0	0.275123684230848	2556	297	1103	162	1103	521	3886	1186	496	roadmap_epigenomics H3K4me1	NA	NA	H3K4me1	NA	NA	E075-H3K4me1.narrowPeak	1	196719
1	469	roadmap_epigenomics	0	0.486189747453306	1778	297	521	749	749	522	2851	1964	1531	roadmap_epigenomics H3K36me3	NA	NA	H3K36me3	NA	NA	E050-H3K36me3.narrowPeak	1	262839
1	589	roadmap_epigenomics	0	0.330662304567593	2477	297	1038	231	1038	522	3749	1265	633	roadmap_epigenomics H3K4me1	NA	NA	H3K4me1	NA	NA	E069-H3K4me1.narrowPeak	1	263106
1	648	roadmap_epigenomics	0	0.331272960848832	2477	297	1037	231	1037	522	3748	1265	634	roadmap_epigenomics H3K4me1	NA	NA	H3K4me1	NA	NA	E078-H3K4me1.narrowPeak	1	192644
1	818	roadmap_epigenomics	0	0.488997545458574	1748	297	505	763	763	522	2813	1994	1569	roadmap_epigenomics H3K27ac	NA	NA	H3K27ac	NA	NA	E099-H3K27ac.narrowPeak	1	75578
1	946	roadmap_epigenomics	0	0.551679440607425	1442	297	387	882	882	522	2331	2300	2051	roadmap_epigenomics H3K36me3	NA	NA	H3K36me3	NA	NA	E116-H3K36me3.narrowPeak	1	165402
1	1044	roadmap_epigenomics	0	0.497555143911084	1683	297	478	790	790	522	2724	2059	1658	roadmap_epigenomics H3K36me3	NA	NA	H3K36me3	NA	NA	E124-H3K36me3.narrowPeak	1	195147
1	495	roadmap_epigenomics	0	0.363078406935008	2395	297	965	306	965	523	3639	1347	743	roadmap_epigenomics H3K4me1	NA	NA	H3K4me1	NA	NA	E054-H3K4me1.narrowPeak	1	191253
1	513	roadmap_epigenomics	0	0.193716849993324	2574	297	1120	152	1120	523	4028	1168	354	roadmap_epigenomics H3K4me1	NA	NA	H3K4me1	NA	NA	E056-H3K4me1.narrowPeak	1	303644
1	868	roadmap_epigenomics	0	0.464729098566594	1894	297	592	679	679	523	3015	1848	1367	roadmap_epigenomics H3K36me3	NA	NA	H3K36me3	NA	NA	E106-H3K36me3.narrowPeak	1	291154
1	440	roadmap_epigenomics	0	0.50437930147318	1636	297	465	809	809	524	2657	2106	1725	roadmap_epigenomics H3K36me3	NA	NA	H3K36me3	NA	NA	E046-H3K36me3.narrowPeak	1	269244
1	821	roadmap_epigenomics	0	0.322088281718158	2480	297	1048	227	1048	524	3765	1262	617	roadmap_epigenomics H3K4me1	NA	NA	H3K4me1	NA	NA	E099-H3K4me1.narrowPeak	1	176837
1	835	roadmap_epigenomics	0	0.458741305713173	1925	297	607	667	667	524	3058	1817	1324	roadmap_epigenomics H3K36me3	NA	NA	H3K36me3	NA	NA	E101-H3K36me3.narrowPeak	1	322521
1	838	roadmap_epigenomics	0	0.381267993977605	2345	297	918	357	918	524	3571	1397	811	roadmap_epigenomics H3K9ac	NA	NA	H3K9ac	NA	NA	E101-H3K9ac.narrowPeak	1	104171
1	862	roadmap_epigenomics	0	0.41598453486601	2186	297	780	495	780	524	3381	1556	1001	roadmap_epigenomics H3K36me3	NA	NA	H3K36me3	NA	NA	E105-H3K36me3.narrowPeak	1	267060
1	895	roadmap_epigenomics	0	0.51801483907338	1596	297	444	832	832	524	2583	2146	1799	roadmap_epigenomics H3K36me3	NA	NA	H3K36me3	NA	NA	E110-H3K36me3.narrowPeak	1	86270
1	1019	roadmap_epigenomics	0	0.367928695091734	2376	297	951	324	951	524	3617	1366	765	roadmap_epigenomics H3K4me1	NA	NA	H3K4me1	NA	NA	E122-H3K4me1.narrowPeak	1	142277
1	176	roadmap_epigenomics	0	0.424497354035898	2135	297	741	538	741	525	3321	1607	1061	roadmap_epigenomics H3K4me3	NA	NA	H3K4me3	NA	NA	E010-H3K4me3.narrowPeak	1	37746
1	209	roadmap_epigenomics	0	0.337301865813644	2451	297	1019	260	1019	525	3721	1291	661	roadmap_epigenomics H3K9ac	NA	NA	H3K9ac	NA	NA	E015-H3K9ac.narrowPeak	1	116131
1	335	roadmap_epigenomics	0	0.508331791897272	1623	297	460	818	818	525	2634	2119	1748	roadmap_epigenomics H3K36me3	NA	NA	H3K36me3	NA	NA	E030-H3K36me3.narrowPeak	1	180397
1	402	roadmap_epigenomics	0	0.319436564877384	2481	297	1054	225	1054	525	3770	1261	612	roadmap_epigenomics H3K4me1	NA	NA	H3K4me1	NA	NA	E040-H3K4me1.narrowPeak	1	147396
1	740	roadmap_epigenomics	0	0.255544155890261	2551	297	1110	168	1110	525	3915	1191	467	roadmap_epigenomics H3K4me1	NA	NA	H3K4me1	NA	NA	E089-H3K4me1.narrowPeak	1	234241
1	94	roadmap_epigenomics	0	0.429641995078909	2111	297	721	560	721	526	3290	1631	1092	roadmap_epigenomics H2BK120ac	NA	NA	H2BK120ac	NA	NA	E006-H2BK120ac.narrowPeak	1	168326
1	539	roadmap_epigenomics	0	0.273166264230459	2541	297	1104	178	1104	526	3881	1201	501	roadmap_epigenomics H3K27ac	NA	NA	H3K27ac	NA	NA	E061-H3K27ac.narrowPeak	1	199363
1	849	roadmap_epigenomics	0	0.462748969177864	1891	297	598	683	683	526	3016	1851	1366	roadmap_epigenomics H3K36me3	NA	NA	H3K36me3	NA	NA	E103-H3K36me3.narrowPeak	1	225315
1	948	roadmap_epigenomics	0	0.358811697495533	2389	297	974	308	974	526	3642	1353	740	roadmap_epigenomics H3K4me2	NA	NA	H3K4me2	NA	NA	E116-H3K4me2.narrowPeak	1	124500
1	1084	roadmap_epigenomics	0	0.505090894501977	1625	297	464	817	817	526	2643	2117	1739	roadmap_epigenomics H3K79me2	NA	NA	H3K79me2	NA	NA	E127-H3K79me2.narrowPeak	1	203560
1	70	roadmap_epigenomics	0	0.441996779057647	2033	297	670	613	670	527	3195	1709	1187	roadmap_epigenomics H2BK12ac	NA	NA	H2BK12ac	NA	NA	E005-H2BK12ac.narrowPeak	1	257315
1	336	roadmap_epigenomics	0	0.355937692865186	2399	297	981	303	981	527	3654	1343	728	roadmap_epigenomics H3K4me1	NA	NA	H3K4me1	NA	NA	E030-H3K4me1.narrowPeak	1	116739
1	431	roadmap_epigenomics	0	0.50516152436954	1619	297	463	821	821	527	2636	2123	1746	roadmap_epigenomics H3K36me3	NA	NA	H3K36me3	NA	NA	E045-H3K36me3.narrowPeak	1	196705
1	490	roadmap_epigenomics	0	0.334684125159791	2455	297	1029	255	1029	527	3728	1287	654	roadmap_epigenomics H3K4me1	NA	NA	H3K4me1	NA	NA	E053-H3K4me1.narrowPeak	1	185030
1	1054	roadmap_epigenomics	0	0.438091044632628	2055	297	684	601	684	527	3223	1687	1159	roadmap_epigenomics H3K27ac	NA	NA	H3K27ac	NA	NA	E125-H3K27ac.narrowPeak	1	117634
1	211	roadmap_epigenomics	0	0.445694031625571	1994	297	653	634	653	528	3151	1748	1231	roadmap_epigenomics H3K27ac	NA	NA	H3K27ac	NA	NA	E016-H3K27ac.narrowPeak	1	111185
1	330	roadmap_epigenomics	0	0.499601908377273	1629	297	475	813	813	528	2659	2113	1723	roadmap_epigenomics H3K36me3	NA	NA	H3K36me3	NA	NA	E029-H3K36me3.narrowPeak	1	235858
1	773	roadmap_epigenomics	0	0.437325542570674	2061	297	688	598	688	528	3230	1681	1152	roadmap_epigenomics H3K27ac	NA	NA	H3K27ac	NA	NA	E093-H3K27ac.narrowPeak	1	114812
1	982	roadmap_epigenomics	0	0.515298728144256	1568	297	445	841	841	528	2556	2174	1826	roadmap_epigenomics H3K36me3	NA	NA	H3K36me3	NA	NA	E119-H3K36me3.narrowPeak	1	199445
1	447	roadmap_epigenomics	0	0.331680920824815	2455	297	1034	255	1034	529	3733	1287	649	roadmap_epigenomics H3K4me1	NA	NA	H3K4me1	NA	NA	E047-H3K4me1.narrowPeak	1	124596
1	1066	roadmap_epigenomics	0	0.474494155884642	1813	297	563	727	727	529	2912	1929	1470	roadmap_epigenomics H3K27ac	NA	NA	H3K27ac	NA	NA	E126-H3K27ac.narrowPeak	1	91265
1	1095	roadmap_epigenomics	0	0.359311955054502	2379	297	971	320	971	529	3634	1363	748	roadmap_epigenomics H3K4me2	NA	NA	H3K4me2	NA	NA	E128-H3K4me2.narrowPeak	1	118811
1	11	roadmap_epigenomics	0	0.537661512781709	1455	297	415	877	877	530	2375	2287	2007	roadmap_epigenomics H3K9ac	NA	NA	H3K9ac	NA	NA	E002-H3K9ac.narrowPeak	1	18733
1	584	roadmap_epigenomics	0	0.31985008098411	2471	297	1053	239	1053	530	3763	1271	619	roadmap_epigenomics H3K9ac	NA	NA	H3K9ac	NA	NA	E068-H3K9ac.narrowPeak	1	183791
1	1023	roadmap_epigenomics	0	0.435853269872011	2071	297	702	592	702	530	3242	1671	1140	roadmap_epigenomics H3K9ac	NA	NA	H3K9ac	NA	NA	E122-H3K9ac.narrowPeak	1	64234
1	653	roadmap_epigenomics	0	0.419692334263563	2136	297	759	537	759	531	3331	1606	1051	roadmap_epigenomics H3K36me3	NA	NA	H3K36me3	NA	NA	E079-H3K36me3.narrowPeak	1	264229
1	803	roadmap_epigenomics	0	0.423035232179402	2125	297	745	550	745	531	3315	1617	1067	roadmap_epigenomics H3K27ac	NA	NA	H3K27ac	NA	NA	E097-H3K27ac.narrowPeak	1	194850
1	1068	roadmap_epigenomics	0	0.581248449375772	1311	297	364	933	933	531	2109	2431	2273	roadmap_epigenomics H3K36me3	NA	NA	H3K36me3	NA	NA	E126-H3K36me3.narrowPeak	1	102513
1	49	roadmap_epigenomics	0	0.67174853389705	1128	297	296	1003	1003	532	1714	2614	2668	roadmap_epigenomics H2BK5ac	NA	NA	H2BK5ac	NA	NA	E004-H2BK5ac.narrowPeak	1	64664
1	78	roadmap_epigenomics	0	0.424177981119246	2115	297	742	558	742	532	3304	1627	1078	roadmap_epigenomics H3K4ac	NA	NA	H3K4ac	NA	NA	E005-H3K4ac.narrowPeak	1	228267
1	302	roadmap_epigenomics	0	0.353336672982786	2387	297	989	310	989	532	3650	1355	732	roadmap_epigenomics H3K9ac	NA	NA	H3K9ac	NA	NA	E025-H3K9ac.narrowPeak	1	134727
1	630	roadmap_epigenomics	0	0.320835771501848	2461	297	1049	249	1049	532	3755	1281	627	roadmap_epigenomics H3K9ac	NA	NA	H3K9ac	NA	NA	E075-H3K9ac.narrowPeak	1	109949
1	986	roadmap_epigenomics	0	0.492630416149177	1647	297	493	805	805	532	2694	2095	1688	roadmap_epigenomics H3K79me2	NA	NA	H3K79me2	NA	NA	E119-H3K79me2.narrowPeak	1	189409
1	1010	roadmap_epigenomics	0	0.499215215886746	1616	297	476	824	824	532	2645	2126	1737	roadmap_epigenomics H3K79me2	NA	NA	H3K79me2	NA	NA	E121-H3K79me2.narrowPeak	1	258600
1	115	roadmap_epigenomics	0	0.492849932950223	1635	297	492	811	811	533	2680	2107	1702	roadmap_epigenomics H2AK5ac	NA	NA	H2AK5ac	NA	NA	E007-H2AK5ac.narrowPeak	1	115306
1	438	roadmap_epigenomics	0	0.456864032847099	1886	297	615	687	687	533	3023	1856	1359	roadmap_epigenomics H3K27ac	NA	NA	H3K27ac	NA	NA	E046-H3K27ac.narrowPeak	1	68379
1	737	roadmap_epigenomics	0	0.437450708742901	2032	297	687	614	687	533	3203	1710	1179	roadmap_epigenomics H3K27ac	NA	NA	H3K27ac	NA	NA	E089-H3K27ac.narrowPeak	1	114750
1	852	roadmap_epigenomics	0	0.368900821806585	2351	297	949	352	949	533	3597	1391	785	roadmap_epigenomics H3K9ac	NA	NA	H3K9ac	NA	NA	E103-H3K9ac.narrowPeak	1	111468
1	213	roadmap_epigenomics	0	0.477344430618211	1759	297	550	758	758	535	2849	1983	1533	roadmap_epigenomics H3K36me3	NA	NA	H3K36me3	NA	NA	E016-H3K36me3.narrowPeak	1	237501
1	866	roadmap_epigenomics	0	0.375217670619896	2323	297	928	380	928	535	3565	1419	817	roadmap_epigenomics H3K27ac	NA	NA	H3K27ac	NA	NA	E106-H3K27ac.narrowPeak	1	184602
1	226	roadmap_epigenomics	0	0.544470917919034	1375	297	403	907	907	536	2262	2367	2120	roadmap_epigenomics H2BK15ac	NA	NA	H2BK15ac	NA	NA	E017-H2BK15ac.narrowPeak	1	218402
1	965	roadmap_epigenomics	0	0.471758035780267	1799	297	573	737	737	536	2903	1943	1479	roadmap_epigenomics H4K20me1	NA	NA	H4K20me1	NA	NA	E117-H4K20me1.narrowPeak	1	124987
1	158	roadmap_epigenomics	0	0.643295771147941	1118	297	308	1006	1006	537	1746	2624	2636	roadmap_epigenomics H3K79me2	NA	NA	H3K79me2	NA	NA	E008-H3K79me2.narrowPeak	1	81576
1	248	roadmap_epigenomics	0	0.439495415565348	1982	297	679	639	679	538	3152	1760	1230	roadmap_epigenomics H4K91ac	NA	NA	H4K91ac	NA	NA	E017-H4K91ac.narrowPeak	1	263787
1	257	roadmap_epigenomics	0	0.497094876273598	1573	297	481	836	836	538	2600	2169	1782	roadmap_epigenomics H3K36me3	NA	NA	H3K36me3	NA	NA	E019-H3K36me3.narrowPeak	1	162030
1	288	roadmap_epigenomics	0	0.475810755019031	1756	297	556	760	760	538	2849	1986	1533	roadmap_epigenomics H3K36me3	NA	NA	H3K36me3	NA	NA	E023-H3K36me3.narrowPeak	1	228728
1	349	roadmap_epigenomics	0	0.477010676259829	1736	297	552	766	766	538	2825	2006	1557	roadmap_epigenomics H3K36me3	NA	NA	H3K36me3	NA	NA	E032-H3K36me3.narrowPeak	1	342847
1	366	roadmap_epigenomics	0	0.482533893284483	1698	297	532	786	786	538	2772	2044	1610	roadmap_epigenomics H3K36me3	NA	NA	H3K36me3	NA	NA	E034-H3K36me3.narrowPeak	1	302239
1	514	roadmap_epigenomics	0	0.166451918575415	2526	297	1123	193	1123	538	4057	1216	325	roadmap_epigenomics H3K4me3	NA	NA	H3K4me3	NA	NA	E056-H3K4me3.narrowPeak	1	152592
1	915	roadmap_epigenomics	0	0.367839525345883	2339	297	952	366	952	538	3590	1403	792	roadmap_epigenomics H3K36me3	NA	NA	H3K36me3	NA	NA	E113-H3K36me3.narrowPeak	1	279691
1	107	roadmap_epigenomics	0	0.456315878938744	1865	297	619	700	700	539	3003	1877	1379	roadmap_epigenomics H3K79me1	NA	NA	H3K79me1	NA	NA	E006-H3K79me1.narrowPeak	1	327815
1	247	roadmap_epigenomics	0	0.419557369890292	2114	297	760	559	760	539	3312	1628	1070	roadmap_epigenomics H4K8ac	NA	NA	H4K8ac	NA	NA	E017-H4K8ac.narrowPeak	1	220315
1	396	roadmap_epigenomics	0	0.306577512033277	2461	297	1070	249	1070	539	3779	1281	603	roadmap_epigenomics H3K4me1	NA	NA	H3K4me1	NA	NA	E039-H3K4me1.narrowPeak	1	159065
1	82	roadmap_epigenomics	0	0.398289066377627	2221	297	854	469	854	540	3443	1521	939	roadmap_epigenomics H3K79me1	NA	NA	H3K79me1	NA	NA	E005-H3K79me1.narrowPeak	1	225880
1	197	roadmap_epigenomics	0	0.397691753375212	2227	297	856	466	856	540	3449	1515	933	roadmap_epigenomics H3K27ac	NA	NA	H3K27ac	NA	NA	E014-H3K27ac.narrowPeak	1	149273
1	414	roadmap_epigenomics	0	0.315347654740557	2448	297	1059	265	1059	540	3756	1294	626	roadmap_epigenomics H3K4me1	NA	NA	H3K4me1	NA	NA	E042-H3K4me1.narrowPeak	1	160756
1	794	roadmap_epigenomics	0	0.325570539276001	2427	297	1042	282	1042	540	3725	1315	657	roadmap_epigenomics H3K27ac	NA	NA	H3K27ac	NA	NA	E096-H3K27ac.narrowPeak	1	220045
1	68	roadmap_epigenomics	0	0.398914925690674	2209	297	849	477	849	541	3432	1533	950	roadmap_epigenomics H2AK5ac	NA	NA	H2AK5ac	NA	NA	E005-H2AK5ac.narrowPeak	1	229817
1	236	roadmap_epigenomics	0	0.312192788558992	2449	297	1063	263	1063	541	3762	1293	620	roadmap_epigenomics H3K4me1	NA	NA	H3K4me1	NA	NA	E017-H3K4me1.narrowPeak	1	328152
1	312	roadmap_epigenomics	0	0.431102650125726	2039	297	716	610	716	541	3222	1703	1160	roadmap_epigenomics H3K36me3	NA	NA	H3K36me3	NA	NA	E027-H3K36me3.narrowPeak	1	455177
1	383	roadmap_epigenomics	0	0.331426733508551	2418	297	1036	290	1036	541	3709	1324	673	roadmap_epigenomics H3K4me1	NA	NA	H3K4me1	NA	NA	E037-H3K4me1.narrowPeak	1	143294
1	548	roadmap_epigenomics	0	0.365306756104939	2337	297	957	369	957	541	3593	1405	789	roadmap_epigenomics H3K4me1	NA	NA	H3K4me1	NA	NA	E062-H3K4me1.narrowPeak	1	122182
1	635	roadmap_epigenomics	0	0.356634210644933	2353	297	976	349	976	541	3620	1389	762	roadmap_epigenomics H3K4me1	NA	NA	H3K4me1	NA	NA	E076-H3K4me1.narrowPeak	1	178997
1	1073	roadmap_epigenomics	0	0.449582603916547	1890	297	642	684	684	541	3042	1852	1340	roadmap_epigenomics H3K9ac	NA	NA	H3K9ac	NA	NA	E126-H3K9ac.narrowPeak	1	50757
1	687	roadmap_epigenomics	0	0.332185712064237	2405	297	1033	296	1033	542	3699	1337	683	roadmap_epigenomics H3K4me1	NA	NA	H3K4me1	NA	NA	E083-H3K4me1.narrowPeak	1	190314
1	972	roadmap_epigenomics	0	0.330462069546496	2411	297	1039	291	1039	542	3706	1331	676	roadmap_epigenomics H3K4me2	NA	NA	H3K4me2	NA	NA	E118-H3K4me2.narrowPeak	1	96755
1	998	roadmap_epigenomics	0	0.524684270223452	1401	297	432	897	897	542	2335	2341	2047	roadmap_epigenomics H3K79me2	NA	NA	H3K79me2	NA	NA	E120-H3K79me2.narrowPeak	1	153900
1	195	roadmap_epigenomics	0	0.396571534894865	2222	297	864	467	864	543	3447	1520	935	roadmap_epigenomics H3K4me3	NA	NA	H3K4me3	NA	NA	E013-H3K4me3.narrowPeak	1	28003
1	309	roadmap_epigenomics	0	0.413241652235969	2131	297	790	542	790	543	3339	1611	1043	roadmap_epigenomics H3K9ac	NA	NA	H3K9ac	NA	NA	E026-H3K9ac.narrowPeak	1	80106
1	407	roadmap_epigenomics	0	0.48266101418222	1654	297	529	802	802	543	2723	2088	1659	roadmap_epigenomics H3K36me3	NA	NA	H3K36me3	NA	NA	E041-H3K36me3.narrowPeak	1	202854
1	645	roadmap_epigenomics	0	0.42709018622653	2061	297	733	598	733	543	3250	1681	1132	roadmap_epigenomics H3K27ac	NA	NA	H3K27ac	NA	NA	E078-H3K27ac.narrowPeak	1	97341
1	938	roadmap_epigenomics	0	0.491799030524518	1571	297	495	838	838	543	2609	2171	1773	roadmap_epigenomics H3K79me2	NA	NA	H3K79me2	NA	NA	E115-H3K79me2.narrowPeak	1	200232
1	73	roadmap_epigenomics	0	0.351782876213861	2362	297	995	341	995	544	3635	1380	747	roadmap_epigenomics H3K18ac	NA	NA	H3K18ac	NA	NA	E005-H3K18ac.narrowPeak	1	251380
1	228	roadmap_epigenomics	0	0.439978887489077	1934	297	676	660	676	544	3105	1808	1277	roadmap_epigenomics H2BK5ac	NA	NA	H2BK5ac	NA	NA	E017-H2BK5ac.narrowPeak	1	166186
1	833	roadmap_epigenomics	0	0.364674084650315	2326	297	958	377	958	544	3586	1416	796	roadmap_epigenomics H3K27ac	NA	NA	H3K27ac	NA	NA	E101-H3K27ac.narrowPeak	1	137582
1	126	roadmap_epigenomics	0	0.560170733109992	1259	297	382	955	955	545	2082	2483	2300	roadmap_epigenomics H3K4ac	NA	NA	H3K4ac	NA	NA	E007-H3K4ac.narrowPeak	1	45590
1	141	roadmap_epigenomics	0	0.570790336991038	1235	297	375	964	964	545	2030	2507	2352	roadmap_epigenomics H2BK12ac	NA	NA	H2BK12ac	NA	NA	E008-H2BK12ac.narrowPeak	1	46023
1	264	roadmap_epigenomics	0	0.47147274260409	1740	297	574	765	765	545	2841	2002	1541	roadmap_epigenomics H3K36me3	NA	NA	H3K36me3	NA	NA	E020-H3K36me3.narrowPeak	1	225893
1	575	roadmap_epigenomics	0	0.319995091883402	2423	297	1052	285	1052	545	3732	1319	650	roadmap_epigenomics H3K4me1	NA	NA	H3K4me1	NA	NA	E067-H3K4me1.narrowPeak	1	240432
1	1013	roadmap_epigenomics	0	0.548710572451254	1280	297	393	946	946	545	2132	2462	2250	roadmap_epigenomics H4K20me1	NA	NA	H4K20me1	NA	NA	E121-H4K20me1.narrowPeak	1	116908
1	389	roadmap_epigenomics	0	0.34124650799355	2374	297	1012	328	1012	546	3662	1368	720	roadmap_epigenomics H3K4me1	NA	NA	H3K4me1	NA	NA	E038-H3K4me1.narrowPeak	1	143594
1	225	roadmap_epigenomics	0	0.510429969971855	1422	297	454	890	890	547	2391	2320	1991	roadmap_epigenomics H2BK12ac	NA	NA	H2BK12ac	NA	NA	E017-H2BK12ac.narrowPeak	1	250249
1	824	roadmap_epigenomics	0	0.42001106777506	2080	297	758	587	758	547	3281	1662	1101	roadmap_epigenomics	NA	NA	NA	NA	NA	E100-DNase.hotspot.all.peaks.bed	1	100209
1	898	roadmap_epigenomics	0	0.334905831626944	2381	297	1027	318	1027	547	3678	1361	704	roadmap_epigenomics H3K9ac	NA	NA	H3K9ac	NA	NA	E110-H3K9ac.narrowPeak	1	89018
1	960	roadmap_epigenomics	0	0.389081103525513	2242	297	892	452	892	547	3477	1500	905	roadmap_epigenomics H3K4me2	NA	NA	H3K4me2	NA	NA	E117-H3K4me2.narrowPeak	1	85197
1	341	roadmap_epigenomics	0	0.342794831691058	2365	297	1010	338	1010	548	3653	1377	729	roadmap_epigenomics H3K4me1	NA	NA	H3K4me1	NA	NA	E031-H3K4me1.narrowPeak	1	93412
1	426	roadmap_epigenomics	0	0.311709308956173	2424	297	1064	284	1064	548	3747	1318	635	roadmap_epigenomics H3K4me1	NA	NA	H3K4me1	NA	NA	E044-H3K4me1.narrowPeak	1	150223
1	505	roadmap_epigenomics	0	0.202886526399303	2480	297	1119	227	1119	548	3972	1262	410	roadmap_epigenomics H3K4me3	NA	NA	H3K4me3	NA	NA	E055-H3K4me3.narrowPeak	1	115193
1	1034	roadmap_epigenomics	0	0.400761535220535	2177	297	842	505	842	548	3402	1565	980	roadmap_epigenomics H3K4me3	NA	NA	H3K4me3	NA	NA	E123-H3K4me3.narrowPeak	1	62691
1	764	roadmap_epigenomics	0	0.364584699675253	2315	297	959	391	959	549	3578	1427	804	roadmap_epigenomics H3K27ac	NA	NA	H3K27ac	NA	NA	E092-H3K27ac.narrowPeak	1	135058
1	974	roadmap_epigenomics	0	0.53399026600353	1322	297	423	926	926	549	2216	2420	2166	roadmap_epigenomics H3K79me2	NA	NA	H3K79me2	NA	NA	E118-H3K79me2.narrowPeak	1	97080
1	1075	roadmap_epigenomics	0	0.496984915312212	1468	297	482	869	869	549	2476	2274	1906	roadmap_epigenomics H4K20me1	NA	NA	H4K20me1	NA	NA	E126-H4K20me1.narrowPeak	1	91092
1	651	roadmap_epigenomics	0	0.3847378899192	2247	297	905	447	905	550	3489	1495	893	roadmap_epigenomics H3K27ac	NA	NA	H3K27ac	NA	NA	E079-H3K27ac.narrowPeak	1	156932
1	903	roadmap_epigenomics	0	0.290823741557087	2451	297	1092	260	1092	550	3800	1291	582	roadmap_epigenomics H3K4me1	NA	NA	H3K4me1	NA	NA	E111-H3K4me1.narrowPeak	1	225429
1	23	roadmap_epigenomics	0	0.616116416258468	1009	297	324	1032	1032	551	1642	2733	2740	roadmap_epigenomics H3K14ac	NA	NA	H3K14ac	NA	NA	E003-H3K14ac.narrowPeak	1	30274
1	554	roadmap_epigenomics	0	0.444818445582063	1861	297	655	701	701	551	3023	1881	1359	roadmap_epigenomics H3K36me3	NA	NA	H3K36me3	NA	NA	E063-H3K36me3.narrowPeak	1	257192
1	328	roadmap_epigenomics	0	0.456354698356456	1790	297	617	743	743	552	2926	1952	1456	roadmap_epigenomics H3K27ac	NA	NA	H3K27ac	NA	NA	E029-H3K27ac.narrowPeak	1	61033
1	614	roadmap_epigenomics	0	0.295046479940798	2435	297	1085	275	1085	552	3783	1307	599	roadmap_epigenomics H3K4me1	NA	NA	H3K4me1	NA	NA	E073-H3K4me1.narrowPeak	1	233560
1	609	roadmap_epigenomics	0	0.278130207635977	2449	297	1100	263	1100	553	3821	1293	561	roadmap_epigenomics H3K9ac	NA	NA	H3K9ac	NA	NA	E072-H3K9ac.narrowPeak	1	165236
1	718	roadmap_epigenomics	0	0.452811590306712	1802	297	629	733	733	553	2946	1940	1436	roadmap_epigenomics H3K27ac	NA	NA	H3K27ac	NA	NA	E087-H3K27ac.narrowPeak	1	71309
1	1022	roadmap_epigenomics	0	0.493989528540096	1456	297	486	876	876	553	2468	2286	1914	roadmap_epigenomics H3K79me2	NA	NA	H3K79me2	NA	NA	E122-H3K79me2.narrowPeak	1	181682
1	1048	roadmap_epigenomics	0	0.474236432222381	1662	297	565	798	798	553	2750	2080	1632	roadmap_epigenomics H3K79me2	NA	NA	H3K79me2	NA	NA	E124-H3K79me2.narrowPeak	1	259630
1	547	roadmap_epigenomics	0	0.456554985485547	1777	297	616	750	750	554	2912	1965	1470	roadmap_epigenomics H3K36me3	NA	NA	H3K36me3	NA	NA	E062-H3K36me3.narrowPeak	1	253984
1	647	roadmap_epigenomics	0	0.439524094802583	1887	297	678	686	686	554	3060	1855	1322	roadmap_epigenomics H3K36me3	NA	NA	H3K36me3	NA	NA	E078-H3K36me3.narrowPeak	1	225957
1	949	roadmap_epigenomics	0	0.410669037172588	2108	297	802	562	802	554	3324	1634	1058	roadmap_epigenomics H3K4me3	NA	NA	H3K4me3	NA	NA	E116-H3K4me3.narrowPeak	1	76167
1	950	roadmap_epigenomics	0	0.483083545881352	1572	297	527	837	837	554	2629	2170	1753	roadmap_epigenomics H3K79me2	NA	NA	H3K79me2	NA	NA	E116-H3K79me2.narrowPeak	1	158037
1	227	roadmap_epigenomics	0	0.580323767750832	1134	297	365	1002	1002	555	1877	2608	2505	roadmap_epigenomics H2BK20ac	NA	NA	H2BK20ac	NA	NA	E017-H2BK20ac.narrowPeak	1	200922
1	679	roadmap_epigenomics	0	0.377380137170362	2250	297	926	442	926	555	3505	1492	877	roadmap_epigenomics H3K4me1	NA	NA	H3K4me1	NA	NA	E082-H3K4me1.narrowPeak	1	167812
1	607	roadmap_epigenomics	0	0.334509238061866	2361	297	1030	342	1030	556	3665	1381	717	roadmap_epigenomics H3K4me1	NA	NA	H3K4me1	NA	NA	E072-H3K4me1.narrowPeak	1	211846
1	883	roadmap_epigenomics	0	0.297563677005507	2421	297	1083	288	1083	556	3770	1321	612	roadmap_epigenomics H3K9ac	NA	NA	H3K9ac	NA	NA	E108-H3K9ac.narrowPeak	1	129620
1	928	roadmap_epigenomics	0	0.38371020925973	2232	297	909	463	909	556	3479	1510	903	roadmap_epigenomics H3K9ac	NA	NA	H3K9ac	NA	NA	E114-H3K9ac.narrowPeak	1	71993
1	432	roadmap_epigenomics	0	0.34072329542195	2344	297	1013	360	1013	557	3642	1398	740	roadmap_epigenomics H3K4me1	NA	NA	H3K4me1	NA	NA	E045-H3K4me1.narrowPeak	1	132617
1	944	roadmap_epigenomics	0	0.434254139765383	1929	297	710	663	710	557	3112	1813	1270	roadmap_epigenomics H3K27ac	NA	NA	H3K27ac	NA	NA	E116-H3K27ac.narrowPeak	1	78915
1	457	roadmap_epigenomics	0	0.408705415804931	2099	297	809	568	809	558	3320	1643	1062	roadmap_epigenomics H3K27ac	NA	NA	H3K27ac	NA	NA	E049-H3K27ac.narrowPeak	1	126902
1	874	roadmap_epigenomics	0	0.258322165138318	2445	297	1109	269	1109	558	3854	1297	528	roadmap_epigenomics H3K4me1	NA	NA	H3K4me1	NA	NA	E107-H3K4me1.narrowPeak	1	238000
1	494	roadmap_epigenomics	0	0.463934236880053	1700	297	596	784	784	559	2814	2042	1568	roadmap_epigenomics H3K36me3	NA	NA	H3K36me3	NA	NA	E054-H3K36me3.narrowPeak	1	221911
1	625	roadmap_epigenomics	0	0.381239669012589	2235	297	919	460	919	559	3486	1507	896	roadmap_epigenomics H3K27ac	NA	NA	H3K27ac	NA	NA	E075-H3K27ac.narrowPeak	1	146119
1	888	roadmap_epigenomics	0	0.338455269747615	2341	297	1017	363	1017	559	3644	1401	738	roadmap_epigenomics H3K27ac	NA	NA	H3K27ac	NA	NA	E109-H3K27ac.narrowPeak	1	194782
1	1061	roadmap_epigenomics	0	0.372671183640909	2249	297	938	443	938	559	3513	1493	869	roadmap_epigenomics H3K9ac	NA	NA	H3K9ac	NA	NA	E125-H3K9ac.narrowPeak	1	92035
1	206	roadmap_epigenomics	0	0.44583828578277	1804	297	650	732	732	560	2963	1938	1419	roadmap_epigenomics H3K36me3	NA	NA	H3K36me3	NA	NA	E015-H3K36me3.narrowPeak	1	252828
1	643	roadmap_epigenomics	0	0.348484565805682	2323	297	1003	380	1003	560	3613	1419	769	roadmap_epigenomics H3K9ac	NA	NA	H3K9ac	NA	NA	E077-H3K9ac.narrowPeak	1	96957
1	845	roadmap_epigenomics	0	0.355410432840165	2306	297	983	400	983	560	3588	1436	794	roadmap_epigenomics H3K9ac	NA	NA	H3K9ac	NA	NA	E102-H3K9ac.narrowPeak	1	85154
1	30	roadmap_epigenomics	0	0.610472414571851	928	297	330	1055	1055	561	1537	2814	2845	roadmap_epigenomics H3K4ac	NA	NA	H3K4ac	NA	NA	E003-H3K4ac.narrowPeak	1	34100
1	157	roadmap_epigenomics	0	0.46882307457199	1646	297	582	806	806	562	2744	2096	1638	roadmap_epigenomics H3K79me1	NA	NA	H3K79me1	NA	NA	E008-H3K79me1.narrowPeak	1	120353
1	364	roadmap_epigenomics	0	0.432338310529528	1895	297	712	678	712	562	3083	1847	1299	roadmap_epigenomics H3K27ac	NA	NA	H3K27ac	NA	NA	E034-H3K27ac.narrowPeak	1	78882
1	454	roadmap_epigenomics	0	0.352193291190807	2313	297	993	396	993	562	3599	1429	783	roadmap_epigenomics H3K4me1	NA	NA	H3K4me1	NA	NA	E048-H3K4me1.narrowPeak	1	144692
1	620	roadmap_epigenomics	0	0.466892242263837	1653	297	586	803	803	562	2756	2089	1626	roadmap_epigenomics H3K36me3	NA	NA	H3K36me3	NA	NA	E074-H3K36me3.narrowPeak	1	154097
1	796	roadmap_epigenomics	0	0.418508116817461	2018	297	767	623	767	562	3228	1724	1154	roadmap_epigenomics H3K36me3	NA	NA	H3K36me3	NA	NA	E096-H3K36me3.narrowPeak	1	338349
1	959	roadmap_epigenomics	0	0.360809263047329	2279	297	969	419	969	562	3558	1463	824	roadmap_epigenomics H3K4me1	NA	NA	H3K4me1	NA	NA	E117-H3K4me1.narrowPeak	1	156415
1	970	roadmap_epigenomics	0	0.484123524377611	1477	297	524	865	865	562	2515	2265	1867	roadmap_epigenomics H3K36me3	NA	NA	H3K36me3	NA	NA	E118-H3K36me3.narrowPeak	1	168886
1	35	roadmap_epigenomics	0	0.473844827865228	1613	297	567	825	825	563	2696	2129	1686	roadmap_epigenomics H3K79me1	NA	NA	H3K79me1	NA	NA	E003-H3K79me1.narrowPeak	1	133190
1	291	roadmap_epigenomics	0	0.33925151273105	2326	297	1015	377	1015	563	3632	1416	750	roadmap_epigenomics H3K9ac	NA	NA	H3K9ac	NA	NA	E023-H3K9ac.narrowPeak	1	124570
1	910	roadmap_epigenomics	0	0.390441475300972	2181	297	889	502	889	563	3425	1561	957	roadmap_epigenomics H3K4me1	NA	NA	H3K4me1	NA	NA	E112-H3K4me1.narrowPeak	1	124560
1	376	roadmap_epigenomics	0	0.451871767912789	1755	297	633	761	761	564	2899	1987	1483	roadmap_epigenomics H3K36me3	NA	NA	H3K36me3	NA	NA	E036-H3K36me3.narrowPeak	1	328921
1	696	roadmap_epigenomics	0	0.427047753799837	1930	297	734	662	734	564	3128	1812	1254	roadmap_epigenomics H3K36me3	NA	NA	H3K36me3	NA	NA	E084-H3K36me3.narrowPeak	1	327499
1	565	roadmap_epigenomics	0	0.370899821524006	2237	297	942	457	942	565	3507	1505	875	roadmap_epigenomics H3K27ac	NA	NA	H3K27ac	NA	NA	E066-H3K27ac.narrowPeak	1	117377
1	637	roadmap_epigenomics	0	0.418554305659889	1992	297	764	635	764	565	3204	1750	1178	roadmap_epigenomics H3K9ac	NA	NA	H3K9ac	NA	NA	E076-H3K9ac.narrowPeak	1	60918
1	689	roadmap_epigenomics	0	0.297554819842717	2384	297	1084	314	1084	565	3747	1358	635	roadmap_epigenomics H3K9ac	NA	NA	H3K9ac	NA	NA	E083-H3K9ac.narrowPeak	1	110500
1	411	roadmap_epigenomics	0	0.422413373757424	1945	297	750	652	750	566	3152	1797	1230	roadmap_epigenomics H3K27ac	NA	NA	H3K27ac	NA	NA	E042-H3K27ac.narrowPeak	1	68927
1	627	roadmap_epigenomics	0	0.402700151258237	2098	297	833	569	833	566	3331	1644	1051	roadmap_epigenomics H3K36me3	NA	NA	H3K36me3	NA	NA	E075-H3K36me3.narrowPeak	1	274849
1	1056	roadmap_epigenomics	0	0.469184780631396	1619	297	580	821	821	566	2713	2123	1669	roadmap_epigenomics H3K36me3	NA	NA	H3K36me3	NA	NA	E125-H3K36me3.narrowPeak	1	248840
1	1072	roadmap_epigenomics	0	0.485778557013194	1451	297	522	880	880	566	2480	2291	1902	roadmap_epigenomics H3K79me2	NA	NA	H3K79me2	NA	NA	E126-H3K79me2.narrowPeak	1	155850
1	98	roadmap_epigenomics	0	0.404800763011473	2089	297	826	578	826	567	3319	1653	1063	roadmap_epigenomics H3K18ac	NA	NA	H3K18ac	NA	NA	E006-H3K18ac.narrowPeak	1	207264
1	486	roadmap_epigenomics	0	0.369723160565294	2238	297	948	456	948	567	3510	1504	872	roadmap_epigenomics H3K9ac	NA	NA	H3K9ac	NA	NA	E052-H3K9ac.narrowPeak	1	98792
1	598	roadmap_epigenomics	0	0.263242999792022	2402	297	1107	298	1107	567	3821	1340	561	roadmap_epigenomics H3K27ac	NA	NA	H3K27ac	NA	NA	E071-H3K27ac.narrowPeak	1	152169
1	876	roadmap_epigenomics	0	0.242333916480663	2411	297	1113	291	1113	567	3865	1331	517	roadmap_epigenomics H3K9ac	NA	NA	H3K9ac	NA	NA	E107-H3K9ac.narrowPeak	1	144247
1	746	roadmap_epigenomics	0	0.38696997293317	2168	297	897	511	897	568	3421	1574	961	roadmap_epigenomics H3K27ac	NA	NA	H3K27ac	NA	NA	E090-H3K27ac.narrowPeak	1	148419
1	962	roadmap_epigenomics	0	0.457689292688257	1650	297	609	804	804	570	2773	2092	1609	roadmap_epigenomics H3K79me2	NA	NA	H3K79me2	NA	NA	E117-H3K79me2.narrowPeak	1	176874
1	971	roadmap_epigenomics	0	0.37439793145289	2201	297	931	483	931	570	3472	1541	910	roadmap_epigenomics H3K4me1	NA	NA	H3K4me1	NA	NA	E118-H3K4me1.narrowPeak	1	142346
1	1085	roadmap_epigenomics	0	0.373234526732758	2207	297	935	478	935	570	3479	1535	903	roadmap_epigenomics H3K9ac	NA	NA	H3K9ac	NA	NA	E127-H3K9ac.narrowPeak	1	78312
1	462	roadmap_epigenomics	0	0.320756823735016	2339	297	1050	366	1050	571	3675	1403	707	roadmap_epigenomics H3K9ac	NA	NA	H3K9ac	NA	NA	E049-H3K9ac.narrowPeak	1	107453
1	902	roadmap_epigenomics	0	0.449725252346883	1726	297	640	776	776	571	2873	2016	1509	roadmap_epigenomics H3K36me3	NA	NA	H3K36me3	NA	NA	E111-H3K36me3.narrowPeak	1	219857
1	241	roadmap_epigenomics	0	0.445835726704978	1733	297	651	769	769	572	2889	2009	1493	roadmap_epigenomics H3K79me2	NA	NA	H3K79me2	NA	NA	E017-H3K79me2.narrowPeak	1	283453
1	231	roadmap_epigenomics	0	0.422711856508694	1909	297	747	674	747	573	3117	1833	1265	roadmap_epigenomics H3K23ac	NA	NA	H3K23ac	NA	NA	E017-H3K23ac.narrowPeak	1	154412
1	557	roadmap_epigenomics	0	0.310887592853865	2349	297	1066	355	1066	573	3700	1393	682	roadmap_epigenomics H3K9ac	NA	NA	H3K9ac	NA	NA	E063-H3K9ac.narrowPeak	1	112712
1	1098	roadmap_epigenomics	0	0.412546403343888	1997	297	791	632	791	573	3221	1745	1161	roadmap_epigenomics H3K9ac	NA	NA	H3K9ac	NA	NA	E128-H3K9ac.narrowPeak	1	50400
1	559	roadmap_epigenomics	0	0.436199159405393	1810	297	698	728	728	574	2990	1932	1392	roadmap_epigenomics H3K27ac	NA	NA	H3K27ac	NA	NA	E065-H3K27ac.narrowPeak	1	141729
1	973	roadmap_epigenomics	0	0.34201300990937	2287	297	1011	413	1011	574	3599	1455	783	roadmap_epigenomics H3K4me3	NA	NA	H3K4me3	NA	NA	E118-H3K4me3.narrowPeak	1	58435
1	1097	roadmap_epigenomics	0	0.474264385865653	1498	297	564	860	860	574	2562	2244	1820	roadmap_epigenomics H3K79me2	NA	NA	H3K79me2	NA	NA	E128-H3K79me2.narrowPeak	1	160134
1	591	roadmap_epigenomics	0	0.304041800524262	2351	297	1075	352	1075	575	3714	1391	668	roadmap_epigenomics H3K9ac	NA	NA	H3K9ac	NA	NA	E069-H3K9ac.narrowPeak	1	133007
1	850	roadmap_epigenomics	0	0.390583064777325	2132	297	888	540	888	575	3384	1610	998	roadmap_epigenomics H3K4me1	NA	NA	H3K4me1	NA	NA	E103-H3K4me1.narrowPeak	1	172034
1	924	roadmap_epigenomics	0	0.336785904498772	2297	297	1022	407	1022	575	3616	1445	766	roadmap_epigenomics H3K4me1	NA	NA	H3K4me1	NA	NA	E114-H3K4me1.narrowPeak	1	202029
1	281	roadmap_epigenomics	0	0.323848159264393	2321	297	1044	386	1044	576	3657	1421	725	roadmap_epigenomics H3K27ac	NA	NA	H3K27ac	NA	NA	E022-H3K27ac.narrowPeak	1	140357
1	574	roadmap_epigenomics	0	0.434418120047159	1819	297	708	724	724	576	3003	1923	1379	roadmap_epigenomics H3K36me3	NA	NA	H3K36me3	NA	NA	E067-H3K36me3.narrowPeak	1	195810
1	199	roadmap_epigenomics	0	0.444971486265205	1718	297	654	781	781	577	2875	2024	1507	roadmap_epigenomics H3K36me3	NA	NA	H3K36me3	NA	NA	E014-H3K36me3.narrowPeak	1	224149
1	299	roadmap_epigenomics	0	0.434823008378491	1810	297	706	728	728	577	2993	1932	1389	roadmap_epigenomics H3K36me3	NA	NA	H3K36me3	NA	NA	E025-H3K36me3.narrowPeak	1	257733
1	958	roadmap_epigenomics	0	0.442673303319734	1733	297	665	769	769	577	2896	2009	1486	roadmap_epigenomics H3K36me3	NA	NA	H3K36me3	NA	NA	E117-H3K36me3.narrowPeak	1	316270
1	139	roadmap_epigenomics	0	0.599110539971983	724	297	341	1096	1096	578	1253	3018	3129	roadmap_epigenomics H2AK5ac	NA	NA	H2AK5ac	NA	NA	E008-H2AK5ac.narrowPeak	1	27211
1	25	roadmap_epigenomics	0	0.571433814400363	884	297	374	1066	1066	579	1539	2858	2843	roadmap_epigenomics H3K23ac	NA	NA	H3K23ac	NA	NA	E003-H3K23ac.narrowPeak	1	29392
1	577	roadmap_epigenomics	0	0.298232969997456	2345	297	1082	357	1082	579	3721	1397	661	roadmap_epigenomics H3K9ac	NA	NA	H3K9ac	NA	NA	E067-H3K9ac.narrowPeak	1	146266
1	927	roadmap_epigenomics	0	0.457066987671909	1611	297	613	826	826	579	2731	2131	1651	roadmap_epigenomics H3K79me2	NA	NA	H3K79me2	NA	NA	E114-H3K79me2.narrowPeak	1	178908
1	935	roadmap_epigenomics	0	0.383295687334783	2152	297	914	526	914	579	3415	1590	967	roadmap_epigenomics H3K4me1	NA	NA	H3K4me1	NA	NA	E115-H3K4me1.narrowPeak	1	130919
1	579	roadmap_epigenomics	0	0.294664494092666	2347	297	1086	356	1086	580	3729	1395	653	roadmap_epigenomics H3K27ac	NA	NA	H3K27ac	NA	NA	E068-H3K27ac.narrowPeak	1	214725
1	1102	roadmap_epigenomics	0	0.39137179750142	2109	297	881	561	881	580	3363	1633	1019	roadmap_epigenomics H3K27ac	NA	NA	H3K27ac	NA	NA	E129-H3K27ac.narrowPeak	1	145020
1	170	roadmap_epigenomics	0	0.387113096198992	2125	297	895	550	895	581	3385	1617	997	roadmap_epigenomics H3K4me3	NA	NA	H3K4me3	NA	NA	E009-H3K4me3.narrowPeak	1	38823
1	1006	roadmap_epigenomics	0	0.44443603515017	1687	297	658	789	789	581	2843	2055	1539	roadmap_epigenomics H3K36me3	NA	NA	H3K36me3	NA	NA	E121-H3K36me3.narrowPeak	1	200978
1	399	roadmap_epigenomics	0	0.42802125867914	1840	297	731	717	731	582	3038	1902	1344	roadmap_epigenomics H3K27ac	NA	NA	H3K27ac	NA	NA	E040-H3K27ac.narrowPeak	1	50690
1	489	roadmap_epigenomics	0	0.451341590552131	1629	297	637	813	813	582	2764	2113	1618	roadmap_epigenomics H3K36me3	NA	NA	H3K36me3	NA	NA	E053-H3K36me3.narrowPeak	1	193840
1	847	roadmap_epigenomics	0	0.402890951306601	2028	297	832	616	832	582	3269	1714	1113	roadmap_epigenomics H3K27ac	NA	NA	H3K27ac	NA	NA	E103-H3K27ac.narrowPeak	1	119896
1	1035	roadmap_epigenomics	0	0.463452842172466	1524	297	597	853	853	582	2617	2218	1765	roadmap_epigenomics H3K79me2	NA	NA	H3K79me2	NA	NA	E123-H3K79me2.narrowPeak	1	112209
1	788	roadmap_epigenomics	0	0.394021186145607	2086	297	871	582	871	583	3338	1656	1044	roadmap_epigenomics H3K27ac	NA	NA	H3K27ac	NA	NA	E095-H3K27ac.narrowPeak	1	153453
1	854	roadmap_epigenomics	0	0.40073788159393	2041	297	843	609	843	583	3285	1701	1097	roadmap_epigenomics H3K27ac	NA	NA	H3K27ac	NA	NA	E104-H3K27ac.narrowPeak	1	154086
1	1042	roadmap_epigenomics	0	0.378316958405538	2151	297	924	528	924	583	3424	1591	958	roadmap_epigenomics H3K27ac	NA	NA	H3K27ac	NA	NA	E124-H3K27ac.narrowPeak	1	154618
1	246	roadmap_epigenomics	0	0.395844951315605	2081	297	868	586	868	584	3330	1661	1052	roadmap_epigenomics H4K5ac	NA	NA	H4K5ac	NA	NA	E017-H4K5ac.narrowPeak	1	228064
1	634	roadmap_epigenomics	0	0.43942939115764	1729	297	680	774	774	584	2899	2013	1483	roadmap_epigenomics H3K36me3	NA	NA	H3K36me3	NA	NA	E076-H3K36me3.narrowPeak	1	180209
1	110	roadmap_epigenomics	0	0.304077731369821	2322	297	1074	385	1074	585	3695	1420	687	roadmap_epigenomics H4K8ac	NA	NA	H4K8ac	NA	NA	E006-H4K8ac.narrowPeak	1	209112
1	951	roadmap_epigenomics	0	0.408788492794536	1942	297	808	654	808	586	3178	1800	1204	roadmap_epigenomics H3K9ac	NA	NA	H3K9ac	NA	NA	E116-H3K9ac.narrowPeak	1	50567
1	1031	roadmap_epigenomics	0	0.461895398007539	1509	297	602	858	858	586	2603	2233	1779	roadmap_epigenomics H3K36me3	NA	NA	H3K36me3	NA	NA	E123-H3K36me3.narrowPeak	1	190856
1	1108	roadmap_epigenomics	0	0.447767172681128	1628	297	645	815	815	586	2771	2114	1611	roadmap_epigenomics H3K79me2	NA	NA	H3K79me2	NA	NA	E129-H3K79me2.narrowPeak	1	217609
1	913	roadmap_epigenomics	0	0.349944796295596	2229	297	998	465	998	587	3541	1513	841	roadmap_epigenomics H3K27ac	NA	NA	H3K27ac	NA	NA	E113-H3K27ac.narrowPeak	1	130427
1	235	roadmap_epigenomics	0	0.404891854968584	1973	297	825	642	825	588	3215	1769	1167	roadmap_epigenomics H3K4ac	NA	NA	H3K4ac	NA	NA	E017-H3K4ac.narrowPeak	1	243193
1	723	roadmap_epigenomics	0	0.39704670710165	2046	297	859	608	859	588	3297	1696	1085	roadmap_epigenomics H3K9ac	NA	NA	H3K9ac	NA	NA	E087-H3K9ac.narrowPeak	1	62354
1	459	roadmap_epigenomics	0	0.427461065223575	1797	297	732	739	739	589	2996	1945	1386	roadmap_epigenomics H3K36me3	NA	NA	H3K36me3	NA	NA	E049-H3K36me3.narrowPeak	1	236300
1	482	roadmap_epigenomics	0	0.435567899620718	1736	297	703	766	766	589	2915	2006	1467	roadmap_epigenomics H3K36me3	NA	NA	H3K36me3	NA	NA	E052-H3K36me3.narrowPeak	1	253308
1	425	roadmap_epigenomics	0	0.429126324840584	1781	297	725	747	747	590	2976	1961	1406	roadmap_epigenomics H3K36me3	NA	NA	H3K36me3	NA	NA	E044-H3K36me3.narrowPeak	1	227711
1	907	roadmap_epigenomics	0	0.389153013821359	2085	297	891	583	891	590	3347	1657	1035	roadmap_epigenomics H3K27ac	NA	NA	H3K27ac	NA	NA	E112-H3K27ac.narrowPeak	1	123630
1	250	roadmap_epigenomics	0	0.426983140579788	1793	297	735	741	741	591	2993	1949	1389	roadmap_epigenomics H3K36me3	NA	NA	H3K36me3	NA	NA	E018-H3K36me3.narrowPeak	1	167069
1	537	roadmap_epigenomics	0	0.314057166412975	2285	297	1062	415	1062	591	3651	1457	731	roadmap_epigenomics H3K4me3	NA	NA	H3K4me3	NA	NA	E059-H3K4me3.narrowPeak	1	47573
1	1060	roadmap_epigenomics	0	0.447520094924108	1597	297	646	831	831	591	2737	2145	1645	roadmap_epigenomics H3K79me2	NA	NA	H3K79me2	NA	NA	E125-H3K79me2.narrowPeak	1	204517
1	526	roadmap_epigenomics	0	0.414990259175205	1869	297	782	697	782	592	3095	1873	1287	roadmap_epigenomics H3K36me3	NA	NA	H3K36me3	NA	NA	E058-H3K36me3.narrowPeak	1	288215
1	623	roadmap_epigenomics	0	0.336593387873177	2237	297	1023	457	1023	592	3573	1505	809	roadmap_epigenomics H3K9ac	NA	NA	H3K9ac	NA	NA	E074-H3K9ac.narrowPeak	1	124462
1	947	roadmap_epigenomics	0	0.401548905729526	1974	297	838	641	838	592	3223	1768	1159	roadmap_epigenomics H3K4me1	NA	NA	H3K4me1	NA	NA	E116-H3K4me1.narrowPeak	1	129094
1	1069	roadmap_epigenomics	0	0.414008750635864	1874	297	786	694	786	592	3102	1868	1280	roadmap_epigenomics H3K4me1	NA	NA	H3K4me1	NA	NA	E126-H3K4me1.narrowPeak	1	191388
1	242	roadmap_epigenomics	0	0.325542640805622	2254	297	1043	439	1043	593	3607	1488	775	roadmap_epigenomics H3K9ac	NA	NA	H3K9ac	NA	NA	E017-H3K9ac.narrowPeak	1	130449
1	581	roadmap_epigenomics	0	0.408682795315569	1912	297	810	671	810	593	3150	1830	1232	roadmap_epigenomics H3K36me3	NA	NA	H3K36me3	NA	NA	E068-H3K36me3.narrowPeak	1	230963
1	729	roadmap_epigenomics	0	0.417936269262747	1848	297	770	712	770	593	3068	1894	1314	roadmap_epigenomics H3K36me3	NA	NA	H3K36me3	NA	NA	E088-H3K36me3.narrowPeak	1	301918
1	937	roadmap_epigenomics	0	0.412513367060568	1882	297	792	690	792	593	3113	1860	1269	roadmap_epigenomics H3K4me3	NA	NA	H3K4me3	NA	NA	E115-H3K4me3.narrowPeak	1	45841
1	595	roadmap_epigenomics	0	0.404122290027154	1942	297	830	654	830	594	3188	1800	1194	roadmap_epigenomics H3K4me1	NA	NA	H3K4me1	NA	NA	E070-H3K4me1.narrowPeak	1	107068
1	909	roadmap_epigenomics	0	0.452717894329456	1520	297	631	854	854	594	2637	2222	1745	roadmap_epigenomics H3K36me3	NA	NA	H3K36me3	NA	NA	E112-H3K36me3.narrowPeak	1	202936
1	1080	roadmap_epigenomics	0	0.418045150306233	1828	297	768	721	768	595	3048	1914	1334	roadmap_epigenomics H3K36me3	NA	NA	H3K36me3	NA	NA	E127-H3K36me3.narrowPeak	1	328717
1	611	roadmap_epigenomics	0	0.244338280709039	2323	297	1112	380	1112	596	3813	1419	569	roadmap_epigenomics H3K27ac	NA	NA	H3K27ac	NA	NA	E073-H3K27ac.narrowPeak	1	206720
1	968	roadmap_epigenomics	0	0.41852098248089	1815	297	765	725	765	596	3034	1927	1348	roadmap_epigenomics H3K27ac	NA	NA	H3K27ac	NA	NA	E118-H3K27ac.narrowPeak	1	71755
1	995	roadmap_epigenomics	0	0.370328961240804	2129	297	946	544	946	596	3422	1613	960	roadmap_epigenomics H3K4me1	NA	NA	H3K4me1	NA	NA	E120-H3K4me1.narrowPeak	1	205504
1	451	roadmap_epigenomics	0	0.396709936076729	1998	297	862	631	862	597	3255	1744	1127	roadmap_epigenomics H3K27ac	NA	NA	H3K27ac	NA	NA	E048-H3K27ac.narrowPeak	1	60881
1	552	roadmap_epigenomics	0	0.365334122646592	2135	297	956	538	956	597	3437	1607	945	roadmap_epigenomics H3K27ac	NA	NA	H3K27ac	NA	NA	E063-H3K27ac.narrowPeak	1	123465
1	921	roadmap_epigenomics	0	0.395943551602288	2004	297	867	628	867	597	3262	1738	1120	roadmap_epigenomics H3K27ac	NA	NA	H3K27ac	NA	NA	E114-H3K27ac.narrowPeak	1	69512
1	1039	roadmap_epigenomics	0	0.50896478893665	995	297	457	1037	1037	597	1822	2747	2560	roadmap_epigenomics H4K20me1	NA	NA	H4K20me1	NA	NA	E123-H4K20me1.narrowPeak	1	56074
1	1100	roadmap_epigenomics	0	0.54467100640359	736	297	402	1093	1093	597	1359	3006	3023	roadmap_epigenomics H4K20me1	NA	NA	H4K20me1	NA	NA	E128-H4K20me1.narrowPeak	1	29799
1	306	roadmap_epigenomics	0	0.429230996387636	1730	297	724	772	772	598	2923	2012	1459	roadmap_epigenomics H3K36me3	NA	NA	H3K36me3	NA	NA	E026-H3K36me3.narrowPeak	1	262442
1	541	roadmap_epigenomics	0	0.41478113215854	1846	297	784	714	784	598	3073	1896	1309	roadmap_epigenomics H3K36me3	NA	NA	H3K36me3	NA	NA	E061-H3K36me3.narrowPeak	1	295294
1	932	roadmap_epigenomics	0	0.41621698740439	1834	297	777	720	777	598	3058	1908	1324	roadmap_epigenomics H3K27ac	NA	NA	H3K27ac	NA	NA	E115-H3K27ac.narrowPeak	1	105299
1	1104	roadmap_epigenomics	0	0.430307212786288	1701	297	718	782	782	599	2890	2041	1492	roadmap_epigenomics H3K36me3	NA	NA	H3K36me3	NA	NA	E129-H3K36me3.narrowPeak	1	239707
1	178	roadmap_epigenomics	0	0.391154939204524	2014	297	882	624	882	601	3281	1728	1101	roadmap_epigenomics H3K27ac	NA	NA	H3K27ac	NA	NA	E011-H3K27ac.narrowPeak	1	157674
1	520	roadmap_epigenomics	0	0.428995242129607	1719	297	727	780	780	601	2912	2023	1470	roadmap_epigenomics H3K36me3	NA	NA	H3K36me3	NA	NA	E057-H3K36me3.narrowPeak	1	239831
1	588	roadmap_epigenomics	0	0.407535489587462	1880	297	816	692	816	602	3122	1862	1260	roadmap_epigenomics H3K36me3	NA	NA	H3K36me3	NA	NA	E069-H3K36me3.narrowPeak	1	210227
1	232	roadmap_epigenomics	0	0.370568134148159	2098	297	944	569	944	603	3396	1644	986	roadmap_epigenomics H3K27ac	NA	NA	H3K27ac	NA	NA	E017-H3K27ac.narrowPeak	1	179168
1	606	roadmap_epigenomics	0	0.401551489456952	1904	297	837	675	837	603	3158	1838	1224	roadmap_epigenomics H3K36me3	NA	NA	H3K36me3	NA	NA	E072-H3K36me3.narrowPeak	1	221904
1	616	roadmap_epigenomics	0	0.318477763431031	2240	297	1056	455	1056	603	3611	1502	771	roadmap_epigenomics H3K9ac	NA	NA	H3K9ac	NA	NA	E073-H3K9ac.narrowPeak	1	108381
1	380	roadmap_epigenomics	0	0.371947122792723	2093	297	940	574	940	604	3389	1649	993	roadmap_epigenomics H3K27ac	NA	NA	H3K27ac	NA	NA	E037-H3K27ac.narrowPeak	1	75646
1	1032	roadmap_epigenomics	0	0.3368899957165	2184	297	1020	496	1020	604	3533	1558	849	roadmap_epigenomics H3K4me1	NA	NA	H3K4me1	NA	NA	E123-H3K4me1.narrowPeak	1	169621
1	174	roadmap_epigenomics	0	0.416681871109076	1785	297	773	746	773	605	3008	1957	1374	roadmap_epigenomics H3K36me3	NA	NA	H3K36me3	NA	NA	E010-H3K36me3.narrowPeak	1	378468
1	632	roadmap_epigenomics	0	0.35232796392358	2152	297	992	526	992	605	3477	1590	905	roadmap_epigenomics H3K27ac	NA	NA	H3K27ac	NA	NA	E076-H3K27ac.narrowPeak	1	142168
1	961	roadmap_epigenomics	0	0.353365920768393	2142	297	988	532	988	606	3467	1600	915	roadmap_epigenomics H3K4me3	NA	NA	H3K4me3	NA	NA	E117-H3K4me3.narrowPeak	1	60631
1	880	roadmap_epigenomics	0	0.409459488532057	1838	297	806	718	806	607	3077	1904	1305	roadmap_epigenomics H3K36me3	NA	NA	H3K36me3	NA	NA	E108-H3K36me3.narrowPeak	1	243209
1	905	roadmap_epigenomics	0	0.379393630058969	2051	297	922	603	922	607	3338	1691	1044	roadmap_epigenomics H3K9ac	NA	NA	H3K9ac	NA	NA	E111-H3K9ac.narrowPeak	1	73574
1	103	roadmap_epigenomics	0	0.37001787660486	2087	297	947	581	947	608	3388	1655	994	roadmap_epigenomics H3K4ac	NA	NA	H3K4ac	NA	NA	E006-H3K4ac.narrowPeak	1	187901
1	678	roadmap_epigenomics	0	0.42008601769308	1733	297	757	769	769	608	2947	2009	1435	roadmap_epigenomics H3K36me3	NA	NA	H3K36me3	NA	NA	E082-H3K36me3.narrowPeak	1	205425
1	934	roadmap_epigenomics	0	0.420471378076383	1730	297	756	772	772	608	2943	2012	1439	roadmap_epigenomics H3K36me3	NA	NA	H3K36me3	NA	NA	E115-H3K36me3.narrowPeak	1	329592
1	1036	roadmap_epigenomics	0	0.393500267531807	1942	297	873	654	873	608	3211	1800	1171	roadmap_epigenomics H3K9ac	NA	NA	H3K9ac	NA	NA	E123-H3K9ac.narrowPeak	1	48136
1	936	roadmap_epigenomics	0	0.383366495686706	2026	297	913	618	913	609	3308	1716	1074	roadmap_epigenomics H3K4me2	NA	NA	H3K4me2	NA	NA	E115-H3K4me2.narrowPeak	1	70834
1	417	roadmap_epigenomics	0	0.414830585081601	1769	297	783	753	783	611	2996	1973	1386	roadmap_epigenomics H3K27ac	NA	NA	H3K27ac	NA	NA	E043-H3K27ac.narrowPeak	1	65032
1	467	roadmap_epigenomics	0	0.36375588809552	2093	297	962	574	962	611	3406	1649	976	roadmap_epigenomics H3K27ac	NA	NA	H3K27ac	NA	NA	E050-H3K27ac.narrowPeak	1	105551
1	1091	roadmap_epigenomics	0	0.391856429992277	1937	297	879	659	879	612	3210	1805	1172	roadmap_epigenomics H3K27ac	NA	NA	H3K27ac	NA	NA	E128-H3K27ac.narrowPeak	1	84016
1	533	roadmap_epigenomics	0	0.322271412939957	2184	297	1047	496	1047	613	3563	1558	819	roadmap_epigenomics H3K27ac	NA	NA	H3K27ac	NA	NA	E059-H3K27ac.narrowPeak	1	103939
1	604	roadmap_epigenomics	0	0.288888481338948	2246	297	1095	448	1095	613	3675	1496	707	roadmap_epigenomics H3K27ac	NA	NA	H3K27ac	NA	NA	E072-H3K27ac.narrowPeak	1	177783
1	423	roadmap_epigenomics	0	0.394081934359439	1896	297	870	676	870	614	3167	1846	1215	roadmap_epigenomics H3K27ac	NA	NA	H3K27ac	NA	NA	E044-H3K27ac.narrowPeak	1	85187
1	618	roadmap_epigenomics	0	0.292785119403377	2237	297	1088	457	1088	614	3661	1505	721	roadmap_epigenomics H3K27ac	NA	NA	H3K27ac	NA	NA	E074-H3K27ac.narrowPeak	1	158702
1	93	roadmap_epigenomics	0	0.437586330189354	1486	297	686	863	863	615	2633	2256	1749	roadmap_epigenomics H2AK5ac	NA	NA	H2AK5ac	NA	NA	E006-H2AK5ac.narrowPeak	1	168829
1	429	roadmap_epigenomics	0	0.386022035966761	1957	297	901	648	901	615	3241	1785	1141	roadmap_epigenomics H3K27ac	NA	NA	H3K27ac	NA	NA	E045-H3K27ac.narrowPeak	1	75442
1	395	roadmap_epigenomics	0	0.40333894529334	1828	297	831	721	831	616	3081	1914	1301	roadmap_epigenomics H3K36me3	NA	NA	H3K36me3	NA	NA	E039-H3K36me3.narrowPeak	1	205683
1	594	roadmap_epigenomics	0	0.435886624142741	1529	297	700	851	851	616	2687	2213	1695	roadmap_epigenomics H3K36me3	NA	NA	H3K36me3	NA	NA	E070-H3K36me3.narrowPeak	1	132982
1	705	roadmap_epigenomics	0	0.29943877566835	2216	297	1079	472	1079	616	3633	1526	749	roadmap_epigenomics H3K36me3	NA	NA	H3K36me3	NA	NA	E085-H3K36me3.narrowPeak	1	359487
1	405	roadmap_epigenomics	0	0.363263008606321	2076	297	964	590	964	617	3393	1666	989	roadmap_epigenomics H3K27ac	NA	NA	H3K27ac	NA	NA	E041-H3K27ac.narrowPeak	1	106442
1	600	roadmap_epigenomics	0	0.392820180763284	1893	297	875	680	875	617	3167	1849	1215	roadmap_epigenomics H3K36me3	NA	NA	H3K36me3	NA	NA	E071-H3K36me3.narrowPeak	1	193688
1	873	roadmap_epigenomics	0	0.405708498842319	1800	297	820	735	820	617	3048	1942	1334	roadmap_epigenomics H3K36me3	NA	NA	H3K36me3	NA	NA	E107-H3K36me3.narrowPeak	1	192945
1	878	roadmap_epigenomics	0	0.352069141944218	2101	297	994	564	994	618	3437	1641	945	roadmap_epigenomics H3K27ac	NA	NA	H3K27ac	NA	NA	E108-H3K27ac.narrowPeak	1	109113
1	923	roadmap_epigenomics	0	0.418508194228672	1679	297	766	792	792	618	2894	2063	1488	roadmap_epigenomics H3K36me3	NA	NA	H3K36me3	NA	NA	E114-H3K36me3.narrowPeak	1	218138
1	512	roadmap_epigenomics	0	0.216422822333641	2246	297	1116	448	1116	620	3830	1496	552	roadmap_epigenomics H3K36me3	NA	NA	H3K36me3	NA	NA	E056-H3K36me3.narrowPeak	1	339193
1	572	roadmap_epigenomics	0	0.298580187194985	2196	297	1080	485	1080	621	3621	1546	761	roadmap_epigenomics H3K27ac	NA	NA	H3K27ac	NA	NA	E067-H3K27ac.narrowPeak	1	171902
1	586	roadmap_epigenomics	0	0.28415385124898	2222	297	1098	467	1098	621	3669	1520	713	roadmap_epigenomics H3K27ac	NA	NA	H3K27ac	NA	NA	E069-H3K27ac.narrowPeak	1	169793
1	168	roadmap_epigenomics	0	0.407018300078426	1775	297	817	751	817	622	3020	1967	1362	roadmap_epigenomics H3K36me3	NA	NA	H3K36me3	NA	NA	E009-H3K36me3.narrowPeak	1	389216
1	775	roadmap_epigenomics	0	0.410618345397009	1736	297	803	766	803	622	2972	2006	1410	roadmap_epigenomics H3K36me3	NA	NA	H3K36me3	NA	NA	E093-H3K36me3.narrowPeak	1	312106
1	820	roadmap_epigenomics	0	0.399436183515834	1823	297	846	723	846	622	3085	1919	1297	roadmap_epigenomics H3K36me3	NA	NA	H3K36me3	NA	NA	E099-H3K36me3.narrowPeak	1	192233
1	1029	roadmap_epigenomics	0	0.386454562214542	1911	297	900	673	900	623	3198	1831	1184	roadmap_epigenomics H3K27ac	NA	NA	H3K27ac	NA	NA	E123-H3K27ac.narrowPeak	1	72757
1	827	roadmap_epigenomics	0	0.347226676715536	2092	297	1005	576	1005	626	3440	1650	942	roadmap_epigenomics H3K27ac	NA	NA	H3K27ac	NA	NA	E100-H3K27ac.narrowPeak	1	163031
1	939	roadmap_epigenomics	0	0.386875866821919	1883	297	898	688	898	628	3171	1859	1211	roadmap_epigenomics H3K9ac	NA	NA	H3K9ac	NA	NA	E115-H3K9ac.narrowPeak	1	45532
1	1001	roadmap_epigenomics	0	0.482639407496705	911	297	530	1062	1062	630	1753	2831	2629	roadmap_epigenomics H4K20me1	NA	NA	H4K20me1	NA	NA	E120-H4K20me1.narrowPeak	1	47891
1	240	roadmap_epigenomics	0	0.398811804716018	1786	297	850	745	850	631	3050	1956	1332	roadmap_epigenomics H3K79me1	NA	NA	H3K79me1	NA	NA	E017-H3K79me1.narrowPeak	1	390673
1	757	roadmap_epigenomics	0	0.400969103006376	1767	297	841	755	841	631	3026	1975	1356	roadmap_epigenomics H3K36me3	NA	NA	H3K36me3	NA	NA	E091-H3K36me3.narrowPeak	1	240653
1	989	roadmap_epigenomics	0	0.4942719923224	436	297	485	1115	1115	632	923	3306	3459	roadmap_epigenomics H4K20me1	NA	NA	H4K20me1	NA	NA	E119-H4K20me1.narrowPeak	1	17540
1	193	roadmap_epigenomics	0	0.383717616861113	1870	297	908	695	908	633	3166	1872	1216	roadmap_epigenomics H3K36me3	NA	NA	H3K36me3	NA	NA	E013-H3K36me3.narrowPeak	1	304339
1	413	roadmap_epigenomics	0	0.387549437369583	1856	297	894	707	894	633	3144	1886	1238	roadmap_epigenomics H3K36me3	NA	NA	H3K36me3	NA	NA	E042-H3K36me3.narrowPeak	1	199452
1	941	roadmap_epigenomics	0	0.430249177702113	1438	297	719	884	884	633	2594	2304	1788	roadmap_epigenomics H4K20me1	NA	NA	H4K20me1	NA	NA	E115-H4K20me1.narrowPeak	1	156894
1	613	roadmap_epigenomics	0	0.381006085847617	1888	297	920	685	920	634	3189	1854	1193	roadmap_epigenomics H3K36me3	NA	NA	H3K36me3	NA	NA	E073-H3K36me3.narrowPeak	1	202192
1	975	roadmap_epigenomics	0	0.354717689634379	2005	297	986	627	986	637	3352	1737	1030	roadmap_epigenomics H3K9ac	NA	NA	H3K9ac	NA	NA	E118-H3K9ac.narrowPeak	1	55292
1	1086	roadmap_epigenomics	0	0.451611410735811	1204	297	636	977	977	637	2245	2538	2137	roadmap_epigenomics H3K9me1	NA	NA	H3K9me1	NA	NA	E127-H3K9me1.narrowPeak	1	49792
1	1094	roadmap_epigenomics	0	0.362804196391832	1945	297	966	652	966	638	3282	1797	1100	roadmap_epigenomics H3K4me1	NA	NA	H3K4me1	NA	NA	E128-H3K4me1.narrowPeak	1	167405
1	223	roadmap_epigenomics	0	0.355916540619685	1987	297	982	638	982	639	3334	1755	1048	roadmap_epigenomics H2AK9ac	NA	NA	H2AK9ac	NA	NA	E017-H2AK9ac.narrowPeak	1	85385
1	662	roadmap_epigenomics	0	0.368310109407819	1912	297	950	671	950	639	3240	1830	1142	roadmap_epigenomics H3K36me3	NA	NA	H3K36me3	NA	NA	E080-H3K36me3.narrowPeak	1	296790
1	766	roadmap_epigenomics	0	0.336791567500903	2060	297	1021	600	1021	639	3437	1682	945	roadmap_epigenomics H3K36me3	NA	NA	H3K36me3	NA	NA	E092-H3K36me3.narrowPeak	1	329663
1	95	roadmap_epigenomics	0	0.3458477856878	2028	297	1006	616	1006	640	3391	1714	991	roadmap_epigenomics H2BK12ac	NA	NA	H2BK12ac	NA	NA	E006-H2BK12ac.narrowPeak	1	286658
1	234	roadmap_epigenomics	0	0.374820290163793	1877	297	930	693	930	640	3193	1865	1189	roadmap_epigenomics H3K36me3	NA	NA	H3K36me3	NA	NA	E017-H3K36me3.narrowPeak	1	352022
1	393	roadmap_epigenomics	0	0.355939994414288	1965	297	980	644	980	640	3315	1777	1067	roadmap_epigenomics H3K27ac	NA	NA	H3K27ac	NA	NA	E039-H3K27ac.narrowPeak	1	79843
1	956	roadmap_epigenomics	0	0.355340963578581	1982	297	984	639	984	640	3331	1760	1051	roadmap_epigenomics H3K27ac	NA	NA	H3K27ac	NA	NA	E117-H3K27ac.narrowPeak	1	68992
1	739	roadmap_epigenomics	0	0.390766015951544	1770	297	887	752	887	645	3053	1972	1329	roadmap_epigenomics H3K36me3	NA	NA	H3K36me3	NA	NA	E089-H3K36me3.narrowPeak	1	233424
1	900	roadmap_epigenomics	0	0.345488056861961	1997	297	1008	632	1008	646	3366	1745	1016	roadmap_epigenomics H3K27ac	NA	NA	H3K27ac	NA	NA	E111-H3K27ac.narrowPeak	1	102045
1	963	roadmap_epigenomics	0	0.320435085781335	2075	297	1051	591	1051	646	3485	1667	897	roadmap_epigenomics H3K9ac	NA	NA	H3K9ac	NA	NA	E117-H3K9ac.narrowPeak	1	64430
1	535	roadmap_epigenomics	0	0.413576034734935	1480	297	787	864	864	649	2685	2262	1697	roadmap_epigenomics H3K36me3	NA	NA	H3K36me3	NA	NA	E059-H3K36me3.narrowPeak	1	98754
1	748	roadmap_epigenomics	0	0.372743131340203	1845	297	936	715	936	649	3168	1897	1214	roadmap_epigenomics H3K36me3	NA	NA	H3K36me3	NA	NA	E090-H3K36me3.narrowPeak	1	278916
1	977	roadmap_epigenomics	0	0.475319975406242	566	297	560	1111	1111	656	1195	3176	3187	roadmap_epigenomics H4K20me1	NA	NA	H4K20me1	NA	NA	E118-H4K20me1.narrowPeak	1	34450
1	503	roadmap_epigenomics	0	0.289378136956639	2066	297	1094	596	1094	662	3549	1676	833	roadmap_epigenomics H3K36me3	NA	NA	H3K36me3	NA	NA	E055-H3K36me3.narrowPeak	1	289239
1	1093	roadmap_epigenomics	0	0.404411425847167	1466	297	829	870	870	665	2692	2276	1690	roadmap_epigenomics H3K36me3	NA	NA	H3K36me3	NA	NA	E128-H3K36me3.narrowPeak	1	129078
1	1037	roadmap_epigenomics	0	0.454797526498609	777	297	622	1086	1086	668	1602	2965	2780	roadmap_epigenomics H3K9me1	NA	NA	H3K9me1	NA	NA	E123-H3K9me1.narrowPeak	1	22183
1	222	roadmap_epigenomics	0	0.335345396810177	1851	297	1025	710	1025	677	3264	1891	1118	roadmap_epigenomics H2AK5ac	NA	NA	H2AK5ac	NA	NA	E017-H2AK5ac.narrowPeak	1	296165
1	1088	roadmap_epigenomics	0	0.428672238134733	995	297	728	1037	1037	687	2007	2747	2375	roadmap_epigenomics H4K20me1	NA	NA	H4K20me1	NA	NA	E127-H4K20me1.narrowPeak	1	66330
1	536	roadmap_epigenomics	0	0.334710368371476	1753	297	1028	762	1028	696	3176	1989	1206	roadmap_epigenomics H3K4me1	NA	NA	H3K4me1	NA	NA	E059-H3K4me1.narrowPeak	1	104649
1	245	roadmap_epigenomics	0	0.392101671320534	1298	297	877	938	938	704	2521	2444	1861	roadmap_epigenomics H4K20me1	NA	NA	H4K20me1	NA	NA	E017-H4K20me1.narrowPeak	1	192735
1	1110	roadmap_epigenomics	0	0.385219096018342	1339	297	904	921	921	707	2591	2403	1791	roadmap_epigenomics H4K20me1	NA	NA	H4K20me1	NA	NA	E129-H4K20me1.narrowPeak	1	157676
1	1063	roadmap_epigenomics	0	0.362394358067117	1410	297	967	893	967	719	2740	2332	1642	roadmap_epigenomics H4K20me1	NA	NA	H4K20me1	NA	NA	E125-H4K20me1.narrowPeak	1	167649
1	953	roadmap_epigenomics	0	0.412424511880906	402	297	793	1117	1117	736	990	3340	3392	roadmap_epigenomics H4K20me1	NA	NA	H4K20me1	NA	NA	E116-H4K20me1.narrowPeak	1	13628
1	1051	roadmap_epigenomics	0	0.348855065856525	1294	297	1002	939	1002	746	2640	2448	1742	roadmap_epigenomics H4K20me1	NA	NA	H4K20me1	NA	NA	E124-H4K20me1.narrowPeak	1	157666
1	930	roadmap_epigenomics	0	0.353221112428917	1069	297	990	1020	1020	769	2327	2673	2055	roadmap_epigenomics H4K20me1	NA	NA	H4K20me1	NA	NA	E114-H4K20me1.narrowPeak	1	69077
2	514	roadmap_epigenomics	187.999634283408	5.9804779655778	4092	1	1	8	8	3.33	2491	332	1209	roadmap_epigenomics H3K4me3	NA	NA	H3K4me3	NA	NA	E056-H3K4me3.narrowPeak	2.24789213873138e-185	152592
2	512	roadmap_epigenomics	180.322254323556	4.62594938892607	3863	2	8	86	86	32	2213	561	1487	roadmap_epigenomics H3K36me3	NA	NA	H3K36me3	NA	NA	E056-H3K36me3.narrowPeak	5.34718774293981e-178	339193
2	505	roadmap_epigenomics	164.477327607931	4.89349671811343	4005	3	6	23	23	10.7	2447	419	1253	roadmap_epigenomics H3K4me3	NA	NA	H3K4me3	NA	NA	E055-H3K4me3.narrowPeak	2.49437008440383e-162	115193
2	510	roadmap_epigenomics	163.034282321495	5.59646478123779	4115	4	3	4	4	3.67	2605	309	1095	roadmap_epigenomics H3K27ac	NA	NA	H3K27ac	NA	NA	E056-H3K27ac.narrowPeak	5.18880606670071e-161	271197
2	513	roadmap_epigenomics	160.589334162791	5.14542114839574	4063	5	4	12	12	7	2539	361	1161	roadmap_epigenomics H3K4me1	NA	NA	H3K4me1	NA	NA	E056-H3K4me1.narrowPeak	1.15639334803923e-158	303644
2	611	roadmap_epigenomics	151.482907971069	4.08342010235207	3845	6	12	93	93	37	2291	579	1409	roadmap_epigenomics H3K27ac	NA	NA	H3K27ac	NA	NA	E073-H3K27ac.narrowPeak	1.05536756045253e-149	206720
2	504	roadmap_epigenomics	147.948336796648	4.90261518268144	4068	7	5	11	11	7.67	2589	356	1111	roadmap_epigenomics H3K4me1	NA	NA	H3K4me1	NA	NA	E055-H3K4me1.narrowPeak	3.16215364764651e-146	338865
2	876	roadmap_epigenomics	145.769534957588	4.13281025703587	3899	8	11	64	64	27.7	2377	525	1323	roadmap_epigenomics H3K9ac	NA	NA	H3K9ac	NA	NA	E107-H3K9ac.narrowPeak	4.24260192712451e-144	144247
2	501	roadmap_epigenomics	144.338531896268	4.67526899184145	4042	9	7	18	18	11.3	2566	382	1134	roadmap_epigenomics H3K27ac	NA	NA	H3K27ac	NA	NA	E055-H3K27ac.narrowPeak	1.03009636741923e-142	274023
2	503	roadmap_epigenomics	135.619072839224	3.39118037248202	3571	10	36	308	308	118	2044	853	1656	roadmap_epigenomics H3K36me3	NA	NA	H3K36me3	NA	NA	E055-H3K36me3.narrowPeak	4.90844837404893e-134	289239
2	586	roadmap_epigenomics	135.234983476056	3.54878959144607	3703	11	25	188	188	74.7	2188	721	1512	roadmap_epigenomics H3K27ac	NA	NA	H3K27ac	NA	NA	E069-H3K27ac.narrowPeak	1.08954464323486e-133	169793
2	598	roadmap_epigenomics	133.789635413192	3.80992926222712	3855	12	16	88	88	38.7	2368	569	1332	roadmap_epigenomics H3K27ac	NA	NA	H3K27ac	NA	NA	E071-H3K27ac.narrowPeak	2.80434206499148e-132	152169
2	604	roadmap_epigenomics	132.374629338792	3.51797639648587	3712	13	26	179	179	72.7	2209	712	1491	roadmap_epigenomics H3K27ac	NA	NA	H3K27ac	NA	NA	E072-H3K27ac.narrowPeak	6.77099319707576e-131	177783
2	874	roadmap_epigenomics	132.308363250947	3.86427522577413	3887	14	15	73	73	34	2412	537	1288	roadmap_epigenomics H3K4me1	NA	NA	H3K4me1	NA	NA	E107-H3K4me1.narrowPeak	7.36131228429922e-131	238000
2	618	roadmap_epigenomics	128.539132063745	3.43397104521308	3694	15	30	193	193	79.3	2204	730	1496	roadmap_epigenomics H3K27ac	NA	NA	H3K27ac	NA	NA	E074-H3K27ac.narrowPeak	4.05655814659873e-127	158702
2	572	roadmap_epigenomics	127.84842537871	3.37131126252475	3654	16	37	242	242	98.3	2163	770	1537	roadmap_epigenomics H3K27ac	NA	NA	H3K27ac	NA	NA	E067-H3K27ac.narrowPeak	1.81139751966776e-126	171902
2	881	roadmap_epigenomics	127.838123478091	4.1470528672615	4000	17	10	28	28	18.3	2570	424	1130	roadmap_epigenomics H3K4me1	NA	NA	H3K4me1	NA	NA	E108-H3K4me1.narrowPeak	1.81139751966776e-126	272216
2	740	roadmap_epigenomics	124.10399573646	3.89265539828779	3948	18	14	45	45	25.7	2518	476	1182	roadmap_epigenomics H3K4me1	NA	NA	H3K4me1	NA	NA	E089-H3K4me1.narrowPeak	9.30380103993587e-123	234241
2	536	roadmap_epigenomics	122.104831875557	2.9732880050131	3199	19	95	587	587	234	1730	1225	1970	roadmap_epigenomics H3K4me1	NA	NA	H3K4me1	NA	NA	E059-H3K4me1.narrowPeak	8.82161054499604e-121	104649
2	222	roadmap_epigenomics	120.889045552999	2.99357170367803	3292	20	89	525	525	211	1823	1132	1877	roadmap_epigenomics H2AK5ac	NA	NA	H2AK5ac	NA	NA	E017-H2AK5ac.narrowPeak	1.35086237267709e-119	296165
2	705	roadmap_epigenomics	120.87837596622	3.27075776634736	3656	21	48	239	239	103	2193	768	1507	roadmap_epigenomics H3K36me3	NA	NA	H3K36me3	NA	NA	E085-H3K36me3.narrowPeak	1.35086237267709e-119	359487
2	963	roadmap_epigenomics	120.717522224803	3.12890316629575	3515	22	67	347	347	145	2045	909	1655	roadmap_epigenomics H3K9ac	NA	NA	H3K9ac	NA	NA	E117-H3K9ac.narrowPeak	1.87137012107635e-119	64430
2	579	roadmap_epigenomics	120.460170475119	3.41320344197097	3763	23	32	142	142	65.7	2313	661	1387	roadmap_epigenomics H3K27ac	NA	NA	H3K27ac	NA	NA	E068-H3K27ac.narrowPeak	3.24360555182751e-119	214725
2	609	roadmap_epigenomics	119.888489253279	3.56984133102007	3852	24	24	89	89	45.7	2418	572	1282	roadmap_epigenomics H3K9ac	NA	NA	H3K9ac	NA	NA	E072-H3K9ac.narrowPeak	1.16139643868317e-118	165236
2	577	roadmap_epigenomics	118.179316525381	3.36320091942741	3754	25	40	152	152	72.3	2312	670	1388	roadmap_epigenomics H3K9ac	NA	NA	H3K9ac	NA	NA	E067-H3K9ac.narrowPeak	5.7163640404553e-117	146266
2	110	roadmap_epigenomics	117.198232070447	3.31069563397307	3729	26	44	171	171	80.3	2288	695	1412	roadmap_epigenomics H4K8ac	NA	NA	H4K8ac	NA	NA	E006-H4K8ac.narrowPeak	5.27004006997905e-116	209112
2	539	roadmap_epigenomics	116.439822378739	3.65955378087555	3915	27	20	60	60	35.7	2507	509	1193	roadmap_epigenomics H3K27ac	NA	NA	H3K27ac	NA	NA	E061-H3K27ac.narrowPeak	2.91359606456956e-115	199363
2	1051	roadmap_epigenomics	115.922350067856	2.83445581866429	2654	28	129	774	774	310	1280	1770	2420	roadmap_epigenomics H4K20me1	NA	NA	H4K20me1	NA	NA	E124-H4K20me1.narrowPeak	9.26108107444049e-115	157666
2	591	roadmap_epigenomics	114.246607129987	3.28974977101318	3746	29	45	161	161	78.3	2319	678	1381	roadmap_epigenomics H3K9ac	NA	NA	H3K9ac	NA	NA	E069-H3K9ac.narrowPeak	4.24308143705608e-113	133007
2	689	roadmap_epigenomics	114.225810895664	3.33743338972701	3777	30	43	135	135	69.3	2354	647	1346	roadmap_epigenomics H3K9ac	NA	NA	H3K9ac	NA	NA	E083-H3K9ac.narrowPeak	4.30761779539888e-113	110500
2	903	roadmap_epigenomics	113.768196798725	3.42726009724403	3832	31	31	102	102	54.7	2419	592	1281	roadmap_epigenomics H3K4me1	NA	NA	H3K4me1	NA	NA	E111-H3K4me1.narrowPeak	1.19691407727682e-112	225429
2	883	roadmap_epigenomics	113.156349630732	3.36405710589836	3803	32	39	112	112	61	2388	621	1312	roadmap_epigenomics H3K9ac	NA	NA	H3K9ac	NA	NA	E108-H3K9ac.narrowPeak	4.74838780907786e-112	129620
2	628	roadmap_epigenomics	113.060577767143	3.60711928267042	3918	33	22	59	59	38	2524	506	1176	roadmap_epigenomics H3K4me1	NA	NA	H3K4me1	NA	NA	E075-H3K4me1.narrowPeak	5.74583390588745e-112	196719
2	533	roadmap_epigenomics	113.011168041773	3.08675912629066	3591	34	78	296	296	136	2156	833	1544	roadmap_epigenomics H3K27ac	NA	NA	H3K27ac	NA	NA	E059-H3K27ac.narrowPeak	6.25422737001945e-112	103939
2	616	roadmap_epigenomics	111.812995519507	3.11787198692672	3639	35	71	254	254	120	2212	785	1488	roadmap_epigenomics H3K9ac	NA	NA	H3K9ac	NA	NA	E073-H3K9ac.narrowPeak	9.59647489838513e-111	108381
2	900	roadmap_epigenomics	111.634209963367	2.92383131048325	3398	36	110	441	441	196	1965	1026	1735	roadmap_epigenomics H3K27ac	NA	NA	H3K27ac	NA	NA	E111-H3K27ac.narrowPeak	1.40928251769501e-110	102045
2	537	roadmap_epigenomics	111.37404734181	3.15669899865524	3679	37	64	209	209	103	2257	745	1443	roadmap_epigenomics H3K4me3	NA	NA	H3K4me3	NA	NA	E059-H3K4me3.narrowPeak	2.49792165782387e-110	47573
2	614	roadmap_epigenomics	111.278011487052	3.34937582160382	3812	38	41	108	108	62.3	2406	612	1294	roadmap_epigenomics H3K4me1	NA	NA	H3K4me1	NA	NA	E073-H3K4me1.narrowPeak	3.03622294431894e-110	233560
2	557	roadmap_epigenomics	110.947523328684	3.21850120840489	3732	39	54	167	167	86.7	2317	692	1383	roadmap_epigenomics H3K9ac	NA	NA	H3K9ac	NA	NA	E063-H3K9ac.narrowPeak	6.33616432489941e-110	112712
2	749	roadmap_epigenomics	110.875774911923	3.58351160129647	3924	40	23	57	57	40	2540	500	1160	roadmap_epigenomics H3K4me1	NA	NA	H3K4me1	NA	NA	E090-H3K4me1.narrowPeak	7.29207259051879e-110	268484
2	766	roadmap_epigenomics	110.207271537838	2.94397472275502	3462	41	106	397	397	181	2035	962	1665	roadmap_epigenomics H3K36me3	NA	NA	H3K36me3	NA	NA	E092-H3K36me3.narrowPeak	3.31809582198786e-109	329663
2	95	roadmap_epigenomics	109.258173066785	2.90501169906089	3421	42	115	430	430	196	1998	1003	1702	roadmap_epigenomics H2BK12ac	NA	NA	H2BK12ac	NA	NA	E006-H2BK12ac.narrowPeak	2.88249278931184e-108	286658
2	930	roadmap_epigenomics	109.117421363424	2.79847004874765	2338	43	142	833	833	339	1058	2086	2642	roadmap_epigenomics H4K20me1	NA	NA	H4K20me1	NA	NA	E114-H4K20me1.narrowPeak	3.89525337037391e-108	69077
2	242	roadmap_epigenomics	108.948600621387	3.07463807586311	3638	44	81	256	256	127	2223	786	1477	roadmap_epigenomics H3K9ac	NA	NA	H3K9ac	NA	NA	E017-H3K9ac.narrowPeak	5.61819251438196e-108	130449
2	826	roadmap_epigenomics	108.214124406949	4.32097583163018	4119	45	9	3	45	19	2803	305	897	roadmap_epigenomics	NA	NA	NA	NA	NA	E100-DNase.macs2.narrowPeak	2.98213646536416e-107	441628
2	1063	roadmap_epigenomics	107.849074071691	2.72137146518853	2754	46	168	753	753	322	1396	1670	2304	roadmap_epigenomics H4K20me1	NA	NA	H4K20me1	NA	NA	E125-H4K20me1.narrowPeak	6.76453303927084e-107	167649
2	281	roadmap_epigenomics	106.363821418614	3.09367985609877	3689	47	75	200	200	107	2289	735	1411	roadmap_epigenomics H3K27ac	NA	NA	H3K27ac	NA	NA	E022-H3K27ac.narrowPeak	2.02463665814594e-105	140357
2	860	roadmap_epigenomics	106.288134988681	3.74144648396705	4005	48	19	23	48	30	2659	419	1041	roadmap_epigenomics H3K27ac	NA	NA	H3K27ac	NA	NA	E105-H3K27ac.narrowPeak	2.33142447422575e-105	294261
2	827	roadmap_epigenomics	106.284818396406	2.89580063119844	3471	49	117	385	385	184	2061	953	1639	roadmap_epigenomics H3K27ac	NA	NA	H3K27ac	NA	NA	E100-H3K27ac.narrowPeak	2.33142447422575e-105	163031
2	462	roadmap_epigenomics	105.768874699626	3.10406045629951	3705	50	72	186	186	103	2309	719	1391	roadmap_epigenomics H3K9ac	NA	NA	H3K9ac	NA	NA	E049-H3K9ac.narrowPeak	7.49833563689651e-105	107453
2	408	roadmap_epigenomics	105.624796830514	3.40425922618055	3888	51	35	72	72	52.7	2518	536	1182	roadmap_epigenomics H3K4me1	NA	NA	H3K4me1	NA	NA	E041-H3K4me1.narrowPeak	1.02473029960548e-104	159193
2	426	roadmap_epigenomics	105.591352843489	3.20358112994575	3779	52	58	133	133	81	2392	645	1308	roadmap_epigenomics H3K4me1	NA	NA	H3K4me1	NA	NA	E044-H3K4me1.narrowPeak	1.08587801117477e-104	150223
2	393	roadmap_epigenomics	105.186769464313	2.80767681918095	3342	53	137	487	487	226	1938	1082	1762	roadmap_epigenomics H3K27ac	NA	NA	H3K27ac	NA	NA	E039-H3K27ac.narrowPeak	2.70549370508138e-104	79843
2	623	roadmap_epigenomics	104.965875520619	2.98409319501133	3605	54	92	288	288	145	2205	819	1495	roadmap_epigenomics H3K9ac	NA	NA	H3K9ac	NA	NA	E074-H3K9ac.narrowPeak	4.41744897546918e-104	124462
2	396	roadmap_epigenomics	104.929091645204	3.24282912716559	3810	55	50	109	109	71.3	2430	614	1270	roadmap_epigenomics H3K4me1	NA	NA	H3K4me1	NA	NA	E039-H3K4me1.narrowPeak	4.7220445457959e-104	159065
2	878	roadmap_epigenomics	104.90906150267	2.87724140798703	3471	56	120	385	385	187	2067	953	1633	roadmap_epigenomics H3K27ac	NA	NA	H3K27ac	NA	NA	E108-H3K27ac.narrowPeak	4.85817767110457e-104	109113
2	956	roadmap_epigenomics	104.417177754673	2.80459953025839	3357	57	140	469	469	222	1956	1067	1744	roadmap_epigenomics H3K27ac	NA	NA	H3K27ac	NA	NA	E117-H3K27ac.narrowPeak	1.48184917837754e-103	68992
2	223	roadmap_epigenomics	104.396109920906	2.8062981212636	3361	58	139	466	466	221	1960	1063	1740	roadmap_epigenomics H2AK9ac	NA	NA	H2AK9ac	NA	NA	E017-H2AK9ac.narrowPeak	1.52914200847423e-103	85385
2	367	roadmap_epigenomics	103.571524870005	3.51648903536082	3949	59	27	44	59	43.3	2600	475	1100	roadmap_epigenomics H3K4me1	NA	NA	H3K4me1	NA	NA	E034-H3K4me1.narrowPeak	1.00399981211434e-102	198110
2	1032	roadmap_epigenomics	103.300750319456	2.91720293415467	3556	60	111	321	321	164	2161	868	1539	roadmap_epigenomics H3K4me1	NA	NA	H3K4me1	NA	NA	E123-H3K4me1.narrowPeak	1.8421695418058e-102	169621
2	975	roadmap_epigenomics	102.968604104496	2.79507692152688	3376	61	143	455	455	220	1981	1048	1719	roadmap_epigenomics H3K9ac	NA	NA	H3K9ac	NA	NA	E118-H3K9ac.narrowPeak	3.89416149250155e-102	55292
2	663	roadmap_epigenomics	102.777215838224	3.78900914631451	4037	62	18	19	62	33	2714	387	986	roadmap_epigenomics H3K4me1	NA	NA	H3K4me1	NA	NA	E080-H3K4me1.narrowPeak	5.95461057340119e-102	279457
2	236	roadmap_epigenomics	102.680157596251	3.17693441846594	3792	63	60	121	121	81.3	2419	632	1281	roadmap_epigenomics H3K4me1	NA	NA	H3K4me1	NA	NA	E017-H3K4me1.narrowPeak	7.32946341984722e-102	328152
2	632	roadmap_epigenomics	102.54654731024	2.87198159171684	3511	64	122	352	352	179	2118	913	1582	roadmap_epigenomics H3K27ac	NA	NA	H3K27ac	NA	NA	E076-H3K27ac.narrowPeak	9.81632853542285e-102	142168
2	601	roadmap_epigenomics	102.255510548708	3.37017606599874	3899	65	38	64	65	55.7	2545	525	1155	roadmap_epigenomics H3K4me1	NA	NA	H3K4me1	NA	NA	E071-H3K4me1.narrowPeak	1.88953642218668e-101	226083
2	802	roadmap_epigenomics	101.600863057642	4.02216046540774	4094	66	13	6	66	28.3	2794	330	906	roadmap_epigenomics	NA	NA	NA	NA	NA	E097-DNase.macs2.narrowPeak	8.40372614724402e-101	492363
2	414	roadmap_epigenomics	100.824402345188	3.13628114086831	3785	67	66	129	129	87.3	2419	639	1281	roadmap_epigenomics H3K4me1	NA	NA	H3K4me1	NA	NA	E042-H3K4me1.narrowPeak	4.94878394866856e-100	160756
2	776	roadmap_epigenomics	100.647457647045	3.43930774817922	3940	68	29	50	68	49	2601	484	1099	roadmap_epigenomics H3K4me1	NA	NA	H3K4me1	NA	NA	E093-H3K4me1.narrowPeak	7.32998378878512e-100	250705
2	913	roadmap_epigenomics	100.064164239191	2.886763767645	3575	69	118	303	303	163	2195	849	1505	roadmap_epigenomics H3K27ac	NA	NA	H3K27ac	NA	NA	E113-H3K27ac.narrowPeak	2.76788137114344e-99	130427
2	1094	roadmap_epigenomics	99.8613661785036	2.71947428593589	3303	70	169	515	515	251	1924	1121	1776	roadmap_epigenomics H3K4me1	NA	NA	H3K4me1	NA	NA	E128-H3K4me1.narrowPeak	4.3529654958871e-99	167405
2	405	roadmap_epigenomics	99.6984515825155	2.77726609336909	3425	71	149	425	425	215	2044	999	1656	roadmap_epigenomics H3K27ac	NA	NA	H3K27ac	NA	NA	E041-H3K27ac.narrowPeak	6.2463407619678e-99	106442
2	467	roadmap_epigenomics	99.6874703632925	2.78585416045879	3440	72	147	417	417	212	2059	984	1641	roadmap_epigenomics H3K27ac	NA	NA	H3K27ac	NA	NA	E050-H3K27ac.narrowPeak	6.31853693515833e-99	105551
2	641	roadmap_epigenomics	99.6133861932212	3.40511034814205	3934	73	34	52	73	53	2598	490	1102	roadmap_epigenomics H3K4me1	NA	NA	H3K4me1	NA	NA	E077-H3K4me1.narrowPeak	7.39250860923876e-99	231713
2	420	roadmap_epigenomics	99.5646270849943	3.2391399746916	3858	74	51	87	87	70.7	2508	566	1192	roadmap_epigenomics H3K4me1	NA	NA	H3K4me1	NA	NA	E043-H3K4me1.narrowPeak	8.16058708234284e-99	154217
2	630	roadmap_epigenomics	99.5159802220432	3.11981119310417	3788	75	69	125	125	89.7	2428	636	1272	roadmap_epigenomics H3K9ac	NA	NA	H3K9ac	NA	NA	E075-H3K9ac.narrowPeak	9.00774197906957e-99	109949
2	575	roadmap_epigenomics	99.396874539221	3.07594943360415	3759	76	80	147	147	101	2396	665	1304	roadmap_epigenomics H3K4me1	NA	NA	H3K4me1	NA	NA	E067-H3K4me1.narrowPeak	1.16961919637907e-98	240432
2	961	roadmap_epigenomics	99.324894980249	2.81514717815827	3494	77	134	365	365	192	2115	930	1585	roadmap_epigenomics H3K4me3	NA	NA	H3K4me3	NA	NA	E117-H3K4me3.narrowPeak	1.36276248331388e-98	60631
2	924	roadmap_epigenomics	99.3095025965182	2.93804445056929	3643	78	107	251	251	145	2270	781	1430	roadmap_epigenomics H3K4me1	NA	NA	H3K4me1	NA	NA	E114-H3K4me1.narrowPeak	1.39405549974838e-98	202029
2	794	roadmap_epigenomics	99.1134915107697	3.06872675738145	3757	79	82	148	148	103	2395	667	1305	roadmap_epigenomics H3K27ac	NA	NA	H3K27ac	NA	NA	E096-H3K27ac.narrowPeak	2.16186342544188e-98	220045
2	888	roadmap_epigenomics	98.9614895775147	2.96835608902345	3677	80	99	213	213	131	2308	747	1392	roadmap_epigenomics H3K27ac	NA	NA	H3K27ac	NA	NA	E109-H3K27ac.narrowPeak	3.02994786278464e-98	194782
2	584	roadmap_epigenomics	98.7975302294299	3.11890037271195	3795	81	70	118	118	89.7	2439	629	1261	roadmap_epigenomics H3K9ac	NA	NA	H3K9ac	NA	NA	E068-H3K9ac.narrowPeak	4.36581843235268e-98	183791
2	363	roadmap_epigenomics	98.6503930098847	3.80441176185665	4062	82	17	13	82	37.3	2763	362	937	roadmap_epigenomics	NA	NA	NA	NA	NA	E034-DNase.macs2.narrowPeak	6.0525536769777e-98	416560
2	291	roadmap_epigenomics	98.4921984868512	2.94636017835127	3663	83	103	232	232	139	2295	761	1405	roadmap_epigenomics H3K9ac	NA	NA	H3K9ac	NA	NA	E023-H3K9ac.narrowPeak	8.6085891036267e-98	124570
2	973	roadmap_epigenomics	98.4172184039554	2.91028891783067	3628	84	112	261	261	152	2258	796	1442	roadmap_epigenomics H3K4me3	NA	NA	H3K4me3	NA	NA	E118-H3K4me3.narrowPeak	1.01104950816884e-97	58435
2	662	roadmap_epigenomics	98.2828850733121	2.68202631858961	3261	85	182	551	551	273	1891	1163	1809	roadmap_epigenomics H3K36me3	NA	NA	H3K36me3	NA	NA	E080-H3K36me3.narrowPeak	1.36152690361497e-97	296790
2	607	roadmap_epigenomics	97.6884107624721	2.96804984589435	3694	86	100	193	193	126	2332	730	1368	roadmap_epigenomics H3K4me1	NA	NA	H3K4me1	NA	NA	E072-H3K4me1.narrowPeak	5.29029313362628e-97	211846
2	748	roadmap_epigenomics	97.6801484856317	2.64962162463555	3188	87	191	594	594	291	1825	1236	1875	roadmap_epigenomics H3K36me3	NA	NA	H3K36me3	NA	NA	E090-H3K36me3.narrowPeak	5.33063067547089e-97	278916
2	863	roadmap_epigenomics	97.4801554182057	3.28576924403481	3899	88	46	64	88	66	2565	525	1135	roadmap_epigenomics H3K4me1	NA	NA	H3K4me1	NA	NA	E105-H3K4me1.narrowPeak	8.35342017909593e-97	309072
2	402	roadmap_epigenomics	97.3293681156778	3.10281261591586	3800	89	73	114	114	92	2451	624	1249	roadmap_epigenomics H3K4me1	NA	NA	H3K4me1	NA	NA	E040-H3K4me1.narrowPeak	1.15990511863689e-96	147396
2	86	roadmap_epigenomics	97.3279458946341	3.21814166975507	3867	90	55	83	90	76	2528	557	1172	roadmap_epigenomics H4K12ac	NA	NA	H4K12ac	NA	NA	E005-H4K12ac.narrowPeak	1.15990511863689e-96	157052
2	234	roadmap_epigenomics	97.0711642275692	2.65043208232236	3216	91	190	582	582	288	1854	1208	1846	roadmap_epigenomics H3K36me3	NA	NA	H3K36me3	NA	NA	E017-H3K36me3.narrowPeak	2.07232419245896e-96	352022
2	972	roadmap_epigenomics	96.9907918378548	3.00775740671492	3736	92	85	164	164	114	2381	688	1319	roadmap_epigenomics H3K4me2	NA	NA	H3K4me2	NA	NA	E118-H3K4me2.narrowPeak	2.46680582635507e-96	96755
2	898	roadmap_epigenomics	96.833307482316	2.97115714322676	3708	93	97	182	182	124	2351	716	1349	roadmap_epigenomics H3K9ac	NA	NA	H3K9ac	NA	NA	E110-H3K9ac.narrowPeak	3.50731212008664e-96	89018
2	821	roadmap_epigenomics	96.7477863580753	3.087256956088	3796	94	77	117	117	96	2449	628	1251	roadmap_epigenomics H3K4me1	NA	NA	H3K4me1	NA	NA	E099-H3K4me1.narrowPeak	4.2257109669328e-96	176837
2	383	roadmap_epigenomics	96.6292792286907	3.00723114468843	3740	95	86	163	163	115	2387	684	1313	roadmap_epigenomics H3K4me1	NA	NA	H3K4me1	NA	NA	E037-H3K4me1.narrowPeak	5.49362853488806e-96	143294
2	836	roadmap_epigenomics	96.4443611415911	3.13666766612074	3830	96	65	103	103	88	2489	594	1211	roadmap_epigenomics H3K4me1	NA	NA	H3K4me1	NA	NA	E101-H3K4me1.narrowPeak	8.32294215116894e-96	208728
2	103	roadmap_epigenomics	96.1730929734689	2.7264061513728	3420	97	165	431	431	231	2055	1004	1645	roadmap_epigenomics H3K4ac	NA	NA	H3K4ac	NA	NA	E006-H3K4ac.narrowPeak	1.53847591872849e-95	187901
2	687	roadmap_epigenomics	96.1273192981685	2.98433536067701	3728	98	91	172	172	120	2376	696	1324	roadmap_epigenomics H3K4me1	NA	NA	H3K4me1	NA	NA	E083-H3K4me1.narrowPeak	1.69221390426935e-95	190314
2	767	roadmap_epigenomics	95.9722753787834	3.22013442098114	3880	99	53	76	99	76	2549	544	1151	roadmap_epigenomics H3K4me1	NA	NA	H3K4me1	NA	NA	E092-H3K4me1.narrowPeak	2.39405637625806e-95	275943
2	568	roadmap_epigenomics	95.8365973204902	3.33831954376961	3935	100	42	51	100	64.3	2615	489	1085	roadmap_epigenomics H3K4me1	NA	NA	H3K4me1	NA	NA	E066-H3K4me1.narrowPeak	3.23959751867762e-95	233359
2	896	roadmap_epigenomics	95.585750784808	3.21739659370875	3882	101	56	74	101	77	2553	542	1147	roadmap_epigenomics H3K4me1	NA	NA	H3K4me1	NA	NA	E110-H3K4me1.narrowPeak	5.71556009435207e-95	214877
2	1110	roadmap_epigenomics	95.3259704989891	2.56126658893643	2604	102	229	788	788	373	1326	1820	2374	roadmap_epigenomics H4K20me1	NA	NA	H4K20me1	NA	NA	E129-H4K20me1.narrowPeak	1.02944234432386e-94	157676
2	552	roadmap_epigenomics	95.0659719805288	2.73802179466545	3466	103	162	390	390	218	2106	958	1594	roadmap_epigenomics H3K27ac	NA	NA	H3K27ac	NA	NA	E063-H3K27ac.narrowPeak	1.85525850888978e-94	123465
2	843	roadmap_epigenomics	95.03113877638	3.1232590273153	3836	104	68	100	104	90.7	2502	588	1198	roadmap_epigenomics H3K4me1	NA	NA	H3K4me1	NA	NA	E102-H3K4me1.narrowPeak	1.99104775422587e-94	236074
2	432	roadmap_epigenomics	94.9922388096966	2.90026593381166	3669	105	116	223	223	148	2317	755	1383	roadmap_epigenomics H3K4me1	NA	NA	H3K4me1	NA	NA	E045-H3K4me1.narrowPeak	2.15707416299382e-94	132617
2	341	roadmap_epigenomics	94.3365778909392	2.9051605594893	3683	106	114	205	205	142	2335	741	1365	roadmap_epigenomics H3K4me1	NA	NA	H3K4me1	NA	NA	E031-H3K4me1.narrowPeak	9.67048116277377e-94	93412
2	380	roadmap_epigenomics	94.2140885739383	2.69915104363113	3419	107	177	432	432	239	2063	1005	1637	roadmap_epigenomics H3K27ac	NA	NA	H3K27ac	NA	NA	E037-H3K27ac.narrowPeak	1.27027403940096e-93	75646
2	232	roadmap_epigenomics	94.2039329116182	2.70229771377263	3425	108	176	425	425	236	2069	999	1631	roadmap_epigenomics H3K27ac	NA	NA	H3K27ac	NA	NA	E017-H3K27ac.narrowPeak	1.28839889112271e-93	179168
2	389	roadmap_epigenomics	94.032925526916	2.90922509612879	3691	109	113	198	198	140	2345	733	1355	roadmap_epigenomics H3K4me1	NA	NA	H3K4me1	NA	NA	E038-H3K4me1.narrowPeak	1.89274252564887e-93	143594
2	346	roadmap_epigenomics	94.0140359198063	3.62915162954637	4043	110	21	17	110	49.3	2757	381	943	roadmap_epigenomics	NA	NA	NA	NA	NA	E032-DNase.macs2.narrowPeak	1.959074056139e-93	359211
2	413	roadmap_epigenomics	93.7955006041196	2.59421157621056	3172	111	218	603	603	311	1828	1252	1872	roadmap_epigenomics H3K36me3	NA	NA	H3K36me3	NA	NA	E042-H3K36me3.narrowPeak	3.21137576158821e-93	199452
2	758	roadmap_epigenomics	93.74704141032	3.20945536909677	3894	112	57	67	112	78.7	2575	530	1125	roadmap_epigenomics H3K4me1	NA	NA	H3K4me1	NA	NA	E091-H3K4me1.narrowPeak	3.55868787090256e-93	214541
2	706	roadmap_epigenomics	93.4281388789021	3.22251807133427	3903	113	52	63	113	76	2587	521	1113	roadmap_epigenomics H3K4me1	NA	NA	H3K4me1	NA	NA	E085-H3K4me1.narrowPeak	7.35133174503631e-93	285846
2	429	roadmap_epigenomics	93.377729076929	2.62170977542237	3273	114	202	544	544	287	1925	1151	1775	roadmap_epigenomics H3K27ac	NA	NA	H3K27ac	NA	NA	E045-H3K27ac.narrowPeak	8.18432439202551e-93	75442
2	589	roadmap_epigenomics	93.3297315414011	3.00875045425976	3780	115	84	131	131	110	2446	644	1254	roadmap_epigenomics H3K4me1	NA	NA	H3K4me1	NA	NA	E069-H3K4me1.narrowPeak	9.06191994689e-93	263106
2	447	roadmap_epigenomics	93.3149735173289	2.98386383602411	3762	116	93	145	145	118	2426	662	1274	roadmap_epigenomics H3K4me1	NA	NA	H3K4me1	NA	NA	E047-H3K4me1.narrowPeak	9.29502094758629e-93	124596
2	643	roadmap_epigenomics	93.2411203783743	2.84639071002242	3641	117	126	252	252	165	2295	783	1405	roadmap_epigenomics H3K9ac	NA	NA	H3K9ac	NA	NA	E077-H3K9ac.narrowPeak	1.09246458280488e-92	96957
2	193	roadmap_epigenomics	93.1163470030664	2.59025831088002	3189	118	222	593	593	311	1847	1235	1853	roadmap_epigenomics H3K36me3	NA	NA	H3K36me3	NA	NA	E013-H3K36me3.narrowPeak	1.44382908939037e-92	304339
2	939	roadmap_epigenomics	92.9898542880461	2.59130124860404	3198	119	220	588	588	309	1856	1226	1844	roadmap_epigenomics H3K9ac	NA	NA	H3K9ac	NA	NA	E115-H3K9ac.narrowPeak	1.91590608970803e-92	45532
2	582	roadmap_epigenomics	92.9638394770074	3.07708691812099	3829	120	79	104	120	101	2503	595	1197	roadmap_epigenomics H3K4me1	NA	NA	H3K4me1	NA	NA	E068-H3K4me1.narrowPeak	2.01736696386586e-92	279154
2	1029	roadmap_epigenomics	92.8359551536649	2.59811863838311	3226	121	215	577	577	304	1883	1198	1817	roadmap_epigenomics H3K27ac	NA	NA	H3K27ac	NA	NA	E123-H3K27ac.narrowPeak	2.68593047976261e-92	72757
2	441	roadmap_epigenomics	92.1523750006338	3.1713286722254	3889	122	61	71	122	84.7	2576	535	1124	roadmap_epigenomics H3K4me1	NA	NA	H3K4me1	NA	NA	E046-H3K4me1.narrowPeak	1.28567038400948e-91	167778
2	648	roadmap_epigenomics	92.1234804117459	2.98521234368529	3777	123	90	135	135	116	2448	647	1252	roadmap_epigenomics H3K4me1	NA	NA	H3K4me1	NA	NA	E078-H3K4me1.narrowPeak	1.36303703133498e-91	192644
2	490	roadmap_epigenomics	92.070358562	2.9575634486612	3757	124	101	148	148	124	2426	667	1274	roadmap_epigenomics H3K4me1	NA	NA	H3K4me1	NA	NA	E053-H3K4me1.narrowPeak	1.52806270770539e-91	185030
2	613	roadmap_epigenomics	91.8013277532832	2.5784881696372	3207	125	225	585	585	312	1870	1217	1830	roadmap_epigenomics H3K36me3	NA	NA	H3K36me3	NA	NA	E073-H3K36me3.narrowPeak	2.81651101164075e-91	202192
2	454	roadmap_epigenomics	91.7307923161406	2.81022302907262	3626	126	136	264	264	175	2286	798	1414	roadmap_epigenomics H3K4me1	NA	NA	H3K4me1	NA	NA	E048-H3K4me1.narrowPeak	3.28710604341295e-91	144692
2	209	roadmap_epigenomics	91.7050139899473	2.94406966197876	3751	127	105	157	157	130	2421	673	1279	roadmap_epigenomics H3K9ac	NA	NA	H3K9ac	NA	NA	E015-H3K9ac.narrowPeak	3.4608740326932e-91	116131
2	905	roadmap_epigenomics	91.6034094486982	2.63700939693502	3366	128	198	463	463	263	2023	1058	1677	roadmap_epigenomics H3K9ac	NA	NA	H3K9ac	NA	NA	E111-H3K9ac.narrowPeak	4.33920924280363e-91	73574
2	995	roadmap_epigenomics	91.3816245085836	2.6759571145103	3447	129	183	410	410	241	2104	977	1596	roadmap_epigenomics H3K4me1	NA	NA	H3K4me1	NA	NA	E120-H3K4me1.narrowPeak	7.17533019113349e-91	205504
2	739	roadmap_epigenomics	91.0338841439496	2.53426520256636	3073	130	248	648	648	342	1750	1351	1950	roadmap_epigenomics H3K36me3	NA	NA	H3K36me3	NA	NA	E089-H3K36me3.narrowPeak	1.58582153927463e-90	233424
2	245	roadmap_epigenomics	90.9665700339527	2.50882693310427	2532	131	265	800	800	399	1287	1892	2413	roadmap_epigenomics H4K20me1	NA	NA	H4K20me1	NA	NA	E017-H4K20me1.narrowPeak	1.83766264265566e-90	192735
2	845	roadmap_epigenomics	90.7319101569321	2.7858179421882	3615	132	148	275	275	185	2279	809	1421	roadmap_epigenomics H3K9ac	NA	NA	H3K9ac	NA	NA	E102-H3K9ac.narrowPeak	3.12472754654556e-90	85154
2	73	roadmap_epigenomics	90.7294927975414	2.83225335796519	3665	133	130	228	228	164	2332	759	1368	roadmap_epigenomics H3K18ac	NA	NA	H3K18ac	NA	NA	E005-H3K18ac.narrowPeak	3.12472754654556e-90	251380
2	1057	roadmap_epigenomics	90.537120873517	3.00557651007734	3809	134	87	110	134	110	2491	615	1209	roadmap_epigenomics H3K4me1	NA	NA	H3K4me1	NA	NA	E125-H3K4me1.narrowPeak	4.83008874095274e-90	233552
2	1042	roadmap_epigenomics	90.5256200285544	2.66992379307242	3457	135	185	400	400	240	2118	967	1582	roadmap_epigenomics H3K27ac	NA	NA	H3K27ac	NA	NA	E124-H3K27ac.narrowPeak	4.92323781843545e-90	154618
2	959	roadmap_epigenomics	90.2283365935566	2.75424755881918	3586	136	158	299	299	198	2251	838	1449	roadmap_epigenomics H3K4me1	NA	NA	H3K4me1	NA	NA	E117-H3K4me1.narrowPeak	9.6906429243302e-90	156415
2	555	roadmap_epigenomics	90.1755768472851	3.41155279917692	4002	137	33	26	137	65.3	2721	422	979	roadmap_epigenomics H3K4me1	NA	NA	H3K4me1	NA	NA	E063-H3K4me1.narrowPeak	1.08631010204607e-89	260722
2	302	roadmap_epigenomics	90.13836268824	2.84160900406521	3683	138	128	205	205	157	2354	741	1346	roadmap_epigenomics H3K9ac	NA	NA	H3K9ac	NA	NA	E025-H3K9ac.narrowPeak	1.1749848404939e-89	134727
2	764	roadmap_epigenomics	90.0595608964909	2.77424015471417	3613	139	153	280	280	191	2280	811	1420	roadmap_epigenomics H3K27ac	NA	NA	H3K27ac	NA	NA	E092-H3K27ac.narrowPeak	1.39868790620203e-89	135058
2	936	roadmap_epigenomics	89.8835595969425	2.5995903675667	3334	140	214	491	491	282	2000	1090	1700	roadmap_epigenomics H3K4me2	NA	NA	H3K4me2	NA	NA	E115-H3K4me2.narrowPeak	2.08272074247425e-89	70834
2	1091	roadmap_epigenomics	89.7221592362531	2.5611176523443	3238	141	230	569	569	313	1909	1186	1791	roadmap_epigenomics H3K27ac	NA	NA	H3K27ac	NA	NA	E128-H3K27ac.narrowPeak	2.99890129183634e-89	84016
2	486	roadmap_epigenomics	89.2594545911026	2.70561219793812	3540	142	174	334	334	217	2208	884	1492	roadmap_epigenomics H3K9ac	NA	NA	H3K9ac	NA	NA	E052-H3K9ac.narrowPeak	8.64209673690335e-89	98792
2	635	roadmap_epigenomics	89.2086589099748	2.79498667595111	3650	143	144	246	246	178	2323	774	1377	roadmap_epigenomics H3K4me1	NA	NA	H3K4me1	NA	NA	E076-H3K4me1.narrowPeak	9.64691273272221e-89	178997
2	1085	roadmap_epigenomics	89.1246321932089	2.68255727188237	3509	144	181	354	354	226	2177	915	1523	roadmap_epigenomics H3K9ac	NA	NA	H3K9ac	NA	NA	E127-H3K9ac.narrowPeak	1.16254442138543e-88	78312
2	423	roadmap_epigenomics	89.0368443340968	2.53804074595477	3193	145	244	590	590	326	1870	1231	1830	roadmap_epigenomics H3K27ac	NA	NA	H3K27ac	NA	NA	E044-H3K27ac.narrowPeak	1.41322906931505e-88	85187
2	350	roadmap_epigenomics	88.8656784852218	3.09830275237691	3881	146	74	75	146	98.3	2581	543	1119	roadmap_epigenomics H3K4me1	NA	NA	H3K4me1	NA	NA	E032-H3K4me1.narrowPeak	2.08167981912117e-88	167617
2	240	roadmap_epigenomics	88.6984274623358	2.50418826735873	3074	147	268	647	647	354	1762	1350	1938	roadmap_epigenomics H3K79me1	NA	NA	H3K79me1	NA	NA	E017-H3K79me1.narrowPeak	3.03892914437621e-88	390673
2	833	roadmap_epigenomics	88.6141664973454	2.7582051848428	3619	148	157	273	273	193	2293	805	1407	roadmap_epigenomics H3K27ac	NA	NA	H3K27ac	NA	NA	E101-H3K27ac.narrowPeak	3.66485660092282e-88	137582
2	1036	roadmap_epigenomics	88.4644173466462	2.54454254377909	3238	149	240	569	569	319	1915	1186	1785	roadmap_epigenomics H3K9ac	NA	NA	H3K9ac	NA	NA	E123-H3K9ac.narrowPeak	5.13926658676673e-88	48136
2	1061	roadmap_epigenomics	88.433635998125	2.69741532822326	3545	150	178	329	329	219	2217	879	1483	roadmap_epigenomics H3K9ac	NA	NA	H3K9ac	NA	NA	E125-H3K9ac.narrowPeak	5.48020502408995e-88	92035
2	565	roadmap_epigenomics	88.385857327218	2.69038345188509	3536	151	180	336	336	222	2208	888	1492	roadmap_epigenomics H3K27ac	NA	NA	H3K27ac	NA	NA	E066-H3K27ac.narrowPeak	6.07727427106927e-88	117377
2	483	roadmap_epigenomics	88.1747103569357	2.93672583689329	3788	152	108	125	152	128	2478	636	1222	roadmap_epigenomics H3K4me1	NA	NA	H3K4me1	NA	NA	E052-H3K4me1.narrowPeak	9.81765946659553e-88	247579
2	336	roadmap_epigenomics	88.0098536879036	2.8123781366627	3686	153	135	204	204	164	2367	738	1333	roadmap_epigenomics H3K4me1	NA	NA	H3K4me1	NA	NA	E030-H3K4me1.narrowPeak	1.42572361525529e-87	116739
2	1095	roadmap_epigenomics	87.7029895891876	2.78773369620067	3666	154	146	227	227	176	2347	758	1353	roadmap_epigenomics H3K4me2	NA	NA	H3K4me2	NA	NA	E128-H3K4me2.narrowPeak	2.87136541153704e-87	118811
2	550	roadmap_epigenomics	87.3955503360049	2.92960874797881	3792	155	109	121	155	128	2486	632	1214	roadmap_epigenomics H3K9ac	NA	NA	H3K9ac	NA	NA	E062-H3K9ac.narrowPeak	5.79075002293281e-87	142197
2	907	roadmap_epigenomics	87.1207495329088	2.58158155526739	3377	156	223	454	454	278	2055	1047	1645	roadmap_epigenomics H3K27ac	NA	NA	H3K27ac	NA	NA	E112-H3K27ac.narrowPeak	1.08332949272912e-86	123630
2	600	roadmap_epigenomics	86.8443526608358	2.50729425432775	3186	157	266	595	595	339	1874	1238	1826	roadmap_epigenomics H3K36me3	NA	NA	H3K36me3	NA	NA	E071-H3K36me3.narrowPeak	2.03422976258123e-86	193688
2	178	roadmap_epigenomics	86.5397868104266	2.54345755924009	3306	158	241	510	510	303	1989	1118	1711	roadmap_epigenomics H3K27ac	NA	NA	H3K27ac	NA	NA	E011-H3K27ac.narrowPeak	4.07592155664553e-86	157674
2	625	roadmap_epigenomics	86.4133454360415	2.6515622766272	3520	159	189	344	344	231	2201	904	1499	roadmap_epigenomics H3K27ac	NA	NA	H3K27ac	NA	NA	E075-H3K27ac.narrowPeak	5.41931422545871e-86	146119
2	935	roadmap_epigenomics	86.310992793873	2.60385438017782	3443	160	212	415	415	262	2124	981	1576	roadmap_epigenomics H3K4me1	NA	NA	H3K4me1	NA	NA	E115-H3K4me1.narrowPeak	6.8169652792862e-86	130919
2	395	roadmap_epigenomics	86.2443647468067	2.47917558957862	3106	161	284	633	633	359	1803	1318	1897	roadmap_epigenomics H3K36me3	NA	NA	H3K36me3	NA	NA	E039-H3K36me3.narrowPeak	7.89823389444947e-86	205683
2	948	roadmap_epigenomics	86.0563439665566	2.76774445254439	3671	162	154	220	220	179	2360	753	1340	roadmap_epigenomics H3K4me2	NA	NA	H3K4me2	NA	NA	E116-H3K4me2.narrowPeak	1.21025860997491e-85	124500
2	1093	roadmap_epigenomics	85.9254212131455	2.43321107756547	2705	163	311	765	765	413	1453	1719	2247	roadmap_epigenomics H3K36me3	NA	NA	H3K36me3	NA	NA	E128-H3K36me3.narrowPeak	1.62609041822658e-85	129078
2	921	roadmap_epigenomics	85.654562334479	2.52519705879466	3289	164	252	529	529	315	1977	1135	1723	roadmap_epigenomics H3K27ac	NA	NA	H3K27ac	NA	NA	E114-H3K27ac.narrowPeak	3.01552874895581e-85	69512
2	548	roadmap_epigenomics	85.6457200933575	2.71619510649471	3621	165	170	270	270	202	2309	803	1391	roadmap_epigenomics H3K4me1	NA	NA	H3K4me1	NA	NA	E062-H3K4me1.narrowPeak	3.05901474613292e-85	122182
2	451	roadmap_epigenomics	85.5135047604938	2.52074897152609	3282	166	256	536	536	319	1971	1142	1729	roadmap_epigenomics H3K27ac	NA	NA	H3K27ac	NA	NA	E048-H3K27ac.narrowPeak	4.12276442866251e-85	60881
2	866	roadmap_epigenomics	85.4413969305431	2.69587130360335	3600	167	179	292	292	213	2288	824	1412	roadmap_epigenomics H3K27ac	NA	NA	H3K27ac	NA	NA	E106-H3K27ac.narrowPeak	4.83841972121476e-85	184602
2	820	roadmap_epigenomics	85.2688031732093	2.46581756472105	3103	168	291	634	634	364	1805	1321	1895	roadmap_epigenomics H3K36me3	NA	NA	H3K36me3	NA	NA	E099-H3K36me3.narrowPeak	7.15681636831977e-85	192233
2	966	roadmap_epigenomics	85.1060425662598	3.27902699758935	3991	169	47	30	169	82	2729	433	971	roadmap_epigenomics	NA	NA	NA	NA	NA	E118-DNase.macs2.narrowPeak	1.03494736770092e-84	277975
2	788	roadmap_epigenomics	85.0912302309268	2.54996973378565	3368	170	237	460	460	289	2056	1056	1644	roadmap_epigenomics H3K27ac	NA	NA	H3K27ac	NA	NA	E095-H3K27ac.narrowPeak	1.06459252044768e-84	153453
2	971	roadmap_epigenomics	85.0833012635968	2.61566909900556	3493	171	206	367	367	248	2180	931	1520	roadmap_epigenomics H3K4me1	NA	NA	H3K4me1	NA	NA	E118-H3K4me1.narrowPeak	1.07790389542985e-84	142346
2	746	roadmap_epigenomics	85.0570579902972	2.59091256501996	3451	172	221	406	406	266	2138	973	1562	roadmap_epigenomics H3K27ac	NA	NA	H3K27ac	NA	NA	E090-H3K27ac.narrowPeak	1.13842823508183e-84	148419
2	1102	roadmap_epigenomics	84.9832452639542	2.55962172510462	3392	173	231	447	447	284	2080	1032	1620	roadmap_epigenomics H3K27ac	NA	NA	H3K27ac	NA	NA	E129-H3K27ac.narrowPeak	1.34157587424972e-84	145020
2	170	roadmap_epigenomics	84.9194588972266	2.56802328634389	3411	174	228	435	435	279	2099	1013	1601	roadmap_epigenomics H3K4me3	NA	NA	H3K4me3	NA	NA	E009-H3K4me3.narrowPeak	1.54494422751167e-84	38823
2	757	roadmap_epigenomics	84.5880135349176	2.44455367252367	3041	175	304	668	668	382	1752	1383	1948	roadmap_epigenomics H3K36me3	NA	NA	H3K36me3	NA	NA	E091-H3K36me3.narrowPeak	3.27659640668749e-84	240653
2	495	roadmap_epigenomics	84.5351113411036	2.74280682523748	3669	176	160	223	223	186	2365	755	1335	roadmap_epigenomics H3K4me1	NA	NA	H3K4me1	NA	NA	E054-H3K4me1.narrowPeak	3.6802592125356e-84	191253
2	847	roadmap_epigenomics	84.5136550648901	2.51486472060647	3302	177	260	517	517	318	1995	1122	1705	roadmap_epigenomics H3K27ac	NA	NA	H3K27ac	NA	NA	E103-H3K27ac.narrowPeak	3.84504702903358e-84	119896
2	852	roadmap_epigenomics	84.4407328428821	2.70348185618998	3627	178	175	263	263	205	2321	797	1379	roadmap_epigenomics H3K9ac	NA	NA	H3K9ac	NA	NA	E103-H3K9ac.narrowPeak	4.52276897060508e-84	111468
2	679	roadmap_epigenomics	84.3688483903042	2.63053095132074	3532	179	200	338	338	239	2223	892	1477	roadmap_epigenomics H3K4me1	NA	NA	H3K4me1	NA	NA	E082-H3K4me1.narrowPeak	5.30741181315954e-84	167812
2	850	roadmap_epigenomics	84.09238948728	2.55719427373444	3412	180	233	434	434	282	2104	1012	1596	roadmap_epigenomics H3K4me1	NA	NA	H3K4me1	NA	NA	E103-H3K4me1.narrowPeak	9.97582625633936e-84	172034
2	313	roadmap_epigenomics	84.0529760105355	3.16902049045254	3956	181	62	40	181	94.3	2691	468	1009	roadmap_epigenomics H3K4me1	NA	NA	H3K4me1	NA	NA	E027-H3K4me1.narrowPeak	1.08638222609299e-83	374655
2	854	roadmap_epigenomics	83.7946655016633	2.51025959491841	3315	182	264	505	505	317	2011	1109	1689	roadmap_epigenomics H3K27ac	NA	NA	H3K27ac	NA	NA	E104-H3K27ac.narrowPeak	1.95826591669547e-83	154086
2	168	roadmap_epigenomics	83.7923663583678	2.43405692929811	3040	183	310	669	669	387	1755	1384	1945	roadmap_epigenomics H3K36me3	NA	NA	H3K36me3	NA	NA	E009-H3K36me3.narrowPeak	1.95826591669547e-83	389216
2	697	roadmap_epigenomics	83.7797987223075	2.9450989519933	3843	184	104	94	184	127	2560	581	1140	roadmap_epigenomics H3K4me1	NA	NA	H3K4me1	NA	NA	E084-H3K4me1.narrowPeak	2.00492478845854e-83	247694
2	417	roadmap_epigenomics	83.7090106830255	2.43019018325408	3024	185	314	678	678	392	1741	1400	1959	roadmap_epigenomics H3K27ac	NA	NA	H3K27ac	NA	NA	E043-H3K27ac.narrowPeak	2.33824787002553e-83	65032
2	246	roadmap_epigenomics	83.7083613552549	2.52683485542751	3358	186	251	468	468	302	2053	1066	1647	roadmap_epigenomics H4K5ac	NA	NA	H4K5ac	NA	NA	E017-H4K5ac.narrowPeak	2.33824787002553e-83	228064
2	1019	roadmap_epigenomics	83.6145307908362	2.7086347668819	3647	187	172	248	248	202	2346	777	1354	roadmap_epigenomics H3K4me1	NA	NA	H3K4me1	NA	NA	E122-H3K4me1.narrowPeak	2.88680305959852e-83	142277
2	947	roadmap_epigenomics	83.4074588352903	2.48103406424199	3248	188	283	561	561	344	1949	1176	1751	roadmap_epigenomics H3K4me1	NA	NA	H3K4me1	NA	NA	E116-H3K4me1.narrowPeak	4.62591145541628e-83	129094
2	500	roadmap_epigenomics	83.3828622483038	3.4645465053475	4060	189	28	14	189	77	2823	364	877	roadmap_epigenomics	NA	NA	NA	NA	NA	E055-DNase.macs2.narrowPeak	4.86983376316062e-83	447741
2	235	roadmap_epigenomics	83.259864408801	2.47744700579968	3243	190	285	566	566	347	1945	1181	1755	roadmap_epigenomics H3K4ac	NA	NA	H3K4ac	NA	NA	E017-H3K4ac.narrowPeak	6.43049069919988e-83	243193
2	723	roadmap_epigenomics	83.1299854546042	2.50409992607007	3322	191	269	498	498	319	2021	1102	1679	roadmap_epigenomics H3K9ac	NA	NA	H3K9ac	NA	NA	E087-H3K9ac.narrowPeak	8.62714283170358e-83	62354
2	169	roadmap_epigenomics	83.1009367123031	2.7384841146708	3687	192	161	202	202	185	2391	737	1309	roadmap_epigenomics H3K4me1	NA	NA	H3K4me1	NA	NA	E009-H3K4me1.narrowPeak	9.17637830971543e-83	280630
2	928	roadmap_epigenomics	83.0422894574952	2.5955760798005	3507	193	216	358	358	256	2204	917	1496	roadmap_epigenomics H3K9ac	NA	NA	H3K9ac	NA	NA	E114-H3K9ac.narrowPeak	1.04492635507541e-82	71993
2	775	roadmap_epigenomics	82.9635414579552	2.41542841127608	2992	194	329	691	691	405	1716	1432	1984	roadmap_epigenomics H3K36me3	NA	NA	H3K36me3	NA	NA	E093-H3K36me3.narrowPeak	1.24627023453432e-82	312106
2	651	roadmap_epigenomics	82.8701770464014	2.60071869929482	3519	195	213	345	345	251	2217	905	1483	roadmap_epigenomics H3K27ac	NA	NA	H3K27ac	NA	NA	E079-H3K27ac.narrowPeak	1.53732779511865e-82	156932
2	595	roadmap_epigenomics	82.817945373127	2.4619667466567	3212	196	293	583	583	357	1918	1212	1782	roadmap_epigenomics H3K4me1	NA	NA	H3K4me1	NA	NA	E070-H3K4me1.narrowPeak	1.72504007406977e-82	107068
2	873	roadmap_epigenomics	82.7013515057594	2.42455925212742	3065	197	318	654	654	390	1783	1359	1917	roadmap_epigenomics H3K36me3	NA	NA	H3K36me3	NA	NA	E107-H3K36me3.narrowPeak	2.24494223076262e-82	192945
2	111	roadmap_epigenomics	82.5556602505738	2.80036541507372	3752	198	141	155	198	165	2464	672	1236	roadmap_epigenomics H4K91ac	NA	NA	H4K91ac	NA	NA	E006-H4K91ac.narrowPeak	3.1240610030444e-82	234539
2	606	roadmap_epigenomics	82.4902928101911	2.44743974821061	3176	199	301	602	602	367	1886	1248	1814	roadmap_epigenomics H3K36me3	NA	NA	H3K36me3	NA	NA	E072-H3K36me3.narrowPeak	3.61344030384768e-82	221904
2	377	roadmap_epigenomics	82.1720295873784	2.97036184389628	3875	200	98	80	200	126	2604	549	1096	roadmap_epigenomics H3K4me1	NA	NA	H3K4me1	NA	NA	E036-H3K4me1.narrowPeak	7.48219108164479e-82	232778
2	671	roadmap_epigenomics	82.0760185010209	2.72475808452272	3689	201	167	200	201	189	2398	735	1302	roadmap_epigenomics H3K4me1	NA	NA	H3K4me1	NA	NA	E081-H3K4me1.narrowPeak	9.28742271875728e-82	160582
2	484	roadmap_epigenomics	81.9774601101612	2.79470197302513	3755	202	145	151	202	166	2470	669	1230	roadmap_epigenomics H3K4me2	NA	NA	H3K4me2	NA	NA	E052-H3K4me2.narrowPeak	1.15963008590537e-81	119840
2	910	roadmap_epigenomics	81.9724780086003	2.54868802090915	3452	203	238	403	403	281	2154	972	1546	roadmap_epigenomics H3K4me1	NA	NA	H3K4me1	NA	NA	E112-H3K4me1.narrowPeak	1.16728762740448e-81	124560
2	951	roadmap_epigenomics	81.7103201063415	2.44502117380231	3204	204	303	586	586	364	1916	1220	1784	roadmap_epigenomics H3K9ac	NA	NA	H3K9ac	NA	NA	E116-H3K9ac.narrowPeak	2.12433216649879e-81	50567
2	937	roadmap_epigenomics	81.6319731023972	2.42673382857316	3139	205	316	618	618	380	1856	1285	1844	roadmap_epigenomics H3K4me3	NA	NA	H3K4me3	NA	NA	E115-H3K4me3.narrowPeak	2.53201517431664e-81	45841
2	875	roadmap_epigenomics	81.4851174326544	2.67408545471539	3644	206	184	250	250	213	2353	780	1347	roadmap_epigenomics H3K4me3	NA	NA	H3K4me3	NA	NA	E107-H3K4me3.narrowPeak	3.53369436786886e-81	80526
2	535	roadmap_epigenomics	81.4233858687008	2.37415567569845	2697	207	360	768	768	445	1468	1727	2232	roadmap_epigenomics H3K36me3	NA	NA	H3K36me3	NA	NA	E059-H3K36me3.narrowPeak	4.05394261785662e-81	98754
2	1058	roadmap_epigenomics	81.1620239649027	2.86626346549281	3820	208	123	105	208	145	2546	604	1154	roadmap_epigenomics H3K4me2	NA	NA	H3K4me2	NA	NA	E125-H3K4me2.narrowPeak	7.36489385913664e-81	125847
2	932	roadmap_epigenomics	81.1483222181436	2.40815108301135	3084	209	335	644	644	396	1808	1340	1892	roadmap_epigenomics H3K27ac	NA	NA	H3K27ac	NA	NA	E115-H3K27ac.narrowPeak	7.56493286943128e-81	105299
2	98	roadmap_epigenomics	81.1182055192775	2.48838746842363	3350	210	280	477	477	322	2058	1074	1642	roadmap_epigenomics H3K18ac	NA	NA	H3K18ac	NA	NA	E006-H3K18ac.narrowPeak	8.06990406236449e-81	207264
2	470	roadmap_epigenomics	81.0128334229243	3.16423988244713	3978	211	63	35	211	103	2731	446	969	roadmap_epigenomics H3K4me1	NA	NA	H3K4me1	NA	NA	E050-H3K4me1.narrowPeak	1.02375662582591e-80	180375
2	588	roadmap_epigenomics	81.0002190161385	2.41895536907938	3141	212	324	616	616	384	1861	1283	1839	roadmap_epigenomics H3K36me3	NA	NA	H3K36me3	NA	NA	E069-H3K36me3.narrowPeak	1.04900356091271e-80	210227
2	528	roadmap_epigenomics	80.8319887569401	2.70663844306292	3690	213	173	199	213	195	2405	734	1295	roadmap_epigenomics H3K4me3	NA	NA	H3K4me3	NA	NA	E058-H3K4me3.narrowPeak	1.53809278544529e-80	45445
2	87	roadmap_epigenomics	80.7565055445898	2.72766393544098	3712	214	163	179	214	185	2429	712	1271	roadmap_epigenomics H4K8ac	NA	NA	H4K8ac	NA	NA	E005-H4K8ac.narrowPeak	1.82158925642988e-80	197762
2	372	roadmap_epigenomics	80.599210968806	2.65650858203504	3639	215	188	254	254	219	2352	785	1348	roadmap_epigenomics H3K4me1	NA	NA	H3K4me1	NA	NA	E035-H3K4me1.narrowPeak	2.60458808365736e-80	126220
2	960	roadmap_epigenomics	80.5805700948232	2.5595400526962	3505	216	232	361	361	270	2214	919	1486	roadmap_epigenomics H3K4me2	NA	NA	H3K4me2	NA	NA	E117-H3K4me2.narrowPeak	2.7063450288299e-80	85197
2	621	roadmap_epigenomics	80.4201841701085	2.72764476954424	3717	217	164	175	217	185	2436	707	1264	roadmap_epigenomics H3K4me1	NA	NA	H3K4me1	NA	NA	E074-H3K4me1.narrowPeak	3.89745820783103e-80	266870
2	915	roadmap_epigenomics	80.2999999415897	2.62671141360957	3608	218	201	283	283	234	2321	816	1379	roadmap_epigenomics H3K36me3	NA	NA	H3K36me3	NA	NA	E113-H3K36me3.narrowPeak	5.11666671874111e-80	279691
2	522	roadmap_epigenomics	80.258860942258	2.64055093245633	3626	219	197	264	264	227	2340	798	1360	roadmap_epigenomics H3K4me3	NA	NA	H3K4me3	NA	NA	E057-H3K4me3.narrowPeak	5.59959395445423e-80	48504
2	968	roadmap_epigenomics	80.2076102268431	2.39099711505582	3059	220	345	657	657	407	1790	1365	1910	roadmap_epigenomics H3K27ac	NA	NA	H3K27ac	NA	NA	E118-H3K27ac.narrowPeak	6.27258493452537e-80	71755
2	923	roadmap_epigenomics	80.1514123441858	2.36892060912242	2913	221	362	716	716	433	1660	1511	2040	roadmap_epigenomics H3K36me3	NA	NA	H3K36me3	NA	NA	E114-H3K36me3.narrowPeak	7.10710193910431e-80	218138
2	1105	roadmap_epigenomics	80.0626653835603	2.77593678081903	3765	222	151	141	222	171	2490	659	1210	roadmap_epigenomics H3K4me1	NA	NA	H3K4me1	NA	NA	E129-H3K4me1.narrowPeak	8.67953282666154e-80	237110
2	838	roadmap_epigenomics	80.0365753807188	2.61739419480818	3601	223	204	291	291	239	2315	823	1385	roadmap_epigenomics H3K9ac	NA	NA	H3K9ac	NA	NA	E101-H3K9ac.narrowPeak	9.17596721286427e-80	104171
2	880	roadmap_epigenomics	79.9938331062825	2.3949744937564	3093	224	343	639	639	402	1822	1331	1878	roadmap_epigenomics H3K36me3	NA	NA	H3K36me3	NA	NA	E108-H3K36me3.narrowPeak	1.00801781245171e-79	243209
2	174	roadmap_epigenomics	79.6118615527993	2.37771028228709	3028	225	357	675	675	419	1765	1396	1935	roadmap_epigenomics H3K36me3	NA	NA	H3K36me3	NA	NA	E010-H3K36me3.narrowPeak	2.41836774572878e-79	378468
2	581	roadmap_epigenomics	79.4062092763202	2.40483307047367	3168	226	337	605	605	389	1894	1256	1806	roadmap_epigenomics H3K36me3	NA	NA	H3K36me3	NA	NA	E068-H3K36me3.narrowPeak	3.86603363924481e-79	230963
2	68	roadmap_epigenomics	79.3338190907285	2.51788022207397	3463	227	258	394	394	293	2178	961	1522	roadmap_epigenomics H2AK5ac	NA	NA	H2AK5ac	NA	NA	E005-H2AK5ac.narrowPeak	4.54731645871762e-79	229817
2	457	roadmap_epigenomics	79.3094913269958	2.46430616299026	3351	228	292	475	475	332	2068	1073	1632	roadmap_epigenomics H3K27ac	NA	NA	H3K27ac	NA	NA	E049-H3K27ac.narrowPeak	4.78840183888319e-79	126902
2	1098	roadmap_epigenomics	79.1948729773214	2.42515652441558	3248	229	317	561	561	369	1970	1176	1730	roadmap_epigenomics H3K9ac	NA	NA	H3K9ac	NA	NA	E128-H3K9ac.narrowPeak	6.20761529774025e-79	50400
2	197	roadmap_epigenomics	79.1331034137932	2.5244792724216	3480	230	253	374	374	286	2196	944	1504	roadmap_epigenomics H3K27ac	NA	NA	H3K27ac	NA	NA	E014-H3K27ac.narrowPeak	7.1255493661625e-79	149273
2	82	roadmap_epigenomics	79.1312105719562	2.5210889706423	3474	231	255	380	380	289	2190	950	1510	roadmap_epigenomics H3K79me1	NA	NA	H3K79me1	NA	NA	E005-H3K79me1.narrowPeak	7.12595801030678e-79	225880
2	1045	roadmap_epigenomics	79.0227450659812	2.87624088416429	3851	232	121	90	232	148	2591	573	1109	roadmap_epigenomics H3K4me1	NA	NA	H3K4me1	NA	NA	E124-H3K4me1.narrowPeak	9.10854123048823e-79	127405
2	526	roadmap_epigenomics	79.0136966557415	2.38715582333157	3116	233	350	627	627	403	1848	1308	1852	roadmap_epigenomics H3K36me3	NA	NA	H3K36me3	NA	NA	E058-H3K36me3.narrowPeak	9.2607302461124e-79	288215
2	934	roadmap_epigenomics	78.9937654007613	2.359886228772	2963	234	369	699	699	434	1710	1461	1990	roadmap_epigenomics H3K36me3	NA	NA	H3K36me3	NA	NA	E115-H3K36me3.narrowPeak	9.65455693893422e-79	329592
2	637	roadmap_epigenomics	78.9321298443856	2.41789047976121	3236	235	325	572	572	377	1960	1188	1740	roadmap_epigenomics H3K9ac	NA	NA	H3K9ac	NA	NA	E076-H3K9ac.narrowPeak	1.10797908273186e-78	60918
2	253	roadmap_epigenomics	78.8896608516932	2.82117508438677	3815	236	133	107	236	159	2551	609	1149	roadmap_epigenomics H3K9ac	NA	NA	H3K9ac	NA	NA	E018-H3K9ac.narrowPeak	1.21666760078899e-78	148075
2	541	roadmap_epigenomics	78.8237821191603	2.37950554666622	3092	237	355	640	640	411	1827	1332	1873	roadmap_epigenomics H3K36me3	NA	NA	H3K36me3	NA	NA	E061-H3K36me3.narrowPeak	1.41003447706942e-78	295294
2	1034	roadmap_epigenomics	78.5772632173406	2.49019265548545	3430	238	279	420	420	312	2149	994	1551	roadmap_epigenomics H3K4me3	NA	NA	H3K4me3	NA	NA	E123-H3K4me3.narrowPeak	2.47705296493697e-78	62691
2	916	roadmap_epigenomics	78.5699485517963	3.25039098838081	4027	239	49	20	239	103	2802	397	898	roadmap_epigenomics H3K4me1	NA	NA	H3K4me1	NA	NA	E113-H3K4me1.narrowPeak	2.50867358850106e-78	347200
2	1069	roadmap_epigenomics	78.5386870221093	2.38206716620512	3121	240	352	626	626	406	1855	1303	1845	roadmap_epigenomics H3K4me1	NA	NA	H3K4me1	NA	NA	E126-H3K4me1.narrowPeak	2.68477171565387e-78	191388
2	509	roadmap_epigenomics	78.3462403405561	3.18491420518138	4006	241	59	22	241	107	2777	418	923	roadmap_epigenomics	NA	NA	NA	NA	NA	E056-DNase.macs2.narrowPeak	4.1645026020094e-78	397102
2	1080	roadmap_epigenomics	78.2630201436453	2.36739600286943	3068	242	363	650	650	418	1808	1356	1892	roadmap_epigenomics H3K36me3	NA	NA	H3K36me3	NA	NA	E127-H3K36me3.narrowPeak	5.02342337296994e-78	328717
2	195	roadmap_epigenomics	78.1289472111341	2.50701934272731	3474	243	267	380	380	297	2195	950	1505	roadmap_epigenomics H3K4me3	NA	NA	H3K4me3	NA	NA	E013-H3K4me3.narrowPeak	6.81234221495175e-78	28003
2	1033	roadmap_epigenomics	78.0507581150502	2.5934722792335	3608	244	219	283	283	249	2332	816	1368	roadmap_epigenomics H3K4me2	NA	NA	H3K4me2	NA	NA	E123-H3K4me2.narrowPeak	8.12300143154931e-78	93300
2	1070	roadmap_epigenomics	78.003907395878	2.60694365279928	3626	245	211	264	264	240	2351	798	1349	roadmap_epigenomics H3K4me2	NA	NA	H3K4me2	NA	NA	E126-H3K4me2.narrowPeak	9.01167255131826e-78	115042
2	678	roadmap_epigenomics	77.9859016301795	2.34694408965141	2964	246	378	698	698	441	1716	1460	1984	roadmap_epigenomics H3K36me3	NA	NA	H3K36me3	NA	NA	E082-H3K36me3.narrowPeak	9.35527247387733e-78	205425
2	521	roadmap_epigenomics	77.9311726108457	2.64794110053917	3675	247	192	216	247	218	2403	749	1297	roadmap_epigenomics H3K4me1	NA	NA	H3K4me1	NA	NA	E057-H3K4me1.narrowPeak	1.0569094815589e-77	212997
2	411	roadmap_epigenomics	77.8327464962493	2.3878120496585	3182	248	349	597	597	398	1915	1242	1785	roadmap_epigenomics H3K27ac	NA	NA	H3K27ac	NA	NA	E042-H3K27ac.narrowPeak	1.32045391030258e-77	68927
2	730	roadmap_epigenomics	77.4231377057864	2.76250670711877	3789	249	155	124	249	176	2529	635	1171	roadmap_epigenomics H3K4me1	NA	NA	H3K4me1	NA	NA	E088-H3K4me1.narrowPeak	3.37752307410147e-77	291610
2	231	roadmap_epigenomics	77.3969747897531	2.37246228367582	3144	250	361	615	615	409	1882	1280	1818	roadmap_epigenomics H3K23ac	NA	NA	H3K23ac	NA	NA	E017-H3K23ac.narrowPeak	3.5730115606954e-77	154412
2	237	roadmap_epigenomics	77.1940169261425	2.70908379623912	3747	251	171	160	251	194	2484	677	1216	roadmap_epigenomics H3K4me2	NA	NA	H3K4me2	NA	NA	E017-H3K4me2.narrowPeak	5.67900570030609e-77	177688
2	399	roadmap_epigenomics	77.124475674953	2.35217232241717	3066	252	375	653	653	427	1812	1358	1888	roadmap_epigenomics H3K27ac	NA	NA	H3K27ac	NA	NA	E040-H3K27ac.narrowPeak	6.63896471351413e-77	50690
2	942	roadmap_epigenomics	76.8998410666304	2.86304290932343	3866	253	124	84	253	154	2618	558	1082	roadmap_epigenomics	NA	NA	NA	NA	NA	E116-DNase.macs2.narrowPeak	1.10924761819437e-76	271082
2	729	roadmap_epigenomics	76.789601001694	2.35151929770231	3085	254	376	643	643	424	1831	1339	1869	roadmap_epigenomics H3K36me3	NA	NA	H3K36me3	NA	NA	E088-H3K36me3.narrowPeak	1.42419279689783e-76	301918
2	496	roadmap_epigenomics	76.5052178438755	2.57748075367047	3617	255	226	274	274	252	2349	807	1351	roadmap_epigenomics H3K4me3	NA	NA	H3K4me3	NA	NA	E054-H3K4me3.narrowPeak	2.73060439384554e-76	59260
2	949	roadmap_epigenomics	76.3536718229833	2.42376081895405	3350	256	320	477	477	351	2082	1074	1618	roadmap_epigenomics H3K4me3	NA	NA	H3K4me3	NA	NA	E116-H3K4me3.narrowPeak	3.85583306277953e-76	76167
2	425	roadmap_epigenomics	76.2494913544203	2.32951671434582	3000	257	388	690	690	445	1757	1424	1943	roadmap_epigenomics H3K36me3	NA	NA	H3K36me3	NA	NA	E044-H3K36me3.narrowPeak	4.88223447885859e-76	227711
2	104	roadmap_epigenomics	76.1132023679572	3.09260132529658	3988	258	76	31	258	122	2765	436	935	roadmap_epigenomics H3K4me1	NA	NA	H3K4me1	NA	NA	E006-H3K4me1.narrowPeak	6.65631760403596e-76	392101
2	904	roadmap_epigenomics	75.914129360443	2.64708124306405	3707	259	193	183	259	212	2447	717	1253	roadmap_epigenomics H3K4me3	NA	NA	H3K4me3	NA	NA	E111-H3K4me3.narrowPeak	1.04867251151428e-75	90969
2	285	roadmap_epigenomics	75.9057470573512	2.63253593178548	3692	260	199	197	260	219	2431	732	1269	roadmap_epigenomics H3K4me3	NA	NA	H3K4me3	NA	NA	E022-H3K4me3.narrowPeak	1.06502892589472e-75	75387
2	309	roadmap_epigenomics	75.857065506029	2.42439677001403	3368	261	319	460	460	347	2102	1056	1598	roadmap_epigenomics H3K9ac	NA	NA	H3K9ac	NA	NA	E026-H3K9ac.narrowPeak	1.1868299502067e-75	80106
2	527	roadmap_epigenomics	75.6706015112285	3.00250882250765	3953	262	88	41	262	130	2725	471	975	roadmap_epigenomics H3K4me1	NA	NA	H3K4me1	NA	NA	E058-H3K4me1.narrowPeak	1.81636997300614e-75	289473
2	824	roadmap_epigenomics	75.6498790466377	2.39962119265592	3312	263	338	508	508	370	2049	1112	1651	roadmap_epigenomics	NA	NA	NA	NA	NA	E100-DNase.hotspot.all.peaks.bed	1.89795028080883e-75	100209
2	1007	roadmap_epigenomics	75.4135802196416	2.55286997484193	3606	264	235	285	285	261	2343	818	1357	roadmap_epigenomics H3K4me1	NA	NA	H3K4me1	NA	NA	E121-H3K4me1.narrowPeak	3.25797611188692e-75	248336
2	250	roadmap_epigenomics	75.4086323050125	2.32059252622234	3013	265	397	685	685	449	1773	1411	1927	roadmap_epigenomics H3K36me3	NA	NA	H3K36me3	NA	NA	E018-H3K36me3.narrowPeak	3.28296449238418e-75	167069
2	627	roadmap_epigenomics	75.403653434086	2.40923834509682	3346	266	334	481	481	360	2083	1078	1617	roadmap_epigenomics H3K36me3	NA	NA	H3K36me3	NA	NA	E075-H3K36me3.narrowPeak	3.30842675146543e-75	274849
2	306	roadmap_epigenomics	75.1603262491362	2.30745551947616	2942	267	404	706	706	459	1711	1482	1989	roadmap_epigenomics H3K36me3	NA	NA	H3K36me3	NA	NA	E026-H3K36me3.narrowPeak	5.77206512877648e-75	262442
2	459	roadmap_epigenomics	75.1568733718615	2.31779175931696	3016	268	399	683	683	450	1777	1408	1923	roadmap_epigenomics H3K36me3	NA	NA	H3K36me3	NA	NA	E049-H3K36me3.narrowPeak	5.79659043558704e-75	236300
2	460	roadmap_epigenomics	74.8634969716432	2.84329727997643	3876	269	127	78	269	158	2639	548	1061	roadmap_epigenomics H3K4me1	NA	NA	H3K4me1	NA	NA	E049-H3K4me1.narrowPeak	1.13486313716569e-74	260639
2	1104	roadmap_epigenomics	74.7767406366652	2.29864183876228	2908	270	412	719	719	467	1683	1516	2017	roadmap_epigenomics H3K36me3	NA	NA	H3K36me3	NA	NA	E129-H3K36me3.narrowPeak	1.38070281794879e-74	239707
2	520	roadmap_epigenomics	74.6803686447634	2.29968534408536	2929	271	411	710	710	464	1702	1495	1998	roadmap_epigenomics H3K36me3	NA	NA	H3K36me3	NA	NA	E057-H3K36me3.narrowPeak	1.71742768760391e-74	239831
2	941	roadmap_epigenomics	74.6084180842267	2.285633091027	2606	272	423	787	787	494	1426	1818	2274	roadmap_epigenomics H4K20me1	NA	NA	H4K20me1	NA	NA	E115-H4K20me1.narrowPeak	2.01948720012762e-74	156894
2	355	roadmap_epigenomics	74.4604113364403	2.97294788541479	3950	273	96	43	273	137	2727	474	973	roadmap_epigenomics	NA	NA	NA	NA	NA	E033-DNase.macs2.narrowPeak	2.82921349961416e-74	279354
2	478	roadmap_epigenomics	74.1452836032144	2.95033017801034	3942	274	102	49	274	142	2719	482	981	roadmap_epigenomics H3K4me1	NA	NA	H3K4me1	NA	NA	E051-H3K4me1.narrowPeak	5.82394234075739e-74	222976
2	247	roadmap_epigenomics	74.0810141390074	2.38927910411404	3341	275	347	488	488	370	2085	1083	1615	roadmap_epigenomics H4K8ac	NA	NA	H4K8ac	NA	NA	E017-H4K8ac.narrowPeak	6.72846261730751e-74	220315
2	364	roadmap_epigenomics	74.0592280506341	2.32095934504152	3110	276	396	630	630	434	1868	1314	1832	roadmap_epigenomics H3K27ac	NA	NA	H3K27ac	NA	NA	E034-H3K27ac.narrowPeak	7.0491524880052e-74	78882
2	331	roadmap_epigenomics	73.9916576424571	2.66317849061912	3752	277	187	155	277	206	2505	672	1195	roadmap_epigenomics H3K4me1	NA	NA	H3K4me1	NA	NA	E029-H3K4me1.narrowPeak	8.20630976245218e-74	142027
2	189	roadmap_epigenomics	73.9195388990897	2.49344740249195	3552	278	277	323	323	293	2295	872	1405	roadmap_epigenomics H3K4me3	NA	NA	H3K4me3	NA	NA	E012-H3K4me3.narrowPeak	9.65412286157118e-74	42211
2	559	roadmap_epigenomics	73.8144115127672	2.30029597480756	3016	279	410	683	683	457	1784	1408	1916	roadmap_epigenomics H3K27ac	NA	NA	H3K27ac	NA	NA	E065-H3K27ac.narrowPeak	1.22543962492361e-73	141729
2	485	roadmap_epigenomics	73.7871119312479	2.50135038090621	3567	280	271	312	312	288	2311	857	1389	roadmap_epigenomics H3K4me3	NA	NA	H3K4me3	NA	NA	E052-H3K4me3.narrowPeak	1.30031541888747e-73	77026
2	427	roadmap_epigenomics	73.5997996575609	2.45745467764177	3500	281	297	363	363	314	2244	924	1456	roadmap_epigenomics H3K4me3	NA	NA	H3K4me3	NA	NA	E044-H3K4me3.narrowPeak	1.9944523220659e-73	48938
2	543	roadmap_epigenomics	73.5503215753846	2.49195781345697	3558	282	278	320	320	293	2303	866	1397	roadmap_epigenomics H3K4me3	NA	NA	H3K4me3	NA	NA	E061-H3K4me3.narrowPeak	2.22725445603023e-73	39368
2	421	roadmap_epigenomics	73.3972657698979	2.44679702770707	3486	283	302	370	370	318	2231	938	1469	roadmap_epigenomics H3K4me3	NA	NA	H3K4me3	NA	NA	E043-H3K4me3.narrowPeak	3.15717839363014e-73	41721
2	93	roadmap_epigenomics	73.3712626469699	2.26843050102682	2650	284	441	776	776	500	1469	1774	2231	roadmap_epigenomics H2AK5ac	NA	NA	H2AK5ac	NA	NA	E006-H2AK5ac.narrowPeak	3.34026614511504e-73	168829
2	645	roadmap_epigenomics	73.2295839994039	2.3558490313197	3280	285	372	538	538	398	2031	1144	1669	roadmap_epigenomics H3K27ac	NA	NA	H3K27ac	NA	NA	E078-H3K27ac.narrowPeak	4.61257940742956e-73	97341
2	596	roadmap_epigenomics	73.2260906777693	2.45956569815589	3513	286	295	350	350	310	2259	911	1441	roadmap_epigenomics H3K4me3	NA	NA	H3K4me3	NA	NA	E070-H3K4me3.narrowPeak	4.63368584795028e-73	41846
2	1049	roadmap_epigenomics	73.2208812693369	2.49640405613655	3572	287	276	307	307	290	2319	852	1381	roadmap_epigenomics H3K9ac	NA	NA	H3K9ac	NA	NA	E124-H3K9ac.narrowPeak	4.67337509513147e-73	72690
2	482	roadmap_epigenomics	73.0160340813031	2.27872918349218	2935	288	432	708	708	476	1716	1489	1984	roadmap_epigenomics H3K36me3	NA	NA	H3K36me3	NA	NA	E052-H3K36me3.narrowPeak	7.46410384126703e-73	253308
2	882	roadmap_epigenomics	72.8132959888149	2.57995381542497	3687	289	224	202	289	238	2441	737	1259	roadmap_epigenomics H3K4me3	NA	NA	H3K4me3	NA	NA	E108-H3K4me3.narrowPeak	1.18637168838272e-72	92210
2	300	roadmap_epigenomics	72.6796592423958	2.74364290695088	3835	290	159	101	290	183	2603	589	1097	roadmap_epigenomics H3K4me1	NA	NA	H3K4me1	NA	NA	E025-H3K4me1.narrowPeak	1.60830220764155e-72	312578
2	796	roadmap_epigenomics	72.6292327169524	2.33668890742451	3245	291	382	564	564	412	2001	1179	1699	roadmap_epigenomics H3K36me3	NA	NA	H3K36me3	NA	NA	E096-H3K36me3.narrowPeak	1.80015298364159e-72	338349
2	660	roadmap_epigenomics	72.6211997257339	2.43685916333571	3488	292	308	369	369	323	2237	936	1463	roadmap_epigenomics H3K27ac	NA	NA	H3K27ac	NA	NA	E080-H3K27ac.narrowPeak	1.82752234510908e-72	158539
2	78	roadmap_epigenomics	72.410692459108	2.36348538415434	3333	293	367	492	492	384	2086	1091	1614	roadmap_epigenomics H3K4ac	NA	NA	H3K4ac	NA	NA	E005-H3K4ac.narrowPeak	2.95729927519764e-72	228267
2	1107	roadmap_epigenomics	72.2978846842416	2.51237716236973	3614	294	262	277	294	278	2367	810	1333	roadmap_epigenomics H3K4me3	NA	NA	H3K4me3	NA	NA	E129-H3K4me3.narrowPeak	3.81755861773281e-72	73663
2	944	roadmap_epigenomics	72.2968675883369	2.30396420300056	3138	295	407	619	619	440	1903	1286	1797	roadmap_epigenomics H3K27ac	NA	NA	H3K27ac	NA	NA	E116-H3K27ac.narrowPeak	3.81755861773281e-72	78915
2	997	roadmap_epigenomics	72.2463797481205	2.44207573428132	3507	296	305	358	358	320	2258	917	1442	roadmap_epigenomics H3K4me3	NA	NA	H3K4me3	NA	NA	E120-H3K4me3.narrowPeak	4.27379552244848e-72	47100
2	542	roadmap_epigenomics	72.2232678543703	2.82406668976187	3893	297	131	68	297	165	2671	531	1029	roadmap_epigenomics H3K4me1	NA	NA	H3K4me1	NA	NA	E061-H3K4me1.narrowPeak	4.49232025424213e-72	294530
2	803	roadmap_epigenomics	72.1509453380688	2.36373576034643	3343	298	366	485	485	383	2097	1081	1603	roadmap_epigenomics H3K27ac	NA	NA	H3K27ac	NA	NA	E097-H3K27ac.narrowPeak	5.28862969444877e-72	194850
2	594	roadmap_epigenomics	72.0646163998592	2.25132284144237	2699	299	452	767	767	506	1517	1725	2183	roadmap_epigenomics H3K36me3	NA	NA	H3K36me3	NA	NA	E070-H3K36me3.narrowPeak	6.43023517011314e-72	132982
2	1081	roadmap_epigenomics	71.9539387124723	2.64224223934691	3763	300	196	142	300	213	2527	661	1173	roadmap_epigenomics H3K4me1	NA	NA	H3K4me1	NA	NA	E127-H3K4me1.narrowPeak	8.26921143449102e-72	199886
2	267	roadmap_epigenomics	71.9494643644935	2.51162412093725	3620	301	263	272	301	279	2375	804	1325	roadmap_epigenomics H3K9ac	NA	NA	H3K9ac	NA	NA	E020-H3K9ac.narrowPeak	8.32727216009939e-72	108554
2	397	roadmap_epigenomics	71.8487890753792	2.42264515305653	3482	302	321	372	372	332	2235	942	1465	roadmap_epigenomics H3K4me3	NA	NA	H3K4me3	NA	NA	E039-H3K4me3.narrowPeak	1.04651894069531e-71	51115
2	696	roadmap_epigenomics	71.6284283221624	2.29675350705919	3145	303	413	614	614	443	1913	1279	1787	roadmap_epigenomics H3K36me3	NA	NA	H3K36me3	NA	NA	E084-H3K36me3.narrowPeak	1.7325332989401e-71	327499
2	524	roadmap_epigenomics	71.4746964106404	2.43157686094085	3508	304	312	356	356	324	2263	916	1437	roadmap_epigenomics H3K27ac	NA	NA	H3K27ac	NA	NA	E058-H3K27ac.narrowPeak	2.460321800272e-71	155109
2	307	roadmap_epigenomics	71.2046759841585	2.53848673871652	3668	305	242	225	305	257	2429	756	1271	roadmap_epigenomics H3K4me1	NA	NA	H3K4me1	NA	NA	E026-H3K4me1.narrowPeak	4.56662544596329e-71	233572
2	791	roadmap_epigenomics	71.12673529547	2.47297446430135	3583	306	286	301	306	298	2341	841	1359	roadmap_epigenomics H3K4me1	NA	NA	H3K4me1	NA	NA	E095-H3K4me1.narrowPeak	5.44657815608757e-71	268306
2	479	roadmap_epigenomics	70.8235452408877	2.61621432362789	3756	307	205	150	307	221	2525	668	1175	roadmap_epigenomics H3K4me3	NA	NA	H3K4me3	NA	NA	E051-H3K4me3.narrowPeak	1.09120420682344e-70	94048
2	1060	roadmap_epigenomics	70.7384821286668	2.23548632687578	2759	308	469	752	752	510	1575	1665	2125	roadmap_epigenomics H3K79me2	NA	NA	H3K79me2	NA	NA	E125-H3K79me2.narrowPeak	1.32005626758146e-70	204517
2	299	roadmap_epigenomics	70.7380569194357	2.25902905468367	3009	309	446	687	687	481	1794	1415	1906	roadmap_epigenomics H3K36me3	NA	NA	H3K36me3	NA	NA	E025-H3K36me3.narrowPeak	1.32005626758146e-70	257733
2	574	roadmap_epigenomics	70.7349118913452	2.26054925083762	3019	310	443	682	682	478	1803	1405	1897	roadmap_epigenomics H3K36me3	NA	NA	H3K36me3	NA	NA	E067-H3K36me3.narrowPeak	1.32538870915289e-70	195810
2	188	roadmap_epigenomics	70.5891378736359	2.61026914784902	3754	311	208	152	311	224	2524	670	1176	roadmap_epigenomics H3K4me1	NA	NA	H3K4me1	NA	NA	E012-H3K4me1.narrowPeak	1.84810882450729e-70	258735
2	241	roadmap_epigenomics	70.3222446698687	2.24105528603748	2912	312	464	717	717	498	1710	1512	1990	roadmap_epigenomics H3K79me2	NA	NA	H3K79me2	NA	NA	E017-H3K79me2.narrowPeak	3.40592777317496e-70	283453
2	176	roadmap_epigenomics	70.2377435002551	2.33870668806432	3346	313	380	481	481	391	2110	1078	1590	roadmap_epigenomics H3K4me3	NA	NA	H3K4me3	NA	NA	E010-H3K4me3.narrowPeak	4.12435175374125e-70	37746
2	378	roadmap_epigenomics	70.1523962989187	2.42169022952668	3524	314	322	342	342	326	2286	900	1414	roadmap_epigenomics H3K4me3	NA	NA	H3K4me3	NA	NA	E036-H3K4me3.narrowPeak	5.00410449956837e-70	56252
2	228	roadmap_epigenomics	70.1498286359937	2.27404759769251	3131	315	436	620	620	457	1908	1293	1792	roadmap_epigenomics H2BK5ac	NA	NA	H2BK5ac	NA	NA	E017-H2BK5ac.narrowPeak	5.01789828483645e-70	166186
2	862	roadmap_epigenomics	70.122383976547	2.35986593496158	3402	316	370	440	440	375	2165	1022	1535	roadmap_epigenomics H3K36me3	NA	NA	H3K36me3	NA	NA	E105-H3K36me3.narrowPeak	5.32842252321912e-70	267060
2	1108	roadmap_epigenomics	70.0461755003862	2.2279474748412	2792	317	472	743	743	511	1607	1632	2093	roadmap_epigenomics H3K79me2	NA	NA	H3K79me2	NA	NA	E129-H3K79me2.narrowPeak	6.31779668732341e-70	217609
2	825	roadmap_epigenomics	70.045694127819	2.52227427864683	3670	318	254	222	318	265	2437	754	1263	roadmap_epigenomics	NA	NA	NA	NA	NA	E100-DNase.hotspot.fdr0.01.peaks.bed	6.31779668732341e-70	170766
2	248	roadmap_epigenomics	70.0215133310693	2.28392371095566	3180	319	425	599	599	448	1954	1244	1746	roadmap_epigenomics H4K91ac	NA	NA	H4K91ac	NA	NA	E017-H4K91ac.narrowPeak	6.65872974077449e-70	263787
2	634	roadmap_epigenomics	69.9049486951809	2.23582194833753	2914	320	468	715	715	501	1714	1510	1986	roadmap_epigenomics H3K36me3	NA	NA	H3K36me3	NA	NA	E076-H3K36me3.narrowPeak	8.68170820655404e-70	180209
2	94	roadmap_epigenomics	69.884598142605	2.32324920254936	3317	321	393	501	501	405	2084	1107	1616	roadmap_epigenomics H2BK120ac	NA	NA	H2BK120ac	NA	NA	E006-H2BK120ac.narrowPeak	9.07003759060446e-70	168326
2	801	roadmap_epigenomics	69.8827334977836	2.46828107965911	3603	322	289	289	322	300	2368	821	1332	roadmap_epigenomics	NA	NA	NA	NA	NA	E097-DNase.hotspot.fdr0.01.peaks.bed	9.08094915298403e-70	154095
2	653	roadmap_epigenomics	69.6480928948503	2.33214048605362	3350	323	385	477	477	395	2117	1074	1583	roadmap_epigenomics H3K36me3	NA	NA	H3K36me3	NA	NA	E079-H3K36me3.narrowPeak	1.5539373167357e-69	264229
2	216	roadmap_epigenomics	69.6312156515865	2.42781255500701	3547	324	315	327	327	322	2312	877	1388	roadmap_epigenomics H3K9ac	NA	NA	H3K9ac	NA	NA	E016-H3K9ac.narrowPeak	1.61055848529823e-69	82706
2	737	roadmap_epigenomics	69.5866140879338	2.29181573230881	3231	325	418	573	573	439	2004	1193	1696	roadmap_epigenomics H3K27ac	NA	NA	H3K27ac	NA	NA	E089-H3K27ac.narrowPeak	1.77929480739427e-69	114750
2	1023	roadmap_epigenomics	69.5408390058213	2.30321682670712	3271	326	408	546	546	427	2042	1153	1658	roadmap_epigenomics H3K9ac	NA	NA	H3K9ac	NA	NA	E122-H3K9ac.narrowPeak	1.97104664669102e-69	64234
2	491	roadmap_epigenomics	69.3653569923459	2.38675457178338	3481	327	351	373	373	350	2247	943	1453	roadmap_epigenomics H3K4me3	NA	NA	H3K4me3	NA	NA	E053-H3K4me3.narrowPeak	2.94345134684914e-69	36677
2	102	roadmap_epigenomics	69.3496346904129	2.50247225563868	3659	328	270	235	328	278	2429	765	1271	roadmap_epigenomics H3K36me3	NA	NA	H3K36me3	NA	NA	E006-H3K36me3.narrowPeak	3.04271392210471e-69	368481
2	1020	roadmap_epigenomics	69.2973656794617	2.45881826112785	3602	329	296	290	329	305	2370	822	1330	roadmap_epigenomics H3K4me2	NA	NA	H3K4me2	NA	NA	E122-H3K4me2.narrowPeak	3.42149633151843e-69	99492
2	409	roadmap_epigenomics	69.1811498259903	2.38052472563616	3474	330	354	380	380	355	2241	950	1459	roadmap_epigenomics H3K4me3	NA	NA	H3K4me3	NA	NA	E041-H3K4me3.narrowPeak	4.45781295736486e-69	57727
2	1054	roadmap_epigenomics	69.1736616987557	2.29241913714305	3252	331	417	556	556	435	2026	1172	1674	roadmap_epigenomics H3K27ac	NA	NA	H3K27ac	NA	NA	E125-H3K27ac.narrowPeak	4.52172160116454e-69	117634
2	647	roadmap_epigenomics	69.0983369210804	2.24970528388329	3080	332	455	645	645	477	1867	1344	1833	roadmap_epigenomics H3K36me3	NA	NA	H3K36me3	NA	NA	E078-H3K36me3.narrowPeak	5.36199449825451e-69	225957
2	312	roadmap_epigenomics	69.0832742492767	2.28853240752737	3243	333	422	566	566	440	2018	1181	1682	roadmap_epigenomics H3K36me3	NA	NA	H3K36me3	NA	NA	E027-H3K36me3.narrowPeak	5.53465679800914e-69	455177
2	958	roadmap_epigenomics	69.02144288661	2.2240704995883	2912	334	476	717	717	509	1717	1512	1983	roadmap_epigenomics H3K36me3	NA	NA	H3K36me3	NA	NA	E117-H3K36me3.narrowPeak	6.36249696126778e-69	316270
2	707	roadmap_epigenomics	68.9621300151928	2.43497774822018	3574	335	309	305	335	316	2343	850	1357	roadmap_epigenomics H3K4me3	NA	NA	H3K4me3	NA	NA	E085-H3K4me3.narrowPeak	7.27193244750543e-69	43543
2	615	roadmap_epigenomics	68.9605671695046	2.49647983463786	3659	336	275	235	336	282	2431	765	1269	roadmap_epigenomics H3K4me3	NA	NA	H3K4me3	NA	NA	E073-H3K4me3.narrowPeak	7.27655610288558e-69	75872
2	745	roadmap_epigenomics	68.8893265935651	2.98105886050071	4002	337	94	26	337	152	2815	422	885	roadmap_epigenomics	NA	NA	NA	NA	NA	E090-DNase.macs2.narrowPeak	8.54837292582223e-69	506090
2	238	roadmap_epigenomics	68.8282947832631	2.36653969470078	3456	338	365	402	402	368	2225	968	1475	roadmap_epigenomics H3K4me3	NA	NA	H3K4me3	NA	NA	E017-H3K4me3.narrowPeak	9.8092556116842e-69	42408
2	1106	roadmap_epigenomics	68.8161231387386	2.59524824256345	3767	339	217	140	339	232	2547	657	1153	roadmap_epigenomics H3K4me2	NA	NA	H3K4me2	NA	NA	E129-H3K4me2.narrowPeak	1.00584771623577e-68	131837
2	698	roadmap_epigenomics	68.6434376143716	2.40503242120948	3533	340	336	337	340	338	2303	891	1397	roadmap_epigenomics H3K4me3	NA	NA	H3K4me3	NA	NA	E084-H3K4me3.narrowPeak	1.49260891591894e-68	40136
2	983	roadmap_epigenomics	68.5010520012232	2.52955751295089	3706	341	249	185	341	258	2483	718	1217	roadmap_epigenomics H3K4me1	NA	NA	H3K4me1	NA	NA	E119-H3K4me1.narrowPeak	2.06568278716991e-68	182438
2	680	roadmap_epigenomics	68.4380608633944	2.39684399313681	3524	342	341	342	342	342	2295	900	1405	roadmap_epigenomics H3K4me3	NA	NA	H3K4me3	NA	NA	E082-H3K4me3.narrowPeak	2.38117023935731e-68	40821
2	199	roadmap_epigenomics	68.3826147848558	2.213597806319	2891	343	483	722	722	516	1702	1533	1998	roadmap_epigenomics H3K36me3	NA	NA	H3K36me3	NA	NA	E014-H3K36me3.narrowPeak	2.69758955888779e-68	224149
2	70	roadmap_epigenomics	68.3692755924707	2.27351347030128	3224	344	437	580	580	454	2004	1200	1696	roadmap_epigenomics H2BK12ac	NA	NA	H2BK12ac	NA	NA	E005-H2BK12ac.narrowPeak	2.77369089353273e-68	257315
2	815	roadmap_epigenomics	68.2998246004379	2.82193665023879	3933	345	132	54	345	177	2736	491	964	roadmap_epigenomics H3K4me1	NA	NA	H3K4me1	NA	NA	E098-H3K4me1.narrowPeak	3.2453061792668e-68	293089
2	1088	roadmap_epigenomics	68.2826743109551	2.2831879279095	2012	346	427	865	865	546	990	2412	2710	roadmap_epigenomics H4K20me1	NA	NA	H4K20me1	NA	NA	E127-H4K20me1.narrowPeak	3.36632619863279e-68	66330
2	206	roadmap_epigenomics	68.2785877604274	2.22303666302793	2983	347	478	693	693	506	1784	1441	1916	roadmap_epigenomics H3K36me3	NA	NA	H3K36me3	NA	NA	E015-H3K36me3.narrowPeak	3.38841475742872e-68	252828
2	33	roadmap_epigenomics	68.2386548310071	2.38943174093978	3516	348	346	346	348	347	2288	908	1412	roadmap_epigenomics H3K4me3	NA	NA	H3K4me3	NA	NA	E003-H3K4me3.narrowPeak	3.70413559771001e-68	42133
2	773	roadmap_epigenomics	68.206875067467	2.28058809154827	3256	349	431	555	555	445	2035	1168	1665	roadmap_epigenomics H3K27ac	NA	NA	H3K27ac	NA	NA	E093-H3K27ac.narrowPeak	3.97399730261339e-68	114812
2	252	roadmap_epigenomics	68.1496688799836	2.51241398252981	3693	350	261	196	350	269	2471	731	1229	roadmap_epigenomics H3K4me3	NA	NA	H3K4me3	NA	NA	E018-H3K4me3.narrowPeak	4.52062214813595e-68	76986
2	851	roadmap_epigenomics	68.0036376790023	2.52807607664091	3713	351	250	178	351	260	2493	711	1207	roadmap_epigenomics H3K4me3	NA	NA	H3K4me3	NA	NA	E103-H3K4me3.narrowPeak	6.3095351996022e-68	93750
2	718	roadmap_epigenomics	67.9460579779412	2.21718106735251	2972	352	480	697	697	510	1776	1452	1924	roadmap_epigenomics H3K27ac	NA	NA	H3K27ac	NA	NA	E087-H3K27ac.narrowPeak	7.18370536896044e-68	71309
2	1006	roadmap_epigenomics	67.9023858609217	2.20421133638927	2856	353	488	732	732	524	1674	1568	2026	roadmap_epigenomics H3K36me3	NA	NA	H3K36me3	NA	NA	E121-H3K36me3.narrowPeak	7.92128315584429e-68	200978
2	654	roadmap_epigenomics	67.8980746283368	2.60915491252796	3793	354	209	120	354	228	2580	631	1120	roadmap_epigenomics H3K4me1	NA	NA	H3K4me1	NA	NA	E079-H3K4me1.narrowPeak	7.977836391667e-68	257474
2	840	roadmap_epigenomics	67.7341040778062	2.34438469658559	3442	355	379	416	416	383	2217	982	1483	roadmap_epigenomics H3K27ac	NA	NA	H3K27ac	NA	NA	E102-H3K27ac.narrowPeak	1.16047945993957e-67	127503
2	1027	roadmap_epigenomics	67.6346205782573	2.76191634541157	3906	356	156	62	356	191	2708	518	992	roadmap_epigenomics	NA	NA	NA	NA	NA	E123-DNase.macs2.narrowPeak	1.45514458336248e-67	341769
2	996	roadmap_epigenomics	67.5971510726285	2.40968042772022	3566	357	332	314	357	334	2342	858	1358	roadmap_epigenomics H3K4me2	NA	NA	H3K4me2	NA	NA	E120-H3K4me2.narrowPeak	1.58184610952053e-67	121927
2	489	roadmap_epigenomics	67.3631561248356	2.19223104435308	2781	358	497	746	746	534	1612	1643	2088	roadmap_epigenomics H3K36me3	NA	NA	H3K36me3	NA	NA	E053-H3K36me3.narrowPeak	2.70365408910965e-67	193840
2	902	roadmap_epigenomics	67.2820608388647	2.19919993882443	2891	359	492	722	722	524	1708	1533	1992	roadmap_epigenomics H3K36me3	NA	NA	H3K36me3	NA	NA	E111-H3K36me3.narrowPeak	3.2496883325888e-67	219857
2	927	roadmap_epigenomics	67.1763316325425	2.18852603737543	2753	360	499	754	754	538	1589	1671	2111	roadmap_epigenomics H3K79me2	NA	NA	H3K79me2	NA	NA	E114-H3K79me2.narrowPeak	4.13399120987431e-67	178908
2	763	roadmap_epigenomics	67.1736490434639	2.85266285671957	3960	361	125	38	361	175	2773	464	927	roadmap_epigenomics	NA	NA	NA	NA	NA	E092-DNase.macs2.narrowPeak	4.14814647582292e-67	354211
2	1083	roadmap_epigenomics	67.0293532575326	2.46666503035529	3659	362	290	235	362	296	2441	765	1259	roadmap_epigenomics H3K4me3	NA	NA	H3K4me3	NA	NA	E127-H3K4me3.narrowPeak	5.76706851123076e-67	83151
2	391	roadmap_epigenomics	66.9416288912268	2.28202404584945	3314	363	430	507	507	433	2097	1110	1603	roadmap_epigenomics H3K9ac	NA	NA	H3K9ac	NA	NA	E038-H3K9ac.narrowPeak	7.03862773130045e-67	68708
2	211	roadmap_epigenomics	66.9289597832305	2.24197140676081	3177	364	461	601	601	475	1968	1247	1732	roadmap_epigenomics H3K27ac	NA	NA	H3K27ac	NA	NA	E016-H3K27ac.narrowPeak	7.22718019833227e-67	111185
2	1096	roadmap_epigenomics	66.9256896025538	2.28249189987312	3316	365	428	504	504	432	2099	1108	1601	roadmap_epigenomics H3K4me3	NA	NA	H3K4me3	NA	NA	E128-H3K4me3.narrowPeak	7.26196389099894e-67	38014
2	61	roadmap_epigenomics	66.9172531705793	2.36698622489145	3510	366	364	353	366	361	2289	914	1411	roadmap_epigenomics H3K9ac	NA	NA	H3K9ac	NA	NA	E004-H3K9ac.narrowPeak	7.38429031391098e-67	93600
2	554	roadmap_epigenomics	66.6700678053747	2.21060814950175	3040	367	486	669	669	507	1844	1384	1856	roadmap_epigenomics H3K36me3	NA	NA	H3K36me3	NA	NA	E063-H3K36me3.narrowPeak	1.30111469051609e-66	257192
2	1073	roadmap_epigenomics	66.6031970905181	2.21404442007642	3065	368	482	654	654	501	1867	1359	1833	roadmap_epigenomics H3K9ac	NA	NA	H3K9ac	NA	NA	E126-H3K9ac.narrowPeak	1.51359936667993e-66	50757
2	328	roadmap_epigenomics	66.5464534476309	2.19614108082717	2951	369	495	703	703	522	1765	1473	1935	roadmap_epigenomics H3K27ac	NA	NA	H3K27ac	NA	NA	E029-H3K27ac.narrowPeak	1.72021367052772e-66	61033
2	629	roadmap_epigenomics	66.5397714750004	2.53814882676919	3748	370	243	158	370	257	2538	676	1162	roadmap_epigenomics H3K4me3	NA	NA	H3K4me3	NA	NA	E075-H3K4me3.narrowPeak	1.74218927968968e-66	84678
2	461	roadmap_epigenomics	66.4723308171511	2.45961840237353	3661	371	294	234	371	300	2446	763	1254	roadmap_epigenomics H3K4me3	NA	NA	H3K4me3	NA	NA	E049-H3K4me3.narrowPeak	2.02941143419506e-66	76569
2	1046	roadmap_epigenomics	66.3755758942794	2.49672407635585	3707	372	274	183	372	276	2495	717	1205	roadmap_epigenomics H3K4me2	NA	NA	H3K4me2	NA	NA	E124-H3K4me2.narrowPeak	2.52907818458699e-66	77302
2	289	roadmap_epigenomics	66.3373349857522	2.64322842025761	3842	373	195	97	373	222	2642	582	1058	roadmap_epigenomics H3K4me1	NA	NA	H3K4me1	NA	NA	E023-H3K4me1.narrowPeak	2.7545045775944e-66	307369
2	954	roadmap_epigenomics	66.3234985218352	2.51993455049203	3733	374	257	166	374	266	2523	691	1177	roadmap_epigenomics	NA	NA	NA	NA	NA	E117-DNase.macs2.narrowPeak	2.83611205046167e-66	206823
2	962	roadmap_epigenomics	66.3016484393274	2.17899200701612	2794	375	505	742	742	541	1629	1630	2071	roadmap_epigenomics H3K79me2	NA	NA	H3K79me2	NA	NA	E117-H3K79me2.narrowPeak	2.97454102007848e-66	176874
2	337	roadmap_epigenomics	66.2417516836877	2.28934927866842	3361	376	420	466	466	421	2146	1063	1554	roadmap_epigenomics H3K4me3	NA	NA	H3K4me3	NA	NA	E030-H3K4me3.narrowPeak	3.40538538953349e-66	53793
2	376	roadmap_epigenomics	66.1685939897242	2.18726499031338	2917	377	500	713	713	530	1737	1507	1963	roadmap_epigenomics H3K36me3	NA	NA	H3K36me3	NA	NA	E036-H3K36me3.narrowPeak	4.01954182682382e-66	328921
2	636	roadmap_epigenomics	65.9178752455543	2.38791018496876	3571	378	348	308	378	345	2356	853	1344	roadmap_epigenomics H3K4me3	NA	NA	H3K4me3	NA	NA	E076-H3K4me3.narrowPeak	7.14086643143974e-66	72243
2	1035	roadmap_epigenomics	65.7578828968528	2.1677649570434	2640	379	514	781	781	558	1501	1784	2199	roadmap_epigenomics H3K79me2	NA	NA	H3K79me2	NA	NA	E123-H3K79me2.narrowPeak	1.02944199153057e-65	112209
2	664	roadmap_epigenomics	65.6417365447238	2.32604399326032	3466	380	392	390	392	387	2252	958	1448	roadmap_epigenomics H3K4me3	NA	NA	H3K4me3	NA	NA	E080-H3K4me3.narrowPeak	1.34155920746695e-65	34321
2	1011	roadmap_epigenomics	65.6213798447161	2.27445105965529	3344	381	435	484	484	433	2133	1080	1567	roadmap_epigenomics H3K9ac	NA	NA	H3K9ac	NA	NA	E121-H3K9ac.narrowPeak	1.40226835442455e-65	104079
2	785	roadmap_epigenomics	65.5861513382682	2.53674115537169	3762	382	246	145	382	258	2558	662	1142	roadmap_epigenomics H3K4me1	NA	NA	H3K4me1	NA	NA	E094-H3K4me1.narrowPeak	1.5163515351505e-65	238260
2	782	roadmap_epigenomics	65.5851491271381	2.2527070100886	3281	383	450	537	537	457	2073	1143	1627	roadmap_epigenomics H3K27ac	NA	NA	H3K27ac	NA	NA	E094-H3K27ac.narrowPeak	1.5163515351505e-65	98193
2	1021	roadmap_epigenomics	65.5562188803948	2.28916993949622	3385	384	421	449	449	418	2173	1039	1527	roadmap_epigenomics H3K4me3	NA	NA	H3K4me3	NA	NA	E122-H3K4me3.narrowPeak	1.61660369405992e-65	43730
2	909	roadmap_epigenomics	65.5232771607588	2.16464565776352	2648	385	519	777	777	560	1509	1776	2191	roadmap_epigenomics H3K36me3	NA	NA	H3K36me3	NA	NA	E112-H3K36me3.narrowPeak	1.73948875728496e-65	202936
2	471	roadmap_epigenomics	65.455069899755	2.41911606138986	3628	386	323	261	386	323	2417	796	1283	roadmap_epigenomics H3K4me3	NA	NA	H3K4me3	NA	NA	E050-H3K4me3.narrowPeak	2.03005650619206e-65	62120
2	857	roadmap_epigenomics	65.437982619743	2.33000334924686	3480	387	387	374	387	383	2267	944	1433	roadmap_epigenomics H3K4me1	NA	NA	H3K4me1	NA	NA	E104-H3K4me1.narrowPeak	2.10609293300176e-65	271842
2	1086	roadmap_epigenomics	65.4292465026613	2.19120452223341	2257	388	498	843	843	576	1192	2167	2508	roadmap_epigenomics H3K9me1	NA	NA	H3K9me1	NA	NA	E127-H3K9me1.narrowPeak	2.14337737573995e-65	49792
2	732	roadmap_epigenomics	65.4277205730971	2.3369612989171	3494	389	381	365	389	378	2281	930	1419	roadmap_epigenomics H3K9ac	NA	NA	H3K9ac	NA	NA	E088-H3K9ac.narrowPeak	2.14542047697879e-65	113769
2	308	roadmap_epigenomics	65.3427561050409	2.37687949529942	3567	390	358	312	390	353	2355	857	1345	roadmap_epigenomics H3K4me3	NA	NA	H3K4me3	NA	NA	E026-H3K4me3.narrowPeak	2.60236122799268e-65	81465
2	438	roadmap_epigenomics	65.2507386127408	2.19339789553421	3049	391	496	664	664	517	1860	1375	1840	roadmap_epigenomics H3K27ac	NA	NA	H3K27ac	NA	NA	E046-H3K27ac.narrowPeak	3.20832672413599e-65	68379
2	508	roadmap_epigenomics	65.0982805917262	2.53490076380271	3768	392	247	139	392	259	2567	656	1133	roadmap_epigenomics	NA	NA	NA	NA	NA	E056-DNase.hotspot.fdr0.01.peaks.bed	4.54603670969274e-65	223698
2	314	roadmap_epigenomics	65.0456523816028	2.40930774786697	3623	393	333	268	393	331	2414	801	1286	roadmap_epigenomics H3K4me3	NA	NA	H3K4me3	NA	NA	E027-H3K4me3.narrowPeak	5.11870704588086e-65	61082
2	837	roadmap_epigenomics	64.9569542775116	2.49686082700196	3732	394	273	167	394	278	2529	692	1171	roadmap_epigenomics H3K4me3	NA	NA	H3K4me3	NA	NA	E101-H3K4me3.narrowPeak	6.26268096727099e-65	96726
2	208	roadmap_epigenomics	64.9234559107482	2.44988542247087	3679	395	299	209	395	301	2473	745	1227	roadmap_epigenomics H3K4me3	NA	NA	H3K4me3	NA	NA	E015-H3K4me3.narrowPeak	6.73086328032898e-65	70722
2	925	roadmap_epigenomics	64.9234559107482	2.44988542247087	3679	395	299	209	395	301	2473	745	1227	roadmap_epigenomics H3K4me2	NA	NA	H3K4me2	NA	NA	E114-H3K4me2.narrowPeak	6.73086328032898e-65	103473
2	455	roadmap_epigenomics	64.8386961200375	2.24987058224424	3304	397	454	514	514	455	2099	1120	1601	roadmap_epigenomics H3K4me3	NA	NA	H3K4me3	NA	NA	E048-H3K4me3.narrowPeak	8.16095035976852e-65	54009
2	107	roadmap_epigenomics	64.756470568952	2.18311166230294	3026	398	503	676	676	526	1842	1398	1858	roadmap_epigenomics H3K79me1	NA	NA	H3K79me1	NA	NA	E006-H3K79me1.narrowPeak	9.83737419967435e-65	327815
2	736	roadmap_epigenomics	64.6803548151802	2.88475522508102	3998	399	119	29	399	182	2830	426	870	roadmap_epigenomics	NA	NA	NA	NA	NA	E089-DNase.macs2.narrowPeak	1.16925857646541e-64	465721
2	327	roadmap_epigenomics	64.6235236767832	2.48128806008092	3721	400	282	174	400	285	2519	703	1181	roadmap_epigenomics	NA	NA	NA	NA	NA	E029-DNase.macs2.narrowPeak	1.32941330837669e-64	209063
2	77	roadmap_epigenomics	64.4947742659287	2.24450153944104	3302	401	458	517	517	459	2099	1122	1601	roadmap_epigenomics H3K36me3	NA	NA	H3K36me3	NA	NA	E005-H3K36me3.narrowPeak	1.78373543470312e-64	277210
2	154	roadmap_epigenomics	64.4588120947384	2.41769957785565	3647	402	326	248	402	325	2442	777	1258	roadmap_epigenomics H3K4me2	NA	NA	H3K4me2	NA	NA	E008-H3K4me2.narrowPeak	1.93293073659517e-64	111374
2	911	roadmap_epigenomics	64.2909624829256	2.25931059870235	3353	403	445	473	473	440	2149	1071	1551	roadmap_epigenomics H3K4me3	NA	NA	H3K4me3	NA	NA	E112-H3K4me3.narrowPeak	2.83786835858935e-64	28758
2	1059	roadmap_epigenomics	64.1845730075985	2.35010432258232	3551	404	377	325	404	369	2345	873	1355	roadmap_epigenomics H3K4me3	NA	NA	H3K4me3	NA	NA	E125-H3K4me3.narrowPeak	3.61668521483555e-64	70898
2	800	roadmap_epigenomics	64.1434091600505	2.23935748822406	3301	405	465	519	519	463	2100	1123	1600	roadmap_epigenomics	NA	NA	NA	NA	NA	E097-DNase.hotspot.all.peaks.bed	3.96648834630022e-64	99584
2	864	roadmap_epigenomics	64.0268970501477	2.35427536169025	3562	406	374	316	406	365	2357	862	1343	roadmap_epigenomics H3K4me3	NA	NA	H3K4me3	NA	NA	E105-H3K4me3.narrowPeak	5.17431112412013e-64	41900
2	684	roadmap_epigenomics	63.9885100703341	2.77454034249642	3952	407	152	42	407	200	2779	472	921	roadmap_epigenomics	NA	NA	NA	NA	NA	E083-DNase.macs2.narrowPeak	5.63866604123518e-64	517786
2	1078	roadmap_epigenomics	63.9860650495694	2.22457576314648	3260	408	475	552	552	478	2062	1164	1638	roadmap_epigenomics H3K27ac	NA	NA	H3K27ac	NA	NA	E127-H3K27ac.narrowPeak	5.65667002760521e-64	94902
2	777	roadmap_epigenomics	63.8726032687385	2.2568191145046	3362	409	447	465	465	440	2160	1062	1540	roadmap_epigenomics H3K4me3	NA	NA	H3K4me3	NA	NA	E093-H3K4me3.narrowPeak	7.32764905384374e-64	37401
2	1071	roadmap_epigenomics	63.8172146892849	2.22198489621506	3259	410	479	554	554	481	2062	1165	1638	roadmap_epigenomics H3K4me3	NA	NA	H3K4me3	NA	NA	E126-H3K4me3.narrowPeak	8.30420088612254e-64	53066
2	1031	roadmap_epigenomics	63.6804336755354	2.14025917331104	2618	411	532	785	785	576	1494	1806	2206	roadmap_epigenomics H3K36me3	NA	NA	H3K36me3	NA	NA	E123-H3K36me3.narrowPeak	1.13507883228426e-63	190856
2	259	roadmap_epigenomics	63.6718689549204	2.38077276774838	3612	412	353	281	412	349	2410	812	1290	roadmap_epigenomics H3K4me3	NA	NA	H3K4me3	NA	NA	E019-H3K4me3.narrowPeak	1.15488956123985e-63	61693
2	703	roadmap_epigenomics	63.5981592971503	2.30596755981109	3485	413	405	371	413	396	2282	939	1418	roadmap_epigenomics H3K27ac	NA	NA	H3K27ac	NA	NA	E085-H3K27ac.narrowPeak	1.3652191076956e-63	130166
2	985	roadmap_epigenomics	63.5524691044274	2.27843713396229	3427	414	433	423	433	423	2225	997	1475	roadmap_epigenomics H3K4me3	NA	NA	H3K4me3	NA	NA	E119-H3K4me3.narrowPeak	1.51302922544559e-63	41290
2	79	roadmap_epigenomics	63.4485964511766	2.48752624084789	3748	415	281	158	415	285	2554	676	1146	roadmap_epigenomics H3K4me1	NA	NA	H3K4me1	NA	NA	E005-H3K4me1.narrowPeak	1.91724337512172e-63	297165
2	1004	roadmap_epigenomics	63.4366531185778	2.21251707853199	3244	416	485	565	565	489	2050	1180	1650	roadmap_epigenomics H3K27ac	NA	NA	H3K27ac	NA	NA	E121-H3K27ac.narrowPeak	1.96598568639649e-63	117985
2	37	roadmap_epigenomics	63.2520552013376	2.33283611465221	3545	417	384	329	417	377	2344	879	1356	roadmap_epigenomics H3K9ac	NA	NA	H3K9ac	NA	NA	E003-H3K9ac.narrowPeak	3.00013313544413e-63	90295
2	499	roadmap_epigenomics	63.2298268457996	2.5449995396497	3806	418	239	111	418	256	2618	618	1082	roadmap_epigenomics	NA	NA	NA	NA	NA	E055-DNase.hotspot.fdr0.01.peaks.bed	3.15016727597878e-63	232786
2	784	roadmap_epigenomics	62.9075416374577	2.237212598623	3345	419	467	483	483	456	2149	1079	1551	roadmap_epigenomics H3K36me3	NA	NA	H3K36me3	NA	NA	E094-H3K36me3.narrowPeak	6.60063957030114e-63	243020
2	155	roadmap_epigenomics	62.8873414869281	2.32800475550214	3546	420	390	328	420	379	2347	878	1353	roadmap_epigenomics H3K4me3	NA	NA	H3K4me3	NA	NA	E008-H3K4me3.narrowPeak	6.89851819409178e-63	59360
2	768	roadmap_epigenomics	62.8567532041898	2.31001359358128	3514	421	402	349	421	391	2315	910	1385	roadmap_epigenomics H3K4me3	NA	NA	H3K4me3	NA	NA	E092-H3K4me3.narrowPeak	7.38441643761497e-63	39260
2	415	roadmap_epigenomics	62.8406356990632	2.25115014230112	3385	422	453	449	453	441	2188	1039	1512	roadmap_epigenomics H3K4me3	NA	NA	H3K4me3	NA	NA	E042-H3K4me3.narrowPeak	7.6455405540789e-63	58292
2	1008	roadmap_epigenomics	62.8228288650129	2.4306506097074	3696	423	313	190	423	309	2502	728	1198	roadmap_epigenomics H3K4me2	NA	NA	H3K4me2	NA	NA	E121-H3K4me2.narrowPeak	7.94679403030509e-63	137508
2	301	roadmap_epigenomics	62.7833423989712	2.44190859393219	3710	424	306	181	424	304	2517	714	1183	roadmap_epigenomics H3K4me3	NA	NA	H3K4me3	NA	NA	E025-H3K4me3.narrowPeak	8.68275914007548e-63	104434
2	547	roadmap_epigenomics	62.6107913767581	2.14136323124171	2925	425	529	711	711	555	1764	1499	1936	roadmap_epigenomics H3K36me3	NA	NA	H3K36me3	NA	NA	E062-H3K36me3.narrowPeak	1.2888147570206e-62	253984
2	32	roadmap_epigenomics	62.5826851622101	2.57723588421625	3842	426	227	97	426	250	2661	582	1039	roadmap_epigenomics H3K4me2	NA	NA	H3K4me2	NA	NA	E003-H3K4me2.narrowPeak	1.37176848355845e-62	217090
2	869	roadmap_epigenomics	62.5677777069664	2.24159426763672	3370	427	463	457	463	449	2175	1054	1525	roadmap_epigenomics H3K4me1	NA	NA	H3K4me1	NA	NA	E106-H3K4me1.narrowPeak	1.41636358612645e-62	133631
2	5	roadmap_epigenomics	62.4603313114978	2.39262216710391	3655	428	344	241	428	338	2461	769	1239	roadmap_epigenomics H3K9ac	NA	NA	H3K9ac	NA	NA	E001-H3K9ac.narrowPeak	1.80971416138048e-62	67397
2	295	roadmap_epigenomics	62.416038541711	2.64482767684863	3893	429	194	68	429	230	2719	531	981	roadmap_epigenomics H3K4me1	NA	NA	H3K4me1	NA	NA	E024-H3K4me1.narrowPeak	1.99937353889359e-62	357319
2	194	roadmap_epigenomics	62.393243756891	2.33468331409955	3570	430	383	310	430	374	2374	854	1326	roadmap_epigenomics H3K4me1	NA	NA	H3K4me1	NA	NA	E013-H3K4me1.narrowPeak	2.10223977214396e-62	275053
2	741	roadmap_epigenomics	62.3892511872853	2.23909534331667	3370	431	466	457	466	451	2176	1054	1524	roadmap_epigenomics H3K4me3	NA	NA	H3K4me3	NA	NA	E089-H3K4me3.narrowPeak	2.11675536063846e-62	32241
2	494	roadmap_epigenomics	62.3684712244585	2.12963619031691	2831	432	538	737	737	569	1683	1593	2017	roadmap_epigenomics H3K36me3	NA	NA	H3K36me3	NA	NA	E054-H3K36me3.narrowPeak	2.21538289377031e-62	221911
2	822	roadmap_epigenomics	62.2920309309886	2.23294624018431	3357	433	470	469	470	457	2164	1067	1536	roadmap_epigenomics H3K4me3	NA	NA	H3K4me3	NA	NA	E099-H3K4me3.narrowPeak	2.63566108275311e-62	38242
2	1082	roadmap_epigenomics	62.2053677214476	2.49908909203385	3780	434	272	131	434	279	2595	644	1105	roadmap_epigenomics H3K4me2	NA	NA	H3K4me2	NA	NA	E127-H3K4me2.narrowPeak	3.21037334734237e-62	129570
2	844	roadmap_epigenomics	62.1824919700975	2.39733769184142	3667	435	340	226	435	334	2475	757	1225	roadmap_epigenomics H3K4me3	NA	NA	H3K4me3	NA	NA	E102-H3K4me3.narrowPeak	3.37626358653169e-62	83775
2	290	roadmap_epigenomics	62.1662397328821	2.3955541486663	3665	436	342	228	436	335	2473	759	1227	roadmap_epigenomics H3K4me3	NA	NA	H3K4me3	NA	NA	E023-H3K4me3.narrowPeak	3.49700222424308e-62	116720
2	437	roadmap_epigenomics	62.0842046401987	2.61962825612721	3880	437	203	76	437	239	2706	544	994	roadmap_epigenomics	NA	NA	NA	NA	NA	E046-DNase.macs2.narrowPeak	4.21444695025308e-62	287236
2	830	roadmap_epigenomics	61.9622728068194	2.19900246674161	3267	438	493	547	547	493	2080	1157	1620	roadmap_epigenomics H3K4me1	NA	NA	H3K4me1	NA	NA	E100-H3K4me1.narrowPeak	5.56780823009146e-62	196301
2	390	roadmap_epigenomics	61.8717588956498	2.21328172810719	3317	439	484	501	501	475	2128	1107	1572	roadmap_epigenomics H3K4me3	NA	NA	H3K4me3	NA	NA	E038-H3K4me3.narrowPeak	6.84245999273643e-62	51910
2	620	roadmap_epigenomics	61.8146960924567	2.11879548153192	2773	440	540	748	748	576	1636	1651	2064	roadmap_epigenomics H3K36me3	NA	NA	H3K36me3	NA	NA	E074-H3K36me3.narrowPeak	7.78558750253599e-62	154097
2	384	roadmap_epigenomics	61.783242094218	2.20222862080442	3286	441	489	533	533	488	2099	1138	1601	roadmap_epigenomics H3K4me3	NA	NA	H3K4me3	NA	NA	E037-H3K4me3.narrowPeak	8.35148934723186e-62	49554
2	498	roadmap_epigenomics	61.65018350825	2.24390682262585	3409	442	459	437	459	446	2218	1015	1482	roadmap_epigenomics	NA	NA	NA	NA	NA	E055-DNase.hotspot.all.peaks.bed	1.12944797913782e-61	120443
2	260	roadmap_epigenomics	61.6138658862191	2.27479542465928	3480	443	434	374	443	417	2288	944	1412	roadmap_epigenomics H3K9ac	NA	NA	H3K9ac	NA	NA	E019-H3K9ac.narrowPeak	1.22520569547325e-61	72277
2	175	roadmap_epigenomics	61.5313711047491	2.41167306995907	3698	444	331	189	444	321	2511	726	1189	roadmap_epigenomics H3K4me1	NA	NA	H3K4me1	NA	NA	E010-H3K4me1.narrowPeak	1.4781929411288e-61	266556
2	750	roadmap_epigenomics	61.3975429033761	2.24778319919198	3427	445	456	423	456	441	2237	997	1463	roadmap_epigenomics H3K4me3	NA	NA	H3K4me3	NA	NA	E090-H3K4me3.narrowPeak	2.00719161729585e-61	35057
2	157	roadmap_epigenomics	61.2337261014826	2.11053878297012	2761	446	551	751	751	583	1629	1663	2071	roadmap_epigenomics H3K79me1	NA	NA	H3K79me1	NA	NA	E008-H3K79me1.narrowPeak	2.92036617390065e-61	120353
2	694	roadmap_epigenomics	61.053328105646	2.24161160955192	3424	447	462	428	462	446	2236	1000	1464	roadmap_epigenomics H3K27ac	NA	NA	H3K27ac	NA	NA	E084-H3K27ac.narrowPeak	4.41437407410625e-61	121559
2	1016	roadmap_epigenomics	60.9804969764704	2.13711101037945	3051	448	533	662	662	548	1886	1373	1814	roadmap_epigenomics H3K27ac	NA	NA	H3K27ac	NA	NA	E122-H3K27ac.narrowPeak	5.20878262400715e-61	71491
2	90	roadmap_epigenomics	60.9311951444689	2.31155170935399	3568	449	401	311	449	387	2380	856	1320	roadmap_epigenomics	NA	NA	NA	NA	NA	E006-DNase.hotspot.fdr0.01.peaks.bed	5.8220532413522e-61	174991
2	35	roadmap_epigenomics	60.7978202702305	2.10305783133724	2716	450	555	762	762	589	1593	1708	2107	roadmap_epigenomics H3K79me1	NA	NA	H3K79me1	NA	NA	E003-H3K79me1.narrowPeak	7.8975299157396e-61	133190
2	1009	roadmap_epigenomics	60.7274152697692	2.25956161076795	3475	451	444	379	451	425	2288	949	1412	roadmap_epigenomics H3K4me3	NA	NA	H3K4me3	NA	NA	E121-H3K4me3.narrowPeak	9.26698861141825e-61	69233
2	1056	roadmap_epigenomics	60.6645996000289	2.10167714700491	2728	452	558	761	761	590	1604	1696	2096	roadmap_epigenomics H3K36me3	NA	NA	H3K36me3	NA	NA	E125-H3K36me3.narrowPeak	1.06855961192513e-60	248840
2	1048	roadmap_epigenomics	60.6397304710564	2.10315766461349	2771	453	554	749	749	585	1641	1653	2059	roadmap_epigenomics H3K79me2	NA	NA	H3K79me2	NA	NA	E124-H3K79me2.narrowPeak	1.12905328376657e-60	259630
2	1066	roadmap_epigenomics	60.6049673397297	2.11633136541485	2938	454	545	707	707	569	1787	1486	1913	roadmap_epigenomics H3K27ac	NA	NA	H3K27ac	NA	NA	E126-H3K27ac.narrowPeak	1.22046748062985e-60	91265
2	386	roadmap_epigenomics	60.5307732260966	2.13400305553879	3068	455	535	650	650	547	1904	1356	1796	roadmap_epigenomics H3K27ac	NA	NA	H3K27ac	NA	NA	E038-H3K27ac.narrowPeak	1.44467796193508e-60	50328
2	185	roadmap_epigenomics	60.5129215078348	2.15600962021474	3178	456	521	600	600	526	2005	1246	1695	roadmap_epigenomics H3K27ac	NA	NA	H3K27ac	NA	NA	E012-H3K27ac.narrowPeak	1.50201945715338e-60	157402
2	88	roadmap_epigenomics	60.369369904191	2.25483316536662	3476	457	448	377	457	427	2291	948	1409	roadmap_epigenomics H4K91ac	NA	NA	H4K91ac	NA	NA	E005-H4K91ac.narrowPeak	2.08584492010427e-60	249666
2	368	roadmap_epigenomics	60.3083374996913	2.18435352702148	3294	458	501	524	524	494	2115	1130	1585	roadmap_epigenomics H3K4me3	NA	NA	H3K4me3	NA	NA	E034-H3K4me3.narrowPeak	2.39536294433563e-60	37067
2	835	roadmap_epigenomics	60.2784746168715	2.13150799550553	3073	459	537	648	648	548	1910	1351	1790	roadmap_epigenomics H3K36me3	NA	NA	H3K36me3	NA	NA	E101-H3K36me3.narrowPeak	2.56031357860117e-60	322521
2	91	roadmap_epigenomics	60.2772162047785	2.53764209204751	3843	460	245	94	460	266	2674	581	1026	roadmap_epigenomics	NA	NA	NA	NA	NA	E006-DNase.macs2.narrowPeak	2.56219722286549e-60	343835
2	361	roadmap_epigenomics	60.2173085188007	2.16999804093374	3249	461	509	558	558	509	2073	1175	1627	roadmap_epigenomics	NA	NA	NA	NA	NA	E034-DNase.hotspot.all.peaks.bed	2.93483204597005e-60	81127
2	887	roadmap_epigenomics	60.1865883208655	2.66815750901389	3934	462	186	52	462	233	2777	490	923	roadmap_epigenomics	NA	NA	NA	NA	NA	E109-DNase.macs2.narrowPeak	3.1431743965313e-60	334231
2	264	roadmap_epigenomics	60.1494914255105	2.10259093500918	2860	463	556	730	730	583	1721	1564	1979	roadmap_epigenomics H3K36me3	NA	NA	H3K36me3	NA	NA	E020-H3K36me3.narrowPeak	3.40879940862467e-60	225893
2	999	roadmap_epigenomics	59.8996642332613	2.11678376311018	3013	464	544	685	685	564	1858	1411	1842	roadmap_epigenomics H3K9ac	NA	NA	H3K9ac	NA	NA	E120-H3K9ac.narrowPeak	6.04643885764259e-60	64681
2	1097	roadmap_epigenomics	59.8793974642737	2.08990244756762	2578	465	567	793	793	608	1482	1846	2218	roadmap_epigenomics H3K79me2	NA	NA	H3K79me2	NA	NA	E128-H3K79me2.narrowPeak	6.32178097177851e-60	160134
2	1047	roadmap_epigenomics	59.6934978903834	2.32777986438997	3624	466	391	267	466	375	2444	800	1256	roadmap_epigenomics H3K4me3	NA	NA	H3K4me3	NA	NA	E124-H3K4me3.narrowPeak	9.67863258247135e-60	81682
2	359	roadmap_epigenomics	59.6840683459509	2.17330269092369	3286	467	508	533	533	503	2111	1138	1589	roadmap_epigenomics H3K4me3	NA	NA	H3K4me3	NA	NA	E033-H3K4me3.narrowPeak	9.87007604721068e-60	42864
2	433	roadmap_epigenomics	59.663416381386	2.20561504535866	3383	468	487	452	487	469	2204	1041	1496	roadmap_epigenomics H3K4me3	NA	NA	H3K4me3	NA	NA	E045-H3K4me3.narrowPeak	1.03288357645749e-59	50440
2	27	roadmap_epigenomics	59.6575655289336	2.18001326081205	3309	469	504	509	509	494	2133	1115	1567	roadmap_epigenomics H3K27ac	NA	NA	H3K27ac	NA	NA	E003-H3K27ac.narrowPeak	1.0446795234077e-59	166837
2	849	roadmap_epigenomics	59.5897557946832	2.11537510200344	3031	470	546	672	672	563	1876	1393	1824	roadmap_epigenomics H3K36me3	NA	NA	H3K36me3	NA	NA	E103-H3K36me3.narrowPeak	1.21864052329937e-59	225315
2	362	roadmap_epigenomics	59.5665652464625	2.22880945107225	3444	471	471	414	471	452	2264	980	1436	roadmap_epigenomics	NA	NA	NA	NA	NA	E034-DNase.hotspot.fdr0.01.peaks.bed	1.28277620647918e-59	107036
2	284	roadmap_epigenomics	59.4549841156012	2.47133293972329	3798	472	287	116	472	292	2629	626	1071	roadmap_epigenomics H3K4me1	NA	NA	H3K4me1	NA	NA	E022-H3K4me1.narrowPeak	1.65507882970189e-59	324422
2	602	roadmap_epigenomics	59.2723913558267	2.35516503837332	3672	473	373	219	473	355	2496	752	1204	roadmap_epigenomics H3K4me3	NA	NA	H3K4me3	NA	NA	E071-H3K4me3.narrowPeak	2.51478011177339e-59	77102
2	435	roadmap_epigenomics	59.2451006941719	2.1768250833453	3317	474	506	501	506	494	2143	1107	1557	roadmap_epigenomics	NA	NA	NA	NA	NA	E046-DNase.hotspot.all.peaks.bed	2.67227507638392e-59	88265
2	570	roadmap_epigenomics	59.1927936292257	2.22645859255296	3451	475	473	406	475	451	2273	973	1427	roadmap_epigenomics H3K9ac	NA	NA	H3K9ac	NA	NA	E066-H3K9ac.narrowPeak	3.00801923658442e-59	109594
2	215	roadmap_epigenomics	59.1762497852066	2.32310798299834	3629	476	394	259	476	376	2452	795	1248	roadmap_epigenomics H3K4me3	NA	NA	H3K4me3	NA	NA	E016-H3K4me3.narrowPeak	3.11830599277488e-59	59426
2	797	roadmap_epigenomics	59.1271395457233	2.51715718788485	3843	477	259	94	477	277	2680	581	1020	roadmap_epigenomics H3K4me1	NA	NA	H3K4me1	NA	NA	E096-H3K4me1.narrowPeak	3.48437693166727e-59	317595
2	897	roadmap_epigenomics	59.0742273218734	2.20181479882642	3395	478	490	444	490	471	2219	1029	1481	roadmap_epigenomics H3K4me3	NA	NA	H3K4me3	NA	NA	E110-H3K4me3.narrowPeak	3.92767362000243e-59	51758
2	229	roadmap_epigenomics	59.0372667076183	2.11168021070713	3054	479	550	660	660	563	1900	1370	1800	roadmap_epigenomics H3K14ac	NA	NA	H3K14ac	NA	NA	E017-H3K14ac.narrowPeak	4.26771995489069e-59	195264
2	926	roadmap_epigenomics	58.7521484590583	2.27135511330066	3555	480	439	322	480	414	2379	869	1321	roadmap_epigenomics H3K4me3	NA	NA	H3K4me3	NA	NA	E114-H3K4me3.narrowPeak	8.21137585319328e-59	76182
2	950	roadmap_epigenomics	58.6969489685297	2.07381288002377	2651	481	580	775	775	612	1550	1773	2150	roadmap_epigenomics H3K79me2	NA	NA	H3K79me2	NA	NA	E116-H3K79me2.narrowPeak	9.30505714912756e-59	158037
2	868	roadmap_epigenomics	58.5985161748968	2.10184014716063	3029	482	557	673	673	571	1880	1395	1820	roadmap_epigenomics H3K36me3	NA	NA	H3K36me3	NA	NA	E106-H3K36me3.narrowPeak	1.16481594704173e-58	291154
2	608	roadmap_epigenomics	58.5029632707037	2.31870661326101	3638	483	398	256	483	379	2465	786	1235	roadmap_epigenomics H3K4me3	NA	NA	H3K4me3	NA	NA	E072-H3K4me3.narrowPeak	1.44849673297387e-58	82143
2	659	roadmap_epigenomics	58.2711494976456	2.72628385218384	3986	484	166	33	484	228	2847	438	853	roadmap_epigenomics	NA	NA	NA	NA	NA	E080-DNase.macs2.narrowPeak	2.46513343578443e-58	420510
2	992	roadmap_epigenomics	58.2317572333516	2.09283922148549	3001	485	566	689	689	580	1857	1423	1843	roadmap_epigenomics H3K27ac	NA	NA	H3K27ac	NA	NA	E120-H3K27ac.narrowPeak	2.69366547211036e-58	89677
2	448	roadmap_epigenomics	58.1874007664085	2.15083002766679	3280	486	524	538	538	516	2114	1144	1586	roadmap_epigenomics H3K4me3	NA	NA	H3K4me3	NA	NA	E047-H3K4me3.narrowPeak	2.97723355782483e-58	39614
2	151	roadmap_epigenomics	58.1151962767438	2.16492699393848	3329	487	518	495	518	500	2161	1095	1539	roadmap_epigenomics H3K36me3	NA	NA	H3K36me3	NA	NA	E008-H3K36me3.narrowPeak	3.50858484425715e-58	287294
2	583	roadmap_epigenomics	57.9503553057786	2.32900012659533	3665	488	389	228	488	368	2496	759	1204	roadmap_epigenomics H3K4me3	NA	NA	H3K4me3	NA	NA	E068-H3K4me3.narrowPeak	5.11787109931116e-58	89967
2	80	roadmap_epigenomics	57.8697131534904	2.19847064910945	3430	489	494	420	494	468	2260	994	1440	roadmap_epigenomics H3K4me2	NA	NA	H3K4me2	NA	NA	E005-H3K4me2.narrowPeak	6.13719114161964e-58	62053
2	576	roadmap_epigenomics	57.7220340161035	2.266539210963	3574	490	442	305	490	412	2404	850	1296	roadmap_epigenomics H3K4me3	NA	NA	H3K4me3	NA	NA	E067-H3K4me3.narrowPeak	8.60538959112105e-58	70953
2	640	roadmap_epigenomics	57.6493268869178	2.08854341233824	3025	491	568	677	677	579	1882	1399	1818	roadmap_epigenomics H3K36me3	NA	NA	H3K36me3	NA	NA	E077-H3K36me3.narrowPeak	1.01531590271906e-57	271474
2	754	roadmap_epigenomics	57.6095037673892	3.01933094166338	4102	492	83	5	492	193	2991	322	709	roadmap_epigenomics	NA	NA	NA	NA	NA	E091-DNase.macs2.narrowPeak	1.11057935465135e-57	494002
2	148	roadmap_epigenomics	57.5829714981572	2.32244034155518	3664	493	395	231	493	373	2497	760	1203	roadmap_epigenomics H3K23me2	NA	NA	H3K23me2	NA	NA	E008-H3K23me2.narrowPeak	1.17817257991854e-57	123622
2	345	roadmap_epigenomics	57.5144026795295	2.22395042387233	3499	494	477	364	494	445	2330	925	1370	roadmap_epigenomics	NA	NA	NA	NA	NA	E032-DNase.hotspot.fdr0.01.peaks.bed	1.37691308391385e-57	114529
2	556	roadmap_epigenomics	57.49554761097	2.33057763560578	3677	495	386	213	495	365	2511	747	1189	roadmap_epigenomics H3K4me3	NA	NA	H3K4me3	NA	NA	E063-H3K4me3.narrowPeak	1.43513295284779e-57	87655
2	642	roadmap_epigenomics	57.4708408096413	2.41679754528305	3778	496	328	134	496	319	2618	646	1082	roadmap_epigenomics H3K4me3	NA	NA	H3K4me3	NA	NA	E077-H3K4me3.narrowPeak	1.51611175990987e-57	105842
2	965	roadmap_epigenomics	57.4532348871521	2.07208967473425	2916	497	582	714	714	598	1786	1508	1914	roadmap_epigenomics H4K20me1	NA	NA	H4K20me1	NA	NA	E117-H4K20me1.narrowPeak	1.57569133814806e-57	124987
2	590	roadmap_epigenomics	57.31769900898	2.28512161064691	3615	498	424	275	498	399	2448	809	1252	roadmap_epigenomics H3K4me3	NA	NA	H3K4me3	NA	NA	E069-H3K4me3.narrowPeak	2.14853660823672e-57	79806
2	984	roadmap_epigenomics	57.2785510044277	2.35683156117381	3715	499	371	177	499	349	2552	709	1148	roadmap_epigenomics H3K4me2	NA	NA	H3K4me2	NA	NA	E119-H3K4me2.narrowPeak	2.34654134696349e-57	119229
2	349	roadmap_epigenomics	57.1740884428495	2.06153243652007	2840	500	591	735	735	609	1721	1584	1979	roadmap_epigenomics H3K36me3	NA	NA	H3K36me3	NA	NA	E032-H3K36me3.narrowPeak	2.97872171161402e-57	342847
2	100	roadmap_epigenomics	57.1662746494655	2.08500221672089	3044	501	572	667	667	580	1902	1380	1798	roadmap_epigenomics H3K27ac	NA	NA	H3K27ac	NA	NA	E006-H3K27ac.narrowPeak	3.02680599600753e-57	144157
2	213	roadmap_epigenomics	57.1456840178358	2.06316537815123	2865	502	589	727	727	606	1743	1559	1957	roadmap_epigenomics H3K36me3	NA	NA	H3K36me3	NA	NA	E016-H3K36me3.narrowPeak	3.16750839622348e-57	237501
2	353	roadmap_epigenomics	57.1423525342703	2.14904397000724	3322	503	526	498	526	509	2160	1102	1540	roadmap_epigenomics	NA	NA	NA	NA	NA	E033-DNase.hotspot.all.peaks.bed	3.18561659711892e-57	89092
2	444	roadmap_epigenomics	57.1346984756684	2.07270812484437	2959	504	581	701	701	595	1826	1465	1874	roadmap_epigenomics H3K27ac	NA	NA	H3K27ac	NA	NA	E047-H3K27ac.narrowPeak	3.23588809273377e-57	44461
2	407	roadmap_epigenomics	57.0816454999302	2.05453505428515	2741	505	597	758	758	620	1636	1683	2064	roadmap_epigenomics H3K36me3	NA	NA	H3K36me3	NA	NA	E041-H3K36me3.narrowPeak	3.64916983233993e-57	202854
2	288	roadmap_epigenomics	57.019633337212	2.06131868604548	2863	506	592	728	728	609	1742	1561	1958	roadmap_epigenomics H3K36me3	NA	NA	H3K36me3	NA	NA	E023-H3K36me3.narrowPeak	4.20102740454555e-57	228728
2	755	roadmap_epigenomics	56.8540632370544	2.11802264048627	3227	507	542	575	575	541	2072	1197	1628	roadmap_epigenomics H3K27ac	NA	NA	H3K27ac	NA	NA	E091-H3K27ac.narrowPeak	6.13870203669588e-57	113281
2	347	roadmap_epigenomics	56.6964197777906	2.05990267843729	2895	508	593	720	720	607	1772	1529	1928	roadmap_epigenomics H3K27ac	NA	NA	H3K27ac	NA	NA	E032-H3K27ac.narrowPeak	8.80790474106532e-57	65724
2	1072	roadmap_epigenomics	56.5773591516823	2.04743869293822	2497	509	605	805	805	640	1434	1927	2266	roadmap_epigenomics H3K79me2	NA	NA	H3K79me2	NA	NA	E126-H3K79me2.narrowPeak	1.15634514482577e-56	155850
2	818	roadmap_epigenomics	56.5458991905154	2.05301921751849	2838	510	599	736	736	615	1723	1586	1977	roadmap_epigenomics H3K27ac	NA	NA	H3K27ac	NA	NA	E099-H3K27ac.narrowPeak	1.24080442146983e-56	75578
2	89	roadmap_epigenomics	56.5278014529936	2.11328033311497	3226	511	548	577	577	545	2073	1198	1627	roadmap_epigenomics	NA	NA	NA	NA	NA	E006-DNase.hotspot.all.peaks.bed	1.29109618337785e-56	102198
2	351	roadmap_epigenomics	56.4022750902387	2.10356813145509	3193	512	553	590	590	552	2043	1231	1657	roadmap_epigenomics H3K4me3	NA	NA	H3K4me3	NA	NA	E032-H3K4me3.narrowPeak	1.72045817251775e-56	31423
2	204	roadmap_epigenomics	56.3937698463932	2.07400114327994	3040	513	579	669	669	587	1903	1384	1797	roadmap_epigenomics H3K27ac	NA	NA	H3K27ac	NA	NA	E015-H3K27ac.narrowPeak	1.75109676531426e-56	106159
2	567	roadmap_epigenomics	56.3763139325957	2.06431724184585	2973	514	588	696	696	599	1843	1451	1857	roadmap_epigenomics H3K36me3	NA	NA	H3K36me3	NA	NA	E066-H3K36me3.narrowPeak	1.8194011357534e-56	303329
2	276	roadmap_epigenomics	56.2256834195765	2.14662061415428	3354	515	527	472	527	505	2196	1070	1504	roadmap_epigenomics H3K4me3	NA	NA	H3K4me3	NA	NA	E021-H3K4me3.narrowPeak	2.56875679899633e-56	38867
2	4	roadmap_epigenomics	56.1068052236413	2.27072116915644	3622	516	440	269	516	408	2462	802	1238	roadmap_epigenomics H3K4me3	NA	NA	H3K4me3	NA	NA	E001-H3K4me3.narrowPeak	3.36460452977266e-56	92429
2	191	roadmap_epigenomics	56.0974665295031	2.0850857906329	3126	517	571	623	623	570	1983	1298	1717	roadmap_epigenomics H3K27ac	NA	NA	H3K27ac	NA	NA	E013-H3K27ac.narrowPeak	3.43116444990975e-56	139221
2	266	roadmap_epigenomics	56.0460608201483	2.30586165954123	3675	518	406	216	518	380	2517	749	1183	roadmap_epigenomics H3K4me3	NA	NA	H3K4me3	NA	NA	E020-H3K4me3.narrowPeak	3.85494019444669e-56	88728
2	507	roadmap_epigenomics	55.9214948298272	2.14063207435689	3349	519	531	480	531	510	2193	1075	1507	roadmap_epigenomics	NA	NA	NA	NA	NA	E056-DNase.hotspot.all.peaks.bed	5.12572873581203e-56	117994
2	57	roadmap_epigenomics	55.917385644513	2.12691837099725	3306	520	539	510	539	523	2152	1118	1548	roadmap_epigenomics H3K4me2	NA	NA	H3K4me2	NA	NA	E004-H3K4me2.narrowPeak	5.16461988755294e-56	59056
2	970	roadmap_epigenomics	55.8282861122524	2.03625945008551	2528	521	612	802	802	645	1464	1896	2236	roadmap_epigenomics H3K36me3	NA	NA	H3K36me3	NA	NA	E118-H3K36me3.narrowPeak	6.32867836302285e-56	168886
2	1014	roadmap_epigenomics	55.5579740676857	2.28321443962932	3654	522	426	242	522	397	2498	770	1202	roadmap_epigenomics	NA	NA	NA	NA	NA	E122-DNase.macs2.narrowPeak	1.17706856552338e-55	241268
2	436	roadmap_epigenomics	55.4021885166148	2.16930226942817	3446	523	511	411	523	482	2290	978	1410	roadmap_epigenomics	NA	NA	NA	NA	NA	E046-DNase.hotspot.fdr0.01.peaks.bed	1.68176598104958e-55	109868
2	938	roadmap_epigenomics	55.3795956082088	2.02915087111949	2629	524	619	783	783	642	1551	1795	2149	roadmap_epigenomics H3K79me2	NA	NA	H3K79me2	NA	NA	E115-H3K79me2.narrowPeak	1.76822804375945e-55	200232
2	986	roadmap_epigenomics	55.3410564362037	2.0303451975732	2716	525	618	762	762	635	1625	1708	2075	roadmap_epigenomics H3K79me2	NA	NA	H3K79me2	NA	NA	E119-H3K79me2.narrowPeak	1.92867386118229e-55	189409
2	366	roadmap_epigenomics	55.2181443101187	2.03181659085335	2785	526	616	745	745	629	1685	1639	2015	roadmap_epigenomics H3K36me3	NA	NA	H3K36me3	NA	NA	E034-H3K36me3.narrowPeak	2.55478177578405e-55	302239
2	344	roadmap_epigenomics	55.0698657838023	2.09593780021565	3237	527	563	571	571	554	2092	1187	1608	roadmap_epigenomics	NA	NA	NA	NA	NA	E032-DNase.hotspot.all.peaks.bed	3.58770527456224e-55	81799
2	115	roadmap_epigenomics	55.0428867930974	2.02587923323811	2701	528	622	766	766	639	1614	1723	2086	roadmap_epigenomics H2AK5ac	NA	NA	H2AK5ac	NA	NA	E007-H2AK5ac.narrowPeak	3.81049768223251e-55	115306
2	358	roadmap_epigenomics	54.9426425092388	2.07418833415291	3150	529	578	612	612	573	2012	1274	1688	roadmap_epigenomics H3K4me1	NA	NA	H3K4me1	NA	NA	E033-H3K4me1.narrowPeak	4.79085978720707e-55	131462
2	770	roadmap_epigenomics	54.9190424361394	2.11260743369208	3305	530	549	512	549	530	2157	1119	1543	roadmap_epigenomics	NA	NA	NA	NA	NA	E093-DNase.hotspot.all.peaks.bed	5.04896692946809e-55	86221
2	322	roadmap_epigenomics	54.6740791541573	2.37853599439366	3788	531	356	125	531	337	2644	636	1056	roadmap_epigenomics H3K4me1	NA	NA	H3K4me1	NA	NA	E028-H3K4me1.narrowPeak	8.85842091046566e-55	354089
2	315	roadmap_epigenomics	54.6704889300166	2.44059255592613	3846	532	307	92	532	310	2707	578	993	roadmap_epigenomics H3K9ac	NA	NA	H3K9ac	NA	NA	E027-H3K9ac.narrowPeak	8.91535305473633e-55	217726
2	183	roadmap_epigenomics	54.6281558922221	2.09688927700138	3264	533	562	550	562	548	2120	1160	1580	roadmap_epigenomics H3K9ac	NA	NA	H3K9ac	NA	NA	E011-H3K9ac.narrowPeak	9.80991161523314e-55	58328
2	831	roadmap_epigenomics	54.625675525529	2.1507206079887	3428	534	525	422	534	494	2277	996	1423	roadmap_epigenomics H3K4me3	NA	NA	H3K4me3	NA	NA	E100-H3K4me3.narrowPeak	9.84782826929267e-55	39238
2	649	roadmap_epigenomics	54.585027987415	2.29627986559745	3694	535	414	193	535	381	2545	730	1155	roadmap_epigenomics H3K4me3	NA	NA	H3K4me3	NA	NA	E078-H3K4me3.narrowPeak	1.07940518376987e-54	74526
2	71	roadmap_epigenomics	54.5387654153679	2.15833947243137	3450	536	520	408	536	488	2299	974	1401	roadmap_epigenomics H2BK5ac	NA	NA	H2BK5ac	NA	NA	E005-H2BK5ac.narrowPeak	1.19851934984219e-54	228979
2	759	roadmap_epigenomics	54.5317806312821	2.09827776687886	3274	537	561	542	561	547	2130	1150	1570	roadmap_epigenomics H3K4me3	NA	NA	H3K4me3	NA	NA	E091-H3K4me3.narrowPeak	1.21570804607837e-54	33481
2	31	roadmap_epigenomics	54.4781236608578	2.16548808145179	3469	538	516	387	538	480	2318	955	1382	roadmap_epigenomics H3K4me1	NA	NA	H3K4me1	NA	NA	E003-H3K4me1.narrowPeak	1.37305265220629e-54	223118
2	1022	roadmap_epigenomics	54.3657311152055	2.01764891875637	2486	539	630	809	809	659	1438	1938	2262	roadmap_epigenomics H3K79me2	NA	NA	H3K79me2	NA	NA	E122-H3K79me2.narrowPeak	1.77534243725765e-54	181682
2	980	roadmap_epigenomics	54.3565987652769	2.06762446990385	3157	540	587	609	609	579	2022	1267	1678	roadmap_epigenomics H3K27ac	NA	NA	H3K27ac	NA	NA	E119-H3K27ac.narrowPeak	1.8097489942422e-54	94592
2	469	roadmap_epigenomics	53.9756668407653	2.02092336408438	2866	541	625	726	726	631	1763	1558	1937	roadmap_epigenomics H3K36me3	NA	NA	H3K36me3	NA	NA	E050-H3K36me3.narrowPeak	4.34265756379419e-54	262839
2	354	roadmap_epigenomics	53.8392072834609	2.15098055958872	3457	542	523	400	542	488	2310	967	1390	roadmap_epigenomics	NA	NA	NA	NA	NA	E033-DNase.hotspot.fdr0.01.peaks.bed	5.93501621713486e-54	108321
2	230	roadmap_epigenomics	53.6449222553783	2.04704531402724	3101	543	606	635	635	595	1975	1323	1725	roadmap_epigenomics H3K18ac	NA	NA	H3K18ac	NA	NA	E017-H3K18ac.narrowPeak	9.26648766771997e-54	266971
2	52	roadmap_epigenomics	53.5230685211179	2.05914243034672	3171	544	594	604	604	581	2040	1253	1660	roadmap_epigenomics H3K27ac	NA	NA	H3K27ac	NA	NA	E004-H3K27ac.narrowPeak	1.22455569191987e-53	144857
2	180	roadmap_epigenomics	53.4492306965511	2.01208325293684	2844	545	635	733	733	638	1747	1580	1953	roadmap_epigenomics H3K36me3	NA	NA	H3K36me3	NA	NA	E011-H3K36me3.narrowPeak	1.44886344921566e-53	271169
2	283	roadmap_epigenomics	53.4410849922314	2.77595823754057	4054	546	150	16	546	237	2952	370	748	roadmap_epigenomics H3K36me3	NA	NA	H3K36me3	NA	NA	E022-H3K36me3.narrowPeak	1.47362059318357e-53	407402
2	304	roadmap_epigenomics	53.399040295222	2.05407927129372	3155	547	598	611	611	585	2026	1269	1674	roadmap_epigenomics H3K27ac	NA	NA	H3K27ac	NA	NA	E026-H3K27ac.narrowPeak	1.62048242560167e-53	107716
2	987	roadmap_epigenomics	53.374974360708	2.0820830195535	3274	548	573	542	573	554	2137	1150	1563	roadmap_epigenomics H3K9ac	NA	NA	H3K9ac	NA	NA	E119-H3K9ac.narrowPeak	1.70972249775338e-53	82070
2	811	roadmap_epigenomics	53.2973232690941	2.55065339969589	3945	549	236	47	549	277	2825	479	875	roadmap_epigenomics	NA	NA	NA	NA	NA	E098-DNase.macs2.narrowPeak	2.04076736070619e-53	349441
2	1037	roadmap_epigenomics	53.2049864268946	2.1691016470353	1608	550	513	897	897	653	771	2816	2929	roadmap_epigenomics H3K9me1	NA	NA	H3K9me1	NA	NA	E123-H3K9me1.narrowPeak	2.51969824476923e-53	22183
2	332	roadmap_epigenomics	53.1321971842871	2.04467506690881	3126	551	607	623	623	594	2001	1298	1699	roadmap_epigenomics H3K4me3	NA	NA	H3K4me3	NA	NA	E029-H3K4me3.narrowPeak	2.9741123641781e-53	29579
2	919	roadmap_epigenomics	53.0800032497976	2.61418884689217	3984	552	207	34	552	264	2871	440	829	roadmap_epigenomics	NA	NA	NA	NA	NA	E114-DNase.macs2.narrowPeak	3.34789865728895e-53	371330
2	722	roadmap_epigenomics	52.9258862886225	2.0793655453792	3287	553	574	530	574	552	2152	1137	1548	roadmap_epigenomics H3K4me3	NA	NA	H3K4me3	NA	NA	E087-H3K4me3.narrowPeak	4.76553491099943e-53	35931
2	262	roadmap_epigenomics	52.9151658642519	2.02888895300895	3052	554	620	661	661	612	1935	1372	1765	roadmap_epigenomics H3K27ac	NA	NA	H3K27ac	NA	NA	E020-H3K27ac.narrowPeak	4.87591201971607e-53	100851
2	83	roadmap_epigenomics	52.9002008429244	2.09829555585486	3351	555	560	475	560	530	2213	1073	1487	roadmap_epigenomics H3K79me2	NA	NA	H3K79me2	NA	NA	E005-H3K79me2.narrowPeak	5.0378594579869e-53	154809
2	403	roadmap_epigenomics	52.854841912115	2.071042461374	3260	556	585	552	585	564	2127	1164	1573	roadmap_epigenomics H3K4me3	NA	NA	H3K4me3	NA	NA	E040-H3K4me3.narrowPeak	5.58253589538976e-53	63472
2	655	roadmap_epigenomics	52.8433791508383	2.17506519808678	3542	557	507	331	557	465	2400	882	1300	roadmap_epigenomics H3K4me3	NA	NA	H3K4me3	NA	NA	E079-H3K4me3.narrowPeak	5.72166209762601e-53	56303
2	257	roadmap_epigenomics	52.5825754071635	1.99130611797104	2616	558	647	786	786	664	1557	1808	2143	roadmap_epigenomics H3K36me3	NA	NA	H3K36me3	NA	NA	E019-H3K36me3.narrowPeak	1.04125054272223e-52	162030
2	69	roadmap_epigenomics	52.4599169893344	2.13563472375	3469	559	534	387	559	493	2330	955	1370	roadmap_epigenomics H2BK120ac	NA	NA	H2BK120ac	NA	NA	E005-H2BK120ac.narrowPeak	1.3786191751173e-52	261051
2	772	roadmap_epigenomics	52.4317185841564	2.60807029486054	3988	560	210	31	560	267	2879	436	821	roadmap_epigenomics	NA	NA	NA	NA	NA	E093-DNase.macs2.narrowPeak	1.46850265680039e-52	407437
2	891	roadmap_epigenomics	52.3581044997146	2.15458609527186	3515	561	522	347	561	477	2376	909	1324	roadmap_epigenomics H3K4me1	NA	NA	H3K4me1	NA	NA	E109-H3K4me1.narrowPeak	1.73668955903042e-52	214385
2	75	roadmap_epigenomics	52.3230667991658	2.02194242206293	3059	562	624	657	657	614	1945	1365	1755	roadmap_epigenomics H3K27ac	NA	NA	H3K27ac	NA	NA	E005-H3K27ac.narrowPeak	1.8792935233725e-52	123614
2	792	roadmap_epigenomics	52.3166076792897	2.09418644848587	3364	563	564	464	564	530	2229	1060	1471	roadmap_epigenomics H3K4me3	NA	NA	H3K4me3	NA	NA	E095-H3K4me3.narrowPeak	1.90410023327861e-52	41750
2	734	roadmap_epigenomics	52.1913734478755	2.07153300212742	3296	564	584	521	584	556	2165	1128	1535	roadmap_epigenomics	NA	NA	NA	NA	NA	E089-DNase.hotspot.all.peaks.bed	2.53607123628145e-52	103433
2	159	roadmap_epigenomics	52.1814431730015	2.24338255466301	3675	565	460	216	565	414	2539	749	1161	roadmap_epigenomics H3K9ac	NA	NA	H3K9ac	NA	NA	E008-H3K9ac.narrowPeak	2.59018313126389e-52	146401
2	842	roadmap_epigenomics	51.9983949299806	2.00102045419423	2935	566	642	708	708	639	1836	1489	1864	roadmap_epigenomics H3K36me3	NA	NA	H3K36me3	NA	NA	E102-H3K36me3.narrowPeak	3.94111214671365e-52	305308
2	41	roadmap_epigenomics	51.9000704896534	2.80715852390689	4079	567	138	10	567	238	2990	345	710	roadmap_epigenomics H4K8ac	NA	NA	H4K8ac	NA	NA	E003-H4K8ac.narrowPeak	4.93383521381693e-52	371476
2	130	roadmap_epigenomics	51.701575922421	2.14097288659564	3507	568	530	358	568	485	2372	917	1328	roadmap_epigenomics H3K79me1	NA	NA	H3K79me1	NA	NA	E007-H3K79me1.narrowPeak	7.77896714295944e-52	189229
2	1040	roadmap_epigenomics	51.6353295260865	2.41450096789028	3871	569	330	82	569	327	2751	553	949	roadmap_epigenomics	NA	NA	NA	NA	NA	E124-DNase.macs2.narrowPeak	9.04507934979999e-52	295595
2	1044	roadmap_epigenomics	51.5364446118657	1.98009019897207	2739	570	649	759	759	659	1668	1685	2032	roadmap_epigenomics H3K36me3	NA	NA	H3K36me3	NA	NA	E124-H3K36me3.narrowPeak	1.13381619667032e-51	195147
2	858	roadmap_epigenomics	51.4836061639066	2.11863328323847	3463	571	541	394	571	502	2330	961	1370	roadmap_epigenomics H3K4me3	NA	NA	H3K4me3	NA	NA	E104-H3K4me3.narrowPeak	1.2782852417374e-51	42254
2	682	roadmap_epigenomics	51.4341581972694	2.04239808564806	3225	572	609	579	609	587	2103	1199	1597	roadmap_epigenomics	NA	NA	NA	NA	NA	E083-DNase.hotspot.all.peaks.bed	1.42995943050366e-51	98445
2	1075	roadmap_epigenomics	51.3647802143081	1.9764330434458	2487	573	651	807	807	677	1457	1937	2243	roadmap_epigenomics H4K20me1	NA	NA	H4K20me1	NA	NA	E126-H4K20me1.narrowPeak	1.67475380777296e-51	91092
2	1010	roadmap_epigenomics	51.1792850863026	1.97279690088614	2659	574	653	773	773	667	1602	1765	2098	roadmap_epigenomics H3K79me2	NA	NA	H3K79me2	NA	NA	E121-H3K79me2.narrowPeak	2.56269352776053e-51	258600
2	1084	roadmap_epigenomics	50.9462849073506	1.96969590140761	2662	575	655	772	772	667	1606	1762	2094	roadmap_epigenomics H3K79me2	NA	NA	H3K79me2	NA	NA	E127-H3K79me2.narrowPeak	4.3747043922877e-51	203560
2	373	roadmap_epigenomics	50.8187731186901	2.09389375044295	3425	576	565	425	576	522	2297	999	1403	roadmap_epigenomics H3K4me3	NA	NA	H3K4me3	NA	NA	E035-H3K4me3.narrowPeak	5.85751822576391e-51	47602
2	97	roadmap_epigenomics	50.8148782310543	2.04952811279207	3287	577	603	530	603	570	2165	1137	1535	roadmap_epigenomics H3K14ac	NA	NA	H3K14ac	NA	NA	E006-H3K14ac.narrowPeak	5.90014882111326e-51	124581
2	239	roadmap_epigenomics	50.8009363632518	1.99069751171059	2985	578	648	692	692	639	1888	1439	1812	roadmap_epigenomics H3K56ac	NA	NA	H3K56ac	NA	NA	E017-H3K56ac.narrowPeak	6.08219782482048e-51	109751
2	67	roadmap_epigenomics	50.7385488470125	2.29618129488389	3773	579	415	138	579	377	2650	651	1050	roadmap_epigenomics H2A.Z	NA	NA	H2A.Z	NA	NA	E005-H2A.Z.narrowPeak	7.00979050532065e-51	202104
2	715	roadmap_epigenomics	50.6912259769991	2.04217665688457	3266	580	610	548	610	579	2146	1158	1554	roadmap_epigenomics H3K4me3	NA	NA	H3K4me3	NA	NA	E086-H3K4me3.narrowPeak	7.80344113987651e-51	45257
2	294	roadmap_epigenomics	50.5087052367458	2.00936906853217	3130	581	639	621	639	614	2021	1294	1679	roadmap_epigenomics H3K36me3	NA	NA	H3K36me3	NA	NA	E024-H3K36me3.narrowPeak	1.18595009421246e-50	291581
2	330	roadmap_epigenomics	50.41089595746	1.96262528017699	2671	582	657	769	769	669	1617	1753	2083	roadmap_epigenomics H3K36me3	NA	NA	H3K36me3	NA	NA	E029-H3K36me3.narrowPeak	1.48298401012072e-50	235858
2	693	roadmap_epigenomics	50.2572228523842	2.29135598416813	3777	583	419	135	583	379	2657	647	1043	roadmap_epigenomics	NA	NA	NA	NA	NA	E084-DNase.macs2.narrowPeak	2.10897584085375e-50	291379
2	106	roadmap_epigenomics	50.239992358495	2.22555216496888	3695	584	474	191	584	416	2571	729	1129	roadmap_epigenomics H3K4me3	NA	NA	H3K4me3	NA	NA	E006-H3K4me3.narrowPeak	2.19061159353576e-50	112009
2	342	roadmap_epigenomics	50.156222216036	1.99874492516228	3098	585	643	636	643	621	1994	1326	1706	roadmap_epigenomics H3K4me3	NA	NA	H3K4me3	NA	NA	E031-H3K4me3.narrowPeak	2.6521620414335e-50	39890
2	549	roadmap_epigenomics	49.6882947067816	2.04422291575837	3325	586	608	496	608	563	2208	1099	1492	roadmap_epigenomics H3K4me3	NA	NA	H3K4me3	NA	NA	E062-H3K4me3.narrowPeak	7.77666405853788e-50	34361
2	225	roadmap_epigenomics	49.5826229950155	1.95494215941743	2409	587	661	819	819	689	1404	2015	2296	roadmap_epigenomics H2BK12ac	NA	NA	H2BK12ac	NA	NA	E017-H2BK12ac.narrowPeak	9.90220843134366e-50	250249
2	1064	roadmap_epigenomics	49.3272690058518	2.39798388800175	3893	588	339	68	588	332	2788	531	912	roadmap_epigenomics	NA	NA	NA	NA	NA	E126-DNase.macs2.narrowPeak	1.77973073726596e-49	406203
2	218	roadmap_epigenomics	49.2381988076935	2.01807029655265	3252	589	629	556	629	591	2142	1172	1558	roadmap_epigenomics	NA	NA	NA	NA	NA	E017-DNase.hotspot.all.peaks.bed	2.18119241362269e-49	116011
2	885	roadmap_epigenomics	49.2109680359071	2.05056143521916	3368	590	601	460	601	550	2252	1056	1448	roadmap_epigenomics	NA	NA	NA	NA	NA	E109-DNase.hotspot.all.peaks.bed	2.31843783907946e-49	108993
2	442	roadmap_epigenomics	49.1754143925459	1.99668352167655	3160	591	646	607	646	615	2057	1264	1643	roadmap_epigenomics H3K4me3	NA	NA	H3K4me3	NA	NA	E046-H3K4me3.narrowPeak	2.51200805832559e-49	33250
2	658	roadmap_epigenomics	49.1553914882528	2.25244279969918	3754	592	451	152	592	398	2639	670	1061	roadmap_epigenomics	NA	NA	NA	NA	NA	E080-DNase.hotspot.fdr0.01.peaks.bed	2.62175099370002e-49	215699
2	440	roadmap_epigenomics	49.0392056741704	1.9439261397442	2669	593	668	770	770	677	1624	1755	2076	roadmap_epigenomics H3K36me3	NA	NA	H3K36me3	NA	NA	E046-H3K36me3.narrowPeak	3.42021043258325e-49	269244
2	892	roadmap_epigenomics	49.0339094313124	2.05727495139106	3396	594	595	442	595	544	2280	1028	1420	roadmap_epigenomics H3K4me3	NA	NA	H3K4me3	NA	NA	E109-H3K4me3.narrowPeak	3.45641474063157e-49	65084
2	477	roadmap_epigenomics	49.0293955670132	1.9635397059687	2960	595	656	700	700	650	1877	1464	1823	roadmap_epigenomics H3K36me3	NA	NA	H3K36me3	NA	NA	E051-H3K36me3.narrowPeak	3.48672498380286e-49	355912
2	431	roadmap_epigenomics	48.9117034828857	1.94175987758016	2648	596	669	777	777	681	1607	1776	2093	roadmap_epigenomics H3K36me3	NA	NA	H3K36me3	NA	NA	E045-H3K36me3.narrowPeak	4.5644552846378e-49	196705
2	870	roadmap_epigenomics	48.7812219673056	2.04985321631273	3385	597	602	449	602	549	2271	1039	1429	roadmap_epigenomics H3K4me3	NA	NA	H3K4me3	NA	NA	E106-H3K4me3.narrowPeak	6.15390582741461e-49	68861
2	72	roadmap_epigenomics	48.725615964622	2.07584326879521	3459	598	575	398	598	524	2343	965	1357	roadmap_epigenomics H3K14ac	NA	NA	H3K14ac	NA	NA	E005-H3K14ac.narrowPeak	6.98294164345729e-49	204548
2	323	roadmap_epigenomics	48.6865157634987	2.03155377329161	3331	599	617	494	617	570	2220	1093	1480	roadmap_epigenomics H3K4me3	NA	NA	H3K4me3	NA	NA	E028-H3K4me3.narrowPeak	7.62818758510398e-49	54966
2	419	roadmap_epigenomics	48.5631219002399	1.9386468363087	2710	600	673	764	764	679	1662	1714	2038	roadmap_epigenomics H3K36me3	NA	NA	H3K36me3	NA	NA	E043-H3K36me3.narrowPeak	1.0118104502606e-48	194645
2	657	roadmap_epigenomics	48.5420249444866	2.07545982039774	3465	601	576	393	601	523	2350	959	1350	roadmap_epigenomics	NA	NA	NA	NA	NA	E080-DNase.hotspot.all.peaks.bed	1.06042810170806e-48	118437
2	1002	roadmap_epigenomics	48.5320785490522	2.55456418075011	4004	602	234	25	602	287	2918	420	782	roadmap_epigenomics	NA	NA	NA	NA	NA	E121-DNase.macs2.narrowPeak	1.08321311661665e-48	476154
2	886	roadmap_epigenomics	48.361698565866	2.16978409649955	3658	603	510	238	603	450	2544	766	1156	roadmap_epigenomics	NA	NA	NA	NA	NA	E109-DNase.hotspot.fdr0.01.peaks.bed	1.59834297217399e-48	173129
2	219	roadmap_epigenomics	48.3504289773495	2.11775475909427	3566	604	543	314	604	487	2451	858	1249	roadmap_epigenomics	NA	NA	NA	NA	NA	E017-DNase.hotspot.fdr0.01.peaks.bed	1.63768115822942e-48	185164
2	1001	roadmap_epigenomics	48.2545699578252	2.03339973078762	1758	605	615	882	882	701	906	2666	2794	roadmap_epigenomics H4K20me1	NA	NA	H4K20me1	NA	NA	E120-H4K20me1.narrowPeak	2.03882203927392e-48	47891
2	812	roadmap_epigenomics	48.2419514451203	1.99798676175298	3227	606	644	575	644	608	2125	1197	1575	roadmap_epigenomics H3K27ac	NA	NA	H3K27ac	NA	NA	E098-H3K27ac.narrowPeak	2.09551095531508e-48	102275
2	201	roadmap_epigenomics	48.2322595465908	2.14144105614734	3614	607	528	277	607	471	2500	810	1200	roadmap_epigenomics H3K4me3	NA	NA	H3K4me3	NA	NA	E014-H3K4me3.narrowPeak	2.13931674027202e-48	79278
2	125	roadmap_epigenomics	48.1976573076755	1.95974756543841	3020	608	660	681	681	650	1936	1404	1764	roadmap_epigenomics H3K36me3	NA	NA	H3K36me3	NA	NA	E007-H3K36me3.narrowPeak	2.31297922551516e-48	177693
2	224	roadmap_epigenomics	48.0839311783231	1.93027054921311	2637	609	675	782	782	689	1603	1787	2097	roadmap_epigenomics H2BK120ac	NA	NA	H2BK120ac	NA	NA	E017-H2BK120ac.narrowPeak	3.00049846944919e-48	223563
2	335	roadmap_epigenomics	48.0246793143541	1.9296061723177	2646	610	676	780	780	689	1611	1778	2089	roadmap_epigenomics H3K36me3	NA	NA	H3K36me3	NA	NA	E030-H3K36me3.narrowPeak	3.43353882426355e-48	180397
2	702	roadmap_epigenomics	47.5839247196005	2.16527781695478	3671	612	517	220	612	450	2562	753	1138	roadmap_epigenomics	NA	NA	NA	NA	NA	E085-DNase.macs2.narrowPeak	9.44263804909411e-48	231841
2	58	roadmap_epigenomics	47.5452736967309	1.97508357685719	3166	613	652	606	652	624	2073	1258	1627	roadmap_epigenomics H3K4me3	NA	NA	H3K4me3	NA	NA	E004-H3K4me3.narrowPeak	1.03049159766918e-47	41020
2	727	roadmap_epigenomics	47.2385472665942	2.46830107409574	3971	614	288	36	614	313	2887	453	813	roadmap_epigenomics	NA	NA	NA	NA	NA	E088-DNase.macs2.narrowPeak	2.08483697454061e-47	530673
2	743	roadmap_epigenomics	47.0331800766548	1.97131679403555	3183	615	654	596	654	622	2092	1241	1608	roadmap_epigenomics	NA	NA	NA	NA	NA	E090-DNase.hotspot.all.peaks.bed	3.33996279137977e-47	99312
2	325	roadmap_epigenomics	47.0318927077749	1.97703087107414	3210	616	650	584	650	617	2117	1214	1583	roadmap_epigenomics	NA	NA	NA	NA	NA	E029-DNase.hotspot.all.peaks.bed	3.34450965844456e-47	102960
2	807	roadmap_epigenomics	47.0223847443591	2.01093789975692	3343	617	637	485	637	580	2242	1081	1458	roadmap_epigenomics H3K4me3	NA	NA	H3K4me3	NA	NA	E097-H3K4me3.narrowPeak	3.41306838684926e-47	41526
2	475	roadmap_epigenomics	46.7710724548252	2.45194604405129	3967	618	298	37	618	318	2885	457	815	roadmap_epigenomics	NA	NA	NA	NA	NA	E051-DNase.macs2.narrowPeak	6.07803174303964e-47	314537
2	563	roadmap_epigenomics	46.7309636384375	1.94788960799255	3077	619	664	646	664	643	1997	1347	1703	roadmap_epigenomics H3K4me3	NA	NA	H3K4me3	NA	NA	E065-H3K4me3.narrowPeak	6.65546758624861e-47	39916
2	709	roadmap_epigenomics	46.5794643491279	2.03639152993431	3440	620	611	417	620	549	2338	984	1362	roadmap_epigenomics	NA	NA	NA	NA	NA	E086-DNase.hotspot.all.peaks.bed	9.41858711550652e-47	106536
2	123	roadmap_epigenomics	46.5494017929846	1.92260329149288	2892	621	678	721	721	673	1833	1532	1867	roadmap_epigenomics H3K27ac	NA	NA	H3K27ac	NA	NA	E007-H3K27ac.narrowPeak	1.0077604574682e-46	78132
2	532	roadmap_epigenomics	46.5160436896359	2.30972738897289	3864	622	403	85	622	370	2772	560	928	roadmap_epigenomics	NA	NA	NA	NA	NA	E059-DNase.macs2.narrowPeak	1.08648944808181e-46	281326
2	982	roadmap_epigenomics	46.3754191656979	1.90634392166018	2568	623	688	794	794	702	1556	1856	2144	roadmap_epigenomics H3K36me3	NA	NA	H3K36me3	NA	NA	E119-H3K36me3.narrowPeak	1.49955095236098e-46	199445
2	187	roadmap_epigenomics	46.356209421122	1.91941333303427	2886	624	680	724	724	676	1829	1538	1871	roadmap_epigenomics H3K36me3	NA	NA	H3K36me3	NA	NA	E012-H3K36me3.narrowPeak	1.56488797207627e-46	226301
2	1052	roadmap_epigenomics	46.3553450146985	2.28219972507756	3841	625	429	99	625	384	2748	583	952	roadmap_epigenomics	NA	NA	NA	NA	NA	E125-DNase.macs2.narrowPeak	1.5655286765521e-46	363159
2	761	roadmap_epigenomics	46.3198307750812	2.01072757445337	3376	626	638	455	638	573	2278	1048	1422	roadmap_epigenomics	NA	NA	NA	NA	NA	E092-DNase.hotspot.all.peaks.bed	1.69624944653339e-46	92888
2	895	roadmap_epigenomics	46.1241076365975	1.90292624072397	2597	627	689	789	789	702	1582	1827	2118	roadmap_epigenomics H3K36me3	NA	NA	H3K36me3	NA	NA	E110-H3K36me3.narrowPeak	2.65783728795777e-46	86270
2	545	roadmap_epigenomics	46.0800145792283	1.90901350386984	2798	628	686	740	740	685	1754	1626	1946	roadmap_epigenomics H3K27ac	NA	NA	H3K27ac	NA	NA	E062-H3K27ac.narrowPeak	2.93723068805424e-46	51862
2	716	roadmap_epigenomics	46.0360585426616	1.94674897410946	3128	629	665	622	665	639	2048	1296	1652	roadmap_epigenomics H3K9ac	NA	NA	H3K9ac	NA	NA	E086-H3K9ac.narrowPeak	3.24497815071749e-46	45031
2	326	roadmap_epigenomics	45.8410747781341	2.00428000806356	3378	630	641	453	641	575	2283	1046	1417	roadmap_epigenomics	NA	NA	NA	NA	NA	E029-DNase.hotspot.fdr0.01.peaks.bed	5.07591446438818e-46	127216
2	99	roadmap_epigenomics	45.6783821968117	2.18338925197369	3743	631	502	162	631	432	2648	681	1052	roadmap_epigenomics H3K23ac	NA	NA	H3K23ac	NA	NA	E006-H3K23ac.narrowPeak	7.37100484994735e-46	220387
2	943	roadmap_epigenomics	45.3946336279598	1.96251814640434	3249	632	658	558	658	616	2164	1175	1536	roadmap_epigenomics H2A.Z	NA	NA	H2A.Z	NA	NA	E116-H2A.Z.narrowPeak	1.41447784662935e-45	84270
2	762	roadmap_epigenomics	45.2629869076299	2.1672198970044	3731	633	515	169	633	439	2638	693	1062	roadmap_epigenomics	NA	NA	NA	NA	NA	E092-DNase.hotspot.fdr0.01.peaks.bed	1.91233870367924e-45	194389
2	816	roadmap_epigenomics	45.1795233508367	2.05072216445938	3529	634	600	340	634	525	2434	895	1266	roadmap_epigenomics H3K4me3	NA	NA	H3K4me3	NA	NA	E098-H3K4me3.narrowPeak	2.3139361607587e-45	57291
2	731	roadmap_epigenomics	45.1728967862419	2.00508040413896	3411	635	640	435	640	570	2319	1013	1381	roadmap_epigenomics H3K4me3	NA	NA	H3K4me3	NA	NA	E088-H3K4me3.narrowPeak	2.3458594745914e-45	96360
2	771	roadmap_epigenomics	45.157023294604	2.05618394602776	3542	636	596	331	636	521	2447	882	1253	roadmap_epigenomics	NA	NA	NA	NA	NA	E093-DNase.hotspot.fdr0.01.peaks.bed	2.42940874221652e-45	133624
2	744	roadmap_epigenomics	45.0715582396145	2.11432171664576	3656	637	547	239	637	474	2562	768	1138	roadmap_epigenomics	NA	NA	NA	NA	NA	E090-DNase.hotspot.fdr0.01.peaks.bed	2.95319277790655e-45	219306
2	1089	roadmap_epigenomics	44.9928217773059	2.20161494997438	3781	638	491	130	638	420	2692	643	1008	roadmap_epigenomics	NA	NA	NA	NA	NA	E128-DNase.macs2.narrowPeak	3.53472357641279e-45	363287
2	39	roadmap_epigenomics	44.9022420558631	2.02065409590711	3466	639	626	390	639	552	2374	958	1326	roadmap_epigenomics H4K20me1	NA	NA	H4K20me1	NA	NA	E003-H4K20me1.narrowPeak	4.34773850362129e-45	266490
2	998	roadmap_epigenomics	44.8633839347956	1.8916012436028	2350	640	693	830	830	721	1386	2074	2314	roadmap_epigenomics H3K79me2	NA	NA	H3K79me2	NA	NA	E120-H3K79me2.narrowPeak	4.74734518866188e-45	153900
2	781	roadmap_epigenomics	44.8227681537694	2.0853425119184	3612	641	570	281	641	497	2519	812	1181	roadmap_epigenomics	NA	NA	NA	NA	NA	E094-DNase.macs2.narrowPeak	5.20471437649611e-45	205035
2	569	roadmap_epigenomics	44.7558188144183	2.03553192678241	3509	642	614	354	642	537	2417	915	1283	roadmap_epigenomics H3K4me3	NA	NA	H3K4me3	NA	NA	E066-H3K4me3.narrowPeak	6.06286057218142e-45	92061
2	137	roadmap_epigenomics	44.0165368764572	2.21541068160942	3817	643	481	106	643	410	2736	607	964	roadmap_epigenomics	NA	NA	NA	NA	NA	E008-DNase.macs2.narrowPeak	3.3211759694419e-44	244359
2	953	roadmap_epigenomics	43.9594629580712	2.37462394804167	991	644	359	1016	1016	673	401	3433	3299	roadmap_epigenomics H4K20me1	NA	NA	H4K20me1	NA	NA	E116-H4K20me1.narrowPeak	3.78180557840869e-44	13628
2	917	roadmap_epigenomics	43.9308079017287	2.27324266268566	3876	645	438	78	645	387	2800	548	900	roadmap_epigenomics H3K4me3	NA	NA	H3K4me3	NA	NA	E113-H3K4me3.narrowPeak	4.0335613687965e-44	195000
2	809	roadmap_epigenomics	43.8726073160431	1.9524932570792	3298	646	663	520	663	610	2220	1126	1480	roadmap_epigenomics	NA	NA	NA	NA	NA	E098-DNase.hotspot.all.peaks.bed	4.59791709125714e-44	99617
2	790	roadmap_epigenomics	43.8716228007298	1.88421204259911	2875	647	695	725	725	689	1836	1549	1864	roadmap_epigenomics H3K36me3	NA	NA	H3K36me3	NA	NA	E095-H3K36me3.narrowPeak	4.60132714503448e-44	283237
2	735	roadmap_epigenomics	43.6946571096276	2.10465747385802	3678	648	552	212	648	471	2593	746	1107	roadmap_epigenomics	NA	NA	NA	NA	NA	E089-DNase.hotspot.fdr0.01.peaks.bed	6.90537507304701e-44	210689
2	1039	roadmap_epigenomics	43.5770503611762	1.93902348416094	1830	649	672	877	877	733	987	2594	2713	roadmap_epigenomics H4K20me1	NA	NA	H4K20me1	NA	NA	E123-H4K20me1.narrowPeak	9.03927287887121e-44	56074
2	29	roadmap_epigenomics	43.4228240600193	1.89717429667402	3047	650	690	666	690	669	1992	1377	1708	roadmap_epigenomics H3K36me3	NA	NA	H3K36me3	NA	NA	E003-H3K36me3.narrowPeak	1.28736078974025e-43	323310
2	114	roadmap_epigenomics	43.1499365312105	2.36152674948909	3958	651	368	39	651	353	2895	466	805	roadmap_epigenomics	NA	NA	NA	NA	NA	E007-DNase.macs2.narrowPeak	2.40951306318577e-43	408460
2	11	roadmap_epigenomics	43.0070405003327	1.86299346662211	2395	652	703	824	824	726	1435	2029	2265	roadmap_epigenomics H3K9ac	NA	NA	H3K9ac	NA	NA	E002-H3K9ac.narrowPeak	3.34324183098822e-43	18733
2	683	roadmap_epigenomics	42.9555576234088	2.06880886132318	3638	653	586	256	653	498	2557	786	1143	roadmap_epigenomics	NA	NA	NA	NA	NA	E083-DNase.hotspot.fdr0.01.peaks.bed	3.75832332293882e-43	218413
2	780	roadmap_epigenomics	42.7865619769264	2.02767490542994	3562	654	621	316	654	530	2482	862	1218	roadmap_epigenomics	NA	NA	NA	NA	NA	E094-DNase.hotspot.fdr0.01.peaks.bed	5.53776148663969e-43	165153
2	974	roadmap_epigenomics	42.5520673765592	1.86640714913036	2232	655	700	846	846	734	1306	2192	2394	roadmap_epigenomics H3K79me2	NA	NA	H3K79me2	NA	NA	E118-H3K79me2.narrowPeak	9.48799169769126e-43	97080
2	296	roadmap_epigenomics	42.4777821245108	2.02271646912214	3562	656	623	316	656	532	2484	862	1216	roadmap_epigenomics H3K4me3	NA	NA	H3K4me3	NA	NA	E024-H3K4me3.narrowPeak	1.12410267711406e-42	73602
2	202	roadmap_epigenomics	42.3588691525818	1.91634284777122	3239	657	681	568	681	635	2175	1185	1525	roadmap_epigenomics H3K9ac	NA	NA	H3K9ac	NA	NA	E014-H3K9ac.narrowPeak	1.47593207236709e-42	74747
2	255	roadmap_epigenomics	42.1741334281818	1.84796250879865	2532	658	707	800	800	722	1554	1892	2146	roadmap_epigenomics H3K27ac	NA	NA	H3K27ac	NA	NA	E019-H3K27ac.narrowPeak	2.25502047663108e-42	53191
2	466	roadmap_epigenomics	41.9904953469603	2.31729178152716	3944	659	400	48	659	369	2886	480	814	roadmap_epigenomics	NA	NA	NA	NA	NA	E050-DNase.macs2.narrowPeak	3.43667087591306e-42	329554
2	700	roadmap_epigenomics	41.7315277356561	1.92275872260356	3305	660	677	512	677	616	2241	1119	1459	roadmap_epigenomics	NA	NA	NA	NA	NA	E085-DNase.hotspot.all.peaks.bed	6.22953884836731e-42	101917
2	786	roadmap_epigenomics	41.5314759057545	2.03603144589994	3621	661	613	270	661	515	2549	803	1151	roadmap_epigenomics H3K4me3	NA	NA	H3K4me3	NA	NA	E094-H3K4me3.narrowPeak	9.85959426360017e-42	87979
2	692	roadmap_epigenomics	41.3768243121386	2.01750874640896	3589	662	631	297	662	530	2518	835	1182	roadmap_epigenomics	NA	NA	NA	NA	NA	E084-DNase.hotspot.fdr0.01.peaks.bed	1.40560379038516e-41	168261
2	131	roadmap_epigenomics	41.3538914229013	2.41737663128058	4017	663	327	21	663	337	2972	407	728	roadmap_epigenomics H3K9ac	NA	NA	H3K9ac	NA	NA	E007-H3K9ac.narrowPeak	1.47741758800531e-41	313345
2	701	roadmap_epigenomics	41.0676666617398	2.01532884337934	3595	664	633	293	664	530	2526	829	1174	roadmap_epigenomics	NA	NA	NA	NA	NA	E085-DNase.hotspot.fdr0.01.peaks.bed	2.84733992224133e-41	161983
2	1076	roadmap_epigenomics	41.0116894418586	2.30066595482806	3947	665	409	46	665	373	2895	477	805	roadmap_epigenomics	NA	NA	NA	NA	NA	E127-DNase.macs2.narrowPeak	3.23425020333913e-41	449247
2	182	roadmap_epigenomics	40.9164045426751	2.01139764593956	3592	666	636	295	666	532	2524	832	1176	roadmap_epigenomics H3K4me3	NA	NA	H3K4me3	NA	NA	E011-H3K4me3.narrowPeak	4.02176361355073e-41	131844
2	207	roadmap_epigenomics	40.9119512802544	2.01815096487087	3606	667	628	285	667	527	2538	818	1162	roadmap_epigenomics H3K4me1	NA	NA	H3K4me1	NA	NA	E015-H3K4me1.narrowPeak	4.05722205654811e-41	327376
2	112	roadmap_epigenomics	40.8887744303836	1.91354850170251	3318	668	684	500	684	617	2259	1106	1441	roadmap_epigenomics	NA	NA	NA	NA	NA	E007-DNase.hotspot.all.peaks.bed	4.27332129739493e-41	89801
2	220	roadmap_epigenomics	40.6815539305903	2.24481427777065	3908	669	457	61	669	396	2854	516	846	roadmap_epigenomics	NA	NA	NA	NA	NA	E017-DNase.macs2.narrowPeak	6.87617480357115e-41	398131
2	122	roadmap_epigenomics	40.0555025652868	2.16925449607391	3848	670	512	91	670	424	2793	576	907	roadmap_epigenomics H3K23ac	NA	NA	H3K23ac	NA	NA	E007-H3K23ac.narrowPeak	2.90241877498355e-40	240360
2	40	roadmap_epigenomics	39.9999428942081	1.85424587867649	3086	671	705	642	705	673	2051	1338	1649	roadmap_epigenomics H4K5ac	NA	NA	H4K5ac	NA	NA	E003-H4K5ac.narrowPeak	3.29368819366599e-40	130639
2	15	roadmap_epigenomics	39.9920684053275	2.25460301531408	3928	672	449	56	672	392	2880	496	820	roadmap_epigenomics	NA	NA	NA	NA	NA	E003-DNase.macs2.narrowPeak	3.3441461162961e-40	339188
2	779	roadmap_epigenomics	39.9769934154473	1.89299877323597	3290	673	692	527	692	631	2239	1134	1461	roadmap_epigenomics	NA	NA	NA	NA	NA	E094-DNase.hotspot.all.peaks.bed	3.45721003547644e-40	111695
2	105	roadmap_epigenomics	39.9393886860992	2.07169314985668	3728	674	583	172	674	476	2668	696	1032	roadmap_epigenomics H3K4me2	NA	NA	H3K4me2	NA	NA	E006-H3K4me2.narrowPeak	3.76441027466079e-40	170555
2	128	roadmap_epigenomics	39.8208825826283	2.07496358704054	3736	675	577	164	675	472	2677	688	1023	roadmap_epigenomics H3K4me2	NA	NA	H3K4me2	NA	NA	E007-H3K4me2.narrowPeak	4.93821997941103e-40	143005
2	890	roadmap_epigenomics	39.5634824942646	1.81843973880419	2797	676	721	741	741	713	1798	1627	1902	roadmap_epigenomics H3K36me3	NA	NA	H3K36me3	NA	NA	E109-H3K36me3.narrowPeak	8.91946528263721e-40	171676
2	226	roadmap_epigenomics	39.3959718837232	1.81713157539256	2275	677	723	842	842	747	1362	2149	2338	roadmap_epigenomics H2BK15ac	NA	NA	H2BK15ac	NA	NA	E017-H2BK15ac.narrowPeak	1.30794287822705e-39	218402
2	50	roadmap_epigenomics	39.3837230063127	1.8636573182243	3194	678	702	589	702	656	2154	1230	1546	roadmap_epigenomics H3K18ac	NA	NA	H3K18ac	NA	NA	E004-H3K18ac.narrowPeak	1.34341037579735e-39	141200
2	931	roadmap_epigenomics	39.2240243241296	1.82966206073617	2983	679	714	693	714	695	1964	1441	1736	roadmap_epigenomics H2A.Z	NA	NA	H2A.Z	NA	NA	E115-H2A.Z.narrowPeak	1.93766784945879e-39	84931
2	810	roadmap_epigenomics	39.2001055003054	1.95983820294359	3539	680	659	335	680	558	2483	885	1217	roadmap_epigenomics	NA	NA	NA	NA	NA	E098-DNase.hotspot.fdr0.01.peaks.bed	2.04442421844773e-39	150516
2	710	roadmap_epigenomics	39.110031145233	2.01217606053289	3653	681	634	244	681	520	2597	771	1103	roadmap_epigenomics	NA	NA	NA	NA	NA	E086-DNase.hotspot.fdr0.01.peaks.bed	2.511997114736e-39	178680
2	243	roadmap_epigenomics	38.8576797678148	1.81160412849127	2844	682	726	733	733	714	1844	1580	1856	roadmap_epigenomics H3K9me1	NA	NA	H3K9me1	NA	NA	E017-H3K9me1.narrowPeak	4.48482167673383e-39	209146
2	152	roadmap_epigenomics	38.3946048463527	1.8000191448923	2763	683	733	750	750	722	1777	1661	1923	roadmap_epigenomics H3K4ac	NA	NA	H3K4ac	NA	NA	E008-H3K4ac.narrowPeak	1.29888926498896e-38	70510
2	805	roadmap_epigenomics	38.3027624961908	1.81235573075571	2944	684	725	705	725	705	1936	1480	1764	roadmap_epigenomics H3K36me3	NA	NA	H3K36me3	NA	NA	E097-H3K36me3.narrowPeak	1.60247710408704e-38	343116
2	977	roadmap_epigenomics	38.1381919915811	2.06232662579197	1197	685	590	958	958	744	564	3227	3136	roadmap_epigenomics H4K20me1	NA	NA	H4K20me1	NA	NA	E118-H4K20me1.narrowPeak	2.33744060744619e-38	34450
2	127	roadmap_epigenomics	38.0905866768269	1.9099160747241	3452	686	685	403	686	591	2406	972	1294	roadmap_epigenomics H3K4me1	NA	NA	H3K4me1	NA	NA	E007-H3K4me1.narrowPeak	2.60450403793259e-38	262404
2	1013	roadmap_epigenomics	38.0656644695921	1.80727026391963	2145	687	727	852	852	755	1267	2279	2433	roadmap_epigenomics H4K20me1	NA	NA	H4K20me1	NA	NA	E121-H4K20me1.narrowPeak	2.75440161517941e-38	116908
2	181	roadmap_epigenomics	37.776369361747	1.89111891012815	3408	688	694	438	694	607	2366	1016	1334	roadmap_epigenomics H3K4me1	NA	NA	H3K4me1	NA	NA	E011-H3K4me1.narrowPeak	5.35430711506483e-38	274844
2	946	roadmap_epigenomics	37.5926988995038	1.78716787523144	2343	689	737	832	832	753	1430	2081	2270	roadmap_epigenomics H3K36me3	NA	NA	H3K36me3	NA	NA	E116-H3K36me3.narrowPeak	8.16122831013239e-38	165402
2	129	roadmap_epigenomics	37.4063959445338	1.93586644954048	3552	690	674	323	690	562	2508	872	1192	roadmap_epigenomics H3K4me3	NA	NA	H3K4me3	NA	NA	E007-H3K4me3.narrowPeak	1.25152966529913e-37	87807
2	530	roadmap_epigenomics	37.2873986810727	1.82075148642265	3124	691	719	625	719	678	2105	1300	1595	roadmap_epigenomics	NA	NA	NA	NA	NA	E059-DNase.hotspot.all.peaks.bed	1.64369772425227e-37	97681
2	113	roadmap_epigenomics	37.2595555964614	1.91627210308504	3508	692	682	356	692	577	2466	916	1234	roadmap_epigenomics	NA	NA	NA	NA	NA	E007-DNase.hotspot.fdr0.01.peaks.bed	1.75004596024908e-37	135081
2	955	roadmap_epigenomics	36.8601179351907	1.81835522510431	3148	693	722	613	722	676	2130	1276	1570	roadmap_epigenomics H2A.Z	NA	NA	H2A.Z	NA	NA	E117-H2A.Z.narrowPeak	4.38401875024696e-37	87564
2	752	roadmap_epigenomics	36.7193682276191	1.84444291495919	3292	694	710	525	710	643	2264	1132	1436	roadmap_epigenomics	NA	NA	NA	NA	NA	E091-DNase.hotspot.all.peaks.bed	6.05352397277848e-37	111776
2	1028	roadmap_epigenomics	36.572707985433	1.83907116163247	3278	695	711	540	711	649	2252	1146	1448	roadmap_epigenomics H2A.Z	NA	NA	H2A.Z	NA	NA	E123-H2A.Z.narrowPeak	8.47335752278868e-37	128633
2	221	roadmap_epigenomics	36.3236349286765	1.90890799728021	3529	696	687	340	696	574	2493	895	1207	roadmap_epigenomics H2A.Z	NA	NA	H2A.Z	NA	NA	E017-H2A.Z.narrowPeak	1.5014693614229e-36	121643
2	135	roadmap_epigenomics	36.32061329289	1.85395157534436	3356	697	706	471	706	625	2327	1068	1373	roadmap_epigenomics	NA	NA	NA	NA	NA	E008-DNase.hotspot.all.peaks.bed	1.50982585546725e-36	106443
2	990	roadmap_epigenomics	35.995237662144	2.0494047470644	3799	698	604	115	698	472	2767	625	933	roadmap_epigenomics	NA	NA	NA	NA	NA	E120-DNase.macs2.narrowPeak	3.18927593701679e-36	386665
2	274	roadmap_epigenomics	35.9583643690521	1.7905459257065	3049	699	736	664	736	700	2047	1375	1653	roadmap_epigenomics H3K36me3	NA	NA	H3K36me3	NA	NA	E021-H3K36me3.narrowPeak	3.46701605689053e-36	189937
2	126	roadmap_epigenomics	35.9199269889933	1.7790412576825	2097	700	738	859	859	766	1244	2327	2456	roadmap_epigenomics H3K4ac	NA	NA	H3K4ac	NA	NA	E007-H3K4ac.narrowPeak	3.78254889961974e-36	45590
2	464	roadmap_epigenomics	35.8601167967671	1.86516969866741	3422	701	701	429	701	610	2393	1002	1307	roadmap_epigenomics	NA	NA	NA	NA	NA	E050-DNase.hotspot.all.peaks.bed	4.33497815554017e-36	104134
2	1018	roadmap_epigenomics	35.7554038606502	1.76056961584785	2334	702	743	834	834	760	1436	2090	2264	roadmap_epigenomics H3K36me3	NA	NA	H3K36me3	NA	NA	E122-H3K36me3.narrowPeak	5.50157117139448e-36	156941
2	668	roadmap_epigenomics	35.6466264303904	2.01694767272782	3763	703	632	142	703	492	2732	661	968	roadmap_epigenomics	NA	NA	NA	NA	NA	E081-DNase.macs2.narrowPeak	7.05762985034258e-36	402299
2	725	roadmap_epigenomics	35.6346478772818	1.82436423925665	3276	704	716	541	716	654	2257	1148	1443	roadmap_epigenomics	NA	NA	NA	NA	NA	E088-DNase.hotspot.all.peaks.bed	7.2449098239979e-36	112194
2	22	roadmap_epigenomics	35.6050817595944	1.79339246079068	3107	705	735	632	735	691	2102	1317	1598	roadmap_epigenomics H2BK5ac	NA	NA	H2BK5ac	NA	NA	E003-H2BK5ac.narrowPeak	7.74453765843471e-36	151346
2	81	roadmap_epigenomics	35.5955400201049	1.9208007485476	3588	706	679	298	706	561	2556	836	1144	roadmap_epigenomics H3K4me3	NA	NA	H3K4me3	NA	NA	E005-H3K4me3.narrowPeak	7.9055932748931e-36	88854
2	2	roadmap_epigenomics	35.5869727809169	1.75914824593968	2747	707	744	755	755	735	1784	1677	1916	roadmap_epigenomics H3K36me3	NA	NA	H3K36me3	NA	NA	E001-H3K36me3.narrowPeak	8.05192597258389e-36	187250
2	265	roadmap_epigenomics	35.567764964428	1.87691163117749	3474	708	697	380	708	595	2445	950	1255	roadmap_epigenomics H3K4me1	NA	NA	H3K4me1	NA	NA	E020-H3K4me1.narrowPeak	8.40439566740351e-36	289288
2	473	roadmap_epigenomics	35.5442644094858	1.86937159851615	3452	709	699	403	709	604	2424	972	1276	roadmap_epigenomics	NA	NA	NA	NA	NA	E051-DNase.hotspot.all.peaks.bed	8.85945030154643e-36	105226
2	275	roadmap_epigenomics	34.9213047711933	1.77767107414022	3067	710	739	652	739	700	2071	1357	1629	roadmap_epigenomics H3K4me1	NA	NA	H3K4me1	NA	NA	E021-H3K4me1.narrowPeak	3.70314374056106e-35	187283
2	45	roadmap_epigenomics	34.7374744733486	2.08661457024598	3873	711	569	81	711	454	2853	551	847	roadmap_epigenomics	NA	NA	NA	NA	NA	E004-DNase.macs2.narrowPeak	5.64681941526662e-35	365365
2	726	roadmap_epigenomics	34.2486486074596	1.93933878507241	3676	712	670	215	712	532	2653	748	1047	roadmap_epigenomics	NA	NA	NA	NA	NA	E088-DNase.hotspot.fdr0.01.peaks.bed	1.73555461341008e-34	243016
2	688	roadmap_epigenomics	34.2474861501675	1.80720505104481	3295	713	728	523	728	655	2285	1129	1415	roadmap_epigenomics H3K4me3	NA	NA	H3K4me3	NA	NA	E083-H3K4me3.narrowPeak	1.7378257370562e-34	112073
2	55	roadmap_epigenomics	33.9376530370949	1.80688808265133	3315	714	730	505	730	650	2306	1109	1394	roadmap_epigenomics H3K4ac	NA	NA	H3K4ac	NA	NA	E004-H3K4ac.narrowPeak	3.5419761601366e-34	176127
2	714	roadmap_epigenomics	33.85282960899	1.72923197710195	2585	715	752	791	791	753	1659	1839	2041	roadmap_epigenomics H3K4me1	NA	NA	H3K4me1	NA	NA	E086-H3K4me1.narrowPeak	4.3000763651603e-34	91722
2	474	roadmap_epigenomics	33.4999551337564	1.88086202416048	3578	716	696	302	716	571	2561	846	1139	roadmap_epigenomics	NA	NA	NA	NA	NA	E051-DNase.hotspot.fdr0.01.peaks.bed	9.6642304865754e-34	133410
2	357	roadmap_epigenomics	33.4628948689512	1.7269266244866	2324	717	753	836	836	769	1445	2100	2255	roadmap_epigenomics H3K36me3	NA	NA	H3K36me3	NA	NA	E033-H3K36me3.narrowPeak	1.05108313718227e-33	134198
2	711	roadmap_epigenomics	33.3015229782155	2.29438023437124	4057	718	416	15	718	383	3064	367	636	roadmap_epigenomics	NA	NA	NA	NA	NA	E086-DNase.macs2.narrowPeak	1.51995388542813e-33	654772
2	142	roadmap_epigenomics	33.1951529468281	1.72192280707967	2352	719	754	829	829	767	1470	2072	2230	roadmap_epigenomics H2BK15ac	NA	NA	H2BK15ac	NA	NA	E008-H2BK15ac.narrowPeak	1.93915429599357e-33	52204
2	691	roadmap_epigenomics	33.1645917139317	1.76458423784812	3157	720	741	609	741	690	2166	1267	1534	roadmap_epigenomics	NA	NA	NA	NA	NA	E084-DNase.hotspot.all.peaks.bed	2.07771664140899e-33	97138
2	141	roadmap_epigenomics	33.0665159307691	1.73987038537868	2043	721	748	863	863	777	1222	2381	2478	roadmap_epigenomics H2BK12ac	NA	NA	H2BK12ac	NA	NA	E008-H2BK12ac.narrowPeak	2.60061230537034e-33	46023
2	319	roadmap_epigenomics	32.8871571700315	1.9450208002053	3731	722	667	169	722	519	2718	693	982	roadmap_epigenomics	NA	NA	NA	NA	NA	E028-DNase.macs2.narrowPeak	3.92508148005141e-33	247966
2	531	roadmap_epigenomics	32.7893458574892	1.87147747724097	3585	723	698	300	723	574	2573	839	1127	roadmap_epigenomics	NA	NA	NA	NA	NA	E059-DNase.hotspot.fdr0.01.peaks.bed	4.90332814974271e-33	188414
2	278	roadmap_epigenomics	32.335594482234	1.82909246617649	3490	724	715	368	724	602	2484	934	1216	roadmap_epigenomics	NA	NA	NA	NA	NA	E022-DNase.hotspot.all.peaks.bed	1.39206334151053e-32	119252
2	13	roadmap_epigenomics	32.0789384034006	1.81631589365495	3463	725	724	394	725	614	2460	961	1240	roadmap_epigenomics	NA	NA	NA	NA	NA	E003-DNase.hotspot.all.peaks.bed	2.50362771580762e-32	111055
2	814	roadmap_epigenomics	32.0579544285672	1.76375171713235	3249	726	742	558	742	675	2259	1175	1441	roadmap_epigenomics H3K36me3	NA	NA	H3K36me3	NA	NA	E098-H3K36me3.narrowPeak	2.62405845656826e-32	278364
2	994	roadmap_epigenomics	31.6665565690686	1.69975706034618	2329	727	759	835	835	774	1463	2095	2237	roadmap_epigenomics H3K36me3	NA	NA	H3K36me3	NA	NA	E120-H3K36me3.narrowPeak	6.44485641062507e-32	156848
2	798	roadmap_epigenomics	31.5559247842033	1.82361023610112	3513	728	717	350	728	598	2512	911	1188	roadmap_epigenomics H3K4me3	NA	NA	H3K4me3	NA	NA	E096-H3K4me3.narrowPeak	8.30361351581016e-32	96300
2	453	roadmap_epigenomics	31.3692632214093	1.69387355805346	2376	729	763	826	826	773	1504	2048	2196	roadmap_epigenomics H3K36me3	NA	NA	H3K36me3	NA	NA	E048-H3K36me3.narrowPeak	1.27284401449167e-31	130411
2	672	roadmap_epigenomics	31.1265079602392	1.69400306096299	2746	730	762	756	762	749	1818	1678	1882	roadmap_epigenomics H3K4me3	NA	NA	H3K4me3	NA	NA	E081-H3K4me3.narrowPeak	2.22307871265595e-31	47518
2	269	roadmap_epigenomics	31.0915414084408	1.80323566616149	3474	731	732	380	732	614	2478	950	1222	roadmap_epigenomics	NA	NA	NA	NA	NA	E021-DNase.hotspot.all.peaks.bed	2.40628214193369e-31	111181
2	978	roadmap_epigenomics	30.9631071048316	1.95386620389855	3803	732	662	112	732	502	2805	621	895	roadmap_epigenomics	NA	NA	NA	NA	NA	E119-DNase.macs2.narrowPeak	3.2257703182834e-31	292840
2	674	roadmap_epigenomics	30.6671236540115	1.71953601049576	3110	733	755	630	755	706	2143	1314	1557	roadmap_epigenomics	NA	NA	NA	NA	NA	E082-DNase.hotspot.all.peaks.bed	6.35186766111274e-31	115791
2	753	roadmap_epigenomics	30.6008814505804	1.89354099547503	3716	734	691	176	734	534	2719	708	981	roadmap_epigenomics	NA	NA	NA	NA	NA	E091-DNase.hotspot.fdr0.01.peaks.bed	7.3887901113152e-31	214514
2	251	roadmap_epigenomics	30.5863064705063	1.83696270030636	3595	735	712	293	735	580	2599	829	1101	roadmap_epigenomics H3K4me1	NA	NA	H3K4me1	NA	NA	E018-H3K4me1.narrowPeak	7.63095238108108e-31	334991
2	227	roadmap_epigenomics	30.5273089172488	1.71578345306473	1890	736	756	870	870	787	1121	2534	2579	roadmap_epigenomics H2BK20ac	NA	NA	H2BK20ac	NA	NA	E017-H2BK20ac.narrowPeak	8.7184523747175e-31	200922
2	518	roadmap_epigenomics	30.5006336557434	1.93917122521387	3795	737	671	118	737	509	2800	629	900	roadmap_epigenomics	NA	NA	NA	NA	NA	E057-DNase.macs2.narrowPeak	9.25864274208125e-31	290255
2	1053	roadmap_epigenomics	30.2820659597413	1.75277798311923	3332	738	746	493	746	659	2350	1092	1350	roadmap_epigenomics H2A.Z	NA	NA	H2A.Z	NA	NA	E125-H2A.Z.narrowPeak	1.52949629124358e-30	96604
2	1068	roadmap_epigenomics	30.1696465982309	1.68801850267641	2117	739	766	855	855	787	1303	2307	2397	roadmap_epigenomics H3K36me3	NA	NA	H3K36me3	NA	NA	E126-H3K36me3.narrowPeak	1.97880014567092e-30	102513
2	991	roadmap_epigenomics	30.153112752416	1.74447313791283	3303	740	747	515	747	667	2324	1121	1376	roadmap_epigenomics H2A.Z	NA	NA	H2A.Z	NA	NA	E120-H2A.Z.narrowPeak	2.05291354279585e-30	101641
2	117	roadmap_epigenomics	30.0546599052979	1.6739230042566	2626	741	773	784	784	766	1724	1798	1976	roadmap_epigenomics H2BK12ac	NA	NA	H2BK12ac	NA	NA	E007-H2BK12ac.narrowPeak	2.57192986496422e-30	126786
2	388	roadmap_epigenomics	29.985994075926	1.67200001508407	2429	742	774	817	817	778	1559	1995	2141	roadmap_epigenomics H3K36me3	NA	NA	H3K36me3	NA	NA	E038-H3K36me3.narrowPeak	3.00857815595797e-30	143872
2	465	roadmap_epigenomics	29.9489220585411	1.84482126977745	3641	743	709	252	743	568	2649	783	1051	roadmap_epigenomics	NA	NA	NA	NA	NA	E050-DNase.hotspot.fdr0.01.peaks.bed	3.27243020831964e-30	156377
2	66	roadmap_epigenomics	29.7980051227576	1.84696504464512	3652	744	708	245	744	566	2661	772	1039	roadmap_epigenomics	NA	NA	NA	NA	NA	E005-DNase.macs2.narrowPeak	4.62620778655102e-30	271969
2	1100	roadmap_epigenomics	29.5262452750691	1.80529246337346	1363	745	731	924	924	800	732	3061	2968	roadmap_epigenomics H4K20me1	NA	NA	H4K20me1	NA	NA	E128-H4K20me1.narrowPeak	8.62705912286289e-30	29799
2	622	roadmap_epigenomics	29.4910666675219	1.82182103338918	3606	746	718	285	746	583	2618	818	1082	roadmap_epigenomics H3K4me3	NA	NA	H3K4me3	NA	NA	E074-H3K4me3.narrowPeak	9.3428927429399e-30	90281
2	140	roadmap_epigenomics	29.4723378116582	1.68071941100437	2922	747	767	712	767	742	1985	1502	1715	roadmap_epigenomics H2BK120ac	NA	NA	H2BK120ac	NA	NA	E008-H2BK120ac.narrowPeak	9.74206272464258e-30	97781
2	676	roadmap_epigenomics	29.3559584950727	1.91360248010344	3791	748	683	123	748	518	2804	633	896	roadmap_epigenomics	NA	NA	NA	NA	NA	E082-DNase.macs2.narrowPeak	1.27195474523685e-29	496530
2	119	roadmap_epigenomics	29.302014960941	2.01851523036433	3924	749	627	57	749	478	2943	500	757	roadmap_epigenomics H2BK5ac	NA	NA	H2BK5ac	NA	NA	E007-H2BK5ac.narrowPeak	1.43832600739751e-29	389247
2	108	roadmap_epigenomics	29.2230468540382	1.86112820305091	3704	750	704	187	750	547	2717	720	983	roadmap_epigenomics H3K9ac	NA	NA	H3K9ac	NA	NA	E006-H3K9ac.narrowPeak	1.72293262671286e-29	193085
2	449	roadmap_epigenomics	28.9369606262155	1.75881650898867	3446	751	745	411	751	636	2468	978	1232	roadmap_epigenomics H3K9ac	NA	NA	H3K9ac	NA	NA	E047-H3K9ac.narrowPeak	3.30810639593041e-29	147914
2	989	roadmap_epigenomics	28.715883854978	1.99719129637037	926	752	645	1038	1038	812	433	3498	3267	roadmap_epigenomics H4K20me1	NA	NA	H4K20me1	NA	NA	E119-H4K20me1.narrowPeak	5.48973226782606e-29	17540
2	371	roadmap_epigenomics	28.3614079663451	1.64757527430642	2408	754	784	820	820	786	1555	2016	2145	roadmap_epigenomics H3K36me3	NA	NA	H3K36me3	NA	NA	E035-H3K36me3.narrowPeak	1.23545036514116e-28	184716
2	270	roadmap_epigenomics	28.294685315973	1.83228555426005	3681	755	713	207	755	558	2701	743	999	roadmap_epigenomics	NA	NA	NA	NA	NA	E021-DNase.hotspot.fdr0.01.peaks.bed	1.43698173711501e-28	182710
2	25	roadmap_epigenomics	28.2868805321762	1.73330205619976	1547	756	749	906	906	804	876	2877	2824	roadmap_epigenomics H3K23ac	NA	NA	H3K23ac	NA	NA	E003-H3K23ac.narrowPeak	1.46119681641851e-28	29392
2	666	roadmap_epigenomics	28.2834880063001	1.67589765077542	3056	757	771	659	771	729	2114	1368	1586	roadmap_epigenomics	NA	NA	NA	NA	NA	E081-DNase.hotspot.all.peaks.bed	1.47080337232759e-28	115426
2	43	roadmap_epigenomics	28.2327957060552	1.71203479063887	3296	758	757	521	758	679	2333	1128	1367	roadmap_epigenomics	NA	NA	NA	NA	NA	E004-DNase.hotspot.all.peaks.bed	1.65082477552757e-28	114500
2	165	roadmap_epigenomics	28.1242692621505	1.64363818963218	2555	759	787	796	796	781	1680	1869	2020	roadmap_epigenomics H4K91ac	NA	NA	H4K91ac	NA	NA	E008-H4K91ac.narrowPeak	2.11681141293672e-28	81358
2	3	roadmap_epigenomics	28.0296315943258	1.73058494405813	3396	760	750	442	760	651	2428	1028	1272	roadmap_epigenomics H3K4me1	NA	NA	H3K4me1	NA	NA	E001-H3K4me1.narrowPeak	2.62890726293635e-28	308728
2	64	roadmap_epigenomics	27.942236488658	1.67518149050539	3094	761	772	638	772	724	2151	1330	1549	roadmap_epigenomics	NA	NA	NA	NA	NA	E005-DNase.hotspot.all.peaks.bed	3.21089781013749e-28	102999
2	713	roadmap_epigenomics	27.7151324788783	1.64205131854788	2247	762	788	844	844	798	1428	2177	2272	roadmap_epigenomics H3K36me3	NA	NA	H3K36me3	NA	NA	E086-H3K36me3.narrowPeak	5.40987569253091e-28	98059
2	279	roadmap_epigenomics	27.6346464039518	1.81974876875706	3681	763	720	207	763	563	2706	743	994	roadmap_epigenomics	NA	NA	NA	NA	NA	E022-DNase.hotspot.fdr0.01.peaks.bed	6.50325572428748e-28	191448
2	118	roadmap_epigenomics	27.630642129224	1.63691669494768	2374	764	791	827	827	794	1533	2050	2167	roadmap_epigenomics H2BK15ac	NA	NA	H2BK15ac	NA	NA	E007-H2BK15ac.narrowPeak	6.55531030429747e-28	91360
2	136	roadmap_epigenomics	27.6005754622317	1.79658807351391	3629	765	734	259	765	586	2655	795	1045	roadmap_epigenomics	NA	NA	NA	NA	NA	E008-DNase.hotspot.fdr0.01.peaks.bed	7.0164711593241e-28	189915
2	14	roadmap_epigenomics	27.3988270889566	1.80716488378077	3663	766	729	232	766	576	2690	761	1010	roadmap_epigenomics	NA	NA	NA	NA	NA	E003-DNase.hotspot.fdr0.01.peaks.bed	1.11513286183054e-27	181790
2	317	roadmap_epigenomics	27.3891043350606	1.66865110383843	3111	767	776	629	776	724	2171	1313	1529	roadmap_epigenomics	NA	NA	NA	NA	NA	E028-DNase.hotspot.all.peaks.bed	1.13896279162476e-27	103263
2	1015	roadmap_epigenomics	27.3194574498667	1.69593870791637	3290	768	760	527	768	685	2335	1134	1365	roadmap_epigenomics H2A.Z	NA	NA	H2A.Z	NA	NA	E122-H2A.Z.narrowPeak	1.33376331287304e-27	124665
2	60	roadmap_epigenomics	27.2571045701917	1.6355730979146	2230	769	792	847	847	803	1418	2194	2282	roadmap_epigenomics H3K79me2	NA	NA	H3K79me2	NA	NA	E004-H3K79me2.narrowPeak	1.53777862856889e-27	172076
2	446	roadmap_epigenomics	26.6834300424064	1.62173357201204	2398	770	795	823	823	796	1561	2026	2139	roadmap_epigenomics H3K36me3	NA	NA	H3K36me3	NA	NA	E047-H3K36me3.narrowPeak	5.71946365587922e-27	150951
2	47	roadmap_epigenomics	26.6683799203063	1.63969264633413	2946	771	790	704	790	755	2030	1478	1670	roadmap_epigenomics H2BK120ac	NA	NA	H2BK120ac	NA	NA	E004-H2BK120ac.narrowPeak	5.91387611877269e-27	149531
2	258	roadmap_epigenomics	26.6382240142956	1.69475078101623	3341	772	761	488	772	674	2388	1083	1312	roadmap_epigenomics H3K4me1	NA	NA	H3K4me1	NA	NA	E019-H3K4me1.narrowPeak	6.33133916365637e-27	213365
2	65	roadmap_epigenomics	26.5888103731671	1.70541905665429	3393	773	758	445	773	659	2437	1031	1263	roadmap_epigenomics	NA	NA	NA	NA	NA	E005-DNase.hotspot.fdr0.01.peaks.bed	7.0856112665695e-27	152235
2	84	roadmap_epigenomics	26.3988861082651	1.65346741422487	3116	774	781	627	781	727	2184	1308	1516	roadmap_epigenomics H3K9ac	NA	NA	H3K9ac	NA	NA	E005-H3K9ac.narrowPeak	1.09589851890838e-26	76244
2	146	roadmap_epigenomics	25.7524689370144	1.69111155730847	3393	775	765	445	775	662	2444	1031	1256	roadmap_epigenomics H3K18ac	NA	NA	H3K18ac	NA	NA	E008-H3K18ac.narrowPeak	4.83724024857618e-26	148881
2	318	roadmap_epigenomics	25.5009504351628	1.72965195766795	3551	776	751	325	776	617	2596	873	1104	roadmap_epigenomics	NA	NA	NA	NA	NA	E028-DNase.hotspot.fdr0.01.peaks.bed	8.62159264233927e-26	186595
2	134	roadmap_epigenomics	25.3352035474215	1.64530242626948	3182	777	786	597	786	720	2253	1242	1447	roadmap_epigenomics H4K91ac	NA	NA	H4K91ac	NA	NA	E007-H4K91ac.narrowPeak	1.25973441119267e-25	168000
2	59	roadmap_epigenomics	25.0710217345751	1.60145444777652	2213	778	800	848	848	809	1423	2211	2277	roadmap_epigenomics H3K79me1	NA	NA	H3K79me1	NA	NA	E004-H3K79me1.narrowPeak	2.30612321544674e-25	133659
2	44	roadmap_epigenomics	25.0399475125463	1.77576504590289	3695	779	740	191	779	570	2740	729	960	roadmap_epigenomics	NA	NA	NA	NA	NA	E004-DNase.hotspot.fdr0.01.peaks.bed	2.47418347877102e-25	238986
2	667	roadmap_epigenomics	24.7154445017628	1.67612403498378	3406	780	770	439	780	663	2465	1018	1235	roadmap_epigenomics	NA	NA	NA	NA	NA	E081-DNase.hotspot.fdr0.01.peaks.bed	5.20432280457271e-25	206920
2	778	roadmap_epigenomics	24.6546526138559	1.65093689058198	3287	781	783	530	783	698	2355	1137	1345	roadmap_epigenomics H3K9me3	NA	NA	H3K9me3	NA	NA	E093-H3K9me3.narrowPeak	5.97907239308359e-25	234001
2	806	roadmap_epigenomics	24.6195292542425	1.64667968523064	3266	782	785	548	785	705	2336	1158	1364	roadmap_epigenomics H3K4me1	NA	NA	H3K4me1	NA	NA	E097-H3K4me1.narrowPeak	6.4749362412963e-25	316356
2	675	roadmap_epigenomics	24.3783274970851	1.6664217079458	3389	783	777	448	783	669	2452	1035	1248	roadmap_epigenomics	NA	NA	NA	NA	NA	E082-DNase.hotspot.fdr0.01.peaks.bed	1.12563031120832e-24	195020
2	200	roadmap_epigenomics	24.3581669172255	1.6778916187102	3440	784	769	417	784	657	2500	984	1200	roadmap_epigenomics H3K4me1	NA	NA	H3K4me1	NA	NA	E014-H3K4me1.narrowPeak	1.17770510409366e-24	314776
2	382	roadmap_epigenomics	24.3157757865398	1.596628372967	2070	785	801	861	861	816	1314	2354	2386	roadmap_epigenomics H3K36me3	NA	NA	H3K36me3	NA	NA	E037-H3K36me3.narrowPeak	1.29690602364027e-24	97050
2	271	roadmap_epigenomics	24.0290587625334	2.1014850057983	4092	786	559	8	786	451	3161	332	539	roadmap_epigenomics	NA	NA	NA	NA	NA	E021-DNase.macs2.narrowPeak	2.5037388518351e-24	691347
2	214	roadmap_epigenomics	23.9820600562726	1.65175268463942	3352	787	782	474	787	681	2421	1072	1279	roadmap_epigenomics H3K4me1	NA	NA	H3K4me1	NA	NA	E016-H3K4me1.narrowPeak	2.78657290256331e-24	292493
2	1090	roadmap_epigenomics	23.9566004216935	1.60790748366189	3064	788	797	656	797	747	2159	1360	1541	roadmap_epigenomics H2A.Z	NA	NA	H2A.Z	NA	NA	E128-H2A.Z.narrowPeak	2.95129984100859e-24	88185
2	166	roadmap_epigenomics	23.7173550702996	1.66865950178376	3449	789	775	409	789	658	2514	975	1186	roadmap_epigenomics H2A.Z	NA	NA	H2A.Z	NA	NA	E009-H2A.Z.narrowPeak	5.11378647412058e-24	158512
2	30	roadmap_epigenomics	23.4966757217289	1.64140385384481	1550	790	789	905	905	828	915	2874	2785	roadmap_epigenomics H3K4ac	NA	NA	H3K4ac	NA	NA	E003-H3K4ac.narrowPeak	8.46988124606461e-24	34100
2	42	roadmap_epigenomics	23.2643695679238	1.56757881008934	2408	791	806	820	820	806	1600	2016	2100	roadmap_epigenomics H4K91ac	NA	NA	H4K91ac	NA	NA	E003-H4K91ac.narrowPeak	1.44263602710009e-23	106820
2	9	roadmap_epigenomics	23.1796574234945	1.56598623374385	2449	792	808	815	815	805	1635	1975	2065	roadmap_epigenomics H3K4me1	NA	NA	H3K4me1	NA	NA	E002-H3K4me1.narrowPeak	1.75128358168485e-23	155088
2	517	roadmap_epigenomics	23.1124705223881	1.69279255938342	3575	793	764	303	793	620	2639	849	1061	roadmap_epigenomics	NA	NA	NA	NA	NA	E057-DNase.hotspot.fdr0.01.peaks.bed	2.04188622495658e-23	209886
2	26	roadmap_epigenomics	22.7333461805603	1.60730511050852	3219	794	799	581	799	725	2310	1205	1390	roadmap_epigenomics H3K23me2	NA	NA	H3K23me2	NA	NA	E003-H3K23me2.narrowPeak	4.86535506941602e-23	95590
2	23	roadmap_epigenomics	22.5468290439974	1.6074151951827	1651	795	798	891	891	828	1000	2773	2700	roadmap_epigenomics H3K14ac	NA	NA	H3K14ac	NA	NA	E003-H3K14ac.narrowPeak	7.46659916223058e-23	30274
2	144	roadmap_epigenomics	22.4215944435069	1.55379764200555	2487	796	810	807	810	804	1674	1937	2026	roadmap_epigenomics H2BK5ac	NA	NA	H2BK5ac	NA	NA	E008-H2BK5ac.narrowPeak	9.9389737536864e-23	66830
2	516	roadmap_epigenomics	22.3352643735216	1.57279572625728	2975	797	804	695	804	765	2095	1449	1605	roadmap_epigenomics	NA	NA	NA	NA	NA	E057-DNase.hotspot.all.peaks.bed	1.21105692251197e-22	102170
2	1101	roadmap_epigenomics	22.2162785383704	1.61776461636321	3336	798	796	490	798	695	2422	1088	1278	roadmap_epigenomics H2A.Z	NA	NA	H2A.Z	NA	NA	E129-H2A.Z.narrowPeak	1.59090382388415e-22	144805
2	561	roadmap_epigenomics	21.990390932201	1.54848968972884	2303	799	812	839	839	817	1525	2121	2175	roadmap_epigenomics H3K36me3	NA	NA	H3K36me3	NA	NA	E065-H3K36me3.narrowPeak	2.67316432085316e-22	104024
2	1041	roadmap_epigenomics	21.8986770725047	1.65939780128588	3541	800	780	333	800	638	2617	883	1083	roadmap_epigenomics H2A.Z	NA	NA	H2A.Z	NA	NA	E124-H2A.Z.narrowPeak	3.29404500143465e-22	136897
2	321	roadmap_epigenomics	21.6699225284995	1.54234573940152	2565	801	813	795	813	803	1747	1859	1953	roadmap_epigenomics H3K36me3	NA	NA	H3K36me3	NA	NA	E028-H3K36me3.narrowPeak	5.56514427392551e-22	214696
2	1065	roadmap_epigenomics	21.4607423013576	1.56247420186101	3022	802	809	680	809	764	2145	1402	1555	roadmap_epigenomics H2A.Z	NA	NA	H2A.Z	NA	NA	E126-H2A.Z.narrowPeak	8.98775743710454e-22	69033
2	139	roadmap_epigenomics	21.4266910613825	1.6613806693809	1261	803	778	941	941	841	716	3163	2984	roadmap_epigenomics H2AK5ac	NA	NA	H2AK5ac	NA	NA	E008-H2AK5ac.narrowPeak	9.70700200896801e-22	27211
2	1003	roadmap_epigenomics	21.2310388822866	1.62748157253509	3467	804	793	389	804	662	2553	957	1147	roadmap_epigenomics H2A.Z	NA	NA	H2A.Z	NA	NA	E121-H2A.Z.narrowPeak	1.51653213383514e-21	153394
2	145	roadmap_epigenomics	20.9521444505147	1.62440192278602	3476	805	794	377	805	659	2564	948	1136	roadmap_epigenomics H3K14ac	NA	NA	H3K14ac	NA	NA	E008-H3K14ac.narrowPeak	2.86915406227995e-21	181023
2	401	roadmap_epigenomics	20.7357957751804	1.52815628159338	2281	806	815	841	841	821	1519	2143	2181	roadmap_epigenomics H3K36me3	NA	NA	H3K36me3	NA	NA	E040-H3K36me3.narrowPeak	4.71634888297206e-21	157464
2	162	roadmap_epigenomics	20.2624330746418	1.66112850910616	3649	807	779	247	807	611	2735	775	965	roadmap_epigenomics H4K20me1	NA	NA	H4K20me1	NA	NA	E008-H4K20me1.narrowPeak	1.39474240491501e-20	284568
2	829	roadmap_epigenomics	20.2063873923271	1.51759561592747	2504	808	817	804	817	810	1710	1920	1990	roadmap_epigenomics H3K36me3	NA	NA	H3K36me3	NA	NA	E100-H3K36me3.narrowPeak	1.58326559496735e-20	160205
2	63	roadmap_epigenomics	20.0730168123955	1.55338924115353	3159	809	811	608	811	743	2281	1265	1419	roadmap_epigenomics H4K8ac	NA	NA	H4K8ac	NA	NA	E004-H4K8ac.narrowPeak	2.14996918813018e-20	131576
2	340	roadmap_epigenomics	19.7833168771648	1.52092725300919	2045	810	816	862	862	829	1336	2379	2364	roadmap_epigenomics H3K36me3	NA	NA	H3K36me3	NA	NA	E031-H3K36me3.narrowPeak	4.17031879084523e-20	119677
2	24	roadmap_epigenomics	19.6526517463518	1.56973919924087	3325	811	805	496	811	704	2436	1099	1264	roadmap_epigenomics H3K18ac	NA	NA	H3K18ac	NA	NA	E003-H3K18ac.narrowPeak	5.61523580861521e-20	249755
2	158	roadmap_epigenomics	19.5945579003962	1.53958377517543	1756	812	814	883	883	836	1108	2668	2592	roadmap_epigenomics H3K79me2	NA	NA	H3K79me2	NA	NA	E008-H3K79me2.narrowPeak	6.41171408054921e-20	81576
2	36	roadmap_epigenomics	19.404211884232	1.50395763564447	2455	813	822	814	822	816	1677	1969	2023	roadmap_epigenomics H3K79me2	NA	NA	H3K79me2	NA	NA	E003-H3K79me2.narrowPeak	9.90513385632817e-20	125042
2	670	roadmap_epigenomics	19.3363771434399	1.51323620903798	2042	814	819	864	864	832	1338	2382	2362	roadmap_epigenomics H3K36me3	NA	NA	H3K36me3	NA	NA	E081-H3K36me3.narrowPeak	1.15537934376985e-19	55931
2	282	roadmap_epigenomics	19.1971973073879	1.50766180384833	2107	815	821	858	858	831	1392	2317	2308	roadmap_epigenomics H3K27me3	NA	NA	H3K27me3	NA	NA	E022-H3K27me3.narrowPeak	1.58831306345163e-19	68203
2	116	roadmap_epigenomics	18.9838696967923	1.50870685599908	2863	816	820	728	820	788	2030	1561	1670	roadmap_epigenomics H2BK120ac	NA	NA	H2BK120ac	NA	NA	E007-H2BK120ac.narrowPeak	2.59286773439641e-19	114993
2	153	roadmap_epigenomics	18.954743430663	1.49673901329446	2362	817	824	828	828	823	1604	2062	2096	roadmap_epigenomics H3K4me1	NA	NA	H3K4me1	NA	NA	E008-H3K4me1.narrowPeak	2.76656915298858e-19	135771
2	280	roadmap_epigenomics	18.9174894162579	1.94540197569525	4093	818	666	7	818	497	3197	331	503	roadmap_epigenomics	NA	NA	NA	NA	NA	E022-DNase.macs2.narrowPeak	3.01102109476322e-19	671885
2	979	roadmap_epigenomics	18.6281316084089	1.57583360310174	3458	819	803	399	819	674	2569	966	1131	roadmap_epigenomics H2A.Z	NA	NA	H2A.Z	NA	NA	E119-H2A.Z.narrowPeak	5.83646581092308e-19	137376
2	121	roadmap_epigenomics	17.8421391664503	1.57702044871506	3531	820	802	339	820	654	2645	893	1055	roadmap_epigenomics H3K18ac	NA	NA	H3K18ac	NA	NA	E007-H3K18ac.narrowPeak	3.53447073203807e-18	252687
2	272	roadmap_epigenomics	17.310534615501	1.47136966117028	2665	821	829	771	829	807	1877	1759	1823	roadmap_epigenomics H3K27ac	NA	NA	H3K27ac	NA	NA	E021-H3K27ac.narrowPeak	1.19813512625137e-17	103584
2	34	roadmap_epigenomics	17.2338194678819	1.47232101577627	2734	822	827	760	827	803	1937	1690	1763	roadmap_epigenomics H3K56ac	NA	NA	H3K56ac	NA	NA	E003-H3K56ac.narrowPeak	1.42650984299029e-17	86476
2	1077	roadmap_epigenomics	17.1241968323469	1.51474994497089	3273	823	818	544	823	728	2414	1151	1286	roadmap_epigenomics H2A.Z	NA	NA	H2A.Z	NA	NA	E127-H2A.Z.narrowPeak	1.83410878998449e-17	137462
2	120	roadmap_epigenomics	16.3575472664528	1.5018048748133	3285	824	823	535	824	727	2433	1139	1267	roadmap_epigenomics H3K14ac	NA	NA	H3K14ac	NA	NA	E007-H3K14ac.narrowPeak	1.06475943911021e-16	184207
2	49	roadmap_epigenomics	16.2256408263538	1.47784890194846	1725	825	826	886	886	846	1117	2699	2583	roadmap_epigenomics H2BK5ac	NA	NA	H2BK5ac	NA	NA	E004-H2BK5ac.narrowPeak	1.43953076000958e-16	64664
2	920	roadmap_epigenomics	16.2037857104698	1.48153767018576	3141	826	825	616	826	756	2305	1283	1395	roadmap_epigenomics H2A.Z	NA	NA	H2A.Z	NA	NA	E114-H2A.Z.narrowPeak	1.51219684441938e-16	88217
2	720	roadmap_epigenomics	16.1122459206417	1.44698826209839	2458	827	834	812	834	824	1715	1966	1985	roadmap_epigenomics H3K36me3	NA	NA	H3K36me3	NA	NA	E087-H3K36me3.narrowPeak	1.86500878871468e-16	101681
2	96	roadmap_epigenomics	15.0726316505396	1.44977109076551	3023	828	831	679	831	779	2213	1401	1487	roadmap_epigenomics H2BK5ac	NA	NA	H2BK5ac	NA	NA	E006-H2BK5ac.narrowPeak	2.01495990482925e-15	169022
2	17	roadmap_epigenomics	14.661770272097	1.42346077906163	2179	829	837	851	851	839	1500	2245	2200	roadmap_epigenomics H2AK5ac	NA	NA	H2AK5ac	NA	NA	E003-H2AK5ac.narrowPeak	5.16760727332562e-15	102280
2	156	roadmap_epigenomics	13.9663187420725	1.44790934566491	3230	830	833	574	833	746	2410	1194	1290	roadmap_epigenomics H3K56ac	NA	NA	H3K56ac	NA	NA	E008-H3K56ac.narrowPeak	2.53882705414044e-14	164562
2	149	roadmap_epigenomics	13.9128810584111	1.44867902531712	3246	832	832	563	832	742	2425	1178	1275	roadmap_epigenomics H3K27ac	NA	NA	H3K27ac	NA	NA	E008-H3K27ac.narrowPeak	2.86525437567826e-14	220688
2	856	roadmap_epigenomics	13.9022858449199	1.56735839029055	3787	833	807	128	833	589	2928	637	772	roadmap_epigenomics H3K36me3	NA	NA	H3K36me3	NA	NA	E104-H3K36me3.narrowPeak	2.93295432557245e-14	300362
2	18	roadmap_epigenomics	13.3718268266508	1.46078648194309	1344	834	830	926	926	863	851	3080	2849	roadmap_epigenomics H2BK120ac	NA	NA	H2BK120ac	NA	NA	E003-H2BK120ac.narrowPeak	9.9176288886582e-14	62846
2	1026	roadmap_epigenomics	13.1840619446755	1.47169751416573	1247	835	828	948	948	870	779	3177	2921	roadmap_epigenomics H4K20me1	NA	NA	H4K20me1	NA	NA	E122-H4K20me1.narrowPeak	1.52342295020238e-13	49461
2	164	roadmap_epigenomics	12.2488598763156	1.39994851776487	3092	836	838	640	838	771	2308	1332	1392	roadmap_epigenomics H4K8ac	NA	NA	H4K8ac	NA	NA	E008-H4K8ac.narrowPeak	1.30281758136483e-12	139450
2	46	roadmap_epigenomics	12.013484240197	1.43885907892618	1270	837	835	939	939	870	809	3154	2891	roadmap_epigenomics H2AK5ac	NA	NA	H2AK5ac	NA	NA	E004-H2AK5ac.narrowPeak	2.23545820659163e-12	52932
2	20	roadmap_epigenomics	11.7696649909925	1.39804749931617	1569	838	839	903	903	860	1044	2855	2656	roadmap_epigenomics H2BK15ac	NA	NA	H2BK15ac	NA	NA	E003-H2BK15ac.narrowPeak	3.9030660986467e-12	56902
2	10	roadmap_epigenomics	11.7544046323457	1.42966987761047	3445	839	836	413	839	696	2631	979	1069	roadmap_epigenomics H3K4me3	NA	NA	H3K4me3	NA	NA	E002-H3K4me3.narrowPeak	4.03852176489568e-12	147544
2	161	roadmap_epigenomics	11.7065845311198	1.36548595770424	2555	840	843	796	843	826	1851	1869	1849	roadmap_epigenomics H3T11ph	NA	NA	H3T11ph	NA	NA	E008-H3T11ph.narrowPeak	4.50400791575908e-12	108647
2	286	roadmap_epigenomics	11.6135104056812	1.3951974007498	3190	841	842	592	842	758	2403	1234	1297	roadmap_epigenomics H3K9me3	NA	NA	H3K9me3	NA	NA	E022-H3K9me3.narrowPeak	5.57481344613004e-12	207447
2	51	roadmap_epigenomics	10.6882956815186	1.34672778348177	2648	842	846	777	846	822	1944	1776	1756	roadmap_epigenomics H3K23ac	NA	NA	H3K23ac	NA	NA	E004-H3K23ac.narrowPeak	4.65969108285686e-11	111604
2	48	roadmap_epigenomics	10.2979173267509	1.36367302520462	1576	843	844	902	902	863	1068	2848	2632	roadmap_epigenomics H2BK15ac	NA	NA	H2BK15ac	NA	NA	E004-H2BK15ac.narrowPeak	1.14019925530924e-10	83199
2	686	roadmap_epigenomics	10.2462513341238	1.34167960671228	2789	844	848	744	848	812	2071	1635	1629	roadmap_epigenomics H3K36me3	NA	NA	H3K36me3	NA	NA	E083-H3K36me3.narrowPeak	1.2829483404503e-10	221146
2	172	roadmap_epigenomics	10.090806887288	1.35465084014616	3098	845	845	636	845	775	2342	1326	1358	roadmap_epigenomics H2A.Z	NA	NA	H2A.Z	NA	NA	E010-H2A.Z.narrowPeak	1.83138555294405e-10	113363
2	133	roadmap_epigenomics	9.98569189894556	1.39705003984282	3504	846	840	362	846	683	2707	920	993	roadmap_epigenomics H4K8ac	NA	NA	H4K8ac	NA	NA	E007-H4K8ac.narrowPeak	2.33055048169399e-10	223512
2	19	roadmap_epigenomics	9.6571059483866	1.32304285454687	2522	847	850	803	850	833	1852	1902	1848	roadmap_epigenomics H2BK12ac	NA	NA	H2BK12ac	NA	NA	E003-H2BK12ac.narrowPeak	4.94656594844613e-10	175406
2	92	roadmap_epigenomics	9.54093792492087	1.39524047841645	3560	848	841	319	848	669	2764	864	936	roadmap_epigenomics H2A.Z	NA	NA	H2A.Z	NA	NA	E006-H2A.Z.narrowPeak	6.45710352704058e-10	201531
2	147	roadmap_epigenomics	9.3199005142516	1.31516366235427	2446	849	851	816	851	839	1793	1978	1907	roadmap_epigenomics H3K23ac	NA	NA	H3K23ac	NA	NA	E008-H3K23ac.narrowPeak	1.06883645256035e-09	83775
2	721	roadmap_epigenomics	8.74277775883452	1.30297039058539	2496	850	852	806	852	836	1844	1928	1856	roadmap_epigenomics H3K4me1	NA	NA	H3K4me1	NA	NA	E087-H3K4me1.narrowPeak	4.00887530393263e-09	167584
2	143	roadmap_epigenomics	8.3378090634825	1.29505711384976	2583	851	853	792	853	832	1924	1841	1776	roadmap_epigenomics H2BK20ac	NA	NA	H2BK20ac	NA	NA	E008-H2BK20ac.narrowPeak	0.0000000101356804606435	115394
2	1024	roadmap_epigenomics	8.28312971744006	1.34473199717331	1236	852	847	951	951	883	828	3188	2872	roadmap_epigenomics H3K9me1	NA	NA	H3K9me1	NA	NA	E122-H3K9me1.narrowPeak	0.0000000114843349478004	25444
2	967	roadmap_epigenomics	7.69201078782099	1.28281604192917	1991	853	854	867	867	858	1441	2433	2259	roadmap_epigenomics H2A.Z	NA	NA	H2A.Z	NA	NA	E118-H2A.Z.narrowPeak	0.0000000444023391248989	24224
2	21	roadmap_epigenomics	7.59479030221661	1.34002312784351	1113	854	849	978	978	894	742	3311	2958	roadmap_epigenomics H2BK20ac	NA	NA	H2BK20ac	NA	NA	E003-H2BK20ac.narrowPeak	0.0000000554886392783203	71225
2	562	roadmap_epigenomics	7.22559927003915	1.26761114207468	2389	855	856	825	856	845	1779	2035	1921	roadmap_epigenomics H3K4me1	NA	NA	H3K4me1	NA	NA	E065-H3K4me1.narrowPeak	0.000000129458563771622	190844
2	969	roadmap_epigenomics	7.05056867646163	1.26399438786561	2202	856	858	849	858	854	1626	2222	2074	roadmap_epigenomics H3K27me3	NA	NA	H3K27me3	NA	NA	E118-H3K27me3.narrowPeak	0.000000193339475776443	110851
2	56	roadmap_epigenomics	7.0031059540343	1.262852265009	2201	857	859	850	859	855	1626	2223	2074	roadmap_epigenomics H3K4me1	NA	NA	H3K4me1	NA	NA	E004-H3K4me1.narrowPeak	0.000000215250437323936	125993
2	1	roadmap_epigenomics	6.43524988744823	1.25513215656617	1856	858	860	873	873	864	1352	2568	2348	roadmap_epigenomics H3K27me3	NA	NA	H3K27me3	NA	NA	E001-H3K27me3.narrowPeak	0.000000792732247482917	93339
2	738	roadmap_epigenomics	5.97616155698559	1.23665890082232	2320	859	862	837	862	853	1744	2104	1956	roadmap_epigenomics H3K27me3	NA	NA	H3K27me3	NA	NA	E089-H3K27me3.narrowPeak	0.00000227709146762612	221319
2	54	roadmap_epigenomics	5.70939574208082	1.27727080875703	1135	860	855	969	969	895	787	3289	2913	roadmap_epigenomics H3K36me3	NA	NA	H3K36me3	NA	NA	E004-H3K36me3.narrowPeak	0.00000420062111593178	16189
2	256	roadmap_epigenomics	5.62377956789062	1.23343326243434	1856	861	863	873	873	866	1367	2568	2333	roadmap_epigenomics H3K27me3	NA	NA	H3K27me3	NA	NA	E019-H3K27me3.narrowPeak	0.00000511109429763495	67306
2	163	roadmap_epigenomics	5.46475939911009	1.23716228513702	3029	862	861	673	862	799	2357	1395	1343	roadmap_epigenomics H4K5ac	NA	NA	H4K5ac	NA	NA	E008-H4K5ac.narrowPeak	0.0000073570493822038	136718
2	908	roadmap_epigenomics	5.36703136287478	1.26543423453671	1138	863	857	967	967	896	795	3286	2905	roadmap_epigenomics H3K27me3	NA	NA	H3K27me3	NA	NA	E112-H3K27me3.narrowPeak	0.00000920485828007926	44640
2	186	roadmap_epigenomics	5.22026942411798	1.22347248472928	1806	864	864	879	879	869	1334	2618	2366	roadmap_epigenomics H3K27me3	NA	NA	H3K27me3	NA	NA	E012-H3K27me3.narrowPeak	0.0000128810429622058	75931
2	160	roadmap_epigenomics	4.22473127383386	1.18994105466369	2590	865	867	790	867	841	2008	1834	1692	roadmap_epigenomics H3K9me3	NA	NA	H3K9me3	NA	NA	E008-H3K9me3.narrowPeak	0.000126529796743339	210217
2	150	roadmap_epigenomics	4.06442336136812	1.22048174583449	1117	866	865	977	977	903	802	3307	2898	roadmap_epigenomics H3K27me3	NA	NA	H3K27me3	NA	NA	E008-H3K27me3.narrowPeak	0.000182503419739515	38910
2	263	roadmap_epigenomics	3.69301124181251	1.17488576750406	1910	867	868	869	869	868	1453	2514	2247	roadmap_epigenomics H3K27me3	NA	NA	H3K27me3	NA	NA	E020-H3K27me3.narrowPeak	0.000428818973982446	96382
2	74	roadmap_epigenomics	3.4975949892134	1.19730845228249	1130	868	866	971	971	902	824	3294	2876	roadmap_epigenomics H3K23ac	NA	NA	H3K23ac	NA	NA	E005-H3K23ac.narrowPeak	0.000671864196411604	26230
2	519	roadmap_epigenomics	3.23554250237945	1.15688788385525	2299	869	871	840	871	860	1788	2125	1912	roadmap_epigenomics H3K27me3	NA	NA	H3K27me3	NA	NA	E057-H3K27me3.narrowPeak	0.00122492654119495	98301
2	593	roadmap_epigenomics	3.14124530690282	1.15881872519386	2828	870	870	738	870	826	2237	1596	1463	roadmap_epigenomics H3K27me3	NA	NA	H3K27me3	NA	NA	E070-H3K27me3.narrowPeak	0.00152054761935647	132980
2	198	roadmap_epigenomics	2.65329462679654	1.14360463294165	1609	872	872	896	896	880	1233	2815	2467	roadmap_epigenomics H3K27me3	NA	NA	H3K27me3	NA	NA	E014-H3K27me3.narrowPeak	0.00464201629755034	90298
2	774	roadmap_epigenomics	2.3928730617912	1.13418567429971	1557	873	873	904	904	883	1198	2867	2502	roadmap_epigenomics H3K27me3	NA	NA	H3K27me3	NA	NA	E093-H3K27me3.narrowPeak	0.00841613967864509	90546
2	699	roadmap_epigenomics	2.02055214978042	1.11397968184512	2742	874	875	757	875	835	2198	1682	1502	roadmap_epigenomics H3K9me3	NA	NA	H3K9me3	NA	NA	E084-H3K9me3.narrowPeak	0.0197254889366024	236782
2	28	roadmap_epigenomics	1.99932774117885	1.11060615848951	2111	875	876	857	876	869	1669	2313	2031	roadmap_epigenomics H3K27me3	NA	NA	H3K27me3	NA	NA	E003-H3K27me3.narrowPeak	0.020694382245067	123423
2	212	roadmap_epigenomics	1.83681805620071	1.10715653478805	1688	876	877	889	889	881	1324	2736	2376	roadmap_epigenomics H3K27me3	NA	NA	H3K27me3	NA	NA	E016-H3K27me3.narrowPeak	0.030030586629836	84150
2	765	roadmap_epigenomics	1.52175046283469	1.08880141329582	2456	877	878	813	878	856	1976	1968	1724	roadmap_epigenomics H3K27me3	NA	NA	H3K27me3	NA	NA	E092-H3K27me3.narrowPeak	0.0617507116611534	273954
2	945	roadmap_epigenomics	1.46385735968119	1.12962508357001	618	878	874	1097	1097	950	465	3806	3235	roadmap_epigenomics H3K27me3	NA	NA	H3K27me3	NA	NA	E116-H3K27me3.narrowPeak	0.0704274295874038	17339
2	53	roadmap_epigenomics	1.15532901464654	1.07263462712956	1577	879	879	901	901	886	1260	2847	2440	roadmap_epigenomics H3K27me3	NA	NA	H3K27me3	NA	NA	E004-H3K27me3.narrowPeak	0.142916721466107	77713
2	76	roadmap_epigenomics	0.829263022949859	1.05046646518277	1671	880	880	890	890	883	1355	2753	2345	roadmap_epigenomics H3K27me3	NA	NA	H3K27me3	NA	NA	E005-H3K27me3.narrowPeak	0.302519966629235	76270
2	16	roadmap_epigenomics	0.715375022372394	1.04833328143524	3415	881	881	433	881	732	2825	1009	875	roadmap_epigenomics H2A.Z	NA	NA	H2A.Z	NA	NA	E003-H2A.Z.narrowPeak	0.391801104688744	280604
2	502	roadmap_epigenomics	0.699741194138052	1.0395585043345	2472	882	883	811	883	859	2032	1952	1668	roadmap_epigenomics H3K27me3	NA	NA	H3K27me3	NA	NA	E055-H3K27me3.narrowPeak	0.405427712309083	302342
2	339	roadmap_epigenomics	0.519129249516063	1.04389542405205	414	883	882	1115	1115	960	333	4010	3367	roadmap_epigenomics H3K27me3	NA	NA	H3K27me3	NA	NA	E031-H3K27me3.narrowPeak	0.61173938686899	10222
2	511	roadmap_epigenomics	0.436952755708452	1.01643067886793	2236	884	884	845	884	871	1855	2188	1845	roadmap_epigenomics H3K27me3	NA	NA	H3K27me3	NA	NA	E056-H3K27me3.narrowPeak	0.738502906639521	290583
2	124	roadmap_epigenomics	0.403846321159935	1.01339066487479	1707	885	885	887	887	886	1416	2717	2284	roadmap_epigenomics H3K27me3	NA	NA	H3K27me3	NA	NA	E007-H3K27me3.narrowPeak	0.794856194938847	54468
2	756	roadmap_epigenomics	0.385248594384934	1.01179045071878	1451	886	886	914	914	895	1204	2973	2496	roadmap_epigenomics H3K27me3	NA	NA	H3K27me3	NA	NA	E091-H3K27me3.narrowPeak	0.828890119748377	114417
2	138	roadmap_epigenomics	0.356069519801972	1.00803609704955	2824	887	887	739	887	838	2355	1600	1345	roadmap_epigenomics H2A.Z	NA	NA	H2A.Z	NA	NA	E008-H2A.Z.narrowPeak	0.885700844984968	122323
2	249	roadmap_epigenomics	0.328199973367745	1.00445616524051	1888	888	888	871	888	882	1575	2536	2125	roadmap_epigenomics H3K27me3	NA	NA	H3K27me3	NA	NA	E018-H3K27me3.narrowPeak	0.942713425434044	130489
2	192	roadmap_epigenomics	0.266266611217037	0.996303186231345	2538	889	889	799	889	859	2126	1886	1574	roadmap_epigenomics H3K27me3	NA	NA	H3K27me3	NA	NA	E013-H3K27me3.narrowPeak	1	207227
2	848	roadmap_epigenomics	0.2484097436151	0.993760698536493	1972	890	890	868	890	883	1655	2452	2045	roadmap_epigenomics H3K27me3	NA	NA	H3K27me3	NA	NA	E103-H3K27me3.narrowPeak	1	164869
2	712	roadmap_epigenomics	0.245515421444724	0.991658339875103	754	891	891	1080	1080	954	635	3670	3065	roadmap_epigenomics H3K27me3	NA	NA	H3K27me3	NA	NA	E086-H3K27me3.narrowPeak	1	61387
2	964	roadmap_epigenomics	0.180394044086263	0.981775237760969	1461	892	892	912	912	899	1237	2963	2463	roadmap_epigenomics H3K9me3	NA	NA	H3K9me3	NA	NA	E117-H3K9me3.narrowPeak	1	92881
2	912	roadmap_epigenomics	0.113697863753557	0.961235744998571	870	893	895	1050	1050	946	751	3554	2949	roadmap_epigenomics H3K9me3	NA	NA	H3K9me3	NA	NA	E112-H3K9me3.narrowPeak	1	29697
2	205	roadmap_epigenomics	0.10149668652134	0.964288938067035	1628	894	893	893	894	893	1393	2796	2307	roadmap_epigenomics H3K27me3	NA	NA	H3K27me3	NA	NA	E015-H3K27me3.narrowPeak	1	125743
2	673	roadmap_epigenomics	0.101153496163137	0.961838339491213	1249	895	894	947	947	912	1074	3175	2626	roadmap_epigenomics H3K9me3	NA	NA	H3K9me3	NA	NA	E081-H3K9me3.narrowPeak	1	24119
2	329	roadmap_epigenomics	0.0821180362691187	0.956858064629932	1383	896	896	922	922	905	1192	3041	2508	roadmap_epigenomics H3K27me3	NA	NA	H3K27me3	NA	NA	E029-H3K27me3.narrowPeak	1	103373
2	179	roadmap_epigenomics	0.073803445623012	0.954437869404203	1450	897	897	915	915	903	1251	2974	2449	roadmap_epigenomics H3K27me3	NA	NA	H3K27me3	NA	NA	E011-H3K27me3.narrowPeak	1	107312
2	273	roadmap_epigenomics	0.050188677818251	0.947028098737497	1853	898	898	875	898	890	1599	2571	2101	roadmap_epigenomics H3K27me3	NA	NA	H3K27me3	NA	NA	E021-H3K27me3.narrowPeak	1	95847
2	914	roadmap_epigenomics	0.0401425495888337	0.936923205314533	1250	900	899	945	945	915	1095	3174	2605	roadmap_epigenomics H3K27me3	NA	NA	H3K27me3	NA	NA	E113-H3K27me3.narrowPeak	1	57437
2	669	roadmap_epigenomics	0.0388951533474604	0.933884068829279	1108	901	901	980	980	927	975	3316	2725	roadmap_epigenomics H3K27me3	NA	NA	H3K27me3	NA	NA	E081-H3K27me3.narrowPeak	1	82305
2	525	roadmap_epigenomics	0.0286344614463599	0.934409093177327	2548	902	900	798	902	867	2192	1876	1508	roadmap_epigenomics H3K27me3	NA	NA	H3K27me3	NA	NA	E058-H3K27me3.narrowPeak	1	199828
2	85	roadmap_epigenomics	0.0256591993475661	0.928684002092099	2957	903	902	702	903	836	2533	1467	1167	roadmap_epigenomics H3K9me3	NA	NA	H3K9me3	NA	NA	E005-H3K9me3.narrowPeak	1	286964
2	690	roadmap_epigenomics	0.00941826245520891	0.913993225772914	1881	904	903	872	904	893	1655	2543	2045	roadmap_epigenomics H3K9me3	NA	NA	H3K9me3	NA	NA	E083-H3K9me3.narrowPeak	1	79957
2	717	roadmap_epigenomics	0.00888701436809848	0.890238176791834	772	905	907	1072	1072	961	710	3652	2990	roadmap_epigenomics H3K9me3	NA	NA	H3K9me3	NA	NA	E086-H3K9me3.narrowPeak	1	29160
2	356	roadmap_epigenomics	0.0038278060732013	0.869416432905129	697	906	912	1087	1087	968	655	3727	3045	roadmap_epigenomics H3K27me3	NA	NA	H3K27me3	NA	NA	E033-H3K27me3.narrowPeak	1	39591
2	626	roadmap_epigenomics	0.00373019031120512	0.898299968796265	1726	907	904	885	907	899	1539	2698	2161	roadmap_epigenomics H3K27me3	NA	NA	H3K27me3	NA	NA	E075-H3K27me3.narrowPeak	1	185405
2	819	roadmap_epigenomics	0.00315568597622255	0.864261309342754	674	908	914	1090	1090	971	637	3750	3063	roadmap_epigenomics H3K27me3	NA	NA	H3K27me3	NA	NA	E099-H3K27me3.narrowPeak	1	40652
2	747	roadmap_epigenomics	0.00289918922611098	0.895522920735748	1846	909	905	876	909	897	1644	2578	2056	roadmap_epigenomics H3K27me3	NA	NA	H3K27me3	NA	NA	E090-H3K27me3.narrowPeak	1	283720
2	8	roadmap_epigenomics	0.00237166210858092	0.892490334610781	2480	910	906	810	910	875	2177	1944	1523	roadmap_epigenomics H3K36me3	NA	NA	H3K36me3	NA	NA	E002-H3K36me3.narrowPeak	1	284615
2	171	roadmap_epigenomics	0.00200403723842865	0.89006934763915	1803	911	908	880	911	900	1613	2621	2087	roadmap_epigenomics H3K9me3	NA	NA	H3K9me3	NA	NA	E009-H3K9me3.narrowPeak	1	190181
2	1038	roadmap_epigenomics	0.00164089230080844	0.839692216987545	532	912	919	1110	1110	980	518	3892	3182	roadmap_epigenomics H3K9me3	NA	NA	H3K9me3	NA	NA	E123-H3K9me3.narrowPeak	1	22127
2	7	roadmap_epigenomics	0.00129739288764138	0.876067854005011	1271	913	910	938	938	920	1166	3153	2534	roadmap_epigenomics H3K27me3	NA	NA	H3K27me3	NA	NA	E002-H3K27me3.narrowPeak	1	95078
2	677	roadmap_epigenomics	0.00124374940910499	0.879024534154197	1435	914	909	917	917	913	1307	2989	2393	roadmap_epigenomics H3K27me3	NA	NA	H3K27me3	NA	NA	E082-H3K27me3.narrowPeak	1	117993
2	320	roadmap_epigenomics	0.000539347980480859	0.871059789403548	1594	916	911	898	916	908	1453	2830	2247	roadmap_epigenomics H3K27me3	NA	NA	H3K27me3	NA	NA	E028-H3K27me3.narrowPeak	1	124081
2	894	roadmap_epigenomics	0.000410246239385244	0.864723695383699	1418	917	913	919	919	916	1306	3006	2394	roadmap_epigenomics H3K27me3	NA	NA	H3K27me3	NA	NA	E110-H3K27me3.narrowPeak	1	119289
2	1000	roadmap_epigenomics	0.000290230318305284	0.804796850213242	483	918	929	1113	1113	987	489	3941	3211	roadmap_epigenomics H3K9me3	NA	NA	H3K9me3	NA	NA	E120-H3K9me3.narrowPeak	1	18061
2	1067	roadmap_epigenomics	0.000193695447264989	0.824670150686336	716	919	922	1084	1084	975	702	3708	2998	roadmap_epigenomics H3K27me3	NA	NA	H3K27me3	NA	NA	E126-H3K27me3.narrowPeak	1	70203
2	769	roadmap_epigenomics	0.000185404443359037	0.861669789726899	2416	920	915	818	920	884	2156	2008	1544	roadmap_epigenomics H3K9me3	NA	NA	H3K9me3	NA	NA	E092-H3K9me3.narrowPeak	1	273587
2	132	roadmap_epigenomics	0.000156794255997453	0.860976611949473	2129	921	916	854	921	897	1919	2295	1781	roadmap_epigenomics H3K9me3	NA	NA	H3K9me3	NA	NA	E007-H3K9me3.narrowPeak	1	151755
2	343	roadmap_epigenomics	0.000144641726935389	0.81039755343916	606	922	927	1102	1102	984	606	3818	3094	roadmap_epigenomics H3K9me3	NA	NA	H3K9me3	NA	NA	E031-H3K9me3.narrowPeak	1	25266
2	177	roadmap_epigenomics	0.000135772869785261	0.859462155819916	2145	923	917	852	923	897	1934	2279	1766	roadmap_epigenomics H3K9me3	NA	NA	H3K9me3	NA	NA	E010-H3K9me3.narrowPeak	1	226115
2	633	roadmap_epigenomics	0.000121720142399351	0.835807340856423	977	924	920	1022	1022	955	937	3447	2763	roadmap_epigenomics H3K27me3	NA	NA	H3K27me3	NA	NA	E076-H3K27me3.narrowPeak	1	65497
2	452	roadmap_epigenomics	0.000102440826324856	0.821476054982666	777	925	923	1071	1071	973	762	3647	2938	roadmap_epigenomics H3K27me3	NA	NA	H3K27me3	NA	NA	E048-H3K27me3.narrowPeak	1	34760
2	783	roadmap_epigenomics	0.0000776614252217852	0.83245650269591	1012	926	921	1010	1010	952	972	3412	2728	roadmap_epigenomics H3K27me3	NA	NA	H3K27me3	NA	NA	E094-H3K27me3.narrowPeak	1	42768
2	1043	roadmap_epigenomics	0.0000763576398177167	0.848521571313292	1533	927	918	909	927	918	1423	2891	2277	roadmap_epigenomics H3K27me3	NA	NA	H3K27me3	NA	NA	E124-H3K27me3.narrowPeak	1	160742
2	899	roadmap_epigenomics	0.000055709129981033	0.812325524235063	752	928	926	1081	1081	978	745	3672	2955	roadmap_epigenomics H3K9me3	NA	NA	H3K9me3	NA	NA	E110-H3K9me3.narrowPeak	1	32117
2	1074	roadmap_epigenomics	0.0000202401684522915	0.731874931083186	317	929	950	1119	1119	999	353	4107	3347	roadmap_epigenomics H3K9me3	NA	NA	H3K9me3	NA	NA	E126-H3K9me3.narrowPeak	1	12150
2	813	roadmap_epigenomics	0.00000623774538741946	0.791994981228254	787	930	931	1070	1070	977	794	3637	2906	roadmap_epigenomics H3K27me3	NA	NA	H3K27me3	NA	NA	E098-H3K27me3.narrowPeak	1	34318
2	952	roadmap_epigenomics	0.00000182329010793819	0.794275705839406	979	931	930	1021	1021	961	975	3445	2725	roadmap_epigenomics H3K9me3	NA	NA	H3K9me3	NA	NA	E116-H3K9me3.narrowPeak	1	59492
2	293	roadmap_epigenomics	0.00000166382554838874	0.819985914802923	2117	932	924	855	932	904	1954	2307	1746	roadmap_epigenomics H3K27me3	NA	NA	H3K27me3	NA	NA	E024-H3K27me3.narrowPeak	1	222597
2	704	roadmap_epigenomics	0.00000118666111294726	0.812684896498716	1583	933	925	900	933	919	1505	2841	2195	roadmap_epigenomics H3K27me3	NA	NA	H3K27me3	NA	NA	E085-H3K27me3.narrowPeak	1	218555
2	101	roadmap_epigenomics	0.000000719321530614727	0.782305080318753	915	934	934	1041	1041	970	925	3509	2775	roadmap_epigenomics H3K27me3	NA	NA	H3K27me3	NA	NA	E006-H3K27me3.narrowPeak	1	117340
2	1092	roadmap_epigenomics	0.000000550715606405552	0.787026629756072	1025	935	933	1005	1005	958	1025	3399	2675	roadmap_epigenomics H3K27me3	NA	NA	H3K27me3	NA	NA	E128-H3K27me3.narrowPeak	1	130551
2	724	roadmap_epigenomics	0.000000405489978011592	0.747656578873193	608	936	943	1101	1101	993	650	3816	3050	roadmap_epigenomics H3K9me3	NA	NA	H3K9me3	NA	NA	E087-H3K9me3.narrowPeak	1	39484
2	918	roadmap_epigenomics	0.000000314343010558332	0.80579093731629	2400	937	928	822	937	896	2203	2024	1497	roadmap_epigenomics H3K9me3	NA	NA	H3K9me3	NA	NA	E113-H3K9me3.narrowPeak	1	275470
2	1055	roadmap_epigenomics	0.000000300049339699816	0.791931291718333	1225	938	932	954	954	941	1206	3199	2494	roadmap_epigenomics H3K27me3	NA	NA	H3K27me3	NA	NA	E125-H3K27me3.narrowPeak	1	199061
2	929	roadmap_epigenomics	0.000000275834247838888	0.780062430613791	999	939	935	1013	1013	962	1007	3425	2693	roadmap_epigenomics H3K9me3	NA	NA	H3K9me3	NA	NA	E114-H3K9me3.narrowPeak	1	103230
2	456	roadmap_epigenomics	0.000000155377727490651	0.74467047336517	648	940	944	1094	1094	993	693	3776	3007	roadmap_epigenomics H3K9me3	NA	NA	H3K9me3	NA	NA	E048-H3K9me3.narrowPeak	1	50821
2	392	roadmap_epigenomics	0.0000000556672816097598	0.731316207603053	610	941	953	1099	1099	998	664	3814	3036	roadmap_epigenomics H3K9me3	NA	NA	H3K9me3	NA	NA	E038-H3K9me3.narrowPeak	1	43418
2	488	roadmap_epigenomics	0.0000000209511277429916	0.757265144058514	940	942	937	1034	1034	971	972	3484	2728	roadmap_epigenomics H3K27me3	NA	NA	H3K27me3	NA	NA	E053-H3K27me3.narrowPeak	1	115999
2	370	roadmap_epigenomics	0.0000000146814986525202	0.726658027796741	651	943	957	1093	1093	998	710	3773	2990	roadmap_epigenomics H3K27me3	NA	NA	H3K27me3	NA	NA	E035-H3K27me3.narrowPeak	1	55503
2	381	roadmap_epigenomics	6.64820976834226e-09	0.731701162067082	741	944	952	1082	1082	993	798	3683	2902	roadmap_epigenomics H3K27me3	NA	NA	H3K27me3	NA	NA	E037-H3K27me3.narrowPeak	1	36137
2	493	roadmap_epigenomics	4.60279452125448e-09	0.730781068424377	756	945	954	1079	1079	993	814	3668	2886	roadmap_epigenomics H3K27me3	NA	NA	H3K27me3	NA	NA	E054-H3K27me3.narrowPeak	1	89616
2	728	roadmap_epigenomics	4.42865279395471e-09	0.76048903477143	1167	946	936	964	964	949	1185	3257	2515	roadmap_epigenomics H3K27me3	NA	NA	H3K27me3	NA	NA	E088-H3K27me3.narrowPeak	1	203560
2	352	roadmap_epigenomics	4.12963972327897e-09	0.753874226317162	1053	947	938	994	994	960	1084	3371	2616	roadmap_epigenomics H3K9me3	NA	NA	H3K9me3	NA	NA	E032-H3K9me3.narrowPeak	1	126853
2	360	roadmap_epigenomics	2.7714656722204e-09	0.69298087089721	514	948	980	1111	1111	1010	590	3910	3110	roadmap_epigenomics H3K9me3	NA	NA	H3K9me3	NA	NA	E033-H3K9me3.narrowPeak	1	37434
2	385	roadmap_epigenomics	1.60387754568376e-09	0.705260969273939	610	949	971	1099	1099	1010	684	3814	3016	roadmap_epigenomics H3K9me3	NA	NA	H3K9me3	NA	NA	E037-H3K9me3.narrowPeak	1	66247
2	638	roadmap_epigenomics	1.09929869390599e-09	0.728082408175117	823	950	956	1057	1057	988	884	3601	2816	roadmap_epigenomics H3K9me3	NA	NA	H3K9me3	NA	NA	E076-H3K9me3.narrowPeak	1	64003
2	497	roadmap_epigenomics	8.75191642070092e-10	0.749012366242828	1136	951	940	968	968	953	1168	3288	2532	roadmap_epigenomics H3K9me3	NA	NA	H3K9me3	NA	NA	E054-H3K9me3.narrowPeak	1	152197
2	976	roadmap_epigenomics	4.84581302505638e-10	0.638538517363339	346	952	1027	1117	1117	1030	434	4078	3266	roadmap_epigenomics H3K9me3	NA	NA	H3K9me3	NA	NA	E118-H3K9me3.narrowPeak	1	97122
2	468	roadmap_epigenomics	3.91054267278242e-10	0.743317318006074	1118	954	945	976	976	958	1157	3306	2543	roadmap_epigenomics H3K27me3	NA	NA	H3K27me3	NA	NA	E050-H3K27me3.narrowPeak	1	188829
2	492	roadmap_epigenomics	2.80358249412303e-10	0.748400599540659	1261	956	941	941	956	946	1286	3163	2414	roadmap_epigenomics H3K9me3	NA	NA	H3K9me3	NA	NA	E053-H3K9me3.narrowPeak	1	206695
2	416	roadmap_epigenomics	2.45911652607802e-10	0.70030590715943	661	957	974	1091	1091	1010	742	3763	2958	roadmap_epigenomics H3K9me3	NA	NA	H3K9me3	NA	NA	E042-H3K9me3.narrowPeak	1	78727
2	369	roadmap_epigenomics	2.44878038212193e-10	0.743036433669137	1163	958	946	965	965	956	1200	3261	2500	roadmap_epigenomics H3K9me3	NA	NA	H3K9me3	NA	NA	E034-H3K9me3.narrowPeak	1	176448
2	410	roadmap_epigenomics	1.0347011922032e-10	0.707425316970604	762	959	969	1076	1076	1000	841	3662	2859	roadmap_epigenomics H3K9me3	NA	NA	H3K9me3	NA	NA	E041-H3K9me3.narrowPeak	1	98944
2	277	roadmap_epigenomics	7.5844548116532e-11	0.701701642596115	728	960	973	1083	1083	1010	811	3696	2889	roadmap_epigenomics H3K9me3	NA	NA	H3K9me3	NA	NA	E021-H3K9me3.narrowPeak	1	61601
2	631	roadmap_epigenomics	6.79359539128994e-11	0.74767879191281	1455	961	942	913	961	939	1465	2969	2235	roadmap_epigenomics H3K9me3	NA	NA	H3K9me3	NA	NA	E075-H3K9me3.narrowPeak	1	149780
2	1099	roadmap_epigenomics	6.51319307215995e-11	0.580036741927147	240	962	1071	1120	1120	1050	333	4184	3367	roadmap_epigenomics H3K9me3	NA	NA	H3K9me3	NA	NA	E128-H3K9me3.narrowPeak	1	16125
2	646	roadmap_epigenomics	4.82639146744473e-11	0.736734099022269	1216	963	949	955	963	956	1257	3208	2443	roadmap_epigenomics H3K27me3	NA	NA	H3K27me3	NA	NA	E078-H3K27me3.narrowPeak	1	107890
2	685	roadmap_epigenomics	3.57777062035605e-11	0.710478134116584	852	964	967	1053	1053	995	930	3572	2770	roadmap_epigenomics H3K27me3	NA	NA	H3K27me3	NA	NA	E083-H3K27me3.narrowPeak	1	94590
2	695	roadmap_epigenomics	3.23376608318552e-11	0.739248878100291	1323	965	948	932	965	948	1354	3101	2346	roadmap_epigenomics H3K27me3	NA	NA	H3K27me3	NA	NA	E084-H3K27me3.narrowPeak	1	193037
2	374	roadmap_epigenomics	2.88973261619372e-11	0.723766285602092	1035	966	959	1000	1000	975	1098	3389	2602	roadmap_epigenomics H3K9me3	NA	NA	H3K9me3	NA	NA	E035-H3K9me3.narrowPeak	1	112817
2	233	roadmap_epigenomics	2.19470323790942e-11	0.728113002692198	1130	967	955	971	971	964	1185	3294	2515	roadmap_epigenomics H3K27me3	NA	NA	H3K27me3	NA	NA	E017-H3K27me3.narrowPeak	1	299272
2	742	roadmap_epigenomics	1.88329296912074e-11	0.71284868786512	919	968	964	1039	1039	990	995	3505	2705	roadmap_epigenomics H3K9me3	NA	NA	H3K9me3	NA	NA	E089-H3K9me3.narrowPeak	1	123393
2	841	roadmap_epigenomics	1.79095379255703e-11	0.724288325915375	1083	969	958	988	988	972	1144	3341	2556	roadmap_epigenomics H3K27me3	NA	NA	H3K27me3	NA	NA	E102-H3K27me3.narrowPeak	1	129148
2	1079	roadmap_epigenomics	6.92160504036136e-12	0.731786301541285	1333	970	951	928	970	950	1372	3091	2328	roadmap_epigenomics H3K27me3	NA	NA	H3K27me3	NA	NA	E127-H3K27me3.narrowPeak	1	230204
2	534	roadmap_epigenomics	5.91436500153156e-12	0.710709976304925	969	971	966	1025	1025	987	1047	3455	2653	roadmap_epigenomics H3K27me3	NA	NA	H3K27me3	NA	NA	E059-H3K27me3.narrowPeak	1	100360
2	787	roadmap_epigenomics	5.88683345236109e-12	0.739567455801214	1627	972	947	894	972	938	1629	2797	2071	roadmap_epigenomics H3K9me3	NA	NA	H3K9me3	NA	NA	E094-H3K9me3.narrowPeak	1	157542
2	398	roadmap_epigenomics	4.78518575455708e-12	0.696661327327696	822	973	978	1058	1058	1000	913	3602	2787	roadmap_epigenomics H3K9me3	NA	NA	H3K9me3	NA	NA	E039-H3K9me3.narrowPeak	1	85095
2	62	roadmap_epigenomics	2.2374325879027e-12	0.68955134871658	792	974	982	1066	1066	1010	889	3632	2811	roadmap_epigenomics H3K9me3	NA	NA	H3K9me3	NA	NA	E004-H3K9me3.narrowPeak	1	65901
2	681	roadmap_epigenomics	1.9076325943399e-12	0.708368469826929	1015	975	968	1009	1009	984	1095	3409	2605	roadmap_epigenomics H3K9me3	NA	NA	H3K9me3	NA	NA	E082-H3K9me3.narrowPeak	1	165724
2	476	roadmap_epigenomics	1.47402274900253e-12	0.712877499204527	1103	976	963	983	983	974	1176	3321	2524	roadmap_epigenomics H3K27me3	NA	NA	H3K27me3	NA	NA	E051-H3K27me3.narrowPeak	1	236036
2	439	roadmap_epigenomics	8.66062497712371e-13	0.7120271272128	1132	977	965	970	977	971	1205	3292	2495	roadmap_epigenomics H3K27me3	NA	NA	H3K27me3	NA	NA	E046-H3K27me3.narrowPeak	1	116582
2	434	roadmap_epigenomics	3.98460109180001e-13	0.669566924920556	699	978	998	1086	1086	1020	810	3725	2890	roadmap_epigenomics H3K9me3	NA	NA	H3K9me3	NA	NA	E045-H3K9me3.narrowPeak	1	83794
2	428	roadmap_epigenomics	2.86646339433059e-13	0.681280701638296	811	979	988	1063	1063	1010	917	3613	2783	roadmap_epigenomics H3K9me3	NA	NA	H3K9me3	NA	NA	E044-H3K9me3.narrowPeak	1	145102
2	387	roadmap_epigenomics	6.19098233527254e-14	0.684282904149055	917	981	985	1040	1040	1000	1023	3507	2677	roadmap_epigenomics H3K27me3	NA	NA	H3K27me3	NA	NA	E038-H3K27me3.narrowPeak	1	62829
2	540	roadmap_epigenomics	5.76667824998904e-14	0.720498249085164	2304	982	960	838	982	927	2225	2120	1475	roadmap_epigenomics H3K27me3	NA	NA	H3K27me3	NA	NA	E061-H3K27me3.narrowPeak	1	303846
2	597	roadmap_epigenomics	5.49666655935408e-14	0.714933775411962	1498	983	962	911	983	952	1544	2926	2156	roadmap_epigenomics H3K9me3	NA	NA	H3K9me3	NA	NA	E070-H3K9me3.narrowPeak	1	240503
2	656	roadmap_epigenomics	2.61332743435949e-14	0.71644881431858	2344	984	961	831	984	925	2262	2080	1438	roadmap_epigenomics H3K9me3	NA	NA	H3K9me3	NA	NA	E079-H3K9me3.narrowPeak	1	258176
2	190	roadmap_epigenomics	2.25170463440198e-14	0.698389004278383	1185	985	975	960	985	973	1272	3239	2428	roadmap_epigenomics H3K9me3	NA	NA	H3K9me3	NA	NA	E012-H3K9me3.narrowPeak	1	164404
2	733	roadmap_epigenomics	1.85150873578235e-14	0.697553155411955	1185	986	976	960	986	974	1273	3239	2427	roadmap_epigenomics H3K9me3	NA	NA	H3K9me3	NA	NA	E088-H3K9me3.narrowPeak	1	161817
2	751	roadmap_epigenomics	1.66828651713722e-14	0.69335715709792	1120	987	979	975	987	980	1215	3304	2485	roadmap_epigenomics H3K9me3	NA	NA	H3K9me3	NA	NA	E090-H3K9me3.narrowPeak	1	163795
2	404	roadmap_epigenomics	1.35488009050739e-14	0.662500753039354	771	988	1002	1074	1074	1020	894	3653	2806	roadmap_epigenomics H3K9me3	NA	NA	H3K9me3	NA	NA	E040-H3K9me3.narrowPeak	1	108267
2	6	roadmap_epigenomics	9.16111093225632e-15	0.697329947914321	1239	989	977	950	989	972	1325	3185	2375	roadmap_epigenomics H3K9me3	NA	NA	H3K9me3	NA	NA	E001-H3K9me3.narrowPeak	1	176553
2	981	roadmap_epigenomics	2.9894151463152e-15	0.685170973358249	1105	990	984	981	990	985	1210	3319	2490	roadmap_epigenomics H3K27me3	NA	NA	H3K27me3	NA	NA	E119-H3K27me3.narrowPeak	1	181513
2	450	roadmap_epigenomics	2.21795317307257e-15	0.643907781403599	689	991	1020	1089	1089	1030	824	3735	2876	roadmap_epigenomics H3K9me3	NA	NA	H3K9me3	NA	NA	E047-H3K9me3.narrowPeak	1	66663
2	334	roadmap_epigenomics	1.73578943979592e-15	0.706272209029426	1778	992	970	881	992	948	1804	2646	1896	roadmap_epigenomics H3K27me3	NA	NA	H3K27me3	NA	NA	E030-H3K27me3.narrowPeak	1	255104
2	1050	roadmap_epigenomics	1.15719295986395e-15	0.691195524161251	1291	993	981	936	993	970	1382	3133	2318	roadmap_epigenomics H3K9me3	NA	NA	H3K9me3	NA	NA	E124-H3K9me3.narrowPeak	1	220527
2	298	roadmap_epigenomics	1.15719295986395e-15	0.683637432913123	1145	993	987	966	993	982	1251	3279	2449	roadmap_epigenomics H3K27me3	NA	NA	H3K27me3	NA	NA	E025-H3K27me3.narrowPeak	1	300249
2	551	roadmap_epigenomics	1.15719295986395e-15	0.65417094632234	791	993	1007	1068	1068	1020	924	3633	2776	roadmap_epigenomics H3K9me3	NA	NA	H3K9me3	NA	NA	E062-H3K9me3.narrowPeak	1	97775
2	708	roadmap_epigenomics	6.75029226587302e-16	0.703103670913374	1824	996	972	878	996	949	1848	2600	1852	roadmap_epigenomics H3K9me3	NA	NA	H3K9me3	NA	NA	E085-H3K9me3.narrowPeak	1	264076
2	855	roadmap_epigenomics	4.82163733276644e-16	0.505722778794764	228	997	1107	1121	1121	1080	359	4196	3341	roadmap_epigenomics H3K27me3	NA	NA	H3K27me3	NA	NA	E104-H3K27me3.narrowPeak	1	18466
2	872	roadmap_epigenomics	3.85730986621315e-16	0.686190560319341	1277	998	983	937	998	973	1375	3147	2325	roadmap_epigenomics H3K27me3	NA	NA	H3K27me3	NA	NA	E107-H3K27me3.narrowPeak	1	192092
2	400	roadmap_epigenomics	2.41081866638322e-16	0.662218853933851	935	999	1003	1036	1036	1010	1066	3489	2634	roadmap_epigenomics H3K27me3	NA	NA	H3K27me3	NA	NA	E040-H3K27me3.narrowPeak	1	76554
2	639	roadmap_epigenomics	9.64327466553287e-17	0.676638452012694	1203	1000	992	957	1000	983	1316	3221	2384	roadmap_epigenomics H3K27me3	NA	NA	H3K27me3	NA	NA	E077-H3K27me3.narrowPeak	1	151995
2	1103	roadmap_epigenomics	9.64327466553287e-17	0.677687898321484	1193	1000	991	959	1000	983	1305	3231	2395	roadmap_epigenomics H3K27me3	NA	NA	H3K27me3	NA	NA	E129-H3K27me3.narrowPeak	1	309622
2	422	roadmap_epigenomics	9.64327466553287e-17	0.64768084619051	821	1000	1015	1059	1059	1020	963	3603	2737	roadmap_epigenomics H3K9me3	NA	NA	H3K9me3	NA	NA	E043-H3K9me3.narrowPeak	1	129594
2	799	roadmap_epigenomics	0	0.639286847636439	2780	1003	1023	747	1023	924	2685	1644	1015	roadmap_epigenomics H3K9me3	NA	NA	H3K9me3	NA	NA	E096-H3K9me3.narrowPeak	1	438415
2	661	roadmap_epigenomics	0	0.673218167261633	1700	1003	994	888	1003	962	1780	2724	1920	roadmap_epigenomics H3K27me3	NA	NA	H3K27me3	NA	NA	E080-H3K27me3.narrowPeak	1	290737
2	38	roadmap_epigenomics	0	0.679734644760443	1591	1003	990	899	1003	964	1674	2833	2026	roadmap_epigenomics H3K9me3	NA	NA	H3K9me3	NA	NA	E003-H3K9me3.narrowPeak	1	307462
2	379	roadmap_epigenomics	0	0.670633799422474	1624	1003	995	895	1003	964	1716	2800	1984	roadmap_epigenomics H3K9me3	NA	NA	H3K9me3	NA	NA	E036-H3K9me3.narrowPeak	1	237679
2	365	roadmap_epigenomics	0	0.638891283846002	2008	1003	1025	866	1025	965	2092	2416	1608	roadmap_epigenomics H3K27me3	NA	NA	H3K27me3	NA	NA	E034-H3K27me3.narrowPeak	1	387733
2	817	roadmap_epigenomics	0	0.633937501861203	2076	1003	1031	860	1031	965	2155	2348	1545	roadmap_epigenomics H3K9me3	NA	NA	H3K9me3	NA	NA	E098-H3K9me3.narrowPeak	1	251390
2	184	roadmap_epigenomics	0	0.684148291618182	1518	1003	986	910	1003	966	1602	2906	2098	roadmap_epigenomics H3K9me3	NA	NA	H3K9me3	NA	NA	E011-H3K9me3.narrowPeak	1	213267
2	12	roadmap_epigenomics	0	0.643967201204361	1734	1003	1019	884	1019	969	1851	2690	1849	roadmap_epigenomics H3K9me3	NA	NA	H3K9me3	NA	NA	E002-H3K9me3.narrowPeak	1	304858
2	665	roadmap_epigenomics	0	0.649082065908482	1644	1003	1012	892	1012	969	1764	2780	1936	roadmap_epigenomics H3K9me3	NA	NA	H3K9me3	NA	NA	E080-H3K9me3.narrowPeak	1	218395
2	297	roadmap_epigenomics	0	0.680276325674005	1360	1003	989	925	1003	972	1461	3064	2239	roadmap_epigenomics H3K9me3	NA	NA	H3K9me3	NA	NA	E024-H3K9me3.narrowPeak	1	260267
2	1062	roadmap_epigenomics	0	0.669944697610723	1416	1003	997	920	1003	973	1527	3008	2173	roadmap_epigenomics H3K9me3	NA	NA	H3K9me3	NA	NA	E125-H3K9me3.narrowPeak	1	149930
2	375	roadmap_epigenomics	0	0.665887993652427	1341	1003	1001	927	1003	977	1462	3083	2238	roadmap_epigenomics H3K27me3	NA	NA	H3K27me3	NA	NA	E036-H3K27me3.narrowPeak	1	292043
2	834	roadmap_epigenomics	0	0.674200312699387	1260	1003	993	943	1003	980	1374	3164	2326	roadmap_epigenomics H3K27me3	NA	NA	H3K27me3	NA	NA	E101-H3K27me3.narrowPeak	1	178729
2	333	roadmap_epigenomics	0	0.667747432971542	1268	1003	1000	940	1003	981	1390	3156	2310	roadmap_epigenomics H3K9me3	NA	NA	H3K9me3	NA	NA	E029-H3K9me3.narrowPeak	1	223443
2	808	roadmap_epigenomics	0	0.628555631073349	1535	1003	1035	908	1035	982	1695	2889	2005	roadmap_epigenomics H3K9me3	NA	NA	H3K9me3	NA	NA	E097-H3K9me3.narrowPeak	1	165885
2	196	roadmap_epigenomics	0	0.635344623700692	1444	1003	1029	916	1029	983	1601	2980	2099	roadmap_epigenomics H3K9me3	NA	NA	H3K9me3	NA	NA	E013-H3K9me3.narrowPeak	1	223866
2	316	roadmap_epigenomics	0	0.611446884633084	1539	1003	1046	907	1046	985	1724	2885	1976	roadmap_epigenomics H3K9me3	NA	NA	H3K9me3	NA	NA	E027-H3K9me3.narrowPeak	1	366285
2	424	roadmap_epigenomics	0	0.641263573826589	1329	1003	1022	930	1022	985	1484	3095	2216	roadmap_epigenomics H3K27me3	NA	NA	H3K27me3	NA	NA	E044-H3K27me3.narrowPeak	1	189790
2	472	roadmap_epigenomics	0	0.644286025546645	1301	1003	1017	934	1017	985	1453	3123	2247	roadmap_epigenomics H3K9me3	NA	NA	H3K9me3	NA	NA	E050-H3K9me3.narrowPeak	1	253527
2	167	roadmap_epigenomics	0	0.66939119576347	1208	1003	999	956	1003	986	1330	3216	2370	roadmap_epigenomics H3K27me3	NA	NA	H3K27me3	NA	NA	E009-H3K27me3.narrowPeak	1	215158
2	268	roadmap_epigenomics	0	0.649285627563739	1250	1003	1011	945	1011	986	1397	3174	2303	roadmap_epigenomics H3K9me3	NA	NA	H3K9me3	NA	NA	E020-H3K9me3.narrowPeak	1	201977
2	217	roadmap_epigenomics	0	0.644043333049113	1252	1003	1018	944	1018	988	1406	3172	2294	roadmap_epigenomics H3K9me3	NA	NA	H3K9me3	NA	NA	E016-H3K9me3.narrowPeak	1	236873
2	879	roadmap_epigenomics	0	0.649711455788825	1230	1003	1010	952	1010	988	1377	3194	2323	roadmap_epigenomics H3K27me3	NA	NA	H3K27me3	NA	NA	E108-H3K27me3.narrowPeak	1	189539
2	348	roadmap_epigenomics	0	0.637940266127302	1294	1003	1028	935	1028	989	1455	3130	2245	roadmap_epigenomics H3K27me3	NA	NA	H3K27me3	NA	NA	E032-H3K27me3.narrowPeak	1	178963
2	244	roadmap_epigenomics	0	0.601440256944931	1407	1003	1054	921	1054	993	1616	3017	2084	roadmap_epigenomics H3K9me3	NA	NA	H3K9me3	NA	NA	E017-H3K9me3.narrowPeak	1	418568
2	480	roadmap_epigenomics	0	0.592785946625544	1430	1003	1063	918	1063	995	1651	2994	2049	roadmap_epigenomics H3K9me3	NA	NA	H3K9me3	NA	NA	E051-H3K9me3.narrowPeak	1	399600
2	481	roadmap_epigenomics	0	0.64477361260544	1128	1003	1016	973	1016	997	1283	3296	2417	roadmap_epigenomics H3K27me3	NA	NA	H3K27me3	NA	NA	E052-H3K27me3.narrowPeak	1	291852
2	546	roadmap_epigenomics	0	0.62982791679938	1229	1003	1034	953	1034	997	1403	3195	2297	roadmap_epigenomics H3K27me3	NA	NA	H3K27me3	NA	NA	E062-H3K27me3.narrowPeak	1	117101
2	109	roadmap_epigenomics	0	0.590021410362089	1313	1003	1065	933	1065	1000	1543	3111	2157	roadmap_epigenomics H3K9me3	NA	NA	H3K9me3	NA	NA	E006-H3K9me3.narrowPeak	1	248522
2	210	roadmap_epigenomics	0	0.589769344456926	1327	1003	1067	931	1067	1000	1557	3097	2143	roadmap_epigenomics H3K9me3	NA	NA	H3K9me3	NA	NA	E015-H3K9me3.narrowPeak	1	342240
2	544	roadmap_epigenomics	0	0.579967351334135	1332	1003	1072	929	1072	1000	1577	3092	2123	roadmap_epigenomics H3K9me3	NA	NA	H3K9me3	NA	NA	E061-H3K9me3.narrowPeak	1	269877
2	867	roadmap_epigenomics	0	0.559142364011927	1373	1003	1087	923	1087	1000	1650	3051	2050	roadmap_epigenomics H3K27me3	NA	NA	H3K27me3	NA	NA	E106-H3K27me3.narrowPeak	1	171804
2	940	roadmap_epigenomics	0	0.653290038805426	1061	1003	1009	993	1009	1000	1205	3363	2495	roadmap_epigenomics H3K9me3	NA	NA	H3K9me3	NA	NA	E115-H3K9me3.narrowPeak	1	191833
2	1017	roadmap_epigenomics	0	0.656222017084435	1024	1003	1005	1006	1006	1000	1164	3400	2536	roadmap_epigenomics H3K27me3	NA	NA	H3K27me3	NA	NA	E122-H3K27me3.narrowPeak	1	176690
2	254	roadmap_epigenomics	0	0.642606369354023	1034	1003	1021	1001	1021	1010	1191	3390	2509	roadmap_epigenomics H3K9me3	NA	NA	H3K9me3	NA	NA	E018-H3K9me3.narrowPeak	1	188469
2	443	roadmap_epigenomics	0	0.626317902201	1040	1003	1038	998	1038	1010	1218	3384	2482	roadmap_epigenomics H3K9me3	NA	NA	H3K9me3	NA	NA	E046-H3K9me3.narrowPeak	1	220089
2	523	roadmap_epigenomics	0	0.596948545675147	1178	1003	1058	962	1058	1010	1399	3246	2301	roadmap_epigenomics H3K9me3	NA	NA	H3K9me3	NA	NA	E057-H3K9me3.narrowPeak	1	247543
2	553	roadmap_epigenomics	0	0.597116200781422	1123	1003	1057	974	1057	1010	1343	3301	2357	roadmap_epigenomics H3K27me3	NA	NA	H3K27me3	NA	NA	E063-H3K27me3.narrowPeak	1	207798
2	760	roadmap_epigenomics	0	0.655557984116763	981	1003	1006	1018	1018	1010	1121	3443	2579	roadmap_epigenomics H3K9me3	NA	NA	H3K9me3	NA	NA	E091-H3K9me3.narrowPeak	1	158209
2	853	roadmap_epigenomics	0	0.653408057779821	960	1003	1008	1030	1030	1010	1102	3464	2598	roadmap_epigenomics H3K9me3	NA	NA	H3K9me3	NA	NA	E103-H3K9me3.narrowPeak	1	100968
2	933	roadmap_epigenomics	0	0.630987183595881	1102	1003	1033	984	1033	1010	1275	3322	2425	roadmap_epigenomics H3K27me3	NA	NA	H3K27me3	NA	NA	E115-H3K27me3.narrowPeak	1	239959
2	203	roadmap_epigenomics	0	0.566999461052167	1085	1003	1081	986	1081	1020	1348	3339	2352	roadmap_epigenomics H3K9me3	NA	NA	H3K9me3	NA	NA	E014-H3K9me3.narrowPeak	1	279334
2	261	roadmap_epigenomics	0	0.615072031781537	993	1003	1044	1015	1044	1020	1184	3431	2516	roadmap_epigenomics H3K9me3	NA	NA	H3K9me3	NA	NA	E019-H3K9me3.narrowPeak	1	217812
2	292	roadmap_epigenomics	0	0.570010452985258	1075	1003	1079	989	1079	1020	1333	3349	2367	roadmap_epigenomics H3K9me3	NA	NA	H3K9me3	NA	NA	E023-H3K9me3.narrowPeak	1	224057
2	338	roadmap_epigenomics	0	0.595723379991583	1034	1003	1060	1001	1060	1020	1253	3390	2447	roadmap_epigenomics H3K9me3	NA	NA	H3K9me3	NA	NA	E030-H3K9me3.narrowPeak	1	242870
2	394	roadmap_epigenomics	0	0.606670998782317	991	1003	1049	1016	1049	1020	1193	3433	2507	roadmap_epigenomics H3K27me3	NA	NA	H3K27me3	NA	NA	E039-H3K27me3.narrowPeak	1	115142
2	412	roadmap_epigenomics	0	0.610414779758008	1037	1003	1048	999	1048	1020	1236	3387	2464	roadmap_epigenomics H3K27me3	NA	NA	H3K27me3	NA	NA	E042-H3K27me3.narrowPeak	1	132585
2	430	roadmap_epigenomics	0	0.595955464532359	1066	1003	1059	991	1059	1020	1286	3358	2414	roadmap_epigenomics H3K27me3	NA	NA	H3K27me3	NA	NA	E045-H3K27me3.narrowPeak	1	113136
2	529	roadmap_epigenomics	0	0.574361951696548	1064	1003	1077	992	1077	1020	1315	3360	2385	roadmap_epigenomics H3K9me3	NA	NA	H3K9me3	NA	NA	E058-H3K9me3.narrowPeak	1	301065
2	558	roadmap_epigenomics	0	0.589853585900752	1075	1003	1066	989	1066	1020	1304	3349	2396	roadmap_epigenomics H3K9me3	NA	NA	H3K9me3	NA	NA	E063-H3K9me3.narrowPeak	1	232267
2	585	roadmap_epigenomics	0	0.606368426365193	1003	1003	1050	1011	1050	1020	1206	3421	2494	roadmap_epigenomics H3K9me3	NA	NA	H3K9me3	NA	NA	E068-H3K9me3.narrowPeak	1	193456
2	624	roadmap_epigenomics	0	0.621564351816594	980	1003	1040	1019	1040	1020	1162	3444	2538	roadmap_epigenomics H3K9me3	NA	NA	H3K9me3	NA	NA	E074-H3K9me3.narrowPeak	1	150390
2	644	roadmap_epigenomics	0	0.639047525322056	953	1003	1024	1032	1032	1020	1112	3471	2588	roadmap_epigenomics H3K9me3	NA	NA	H3K9me3	NA	NA	E077-H3K9me3.narrowPeak	1	223454
2	652	roadmap_epigenomics	0	0.634017998619984	1002	1003	1030	1012	1030	1020	1169	3422	2531	roadmap_epigenomics H3K27me3	NA	NA	H3K27me3	NA	NA	E079-H3K27me3.narrowPeak	1	85895
2	828	roadmap_epigenomics	0	0.579035391310617	1111	1003	1073	979	1073	1020	1357	3313	2343	roadmap_epigenomics H3K27me3	NA	NA	H3K27me3	NA	NA	E100-H3K27me3.narrowPeak	1	119670
2	889	roadmap_epigenomics	0	0.508486121589251	1178	1003	1106	962	1106	1020	1541	3246	2159	roadmap_epigenomics H3K27me3	NA	NA	H3K27me3	NA	NA	E109-H3K27me3.narrowPeak	1	201231
2	893	roadmap_epigenomics	0	0.648115812416683	951	1003	1014	1033	1033	1020	1099	3473	2601	roadmap_epigenomics H3K9me3	NA	NA	H3K9me3	NA	NA	E109-H3K9me3.narrowPeak	1	103033
2	988	roadmap_epigenomics	0	0.633915619830796	998	1003	1032	1014	1032	1020	1165	3426	2535	roadmap_epigenomics H3K9me3	NA	NA	H3K9me3	NA	NA	E119-H3K9me3.narrowPeak	1	271804
2	1012	roadmap_epigenomics	0	0.566999461052167	1085	1003	1081	986	1081	1020	1348	3339	2352	roadmap_epigenomics H3K9me3	NA	NA	H3K9me3	NA	NA	E121-H3K9me3.narrowPeak	1	138498
2	173	roadmap_epigenomics	0	0.517910998364015	1052	1003	1102	995	1102	1030	1391	3372	2309	roadmap_epigenomics H3K27me3	NA	NA	H3K27me3	NA	NA	E010-H3K27me3.narrowPeak	1	251817
2	287	roadmap_epigenomics	0	0.585587666938906	1029	1003	1069	1004	1069	1030	1262	3395	2438	roadmap_epigenomics H3K27me3	NA	NA	H3K27me3	NA	NA	E023-H3K27me3.narrowPeak	1	307913
2	303	roadmap_epigenomics	0	0.59933301992168	960	1003	1055	1030	1055	1030	1170	3464	2530	roadmap_epigenomics H3K9me3	NA	NA	H3K9me3	NA	NA	E025-H3K9me3.narrowPeak	1	216512
2	305	roadmap_epigenomics	0	0.597522708387311	969	1003	1056	1025	1056	1030	1182	3455	2518	roadmap_epigenomics H3K27me3	NA	NA	H3K27me3	NA	NA	E026-H3K27me3.narrowPeak	1	281141
2	310	roadmap_epigenomics	0	0.617480460695751	877	1003	1042	1048	1048	1030	1058	3547	2642	roadmap_epigenomics H3K9me3	NA	NA	H3K9me3	NA	NA	E026-H3K9me3.narrowPeak	1	170622
2	406	roadmap_epigenomics	0	0.55316808384919	1100	1003	1091	985	1091	1030	1385	3324	2315	roadmap_epigenomics H3K27me3	NA	NA	H3K27me3	NA	NA	E041-H3K27me3.narrowPeak	1	184455
2	418	roadmap_epigenomics	0	0.563090181992513	1033	1003	1084	1003	1084	1030	1299	3391	2401	roadmap_epigenomics H3K27me3	NA	NA	H3K27me3	NA	NA	E043-H3K27me3.narrowPeak	1	166658
2	445	roadmap_epigenomics	0	0.540759101444849	1042	1003	1095	996	1095	1030	1343	3382	2357	roadmap_epigenomics H3K27me3	NA	NA	H3K27me3	NA	NA	E047-H3K27me3.narrowPeak	1	175300
2	463	roadmap_epigenomics	0	0.578327390902383	964	1003	1074	1027	1074	1030	1203	3460	2497	roadmap_epigenomics H3K9me3	NA	NA	H3K9me3	NA	NA	E049-H3K9me3.narrowPeak	1	233346
2	560	roadmap_epigenomics	0	0.533380065070891	1105	1003	1097	981	1097	1030	1422	3319	2278	roadmap_epigenomics H3K27me3	NA	NA	H3K27me3	NA	NA	E065-H3K27me3.narrowPeak	1	134896
2	592	roadmap_epigenomics	0	0.605691238414919	894	1003	1051	1045	1051	1030	1091	3530	2609	roadmap_epigenomics H3K9me3	NA	NA	H3K9me3	NA	NA	E069-H3K9me3.narrowPeak	1	114493
2	599	roadmap_epigenomics	0	0.560688164235613	1024	1003	1086	1006	1086	1030	1293	3400	2407	roadmap_epigenomics H3K27me3	NA	NA	H3K27me3	NA	NA	E071-H3K27me3.narrowPeak	1	129447
2	612	roadmap_epigenomics	0	0.566549484130703	1020	1003	1083	1008	1083	1030	1280	3404	2420	roadmap_epigenomics H3K27me3	NA	NA	H3K27me3	NA	NA	E073-H3K27me3.narrowPeak	1	123448
2	650	roadmap_epigenomics	0	0.611873157996517	905	1003	1045	1042	1045	1030	1095	3519	2605	roadmap_epigenomics H3K9me3	NA	NA	H3K9me3	NA	NA	E078-H3K9me3.narrowPeak	1	134778
2	839	roadmap_epigenomics	0	0.638554130612758	819	1003	1026	1060	1060	1030	971	3605	2729	roadmap_epigenomics H3K9me3	NA	NA	H3K9me3	NA	NA	E101-H3K9me3.narrowPeak	1	120707
2	901	roadmap_epigenomics	0	0.593481794765779	962	1003	1062	1029	1062	1030	1180	3462	2520	roadmap_epigenomics H3K27me3	NA	NA	H3K27me3	NA	NA	E111-H3K27me3.narrowPeak	1	155817
2	1087	roadmap_epigenomics	0	0.616438319104416	825	1003	1043	1055	1055	1030	1003	3599	2697	roadmap_epigenomics H3K9me3	NA	NA	H3K9me3	NA	NA	E127-H3K9me3.narrowPeak	1	155989
2	458	roadmap_epigenomics	0	0.532714627865368	977	1003	1098	1022	1098	1040	1285	3447	2415	roadmap_epigenomics H3K27me3	NA	NA	H3K27me3	NA	NA	E049-H3K27me3.narrowPeak	1	322175
2	487	roadmap_epigenomics	0	0.623129488772171	759	1003	1039	1077	1077	1040	923	3665	2777	roadmap_epigenomics H3K9me3	NA	NA	H3K9me3	NA	NA	E052-H3K9me3.narrowPeak	1	148296
2	506	roadmap_epigenomics	0	0.453388274669384	1041	1003	1115	997	1115	1040	1496	3383	2204	roadmap_epigenomics H3K9me3	NA	NA	H3K9me3	NA	NA	E055-H3K9me3.narrowPeak	1	439063
2	571	roadmap_epigenomics	0	0.525317996389484	970	1003	1100	1024	1100	1040	1289	3454	2411	roadmap_epigenomics H3K9me3	NA	NA	H3K9me3	NA	NA	E066-H3K9me3.narrowPeak	1	280982
2	603	roadmap_epigenomics	0	0.586999895702699	902	1003	1068	1043	1068	1040	1124	3522	2576	roadmap_epigenomics H3K9me3	NA	NA	H3K9me3	NA	NA	E071-H3K9me3.narrowPeak	1	136353
2	610	roadmap_epigenomics	0	0.561815124287901	980	1003	1085	1019	1085	1040	1244	3444	2456	roadmap_epigenomics H3K9me3	NA	NA	H3K9me3	NA	NA	E072-H3K9me3.narrowPeak	1	143837
2	617	roadmap_epigenomics	0	0.548096138205888	964	1003	1093	1027	1093	1040	1247	3460	2453	roadmap_epigenomics H3K9me3	NA	NA	H3K9me3	NA	NA	E073-H3K9me3.narrowPeak	1	139270
2	619	roadmap_epigenomics	0	0.54559900661165	937	1003	1094	1035	1094	1040	1221	3487	2479	roadmap_epigenomics H3K27me3	NA	NA	H3K27me3	NA	NA	E074-H3K27me3.narrowPeak	1	137148
2	993	roadmap_epigenomics	0	0.601448706595299	824	1003	1053	1056	1056	1040	1020	3600	2680	roadmap_epigenomics H3K27me3	NA	NA	H3K27me3	NA	NA	E120-H3K27me3.narrowPeak	1	126488
2	1030	roadmap_epigenomics	0	0.626425775861649	798	1003	1037	1065	1065	1040	962	3626	2738	roadmap_epigenomics H3K27me3	NA	NA	H3K27me3	NA	NA	E123-H3K27me3.narrowPeak	1	123368
2	1109	roadmap_epigenomics	0	0.620934897067699	817	1003	1041	1062	1062	1040	989	3607	2711	roadmap_epigenomics H3K9me3	NA	NA	H3K9me3	NA	NA	E129-H3K9me3.narrowPeak	1	180247
2	311	roadmap_epigenomics	0	0.500964490720081	891	1003	1108	1046	1108	1050	1239	3533	2461	roadmap_epigenomics H3K27me3	NA	NA	H3K27me3	NA	NA	E027-H3K27me3.narrowPeak	1	319446
2	324	roadmap_epigenomics	0	0.603834452317332	570	1003	1052	1106	1106	1050	728	3854	2972	roadmap_epigenomics H3K9me3	NA	NA	H3K9me3	NA	NA	E028-H3K9me3.narrowPeak	1	192863
2	538	roadmap_epigenomics	0	0.59447511529076	759	1003	1061	1077	1077	1050	956	3665	2744	roadmap_epigenomics H3K9me3	NA	NA	H3K9me3	NA	NA	E059-H3K9me3.narrowPeak	1	85196
2	573	roadmap_epigenomics	0	0.513345709092747	841	1003	1104	1054	1104	1050	1161	3583	2539	roadmap_epigenomics H3K27me3	NA	NA	H3K27me3	NA	NA	E067-H3K27me3.narrowPeak	1	102020
2	578	roadmap_epigenomics	0	0.577256414713036	819	1003	1075	1060	1075	1050	1045	3605	2655	roadmap_epigenomics H3K9me3	NA	NA	H3K9me3	NA	NA	E067-H3K9me3.narrowPeak	1	97767
2	587	roadmap_epigenomics	0	0.592514246015212	772	1003	1064	1072	1072	1050	973	3652	2727	roadmap_epigenomics H3K27me3	NA	NA	H3K27me3	NA	NA	E069-H3K27me3.narrowPeak	1	78271
2	605	roadmap_epigenomics	0	0.535281861782424	869	1003	1096	1051	1096	1050	1160	3555	2540	roadmap_epigenomics H3K27me3	NA	NA	H3K27me3	NA	NA	E072-H3K27me3.narrowPeak	1	109748
2	846	roadmap_epigenomics	0	0.58460737500153	767	1003	1070	1075	1075	1050	977	3657	2723	roadmap_epigenomics H3K9me3	NA	NA	H3K9me3	NA	NA	E102-H3K9me3.narrowPeak	1	148364
2	859	roadmap_epigenomics	0	0.610959235426829	612	1003	1047	1098	1098	1050	770	3812	2930	roadmap_epigenomics H3K9me3	NA	NA	H3K9me3	NA	NA	E104-H3K9me3.narrowPeak	1	53841
2	861	roadmap_epigenomics	0	0.493025367394131	872	1003	1109	1049	1109	1050	1230	3552	2470	roadmap_epigenomics H3K27me3	NA	NA	H3K27me3	NA	NA	E105-H3K27me3.narrowPeak	1	139718
2	871	roadmap_epigenomics	0	0.551436739005422	898	1003	1092	1044	1092	1050	1169	3526	2531	roadmap_epigenomics H3K9me3	NA	NA	H3K9me3	NA	NA	E106-H3K9me3.narrowPeak	1	167309
2	877	roadmap_epigenomics	0	0.53088421659688	879	1003	1099	1047	1099	1050	1178	3545	2522	roadmap_epigenomics H3K9me3	NA	NA	H3K9me3	NA	NA	E107-H3K9me3.narrowPeak	1	110622
2	884	roadmap_epigenomics	0	0.557903303359286	800	1003	1089	1064	1089	1050	1049	3624	2651	roadmap_epigenomics H3K9me3	NA	NA	H3K9me3	NA	NA	E108-H3K9me3.narrowPeak	1	125491
2	1005	roadmap_epigenomics	0	0.468450512342513	932	1003	1111	1037	1111	1050	1343	3492	2357	roadmap_epigenomics H3K27me3	NA	NA	H3K27me3	NA	NA	E121-H3K27me3.narrowPeak	1	349372
2	564	roadmap_epigenomics	0	0.454059829444325	790	1003	1114	1069	1114	1060	1198	3634	2502	roadmap_epigenomics H3K9me3	NA	NA	H3K9me3	NA	NA	E065-H3K9me3.narrowPeak	1	124507
2	580	roadmap_epigenomics	0	0.573939654437826	598	1003	1078	1103	1103	1060	792	3826	2908	roadmap_epigenomics H3K27me3	NA	NA	H3K27me3	NA	NA	E068-H3K27me3.narrowPeak	1	52286
2	789	roadmap_epigenomics	0	0.41828309302052	792	1003	1118	1066	1118	1060	1268	3632	2432	roadmap_epigenomics H3K27me3	NA	NA	H3K27me3	NA	NA	E095-H3K27me3.narrowPeak	1	152210
2	793	roadmap_epigenomics	0	0.43237490157292	854	1003	1117	1052	1117	1060	1318	3570	2382	roadmap_epigenomics H3K9me3	NA	NA	H3K9me3	NA	NA	E095-H3K9me3.narrowPeak	1	192228
2	795	roadmap_epigenomics	0	0.567577265712301	691	1003	1080	1088	1088	1060	910	3733	2790	roadmap_epigenomics H3K27me3	NA	NA	H3K27me3	NA	NA	E096-H3K27me3.narrowPeak	1	85642
2	823	roadmap_epigenomics	0	0.575051747789291	547	1003	1076	1108	1108	1060	729	3877	2971	roadmap_epigenomics H3K9me3	NA	NA	H3K9me3	NA	NA	E099-H3K9me3.narrowPeak	1	52477
2	832	roadmap_epigenomics	0	0.517839568072322	716	1003	1103	1084	1103	1060	1005	3708	2695	roadmap_epigenomics H3K9me3	NA	NA	H3K9me3	NA	NA	E100-H3K9me3.narrowPeak	1	148038
2	906	roadmap_epigenomics	0	0.558493129209099	593	1003	1088	1104	1104	1060	803	3831	2897	roadmap_epigenomics H3K9me3	NA	NA	H3K9me3	NA	NA	E111-H3K9me3.narrowPeak	1	69918
2	566	roadmap_epigenomics	0	0.456048490316106	583	1003	1113	1105	1113	1070	924	3841	2776	roadmap_epigenomics H3K27me3	NA	NA	H3K27me3	NA	NA	E066-H3K27me3.narrowPeak	1	107945
2	719	roadmap_epigenomics	0	0.485720110187738	559	1003	1110	1107	1110	1070	849	3865	2851	roadmap_epigenomics H3K27me3	NA	NA	H3K27me3	NA	NA	E087-H3K27me3.narrowPeak	1	66475
2	804	roadmap_epigenomics	0	0.509036116305872	656	1003	1105	1092	1105	1070	943	3768	2757	roadmap_epigenomics H3K27me3	NA	NA	H3K27me3	NA	NA	E097-H3K27me3.narrowPeak	1	112268
2	865	roadmap_epigenomics	0	0.522207997970961	540	1003	1101	1109	1109	1070	778	3884	2922	roadmap_epigenomics H3K9me3	NA	NA	H3K9me3	NA	NA	E105-H3K9me3.narrowPeak	1	72720
2	922	roadmap_epigenomics	0	0.393984847044943	632	1003	1120	1096	1120	1070	1100	3792	2600	roadmap_epigenomics H3K27me3	NA	NA	H3K27me3	NA	NA	E114-H3K27me3.narrowPeak	1	215893
2	957	roadmap_epigenomics	0	0.459214022511266	640	1003	1112	1095	1112	1070	996	3784	2704	roadmap_epigenomics H3K27me3	NA	NA	H3K27me3	NA	NA	E117-H3K27me3.narrowPeak	1	219064
2	515	roadmap_epigenomics	0	0.306117806586392	456	1003	1121	1114	1121	1080	1010	3968	2690	roadmap_epigenomics H3K9me3	NA	NA	H3K9me3	NA	NA	E056-H3K9me3.narrowPeak	1	314736
2	1025	roadmap_epigenomics	0	0.445709730116713	372	1003	1116	1116	1116	1080	632	4052	3068	roadmap_epigenomics H3K9me3	NA	NA	H3K9me3	NA	NA	E122-H3K9me3.narrowPeak	1	224772
