userSet	dbSet	collection	pValueLog	oddsRatio	support	rnkPV	rnkOR	rnkSup	maxRnk	meanRnk	b	c	d	description	cellType	tissue	antibody	treatment	dataSource	filename	qValue	size
1	1116	ucsc_features	154.905562086887	5.2498252397916	1108	1	1	1008	1008	337	325	2634	4057	UCSC LaminB1 Lads	NA	NA	NA	NA	NA	laminB1Lads.bed	4.65260748094921e-153	1296
1	515	roadmap_epigenomics	84.8448902191247	3.20678823550445	1012	2	3	1030	1030	345	454	2730	3928	roadmap_epigenomics H3K9me3	NA	NA	H3K9me3	NA	NA	E056-H3K9me3.narrowPeak	1.82392453326026e-84	314736
1	922	roadmap_epigenomics	61.7660311769253	2.50138156355209	1104	3	4	1010	1010	339	628	2638	3754	roadmap_epigenomics H3K27me3	NA	NA	H3K27me3	NA	NA	E114-H3K27me3.narrowPeak	8.66953102039962e-62	215893
1	789	roadmap_epigenomics	60.161472989356	2.33571390035622	1270	4	6	950	950	320	790	2472	3592	roadmap_epigenomics H3K27me3	NA	NA	H3K27me3	NA	NA	E095-H3K27me3.narrowPeak	3.32315689445643e-60	152210
1	793	roadmap_epigenomics	57.9459269104489	2.26377590464209	1321	5	7	929	929	314	851	2421	3531	roadmap_epigenomics H3K9me3	NA	NA	H3K9me3	NA	NA	E095-H3K9me3.narrowPeak	5.15983628454257e-58	192228
1	506	roadmap_epigenomics	56.190139966306	2.15279033403469	1499	6	11	859	859	292	1038	2243	3344	roadmap_epigenomics H3K9me3	NA	NA	H3K9me3	NA	NA	E055-H3K9me3.narrowPeak	2.7824800700781e-56	439063
1	1005	roadmap_epigenomics	49.1708352444874	2.09314668172508	1347	7	13	917	917	312	928	2395	3454	roadmap_epigenomics H3K27me3	NA	NA	H3K27me3	NA	NA	E121-H3K27me3.narrowPeak	2.53438928304661e-49	349372
1	564	roadmap_epigenomics	48.4776357410908	2.15287598921084	1200	8	10	980	980	333	788	2542	3594	roadmap_epigenomics H3K9me3	NA	NA	H3K9me3	NA	NA	E065-H3K9me3.narrowPeak	1.22586931941123e-48	124507
1	889	roadmap_epigenomics	43.9192647164123	1.93897164693114	1549	9	18	846	846	291	1170	2193	3212	roadmap_epigenomics H3K27me3	NA	NA	H3K27me3	NA	NA	E109-H3K27me3.narrowPeak	4.13587388329933e-44	201231
1	957	roadmap_epigenomics	41.3552954756471	2.13414678070218	998	10	12	1036	1036	353	638	2744	3744	roadmap_epigenomics H3K27me3	NA	NA	H3K27me3	NA	NA	E117-H3K27me3.narrowPeak	1.47484032389015e-41	219064
1	861	roadmap_epigenomics	41.2968347614917	1.99703793932384	1235	11	15	964	964	330	867	2507	3515	roadmap_epigenomics H3K27me3	NA	NA	H3K27me3	NA	NA	E105-H3K27me3.narrowPeak	1.68234512451731e-41	139718
1	566	roadmap_epigenomics	39.9942254140314	2.15847706734489	927	12	9	1056	1056	359	580	2815	3802	roadmap_epigenomics H3K27me3	NA	NA	H3K27me3	NA	NA	E066-H3K27me3.narrowPeak	3.33244994031522e-40	107945
1	311	roadmap_epigenomics	39.5041259184589	1.95973554401778	1243	13	16	960	960	330	887	2499	3495	roadmap_epigenomics H3K27me3	NA	NA	H3K27me3	NA	NA	E027-H3K27me3.narrowPeak	1.02109138386176e-39	319446
1	173	roadmap_epigenomics	38.5846025546089	1.89076331693832	1395	14	22	899	899	312	1048	2347	3334	roadmap_epigenomics H3K27me3	NA	NA	H3K27me3	NA	NA	E010-H3K27me3.narrowPeak	8.39842711741417e-39	251817
1	571	roadmap_epigenomics	35.7715305542927	1.87160168697064	1294	15	24	939	939	326	965	2448	3417	roadmap_epigenomics H3K9me3	NA	NA	H3K9me3	NA	NA	E066-H3K9me3.narrowPeak	5.30843098334795e-36	280982
1	573	roadmap_epigenomics	35.4968790759975	1.91457987740637	1165	16	20	997	997	344	837	2577	3545	roadmap_epigenomics H3K27me3	NA	NA	H3K27me3	NA	NA	E067-H3K27me3.narrowPeak	9.86717133355867e-36	102020
1	560	roadmap_epigenomics	35.2942159480351	1.82615322719833	1424	17	28	888	888	311	1103	2318	3279	roadmap_epigenomics H3K27me3	NA	NA	H3K27me3	NA	NA	E065-H3K27me3.narrowPeak	1.57129302688908e-35	134896
1	458	roadmap_epigenomics	34.556825551984	1.85020281332212	1291	18	26	942	942	329	971	2451	3411	roadmap_epigenomics H3K27me3	NA	NA	H3K27me3	NA	NA	E049-H3K27me3.narrowPeak	8.54784565383549e-35	322175
1	445	roadmap_epigenomics	33.6077064386438	1.81617855495467	1348	19	29	916	916	321	1037	2394	3345	roadmap_epigenomics H3K27me3	NA	NA	H3K27me3	NA	NA	E047-H3K27me3.narrowPeak	7.55104838937066e-34	175300
1	867	roadmap_epigenomics	33.3579162428167	1.75082474949597	1656	20	38	800	800	286	1367	2086	3015	roadmap_epigenomics H3K27me3	NA	NA	H3K27me3	NA	NA	E106-H3K27me3.narrowPeak	1.3366756025918e-33	171804
1	877	roadmap_epigenomics	32.8729886074449	1.85539543262767	1183	21	25	988	988	345	874	2559	3508	roadmap_epigenomics H3K9me3	NA	NA	H3K9me3	NA	NA	E107-H3K9me3.narrowPeak	4.04978838735886e-33	110622
1	719	roadmap_epigenomics	32.0910220303006	2.02127265776319	851	22	14	1068	1068	368	557	2891	3825	roadmap_epigenomics H3K27me3	NA	NA	H3K27me3	NA	NA	E087-H3K27me3.narrowPeak	2.44145595688666e-32	66475
1	406	roadmap_epigenomics	32.0850829897151	1.77814103999442	1391	23	34	901	901	319	1094	2351	3288	roadmap_epigenomics H3K27me3	NA	NA	H3K27me3	NA	NA	E041-H3K27me3.narrowPeak	2.47175920626017e-32	184455
1	605	roadmap_epigenomics	31.7887517427286	1.84063716934884	1165	24	27	997	997	349	864	2577	3518	roadmap_epigenomics H3K27me3	NA	NA	H3K27me3	NA	NA	E072-H3K27me3.narrowPeak	4.87076016788799e-32	109748
1	832	roadmap_epigenomics	31.4410049756442	1.90287186420738	1009	25	21	1032	1032	359	712	2733	3670	roadmap_epigenomics H3K9me3	NA	NA	H3K9me3	NA	NA	E100-H3K9me3.narrowPeak	1.08046275329921e-31	148038
1	619	roadmap_epigenomics	30.9888384942551	1.80367912574519	1226	26	30	966	966	341	932	2516	3450	roadmap_epigenomics H3K27me3	NA	NA	H3K27me3	NA	NA	E074-H3K27me3.narrowPeak	3.04421539681429e-31	137148
1	804	roadmap_epigenomics	30.8746116691909	1.92578810336295	945	27	19	1050	1050	365	654	2797	3728	roadmap_epigenomics H3K27me3	NA	NA	H3K27me3	NA	NA	E097-H3K27me3.narrowPeak	3.94962903478815e-31	112268
1	617	roadmap_epigenomics	30.6854814151627	1.79006681661667	1251	28	32	958	958	339	960	2491	3422	roadmap_epigenomics H3K9me3	NA	NA	H3K9me3	NA	NA	E073-H3K9me3.narrowPeak	6.0969796361041e-31	139270
1	1025	roadmap_epigenomics	30.5775424558929	2.21171001308558	634	29	8	1108	1108	382	370	3108	4012	roadmap_epigenomics H3K9me3	NA	NA	H3K9me3	NA	NA	E122-H3K9me3.narrowPeak	7.77631666427744e-31	224772
1	599	roadmap_epigenomics	29.6493623879057	1.7570023382684	1299	30	37	937	937	335	1018	2443	3364	roadmap_epigenomics H3K27me3	NA	NA	H3K27me3	NA	NA	E071-H3K27me3.narrowPeak	6.50588531525301e-30	129447
1	418	roadmap_epigenomics	29.0738698294349	1.74498971652736	1304	31	40	936	936	336	1028	2438	3354	roadmap_epigenomics H3K27me3	NA	NA	H3K27me3	NA	NA	E043-H3K27me3.narrowPeak	2.42598934226072e-29	166658
1	203	roadmap_epigenomics	28.985080835487	1.73146853285035	1353	32	43	913	913	329	1080	2389	3302	roadmap_epigenomics H3K9me3	NA	NA	H3K9me3	NA	NA	E014-H3K9me3.narrowPeak	2.96870575501285e-29	279334
1	1012	roadmap_epigenomics	28.985080835487	1.73146853285035	1353	32	43	913	913	329	1080	2389	3302	roadmap_epigenomics H3K9me3	NA	NA	H3K9me3	NA	NA	E121-H3K9me3.narrowPeak	2.96870575501285e-29	138498
1	871	roadmap_epigenomics	28.9671716105566	1.78135414333942	1173	34	33	991	991	353	894	2569	3488	roadmap_epigenomics H3K9me3	NA	NA	H3K9me3	NA	NA	E106-H3K9me3.narrowPeak	3.08974102002417e-29	167309
1	544	roadmap_epigenomics	28.7590776934272	1.68606575956462	1582	35	54	834	834	308	1327	2160	3055	roadmap_epigenomics H3K9me3	NA	NA	H3K9me3	NA	NA	E061-H3K9me3.narrowPeak	4.97633389640653e-29	269877
1	610	roadmap_epigenomics	28.5897026154767	1.7505983201534	1249	36	39	959	959	345	975	2493	3407	roadmap_epigenomics H3K9me3	NA	NA	H3K9me3	NA	NA	E072-H3K9me3.narrowPeak	7.33129877730542e-29	143837
1	612	roadmap_epigenomics	28.5117904895531	1.73910614800458	1286	37	41	945	945	341	1014	2456	3368	roadmap_epigenomics H3K27me3	NA	NA	H3K27me3	NA	NA	E073-H3K27me3.narrowPeak	8.76076960433535e-29	123448
1	292	roadmap_epigenomics	28.3157319479219	1.72269467092579	1338	38	45	922	922	335	1070	2404	3312	roadmap_epigenomics H3K9me3	NA	NA	H3K9me3	NA	NA	E023-H3K9me3.narrowPeak	1.37073222356451e-28	224057
1	828	roadmap_epigenomics	27.3250001015272	1.69901358597043	1363	39	51	910	910	333	1105	2379	3277	roadmap_epigenomics H3K27me3	NA	NA	H3K27me3	NA	NA	E100-H3K27me3.narrowPeak	1.31848322480797e-27	119670
1	480	roadmap_epigenomics	26.9651804760239	1.647273929023	1656	40	65	800	800	302	1425	2086	2957	roadmap_epigenomics H3K9me3	NA	NA	H3K9me3	NA	NA	E051-H3K9me3.narrowPeak	3.00802024091445e-27	399600
1	210	roadmap_epigenomics	26.9544181736162	1.65834144452479	1562	41	60	843	843	315	1322	2180	3060	roadmap_epigenomics H3K9me3	NA	NA	H3K9me3	NA	NA	E015-H3K9me3.narrowPeak	3.07968685565439e-27	342240
1	529	roadmap_epigenomics	26.9405846965656	1.70174623404302	1318	42	50	930	930	341	1061	2424	3321	roadmap_epigenomics H3K9me3	NA	NA	H3K9me3	NA	NA	E058-H3K9me3.narrowPeak	3.17544212039033e-27	301065
1	1120	ucsc_features	26.8880163412037	4.04450996094267	3682	43	2	1	43	15.3	4111	60	271	UCSC Repeat Masker	NA	NA	NA	NA	NA	rmsk.bed	3.57962375506855e-27	5291824
1	109	roadmap_epigenomics	26.8230413149694	1.65802065727137	1548	44	61	847	847	317	1308	2194	3074	roadmap_epigenomics H3K9me3	NA	NA	H3K9me3	NA	NA	E006-H3K9me3.narrowPeak	4.15219643624091e-27	248522
1	884	roadmap_epigenomics	26.317817200964	1.76910512401131	1054	45	35	1023	1023	368	795	2688	3587	roadmap_epigenomics H3K9me3	NA	NA	H3K9me3	NA	NA	E108-H3K9me3.narrowPeak	1.31919394481383e-26	125491
1	287	roadmap_epigenomics	25.7793295602016	1.69105250811761	1270	46	53	950	950	350	1021	2472	3361	roadmap_epigenomics H3K27me3	NA	NA	H3K27me3	NA	NA	E023-H3K27me3.narrowPeak	4.55267175797817e-26	307913
1	244	roadmap_epigenomics	25.3689742860973	1.62431888894757	1621	47	73	820	820	313	1402	2121	2980	roadmap_epigenomics H3K9me3	NA	NA	H3K9me3	NA	NA	E017-H3K9me3.narrowPeak	1.1669053489952e-25	418568
1	463	roadmap_epigenomics	25.2626545080941	1.69705997174824	1207	48	52	975	975	358	960	2535	3422	roadmap_epigenomics H3K9me3	NA	NA	H3K9me3	NA	NA	E049-H3K9me3.narrowPeak	1.48696687973465e-25	233346
1	865	roadmap_epigenomics	25.1942780811225	1.88845787774449	781	49	23	1084	1084	385	537	2961	3845	roadmap_epigenomics H3K9me3	NA	NA	H3K9me3	NA	NA	E105-H3K9me3.narrowPeak	1.73840764607236e-25	72720
1	523	roadmap_epigenomics	24.8925509307096	1.6464757017323	1405	50	66	894	894	337	1172	2337	3210	roadmap_epigenomics H3K9me3	NA	NA	H3K9me3	NA	NA	E057-H3K9me3.narrowPeak	3.46979878542141e-25	247543
1	558	roadmap_epigenomics	24.8916385419071	1.66519068047295	1309	51	58	935	935	348	1070	2433	3312	roadmap_epigenomics H3K9me3	NA	NA	H3K9me3	NA	NA	E063-H3K9me3.narrowPeak	3.4729067123251e-25	232267
1	553	roadmap_epigenomics	24.6124907756703	1.65152385322771	1350	52	64	915	915	344	1116	2392	3266	roadmap_epigenomics H3K27me3	NA	NA	H3K27me3	NA	NA	E063-H3K27me3.narrowPeak	6.5728379578114e-25	207798
1	316	roadmap_epigenomics	24.1855880766175	1.5945116199032	1729	53	81	774	774	303	1534	2013	2848	roadmap_epigenomics H3K9me3	NA	NA	H3K9me3	NA	NA	E027-H3K9me3.narrowPeak	1.74814582236475e-24	366285
1	430	roadmap_epigenomics	23.5999598523671	1.64453675981066	1290	54	67	943	943	355	1062	2452	3320	roadmap_epigenomics H3K27me3	NA	NA	H3K27me3	NA	NA	E045-H3K27me3.narrowPeak	6.69302311576527e-24	113136
1	578	roadmap_epigenomics	23.5440841606122	1.70951970359444	1050	55	48	1026	1026	376	814	2692	3568	roadmap_epigenomics H3K9me3	NA	NA	H3K9me3	NA	NA	E067-H3K9me3.narrowPeak	7.60296768648566e-24	97767
1	901	roadmap_epigenomics	23.2818082093801	1.66269960612157	1186	56	59	987	987	367	956	2556	3426	roadmap_epigenomics H3K27me3	NA	NA	H3K27me3	NA	NA	E111-H3K27me3.narrowPeak	1.38749421004649e-23	155817
1	603	roadmap_epigenomics	23.058986797364	1.67403930048474	1128	57	56	1003	1003	372	898	2614	3484	roadmap_epigenomics H3K9me3	NA	NA	H3K9me3	NA	NA	E071-H3K9me3.narrowPeak	2.30676858796735e-23	136353
1	305	roadmap_epigenomics	22.9692601243362	1.65555201338021	1189	58	63	985	985	369	962	2553	3420	roadmap_epigenomics H3K27me3	NA	NA	H3K27me3	NA	NA	E026-H3K27me3.narrowPeak	2.83282709408662e-23	281141
1	338	roadmap_epigenomics	22.8725003749764	1.63792584821987	1255	59	69	957	957	362	1032	2487	3350	roadmap_epigenomics H3K9me3	NA	NA	H3K9me3	NA	NA	E030-H3K9me3.narrowPeak	3.53565419482086e-23	242870
1	795	roadmap_epigenomics	22.4276354412066	1.73813585888898	914	60	42	1061	1061	388	687	2828	3695	roadmap_epigenomics H3K27me3	NA	NA	H3K27me3	NA	NA	E096-H3K27me3.narrowPeak	9.81314454629092e-23	85642
1	303	roadmap_epigenomics	21.9399251812799	1.63818925491405	1174	61	68	990	990	373	956	2568	3426	roadmap_epigenomics H3K9me3	NA	NA	H3K9me3	NA	NA	E025-H3K9me3.narrowPeak	2.99906666351231e-22	216512
1	808	roadmap_epigenomics	21.7146142197173	1.5549604127572	1701	62	89	782	782	311	1529	2041	2853	roadmap_epigenomics H3K9me3	NA	NA	H3K9me3	NA	NA	E097-H3K9me3.narrowPeak	5.02676134057482e-22	165885
1	365	roadmap_epigenomics	21.5069652517825	1.53843220587761	2105	63	97	563	563	241	1995	1637	2387	roadmap_epigenomics H3K27me3	NA	NA	H3K27me3	NA	NA	E034-H3K27me3.narrowPeak	8.08966910147872e-22	387733
1	394	roadmap_epigenomics	21.4263055349432	1.62178243386264	1198	64	74	981	981	373	986	2544	3396	roadmap_epigenomics H3K27me3	NA	NA	H3K27me3	NA	NA	E039-H3K27me3.narrowPeak	9.70700200896801e-22	115142
1	846	roadmap_epigenomics	21.3781012749167	1.68510639161796	981	65	55	1040	1040	387	763	2761	3619	roadmap_epigenomics H3K9me3	NA	NA	H3K9me3	NA	NA	E102-H3K9me3.narrowPeak	1.08339980188001e-21	148364
1	906	roadmap_epigenomics	21.3026561776362	1.76422660690708	806	66	36	1078	1078	393	590	2936	3792	roadmap_epigenomics H3K9me3	NA	NA	H3K9me3	NA	NA	E111-H3K9me3.narrowPeak	1.28746015706143e-21	69918
1	585	roadmap_epigenomics	21.1740143560559	1.61408765204145	1209	67	75	974	974	372	1000	2533	3382	roadmap_epigenomics H3K9me3	NA	NA	H3K9me3	NA	NA	E068-H3K9me3.narrowPeak	1.72733765642722e-21	193456
1	412	roadmap_epigenomics	21.1392164093428	1.60661495300227	1240	68	77	963	963	369	1033	2502	3349	roadmap_epigenomics H3K27me3	NA	NA	H3K27me3	NA	NA	E042-H3K27me3.narrowPeak	1.86929075315721e-21	132585
1	817	roadmap_epigenomics	21.1081352073515	1.53268647820371	2163	69	103	518	518	230	2068	1579	2314	roadmap_epigenomics H3K9me3	NA	NA	H3K9me3	NA	NA	E098-H3K9me3.narrowPeak	2.00567379765311e-21	251390
1	196	roadmap_epigenomics	20.6514731204092	1.54413268425678	1608	70	93	828	828	330	1437	2134	2945	roadmap_epigenomics H3K9me3	NA	NA	H3K9me3	NA	NA	E013-H3K9me3.narrowPeak	5.7204807085423e-21	223866
1	546	roadmap_epigenomics	20.6450284943593	1.56695815096891	1411	71	87	892	892	350	1221	2331	3161	roadmap_epigenomics H3K27me3	NA	NA	H3K27me3	NA	NA	E062-H3K27me3.narrowPeak	5.79938130466016e-21	117101
1	587	roadmap_epigenomics	20.5871635862675	1.66753559518731	978	72	57	1043	1043	391	767	2764	3615	roadmap_epigenomics H3K27me3	NA	NA	H3K27me3	NA	NA	E069-H3K27me3.narrowPeak	6.61837925052128e-21	78271
1	592	roadmap_epigenomics	20.4642712153377	1.62734598695052	1096	73	71	1016	1016	387	889	2646	3493	roadmap_epigenomics H3K9me3	NA	NA	H3K9me3	NA	NA	E069-H3K9me3.narrowPeak	8.773030950481e-21	114493
1	261	roadmap_epigenomics	20.2604114933042	1.59973874654527	1189	74	79	985	985	379	988	2553	3394	roadmap_epigenomics H3K9me3	NA	NA	H3K9me3	NA	NA	E019-H3K9me3.narrowPeak	1.39965935175029e-20	217812
1	1114	ucsc_features	19.904555646542	1.79595056870443	694	75	31	1101	1101	402	493	3048	3889	UCSC Genomic superdups	NA	NA	NA	NA	NA	genomicSuperDups.bed	3.16520498009992e-20	49852
1	538	roadmap_epigenomics	19.897601518955	1.65758786508774	960	76	62	1049	1049	396	755	2782	3627	roadmap_epigenomics H3K9me3	NA	NA	H3K9me3	NA	NA	E059-H3K9me3.narrowPeak	3.21266145167685e-20	85196
1	348	roadmap_epigenomics	19.8628725581533	1.54534247612266	1463	77	92	872	872	347	1286	2279	3096	roadmap_epigenomics H3K27me3	NA	NA	H3K27me3	NA	NA	E032-H3K27me3.narrowPeak	3.47618972778379e-20	178963
1	12	roadmap_epigenomics	19.7544071316214	1.51294626402265	1857	78	110	705	705	298	1728	1885	2654	roadmap_epigenomics H3K9me3	NA	NA	H3K9me3	NA	NA	E002-H3K9me3.narrowPeak	4.45235366564337e-20	304858
1	993	roadmap_epigenomics	19.7050270457649	1.63176566652454	1023	79	70	1029	1029	393	821	2719	3561	roadmap_epigenomics H3K27me3	NA	NA	H3K27me3	NA	NA	E120-H3K27me3.narrowPeak	4.98288592919079e-20	126488
1	424	roadmap_epigenomics	19.5692064532884	1.53642709880525	1492	80	101	861	861	347	1321	2250	3061	roadmap_epigenomics H3K27me3	NA	NA	H3K27me3	NA	NA	E044-H3K27me3.narrowPeak	6.78951018682309e-20	189790
1	650	roadmap_epigenomics	19.5458860169591	1.60636050202647	1099	81	78	1014	1014	391	901	2643	3481	roadmap_epigenomics H3K9me3	NA	NA	H3K9me3	NA	NA	E078-H3K9me3.narrowPeak	7.15603203494709e-20	134778
1	580	roadmap_epigenomics	19.3702693759255	1.71682490001783	795	82	46	1082	1082	403	595	2947	3787	roadmap_epigenomics H3K27me3	NA	NA	H3K27me3	NA	NA	E068-H3K27me3.narrowPeak	1.06983632729155e-19	52286
1	624	roadmap_epigenomics	19.2549224406342	1.58352571258403	1167	83	84	996	996	388	975	2575	3407	roadmap_epigenomics H3K9me3	NA	NA	H3K9me3	NA	NA	E074-H3K9me3.narrowPeak	1.39217832613891e-19	150390
1	443	roadmap_epigenomics	18.9737700111091	1.56603486001414	1222	84	88	967	967	380	1036	2520	3346	roadmap_epigenomics H3K9me3	NA	NA	H3K9me3	NA	NA	E046-H3K9me3.narrowPeak	2.65092372142677e-19	220089
1	933	roadmap_epigenomics	18.8540736287752	1.55300172499001	1279	85	90	947	947	374	1098	2463	3284	roadmap_epigenomics H3K27me3	NA	NA	H3K27me3	NA	NA	E115-H3K27me3.narrowPeak	3.48055397361699e-19	239959
1	665	roadmap_epigenomics	18.8088841770238	1.50042454402858	1769	86	116	753	753	318	1639	1973	2743	roadmap_epigenomics H3K9me3	NA	NA	H3K9me3	NA	NA	E080-H3K9me3.narrowPeak	3.85795488266259e-19	218395
1	217	roadmap_epigenomics	18.6423995250607	1.52856403767952	1413	87	105	891	891	361	1245	2329	3137	roadmap_epigenomics H3K9me3	NA	NA	H3K9me3	NA	NA	E016-H3K9me3.narrowPeak	5.65407607604175e-19	236873
1	310	roadmap_epigenomics	18.493232908139	1.59265938149745	1062	88	82	1022	1022	397	873	2680	3509	roadmap_epigenomics H3K9me3	NA	NA	H3K9me3	NA	NA	E026-H3K9me3.narrowPeak	7.9537064211854e-19	170622
1	472	roadmap_epigenomics	18.4800943508914	1.51991210317221	1458	89	108	875	875	357	1296	2284	3086	roadmap_epigenomics H3K9me3	NA	NA	H3K9me3	NA	NA	E050-H3K9me3.narrowPeak	8.18897513667734e-19	253527
1	879	roadmap_epigenomics	18.3500047405568	1.52634808357415	1387	90	106	902	902	366	1220	2355	3162	roadmap_epigenomics H3K27me3	NA	NA	H3K27me3	NA	NA	E108-H3K27me3.narrowPeak	1.10367480418627e-18	189539
1	481	roadmap_epigenomics	18.2033034787294	1.53762048509343	1292	91	99	941	941	377	1119	2450	3263	roadmap_epigenomics H3K27me3	NA	NA	H3K27me3	NA	NA	E052-H3K27me3.narrowPeak	1.54548530811622e-18	291852
1	1087	roadmap_epigenomics	18.0026586493583	1.59685361187588	1007	92	80	1034	1034	402	821	2735	3561	roadmap_epigenomics H3K9me3	NA	NA	H3K9me3	NA	NA	E127-H3K9me3.narrowPeak	2.45037597424495e-18	155989
1	268	roadmap_epigenomics	17.9536032674773	1.51638429314357	1404	93	109	895	895	366	1243	2338	3139	roadmap_epigenomics H3K9me3	NA	NA	H3K9me3	NA	NA	E020-H3K9me3.narrowPeak	2.74038540671783e-18	201977
1	823	roadmap_epigenomics	17.8659755704581	1.70908345092803	731	94	49	1094	1094	412	545	3011	3837	roadmap_epigenomics H3K9me3	NA	NA	H3K9me3	NA	NA	E099-H3K9me3.narrowPeak	3.34937214297346e-18	52477
1	988	roadmap_epigenomics	17.8309668163467	1.55239665560329	1170	95	91	995	995	394	993	2572	3389	roadmap_epigenomics H3K9me3	NA	NA	H3K9me3	NA	NA	E119-H3K9me3.narrowPeak	3.62261216778201e-18	271804
1	1109	roadmap_epigenomics	17.3573021166238	1.5856058695929	993	96	83	1039	1039	406	813	2749	3569	roadmap_epigenomics H3K9me3	NA	NA	H3K9me3	NA	NA	E129-H3K9me3.narrowPeak	1.07699121711892e-17	180247
1	652	roadmap_epigenomics	17.2790713588577	1.54026169855975	1171	97	95	994	994	395	1000	2571	3382	roadmap_epigenomics H3K27me3	NA	NA	H3K27me3	NA	NA	E079-H3K27me3.narrowPeak	1.28675454781996e-17	85895
1	254	roadmap_epigenomics	17.0560364379009	1.53058499625438	1196	98	104	982	982	395	1029	2546	3353	roadmap_epigenomics H3K9me3	NA	NA	H3K9me3	NA	NA	E018-H3K9me3.narrowPeak	2.14345161191723e-17	188469
1	661	roadmap_epigenomics	16.960275112258	1.46655065791482	1792	99	126	742	742	322	1688	1950	2694	roadmap_epigenomics H3K27me3	NA	NA	H3K27me3	NA	NA	E080-H3K27me3.narrowPeak	2.66933891953982e-17	290737
1	799	roadmap_epigenomics	16.9531945077891	1.50131330025474	2696	100	115	83	115	99.3	2769	1046	1613	roadmap_epigenomics H3K9me3	NA	NA	H3K9me3	NA	NA	E096-H3K9me3.narrowPeak	2.71027614826919e-17	438415
1	644	roadmap_epigenomics	16.6219470740661	1.53724665404708	1116	101	100	1007	1007	403	949	2626	3433	roadmap_epigenomics H3K9me3	NA	NA	H3K9me3	NA	NA	E077-H3K9me3.narrowPeak	5.80484605416647e-17	223454
1	375	roadmap_epigenomics	16.463184868012	1.47980561351428	1470	102	121	868	868	364	1333	2272	3049	roadmap_epigenomics H3K27me3	NA	NA	H3K27me3	NA	NA	E036-H3K27me3.narrowPeak	8.3576302032003e-17	292043
1	1030	roadmap_epigenomics	16.2867400829207	1.5677665565543	965	103	86	1048	1048	412	795	2777	3587	roadmap_epigenomics H3K27me3	NA	NA	H3K27me3	NA	NA	E123-H3K27me3.narrowPeak	1.25195850509769e-16	123368
1	379	roadmap_epigenomics	16.0482855522149	1.45317545442707	1721	104	131	779	779	338	1619	2021	2763	roadmap_epigenomics H3K9me3	NA	NA	H3K9me3	NA	NA	E036-H3K9me3.narrowPeak	2.15861166051907e-16	237679
1	940	roadmap_epigenomics	15.9881053281742	1.50503920663901	1210	105	113	971	971	396	1056	2532	3326	roadmap_epigenomics H3K9me3	NA	NA	H3K9me3	NA	NA	E115-H3K9me3.narrowPeak	2.47678615530032e-16	191833
1	487	roadmap_epigenomics	15.9774728868068	1.57229027678432	925	106	85	1058	1058	416	757	2817	3625	roadmap_epigenomics H3K9me3	NA	NA	H3K9me3	NA	NA	E052-H3K9me3.narrowPeak	2.5354509974355e-16	148296
1	1062	roadmap_epigenomics	15.549957795908	1.45639055460694	1531	107	129	850	850	362	1412	2211	2970	roadmap_epigenomics H3K9me3	NA	NA	H3K9me3	NA	NA	E125-H3K9me3.narrowPeak	6.77805486301587e-16	149930
1	333	roadmap_epigenomics	15.4498258662188	1.46771751166371	1395	108	124	899	899	377	1263	2347	3119	roadmap_epigenomics H3K9me3	NA	NA	H3K9me3	NA	NA	E029-H3K9me3.narrowPeak	8.52652902625322e-16	223443
1	893	roadmap_epigenomics	15.3799592578144	1.51195028393302	1102	109	111	1011	1011	410	948	2640	3434	roadmap_epigenomics H3K9me3	NA	NA	H3K9me3	NA	NA	E109-H3K9me3.narrowPeak	1.00040221669975e-15	103033
1	859	roadmap_epigenomics	15.3538067488562	1.61288564480066	773	110	76	1087	1087	424	609	2969	3773	roadmap_epigenomics H3K9me3	NA	NA	H3K9me3	NA	NA	E104-H3K9me3.narrowPeak	1.06136170106062e-15	53841
1	853	roadmap_epigenomics	15.2298681796189	1.50746016884165	1107	111	112	1009	1009	411	955	2635	3427	roadmap_epigenomics H3K9me3	NA	NA	H3K9me3	NA	NA	E103-H3K9me3.narrowPeak	1.41038842129323e-15	100968
1	839	roadmap_epigenomics	15.1778866297676	1.53762770791671	974	112	98	1046	1046	419	816	2768	3566	roadmap_epigenomics H3K9me3	NA	NA	H3K9me3	NA	NA	E101-H3K9me3.narrowPeak	1.58802571202345e-15	120707
1	167	roadmap_epigenomics	15.165740245065	1.46893620394086	1336	113	123	923	923	386	1202	2406	3180	roadmap_epigenomics H3K27me3	NA	NA	H3K27me3	NA	NA	E009-H3K27me3.narrowPeak	1.63132936281321e-15	215158
1	324	roadmap_epigenomics	15.1541438557898	1.62728895537179	730	114	72	1095	1095	427	568	3012	3814	roadmap_epigenomics H3K9me3	NA	NA	H3K9me3	NA	NA	E028-H3K9me3.narrowPeak	1.67369482268036e-15	192863
1	38	roadmap_epigenomics	15.1046744498413	1.4376538881142	1680	115	139	791	791	348	1585	2062	2797	roadmap_epigenomics H3K9me3	NA	NA	H3K9me3	NA	NA	E003-H3K9me3.narrowPeak	1.87363244923195e-15	307462
1	760	roadmap_epigenomics	14.9781517542705	1.49809689002388	1125	116	117	1005	1005	413	977	2617	3405	roadmap_epigenomics H3K9me3	NA	NA	H3K9me3	NA	NA	E091-H3K9me3.narrowPeak	2.50199249909772e-15	158209
1	834	roadmap_epigenomics	14.8557871288304	1.457264611055	1380	117	128	905	905	383	1254	2362	3128	roadmap_epigenomics H3K27me3	NA	NA	H3K27me3	NA	NA	E101-H3K27me3.narrowPeak	3.3127664147667e-15	178729
1	1017	roadmap_epigenomics	14.6943101283459	1.48427729334408	1165	118	118	997	997	411	1023	2577	3359	roadmap_epigenomics H3K27me3	NA	NA	H3K27me3	NA	NA	E122-H3K27me3.narrowPeak	4.79963804508493e-15	176690
1	184	roadmap_epigenomics	14.4945333576742	1.43018719318257	1608	119	141	828	828	363	1512	2134	2870	roadmap_epigenomics H3K9me3	NA	NA	H3K9me3	NA	NA	E011-H3K9me3.narrowPeak	7.58696458633859e-15	213267
1	872	roadmap_epigenomics	14.4321463837589	1.44784566761102	1386	120	135	903	903	386	1266	2356	3116	roadmap_epigenomics H3K27me3	NA	NA	H3K27me3	NA	NA	E107-H3K27me3.narrowPeak	8.74978044844114e-15	192092
1	422	roadmap_epigenomics	14.4200060921218	1.5204390816074	967	121	107	1047	1047	425	817	2775	3565	roadmap_epigenomics H3K9me3	NA	NA	H3K9me3	NA	NA	E043-H3K9me3.narrowPeak	8.98835164160137e-15	129594
1	297	roadmap_epigenomics	14.3789456007576	1.4388176857157	1466	122	138	870	870	377	1355	2276	3027	roadmap_epigenomics H3K9me3	NA	NA	H3K9me3	NA	NA	E024-H3K9me3.narrowPeak	9.86923827208749e-15	260267
1	639	roadmap_epigenomics	14.3461704323035	1.45345573323645	1322	123	130	926	926	393	1197	2420	3185	roadmap_epigenomics H3K27me3	NA	NA	H3K27me3	NA	NA	E077-H3K27me3.narrowPeak	1.06316916236608e-14	151995
1	1103	roadmap_epigenomics	14.1888315743763	1.45147135060932	1311	124	132	933	933	396	1187	2431	3195	roadmap_epigenomics H3K27me3	NA	NA	H3K27me3	NA	NA	E129-H3K27me3.narrowPeak	1.52575666900118e-14	309622
1	1118	ucsc_features	14.0483812287549	1.46753067467851	2843	125	125	31	125	93.7	2993	899	1389	UCSC Nested repeats	NA	NA	NA	NA	NA	nestedRepeats.bed	2.10610562702853e-14	574736
1	855	roadmap_epigenomics	14.0329420330983	1.94819036143161	360	126	17	1118	1118	420	227	3382	4155	roadmap_epigenomics H3K27me3	NA	NA	H3K27me3	NA	NA	E104-H3K27me3.narrowPeak	2.1800394227606e-14	18466
1	298	roadmap_epigenomics	13.8353878375845	1.45047341884987	1260	127	134	954	954	405	1136	2482	3246	roadmap_epigenomics H3K27me3	NA	NA	H3K27me3	NA	NA	E025-H3K27me3.narrowPeak	3.41783176145258e-14	300249
1	400	roadmap_epigenomics	13.748654983304	1.48030672829863	1069	128	120	1020	1020	423	932	2673	3450	roadmap_epigenomics H3K27me3	NA	NA	H3K27me3	NA	NA	E040-H3K27me3.narrowPeak	4.16899506420656e-14	76554
1	450	roadmap_epigenomics	13.3517988568446	1.53344345297092	828	129	102	1071	1071	434	685	2914	3697	roadmap_epigenomics H3K9me3	NA	NA	H3K9me3	NA	NA	E047-H3K9me3.narrowPeak	1.03749164491634e-13	66663
1	551	roadmap_epigenomics	13.2916269214161	1.50183569029823	927	130	114	1056	1056	433	788	2815	3594	roadmap_epigenomics H3K9me3	NA	NA	H3K9me3	NA	NA	E062-H3K9me3.narrowPeak	1.19043530019594e-13	97775
1	981	roadmap_epigenomics	13.1625611048387	1.44145645875246	1217	131	137	969	969	412	1098	2525	3284	roadmap_epigenomics H3K27me3	NA	NA	H3K27me3	NA	NA	E119-H3K27me3.narrowPeak	1.59908489401392e-13	181513
1	334	roadmap_epigenomics	13.1001151780348	1.39380915669829	1815	132	153	725	725	337	1767	1927	2615	roadmap_epigenomics H3K27me3	NA	NA	H3K27me3	NA	NA	E030-H3K27me3.narrowPeak	1.84445515201677e-13	255104
1	1050	roadmap_epigenomics	12.8548638385817	1.41462967457586	1386	133	145	903	903	394	1287	2356	3095	roadmap_epigenomics H3K9me3	NA	NA	H3K9me3	NA	NA	E124-H3K9me3.narrowPeak	3.24093675444232e-13	220527
1	708	roadmap_epigenomics	12.8334088368872	1.38764409373892	1855	134	155	709	709	333	1817	1887	2565	roadmap_epigenomics H3K9me3	NA	NA	H3K9me3	NA	NA	E085-H3K9me3.narrowPeak	3.40155218421583e-13	264076
1	6	roadmap_epigenomics	12.375720174335	1.40981982141474	1331	135	147	924	924	402	1233	2411	3149	roadmap_epigenomics H3K9me3	NA	NA	H3K9me3	NA	NA	E001-H3K9me3.narrowPeak	9.74805213703587e-13	176553
1	404	roadmap_epigenomics	12.3170499453746	1.48356799921243	897	136	119	1063	1063	439	768	2845	3614	roadmap_epigenomics H3K9me3	NA	NA	H3K9me3	NA	NA	E040-H3K9me3.narrowPeak	1.11465527761663e-12	108267
1	751	roadmap_epigenomics	12.1249301901353	1.41730085542257	1220	137	144	968	968	416	1115	2522	3267	roadmap_epigenomics H3K9me3	NA	NA	H3K9me3	NA	NA	E090-H3K9me3.narrowPeak	1.73127764601265e-12	163795
1	733	roadmap_epigenomics	11.8525147002347	1.40405289056821	1277	138	149	948	948	412	1181	2465	3201	roadmap_epigenomics H3K9me3	NA	NA	H3K9me3	NA	NA	E088-H3K9me3.narrowPeak	3.23512030872625e-12	161817
1	540	roadmap_epigenomics	11.8025633299911	1.36911211297336	2242	139	163	452	452	251	2287	1500	2095	roadmap_epigenomics H3K27me3	NA	NA	H3K27me3	NA	NA	E061-H3K27me3.narrowPeak	3.6257395527789e-12	303846
1	190	roadmap_epigenomics	11.7743186454572	1.40238484187957	1276	140	150	949	949	413	1181	2466	3201	roadmap_epigenomics H3K9me3	NA	NA	H3K9me3	NA	NA	E012-H3K9me3.narrowPeak	3.86541869475628e-12	164404
1	1121	ucsc_features	11.5316948411609	1.46569097626941	3086	141	127	7	141	91.7	3341	656	1041	UCSC Simple repeats	NA	NA	NA	NA	NA	simpleRepeat.bed	6.72362406570243e-12	958537
1	387	roadmap_epigenomics	11.5196425498518	1.43325413820189	1026	142	140	1028	1028	437	914	2716	3468	roadmap_epigenomics H3K27me3	NA	NA	H3K27me3	NA	NA	E038-H3K27me3.narrowPeak	6.90579503436629e-12	62829
1	597	roadmap_epigenomics	11.4771828973618	1.37250854869841	1551	143	162	844	844	383	1491	2191	2891	roadmap_epigenomics H3K9me3	NA	NA	H3K9me3	NA	NA	E070-H3K9me3.narrowPeak	7.6073212437599e-12	240503
1	434	roadmap_epigenomics	11.1878151741799	1.47473125277776	814	144	122	1074	1074	447	695	2928	3687	roadmap_epigenomics H3K9me3	NA	NA	H3K9me3	NA	NA	E045-H3K9me3.narrowPeak	1.47964778126559e-11	83794
1	428	roadmap_epigenomics	11.0178179816547	1.44193810369485	920	145	136	1059	1059	447	808	2822	3574	roadmap_epigenomics H3K9me3	NA	NA	H3K9me3	NA	NA	E044-H3K9me3.narrowPeak	2.18632567704139e-11	145102
1	656	roadmap_epigenomics	10.9728592223998	1.3533603144045	2271	146	170	427	427	248	2335	1471	2047	roadmap_epigenomics H3K9me3	NA	NA	H3K9me3	NA	NA	E079-H3K9me3.narrowPeak	2.42233038490234e-11	258176
1	439	roadmap_epigenomics	10.5011251420582	1.38014348333941	1210	147	159	971	971	426	1127	2532	3255	roadmap_epigenomics H3K27me3	NA	NA	H3K27me3	NA	NA	E046-H3K27me3.narrowPeak	7.16289060183807e-11	116582
1	476	roadmap_epigenomics	10.4601869163756	1.38255262341539	1182	148	158	989	989	432	1097	2560	3285	roadmap_epigenomics H3K27me3	NA	NA	H3K27me3	NA	NA	E051-H3K27me3.narrowPeak	7.86298850836734e-11	236036
1	62	roadmap_epigenomics	10.3573677979148	1.42950051693636	893	149	142	1064	1064	452	788	2849	3594	roadmap_epigenomics H3K9me3	NA	NA	H3K9me3	NA	NA	E004-H3K9me3.narrowPeak	9.95332762335364e-11	65901
1	681	roadmap_epigenomics	10.1669873465095	1.38638399344666	1099	150	157	1014	1014	440	1011	2643	3371	roadmap_epigenomics H3K9me3	NA	NA	H3K9me3	NA	NA	E082-H3K9me3.narrowPeak	1.53828222238622e-10	165724
1	534	roadmap_epigenomics	9.90143771835486	1.38654519249648	1052	151	156	1025	1025	444	964	2690	3418	roadmap_epigenomics H3K27me3	NA	NA	H3K27me3	NA	NA	E059-H3K27me3.narrowPeak	2.82668149157844e-10	100360
1	1079	roadmap_epigenomics	9.70492051847636	1.34489341974938	1379	152	172	906	906	410	1326	2363	3056	roadmap_epigenomics H3K27me3	NA	NA	H3K27me3	NA	NA	E127-H3K27me3.narrowPeak	4.43610199109e-10	230204
1	398	roadmap_epigenomics	9.70484274117761	1.40588610612947	915	153	148	1060	1060	454	820	2827	3562	roadmap_epigenomics H3K9me3	NA	NA	H3K9me3	NA	NA	E039-H3K9me3.narrowPeak	4.43610199109e-10	85095
1	233	roadmap_epigenomics	9.45905576629821	1.35649380390144	1192	154	167	983	983	435	1123	2550	3259	roadmap_epigenomics H3K27me3	NA	NA	H3K27me3	NA	NA	E017-H3K27me3.narrowPeak	7.78908178787826e-10	299272
1	787	roadmap_epigenomics	9.45097873971866	1.32437844658923	1636	155	177	809	809	380	1620	2106	2762	roadmap_epigenomics H3K9me3	NA	NA	H3K9me3	NA	NA	E094-H3K9me3.narrowPeak	7.92738734759042e-10	157542
1	1099	roadmap_epigenomics	9.34980723046379	1.71190397389385	335	156	47	1120	1120	441	238	3407	4144	roadmap_epigenomics H3K9me3	NA	NA	H3K9me3	NA	NA	E128-H3K9me3.narrowPeak	9.99697966380602e-10	16125
1	742	roadmap_epigenomics	9.33972172614166	1.37990302384358	999	157	160	1035	1035	451	915	2743	3467	roadmap_epigenomics H3K9me3	NA	NA	H3K9me3	NA	NA	E089-H3K9me3.narrowPeak	1.0221672544223e-09	123393
1	695	roadmap_epigenomics	9.21673038845921	1.33464705773701	1362	158	176	911	911	415	1315	2380	3067	roadmap_epigenomics H3K27me3	NA	NA	H3K27me3	NA	NA	E084-H3K27me3.narrowPeak	1.35409736479967e-09	193037
1	841	roadmap_epigenomics	9.18780657670014	1.3546790595292	1148	159	168	1001	1001	443	1079	2594	3303	roadmap_epigenomics H3K27me3	NA	NA	H3K27me3	NA	NA	E102-H3K27me3.narrowPeak	1.44591460039474e-09	129148
1	646	roadmap_epigenomics	9.17060825633554	1.34178359210746	1265	160	174	953	953	429	1208	2477	3174	roadmap_epigenomics H3K27me3	NA	NA	H3K27me3	NA	NA	E078-H3K27me3.narrowPeak	1.50283163795065e-09	107890
1	374	roadmap_epigenomics	9.04374906497871	1.35665928499702	1102	161	166	1011	1011	446	1031	2640	3351	roadmap_epigenomics H3K9me3	NA	NA	H3K9me3	NA	NA	E035-H3K9me3.narrowPeak	2.01066312502749e-09	112817
1	685	roadmap_epigenomics	8.86327980612537	1.37812250359447	932	162	161	1052	1052	458	850	2810	3532	roadmap_epigenomics H3K27me3	NA	NA	H3K27me3	NA	NA	E083-H3K27me3.narrowPeak	3.04353843250472e-09	94590
1	277	roadmap_epigenomics	8.83085728307001	1.40221840350725	814	163	151	1074	1074	463	725	2928	3657	roadmap_epigenomics H3K9me3	NA	NA	H3K9me3	NA	NA	E021-H3K9me3.narrowPeak	3.27621169557686e-09	61601
1	410	roadmap_epigenomics	8.66791913979538	1.39010187794892	844	164	154	1069	1069	462	759	2898	3623	roadmap_epigenomics H3K9me3	NA	NA	H3K9me3	NA	NA	E041-H3K9me3.narrowPeak	4.75830917366656e-09	98944
1	631	roadmap_epigenomics	8.65104698087733	1.31387196939487	1472	165	182	867	867	405	1448	2270	2934	roadmap_epigenomics H3K9me3	NA	NA	H3K9me3	NA	NA	E075-H3K9me3.narrowPeak	4.94193158462747e-09	149780
1	416	roadmap_epigenomics	8.5743777194526	1.41166937930449	746	166	146	1092	1092	468	657	2996	3725	roadmap_epigenomics H3K9me3	NA	NA	H3K9me3	NA	NA	E042-H3K9me3.narrowPeak	5.89031234279517e-09	78727
1	1111	ucsc_features	8.37263327638143	1.31772568561266	2647	167	181	105	181	151	2836	1095	1546	UCSC coriellDelDup table	NA	NA	NA	NA	NA	coriellDelDup.bed	9.36387316796781e-09	864
1	976	roadmap_epigenomics	8.15621439357829	1.53909234286345	435	168	96	1116	1116	460	345	3307	4037	roadmap_epigenomics H3K9me3	NA	NA	H3K9me3	NA	NA	E118-H3K9me3.narrowPeak	0.0000000153672156769967	97122
1	369	roadmap_epigenomics	8.05783129003803	1.31914161849609	1204	169	180	977	977	442	1159	2538	3223	roadmap_epigenomics H3K9me3	NA	NA	H3K9me3	NA	NA	E034-H3K9me3.narrowPeak	0.0000000192554077580311	176448
1	468	roadmap_epigenomics	8.03676863141609	1.32277415262403	1162	170	179	1000	1000	450	1113	2580	3269	roadmap_epigenomics H3K27me3	NA	NA	H3K27me3	NA	NA	E050-H3K27me3.narrowPeak	0.0000000201925061911425	188829
1	492	roadmap_epigenomics	7.91228993878185	1.30786914855323	1290	171	185	943	943	433	1257	2452	3125	roadmap_epigenomics H3K9me3	NA	NA	H3K9me3	NA	NA	E053-H3K9me3.narrowPeak	0.0000000268685468876574	206695
1	1122	ucsc_features	7.79226525316226	1.54108612095681	3463	172	94	3	172	89.7	3898	279	484	UCSC Switch DB TSSs	NA	NA	NA	NA	NA	switchDbTss.bed	0.0000000353870648645433	131751
1	638	roadmap_epigenomics	7.78097760806514	1.35353372513272	888	173	169	1065	1065	469	819	2854	3563	roadmap_epigenomics H3K9me3	NA	NA	H3K9me3	NA	NA	E076-H3K9me3.narrowPeak	0.0000000362834252176743	64003
1	385	roadmap_epigenomics	7.70773837373634	1.39845935250068	687	174	152	1102	1102	476	607	3055	3775	roadmap_epigenomics H3K9me3	NA	NA	H3K9me3	NA	NA	E037-H3K9me3.narrowPeak	0.0000000429065916845265	66247
1	497	roadmap_epigenomics	7.69407211416876	1.31240685659655	1173	175	183	991	991	450	1131	2569	3251	roadmap_epigenomics H3K9me3	NA	NA	H3K9me3	NA	NA	E054-H3K9me3.narrowPeak	0.000000044235118411712	152197
1	493	roadmap_epigenomics	7.53425539425696	1.35892734417942	820	176	165	1073	1073	471	750	2922	3632	roadmap_epigenomics H3K27me3	NA	NA	H3K27me3	NA	NA	E054-H3K27me3.narrowPeak	0.0000000637260695141174	89616
1	360	roadmap_epigenomics	7.43267277067589	1.42045449031587	592	177	143	1110	1110	477	512	3150	3870	roadmap_epigenomics H3K9me3	NA	NA	H3K9me3	NA	NA	E033-H3K9me3.narrowPeak	0.0000000804411583815313	37434
1	352	roadmap_epigenomics	7.14550059717519	1.30579737670901	1089	178	187	1017	1017	461	1048	2653	3334	roadmap_epigenomics H3K9me3	NA	NA	H3K9me3	NA	NA	E032-H3K9me3.narrowPeak	0.0000001555280880866	126853
1	728	roadmap_epigenomics	7.01289390376242	1.29210450971495	1190	179	188	984	984	450	1162	2552	3220	roadmap_epigenomics H3K27me3	NA	NA	H3K27me3	NA	NA	E088-H3K27me3.narrowPeak	0.000000210656807595077	203560
1	381	roadmap_epigenomics	6.99485771425546	1.3447404498011	801	180	173	1079	1079	477	738	2941	3644	roadmap_epigenomics H3K27me3	NA	NA	H3K27me3	NA	NA	E037-H3K27me3.narrowPeak	0.000000219166050408657	36137
1	488	roadmap_epigenomics	6.71049111663255	1.30617766613323	978	181	186	1043	1043	470	934	2764	3448	roadmap_epigenomics H3K27me3	NA	NA	H3K27me3	NA	NA	E053-H3K27me3.narrowPeak	0.000000421425957068018	115999
1	370	roadmap_epigenomics	6.48884897061464	1.34676258073159	711	182	171	1098	1098	484	650	3031	3732	roadmap_epigenomics H3K27me3	NA	NA	H3K27me3	NA	NA	E035-H3K27me3.narrowPeak	0.000000701366847718457	55503
1	392	roadmap_epigenomics	5.98836024180059	1.33888530659797	665	183	175	1103	1103	487	609	3077	3773	roadmap_epigenomics H3K9me3	NA	NA	H3K9me3	NA	NA	E038-H3K9me3.narrowPeak	0.00000221614810358487	43418
1	456	roadmap_epigenomics	5.79948558251795	1.32380279449883	696	184	178	1100	1100	487	645	3046	3737	roadmap_epigenomics H3K9me3	NA	NA	H3K9me3	NA	NA	E048-H3K9me3.narrowPeak	0.00000341695973358831	50821
1	929	roadmap_epigenomics	5.49504497756465	1.26345209334178	1012	185	189	1030	1030	468	994	2730	3388	roadmap_epigenomics H3K9me3	NA	NA	H3K9me3	NA	NA	E114-H3K9me3.narrowPeak	0.00000686804433260512	103230
1	1092	roadmap_epigenomics	5.29784501357101	1.25506515692808	1031	186	191	1027	1027	468	1019	2711	3363	roadmap_epigenomics H3K27me3	NA	NA	H3K27me3	NA	NA	E128-H3K27me3.narrowPeak	0.0000107842326937849	130551
1	724	roadmap_epigenomics	5.19760120713164	1.30976025279197	651	187	184	1105	1105	492	607	3091	3775	roadmap_epigenomics H3K9me3	NA	NA	H3K9me3	NA	NA	E087-H3K9me3.narrowPeak	0.0000135583184066951	39484
1	1055	roadmap_epigenomics	5.18615263587641	1.23713175276448	1210	188	194	971	971	451	1221	2532	3161	roadmap_epigenomics H3K27me3	NA	NA	H3K27me3	NA	NA	E125-H3K27me3.narrowPeak	0.0000139072536674917	199061
1	101	roadmap_epigenomics	5.07182391570469	1.25824900799295	929	189	190	1054	1054	478	911	2813	3471	roadmap_epigenomics H3K27me3	NA	NA	H3K27me3	NA	NA	E006-H3K27me3.narrowPeak	0.0000180782948394016	117340
1	704	roadmap_epigenomics	5.00827614176861	1.21734697790419	1516	190	196	855	855	414	1572	2226	2810	roadmap_epigenomics H3K27me3	NA	NA	H3K27me3	NA	NA	E085-H3K27me3.narrowPeak	0.0000209070616214397	218555
1	918	roadmap_epigenomics	4.86182312350229	1.20874077465895	2214	191	199	474	474	288	2389	1528	1993	roadmap_epigenomics H3K9me3	NA	NA	H3K9me3	NA	NA	E113-H3K9me3.narrowPeak	0.0000292640323880628	275470
1	952	roadmap_epigenomics	4.65224488965772	1.23809791731854	979	192	193	1042	1042	476	975	2763	3407	roadmap_epigenomics H3K9me3	NA	NA	H3K9me3	NA	NA	E116-H3K9me3.narrowPeak	0.0000473697337897421	59492
1	293	roadmap_epigenomics	4.45988868834161	1.19502578622647	1965	193	200	644	644	346	2106	1777	2276	roadmap_epigenomics H3K27me3	NA	NA	H3K27me3	NA	NA	E024-H3K27me3.narrowPeak	0.0000736963665328302	222597
1	813	roadmap_epigenomics	4.20084084520536	1.24194902399939	797	194	192	1081	1081	489	784	2945	3598	roadmap_epigenomics H3K27me3	NA	NA	H3K27me3	NA	NA	E098-H3K27me3.narrowPeak	0.000133558934779832	34318
1	1074	roadmap_epigenomics	4.11904719082755	1.36205171732797	356	195	164	1119	1119	493	314	3386	4068	roadmap_epigenomics H3K9me3	NA	NA	H3K9me3	NA	NA	E126-H3K9me3.narrowPeak	0.000161085591382741	12150
1	899	roadmap_epigenomics	3.4434311424281	1.21575436920462	749	196	197	1090	1090	494	748	2993	3634	roadmap_epigenomics H3K9me3	NA	NA	H3K9me3	NA	NA	E110-H3K9me3.narrowPeak	0.000760391023865854	32117
1	1043	roadmap_epigenomics	3.35742568751487	1.16749450257435	1434	197	206	885	885	429	1522	2308	2860	roadmap_epigenomics H3K27me3	NA	NA	H3K27me3	NA	NA	E124-H3K27me3.narrowPeak	0.000926050043842273	160742
1	783	roadmap_epigenomics	3.07299458670655	1.17790512775439	975	198	204	1045	1045	482	1009	2767	3373	roadmap_epigenomics H3K27me3	NA	NA	H3K27me3	NA	NA	E094-H3K27me3.narrowPeak	0.00177597750263337	42768
1	452	roadmap_epigenomics	3.01367240060387	1.19399333243795	764	199	201	1088	1088	496	775	2978	3607	roadmap_epigenomics H3K27me3	NA	NA	H3K27me3	NA	NA	E048-H3K27me3.narrowPeak	0.00203401229434708	34760
1	633	roadmap_epigenomics	2.99451301214357	1.17701076878181	941	200	205	1051	1051	485	973	2801	3409	roadmap_epigenomics H3K27me3	NA	NA	H3K27me3	NA	NA	E076-H3K27me3.narrowPeak	0.00212376895941738	65497
1	343	roadmap_epigenomics	2.97452501993141	1.21343721673262	608	201	198	1109	1109	503	604	3134	3778	roadmap_epigenomics H3K9me3	NA	NA	H3K9me3	NA	NA	E031-H3K9me3.narrowPeak	0.0022217231822651	25266
1	1000	roadmap_epigenomics	2.86850814475755	1.23059328984732	492	202	195	1113	1113	503	480	3250	3902	roadmap_epigenomics H3K9me3	NA	NA	H3K9me3	NA	NA	E120-H3K9me3.narrowPeak	0.00283336082691771	18061
1	1067	roadmap_epigenomics	2.79871232532965	1.19043332515266	704	203	202	1099	1099	501	714	3038	3668	roadmap_epigenomics H3K27me3	NA	NA	H3K27me3	NA	NA	E126-H3K27me3.narrowPeak	0.00332424592638103	70203
1	769	roadmap_epigenomics	2.54482912926906	1.13328447639264	2168	204	209	511	511	308	2404	1574	1978	roadmap_epigenomics H3K9me3	NA	NA	H3K9me3	NA	NA	E092-H3K9me3.narrowPeak	0.00595344507551124	273587
1	177	roadmap_epigenomics	2.51996605833309	1.13114822816298	1941	205	210	657	657	357	2138	1801	2244	roadmap_epigenomics H3K9me3	NA	NA	H3K9me3	NA	NA	E010-H3K9me3.narrowPeak	0.00629836739621077	226115
1	894	roadmap_epigenomics	2.42997229914534	1.13564234186345	1312	206	208	932	932	449	1412	2430	2970	roadmap_epigenomics H3K27me3	NA	NA	H3K27me3	NA	NA	E110-H3K27me3.narrowPeak	0.0077413854509271	119289
1	132	roadmap_epigenomics	2.41965880847176	1.12728784425327	1925	207	212	667	667	362	2123	1817	2259	roadmap_epigenomics H3K9me3	NA	NA	H3K9me3	NA	NA	E007-H3K9me3.narrowPeak	0.00792007873055519	151755
1	320	roadmap_epigenomics	2.35795168629859	1.12914977370764	1461	208	211	873	873	431	1586	2281	2796	roadmap_epigenomics H3K27me3	NA	NA	H3K27me3	NA	NA	E028-H3K27me3.narrowPeak	0.00911239152941167	124081
1	1115	ucsc_features	2.1439691984128	1.45144859226817	3669	209	133	2	209	115	4259	73	123	UCSC LaminBq	NA	NA	NA	NA	NA	laminB1.bed	0.0149009271935503	2859551
1	1038	roadmap_epigenomics	2.13783039677945	1.17809498267911	521	210	203	1112	1112	508	529	3221	3853	roadmap_epigenomics H3K9me3	NA	NA	H3K9me3	NA	NA	E123-H3K9me3.narrowPeak	0.0150990943364806	22127
1	677	roadmap_epigenomics	2.11452238842443	1.12197353572028	1315	211	215	931	931	452	1427	2427	2955	roadmap_epigenomics H3K27me3	NA	NA	H3K27me3	NA	NA	E082-H3K27me3.narrowPeak	0.0159168851026743	117993
1	7	roadmap_epigenomics	2.06116149919612	1.123657147376	1172	212	214	993	993	473	1265	2570	3117	roadmap_epigenomics H3K27me3	NA	NA	H3K27me3	NA	NA	E002-H3K27me3.narrowPeak	0.0179811934973551	95078
1	747	roadmap_epigenomics	1.85874505905915	1.10514160490001	1657	213	216	799	799	409	1833	2085	2549	roadmap_epigenomics H3K27me3	NA	NA	H3K27me3	NA	NA	E090-H3K27me3.narrowPeak	0.0285782609512514	283720
1	171	roadmap_epigenomics	1.82004557408344	1.10369995515941	1622	214	217	819	819	417	1794	2120	2588	roadmap_epigenomics H3K9me3	NA	NA	H3K9me3	NA	NA	E009-H3K9me3.narrowPeak	0.031184420638755	190181
1	819	roadmap_epigenomics	1.74202085384795	1.13688391967096	639	215	207	1107	1107	510	672	3103	3710	roadmap_epigenomics H3K27me3	NA	NA	H3K27me3	NA	NA	E099-H3K27me3.narrowPeak	0.0372875756508783	40652
1	626	roadmap_epigenomics	1.62191660797843	1.09510556113095	1548	216	219	847	847	427	1717	2194	2665	roadmap_epigenomics H3K27me3	NA	NA	H3K27me3	NA	NA	E075-H3K27me3.narrowPeak	0.0491213739314614	185405
1	356	roadmap_epigenomics	1.59825690926282	1.12576325652724	656	217	213	1104	1104	511	696	3086	3686	roadmap_epigenomics H3K27me3	NA	NA	H3K27me3	NA	NA	E033-H3K27me3.narrowPeak	0.0518242088320544	39591
1	8	roadmap_epigenomics	1.50739325960171	1.08869073994736	2187	218	220	492	492	310	2470	1555	1912	roadmap_epigenomics H3K36me3	NA	NA	H3K36me3	NA	NA	E002-H3K36me3.narrowPeak	0.0637679378941881	284615
1	717	roadmap_epigenomics	1.31780941390086	1.10227207061047	712	219	218	1097	1097	511	770	3030	3612	roadmap_epigenomics H3K9me3	NA	NA	H3K9me3	NA	NA	E086-H3K9me3.narrowPeak	0.0984903567283077	29160
1	690	roadmap_epigenomics	1.22758630890913	1.07367203317045	1664	220	221	796	796	412	1872	2078	2510	roadmap_epigenomics H3K9me3	NA	NA	H3K9me3	NA	NA	E083-H3K9me3.narrowPeak	0.121121461595854	79957
1	669	roadmap_epigenomics	0.814182347771462	1.0547595018049	980	221	222	1041	1041	495	1103	2762	3279	roadmap_epigenomics H3K27me3	NA	NA	H3K27me3	NA	NA	E081-H3K27me3.narrowPeak	0.312924873386282	82305
1	525	roadmap_epigenomics	0.801278684391144	1.04741343132822	2206	222	224	479	479	308	2534	1536	1848	roadmap_epigenomics H3K27me3	NA	NA	H3K27me3	NA	NA	E058-H3K27me3.narrowPeak	0.322069406532479	199828
1	914	roadmap_epigenomics	0.7998866567344	1.05156360592971	1101	223	223	1013	1013	486	1244	2641	3138	roadmap_epigenomics H3K27me3	NA	NA	H3K27me3	NA	NA	E113-H3K27me3.narrowPeak	0.322810448155906	57437
1	85	roadmap_epigenomics	0.70035665975407	1.04216531922918	2547	224	225	175	225	208	2943	1195	1439	roadmap_epigenomics H3K9me3	NA	NA	H3K9me3	NA	NA	E005-H3K9me3.narrowPeak	0.405219945822836	286964
1	329	roadmap_epigenomics	0.637863356127189	1.03711876847975	1202	225	226	979	979	477	1373	2540	3009	roadmap_epigenomics H3K27me3	NA	NA	H3K27me3	NA	NA	E029-H3K27me3.narrowPeak	0.467088069894366	103373
1	673	roadmap_epigenomics	0.624398683938552	1.03706497883104	1085	226	227	1018	1018	490	1238	2657	3144	roadmap_epigenomics H3K9me3	NA	NA	H3K9me3	NA	NA	E081-H3K9me3.narrowPeak	0.481361450984499	24119
1	273	roadmap_epigenomics	0.589568612644268	1.0308275895359	1605	227	228	830	830	428	1847	2137	2535	roadmap_epigenomics H3K27me3	NA	NA	H3K27me3	NA	NA	E021-H3K27me3.narrowPeak	0.521086225551345	95847
1	179	roadmap_epigenomics	0.554272730093434	1.02919361754083	1257	228	229	956	956	471	1444	2485	2938	roadmap_epigenomics H3K27me3	NA	NA	H3K27me3	NA	NA	E011-H3K27me3.narrowPeak	0.564695130911675	107312
1	205	roadmap_epigenomics	0.427585983360529	1.01602514938129	1399	229	231	898	898	453	1622	2343	2760	roadmap_epigenomics H3K27me3	NA	NA	H3K27me3	NA	NA	E015-H3K27me3.narrowPeak	0.753925797789767	125743
1	912	roadmap_epigenomics	0.405195653116604	1.01673019192124	752	230	230	1089	1089	516	869	2990	3513	roadmap_epigenomics H3K9me3	NA	NA	H3K9me3	NA	NA	E112-H3K9me3.narrowPeak	0.793101749653291	29697
1	1119	ucsc_features	0.355531076821735	2.34255273539184	2	231	5	1123	1123	453	1	3740	4381	UCSC Numts assembled	NA	NA	NA	NA	NA	numtSAssembled.bed	0.886006425627154	78
1	712	roadmap_epigenomics	0.295344025197995	1.00074107190014	640	232	232	1106	1106	523	749	3102	3633	roadmap_epigenomics H3K27me3	NA	NA	H3K27me3	NA	NA	E086-H3K27me3.narrowPeak	1	61387
1	964	roadmap_epigenomics	0.266134131995279	0.996149556206075	1241	233	233	961	961	476	1457	2501	2925	roadmap_epigenomics H3K9me3	NA	NA	H3K9me3	NA	NA	E117-H3K9me3.narrowPeak	1	92881
1	138	roadmap_epigenomics	0.215015693283566	0.988274495049955	2380	234	234	319	319	262	2799	1362	1583	roadmap_epigenomics H2A.Z	NA	NA	H2A.Z	NA	NA	E008-H2A.Z.narrowPeak	1	122323
1	848	roadmap_epigenomics	0.192377293385465	0.984809084361432	1663	235	235	797	797	422	1964	2079	2418	roadmap_epigenomics H3K27me3	NA	NA	H3K27me3	NA	NA	E103-H3K27me3.narrowPeak	1	164869
1	192	roadmap_epigenomics	0.184546736446936	0.983346583669947	2140	236	236	534	534	335	2524	1602	1858	roadmap_epigenomics H3K27me3	NA	NA	H3K27me3	NA	NA	E013-H3K27me3.narrowPeak	1	207227
1	249	roadmap_epigenomics	0.1654289208309	0.979753147683448	1585	237	237	833	833	436	1878	2157	2504	roadmap_epigenomics H3K27me3	NA	NA	H3K27me3	NA	NA	E018-H3K27me3.narrowPeak	1	130489
1	756	roadmap_epigenomics	0.141362919665312	0.973497554279317	1211	238	238	970	970	482	1444	2531	2938	roadmap_epigenomics H3K27me3	NA	NA	H3K27me3	NA	NA	E091-H3K27me3.narrowPeak	1	114417
1	124	roadmap_epigenomics	0.122895810768487	0.970109912203968	1424	239	239	888	888	455	1699	2318	2683	roadmap_epigenomics H3K27me3	NA	NA	H3K27me3	NA	NA	E007-H3K27me3.narrowPeak	1	54468
1	511	roadmap_epigenomics	0.119248085289398	0.970011829446775	1869	240	240	697	697	392	2222	1873	2160	roadmap_epigenomics H3K27me3	NA	NA	H3K27me3	NA	NA	E056-H3K27me3.narrowPeak	1	290583
1	339	roadmap_epigenomics	0.113783297948547	0.94746176054623	335	241	242	1120	1120	534	412	3407	3970	roadmap_epigenomics H3K27me3	NA	NA	H3K27me3	NA	NA	E031-H3K27me3.narrowPeak	1	10222
1	16	roadmap_epigenomics	0.0641821430781678	0.945425248859821	2854	242	243	29	243	171	3386	888	996	roadmap_epigenomics H2A.Z	NA	NA	H2A.Z	NA	NA	E003-H2A.Z.narrowPeak	1	280604
1	502	roadmap_epigenomics	0.0607775538516331	0.951920669183077	2050	243	241	606	606	363	2454	1692	1928	roadmap_epigenomics H3K27me3	NA	NA	H3K27me3	NA	NA	E055-H3K27me3.narrowPeak	1	302342
1	76	roadmap_epigenomics	0.0368881641588003	0.938758602494724	1364	244	244	909	909	466	1662	2378	2720	roadmap_epigenomics H3K27me3	NA	NA	H3K27me3	NA	NA	E005-H3K27me3.narrowPeak	1	76270
1	53	roadmap_epigenomics	0.0132541124635448	0.916899883142509	1267	245	245	952	952	481	1570	2475	2812	roadmap_epigenomics H3K27me3	NA	NA	H3K27me3	NA	NA	E004-H3K27me3.narrowPeak	1	77713
1	945	roadmap_epigenomics	0.00743899004291703	0.871791806300822	467	246	250	1114	1114	537	616	3275	3766	roadmap_epigenomics H3K27me3	NA	NA	H3K27me3	NA	NA	E116-H3K27me3.narrowPeak	1	17339
1	765	roadmap_epigenomics	0.00498402048103032	0.90416736077074	1991	247	246	636	636	376	2441	1751	1941	roadmap_epigenomics H3K27me3	NA	NA	H3K27me3	NA	NA	E092-H3K27me3.narrowPeak	1	273954
1	212	roadmap_epigenomics	0.00166252414525808	0.885154715274742	1330	248	247	925	925	473	1682	2412	2700	roadmap_epigenomics H3K27me3	NA	NA	H3K27me3	NA	NA	E016-H3K27me3.narrowPeak	1	84150
1	28	roadmap_epigenomics	0.000983857456263454	0.881844370582329	1678	249	248	793	793	430	2102	2064	2280	roadmap_epigenomics H3K27me3	NA	NA	H3K27me3	NA	NA	E003-H3K27me3.narrowPeak	1	123423
1	699	roadmap_epigenomics	0.000897970288372407	0.878404939572257	2213	250	249	475	475	325	2727	1529	1655	roadmap_epigenomics H3K9me3	NA	NA	H3K9me3	NA	NA	E084-H3K9me3.narrowPeak	1	236782
1	774	roadmap_epigenomics	0.000524726760040315	0.867833561823846	1205	251	251	976	976	493	1550	2537	2832	roadmap_epigenomics H3K27me3	NA	NA	H3K27me3	NA	NA	E093-H3K27me3.narrowPeak	1	90546
1	198	roadmap_epigenomics	0.00029672859916332	0.861939035664867	1241	252	252	961	961	488	1601	2501	2781	roadmap_epigenomics H3K27me3	NA	NA	H3K27me3	NA	NA	E014-H3K27me3.narrowPeak	1	90298
1	593	roadmap_epigenomics	0.000114320788825023	0.853765002007139	2258	253	253	437	437	314	2807	1484	1575	roadmap_epigenomics H3K27me3	NA	NA	H3K27me3	NA	NA	E070-H3K27me3.narrowPeak	1	132980
1	1117	ucsc_features	0.0000929550138771196	0.838292103469264	931	254	255	1053	1053	521	1241	2811	3141	UCSC Microsatellites	NA	NA	NA	NA	NA	microsat.bed	1	41258
1	519	roadmap_epigenomics	0.0000672564793403895	0.852462979946571	1802	255	254	733	733	414	2285	1940	2097	roadmap_epigenomics H3K27me3	NA	NA	H3K27me3	NA	NA	E057-H3K27me3.narrowPeak	1	98301
1	74	roadmap_epigenomics	0.0000335848773769449	0.821671823632413	828	256	257	1071	1071	528	1126	2914	3256	roadmap_epigenomics H3K23ac	NA	NA	H3K23ac	NA	NA	E005-H3K23ac.narrowPeak	1	26230
1	263	roadmap_epigenomics	0.0000135716900082198	0.835174972442011	1461	257	256	873	873	462	1902	2281	2480	roadmap_epigenomics H3K27me3	NA	NA	H3K27me3	NA	NA	E020-H3K27me3.narrowPeak	1	96382
1	150	roadmap_epigenomics	0.0000104781001539338	0.808576373027034	807	258	260	1077	1077	532	1112	2935	3270	roadmap_epigenomics H3K27me3	NA	NA	H3K27me3	NA	NA	E008-H3K27me3.narrowPeak	1	38910
1	160	roadmap_epigenomics	0.00000175550574802605	0.819236445798988	2019	259	258	622	622	380	2579	1723	1803	roadmap_epigenomics H3K9me3	NA	NA	H3K9me3	NA	NA	E008-H3K9me3.narrowPeak	1	210217
1	186	roadmap_epigenomics	0.00000069289559155953	0.808723240908701	1345	260	259	918	918	479	1795	2397	2587	roadmap_epigenomics H3K27me3	NA	NA	H3K27me3	NA	NA	E012-H3K27me3.narrowPeak	1	75931
1	908	roadmap_epigenomics	0.000000420455235999596	0.779798259341306	800	261	266	1080	1080	536	1133	2942	3249	roadmap_epigenomics H3K27me3	NA	NA	H3K27me3	NA	NA	E112-H3K27me3.narrowPeak	1	44640
1	54	roadmap_epigenomics	0.000000184220653136978	0.772664618184363	792	262	270	1083	1083	538	1130	2950	3252	roadmap_epigenomics H3K36me3	NA	NA	H3K36me3	NA	NA	E004-H3K36me3.narrowPeak	1	16189
1	163	roadmap_epigenomics	0.000000154849112493106	0.792866035757671	2376	263	263	324	324	283	3010	1366	1372	roadmap_epigenomics H4K5ac	NA	NA	H4K5ac	NA	NA	E008-H4K5ac.narrowPeak	1	136718
1	738	roadmap_epigenomics	0.0000000956974102053494	0.79932696414266	1759	264	261	758	758	428	2305	1983	2077	roadmap_epigenomics H3K27me3	NA	NA	H3K27me3	NA	NA	E089-H3K27me3.narrowPeak	1	221319
1	256	roadmap_epigenomics	0.000000092459972370961	0.794910967812392	1374	265	262	908	908	478	1849	2368	2533	roadmap_epigenomics H3K27me3	NA	NA	H3K27me3	NA	NA	E019-H3K27me3.narrowPeak	1	67306
1	1	roadmap_epigenomics	0.0000000157466772586301	0.782921472717673	1360	266	265	912	912	481	1848	2382	2534	roadmap_epigenomics H3K27me3	NA	NA	H3K27me3	NA	NA	E001-H3K27me3.narrowPeak	1	93339
1	969	roadmap_epigenomics	9.51287445594889e-09	0.783944780154062	1641	267	264	808	808	446	2187	2101	2195	roadmap_epigenomics H3K27me3	NA	NA	H3K27me3	NA	NA	E118-H3K27me3.narrowPeak	1	110851
1	21	roadmap_epigenomics	2.80493617695727e-09	0.739149432826309	748	268	275	1091	1091	545	1107	2994	3275	roadmap_epigenomics H2BK20ac	NA	NA	H2BK20ac	NA	NA	E003-H2BK20ac.narrowPeak	1	71225
1	967	roadmap_epigenomics	2.64723840351985e-09	0.77396792017614	1455	269	268	877	877	471	1977	2287	2405	roadmap_epigenomics H2A.Z	NA	NA	H2A.Z	NA	NA	E118-H2A.Z.narrowPeak	1	24224
1	56	roadmap_epigenomics	2.28335126417253e-09	0.775309304532097	1635	270	267	811	811	449	2192	2107	2190	roadmap_epigenomics H3K4me1	NA	NA	H3K4me1	NA	NA	E004-H3K4me1.narrowPeak	1	125993
1	562	roadmap_epigenomics	1.3963829629069e-09	0.77281969406055	1790	271	269	743	743	428	2378	1952	2004	roadmap_epigenomics H3K4me1	NA	NA	H3K4me1	NA	NA	E065-H3K4me1.narrowPeak	1	190844
1	1024	roadmap_epigenomics	2.13617868659794e-10	0.731055042806784	832	272	277	1070	1070	540	1232	2910	3150	roadmap_epigenomics H3K9me1	NA	NA	H3K9me1	NA	NA	E122-H3K9me1.narrowPeak	1	25444
1	143	roadmap_epigenomics	2.13368204278581e-10	0.761234764408246	1940	273	271	658	658	401	2567	1802	1815	roadmap_epigenomics H2BK20ac	NA	NA	H2BK20ac	NA	NA	E008-H2BK20ac.narrowPeak	1	115394
1	721	roadmap_epigenomics	4.32667215258682e-11	0.75347821138349	1857	274	272	705	705	417	2483	1885	1899	roadmap_epigenomics H3K4me1	NA	NA	H3K4me1	NA	NA	E087-H3K4me1.narrowPeak	1	167584
1	19	roadmap_epigenomics	1.43584502462292e-11	0.747740323366957	1869	275	273	697	697	415	2505	1873	1877	roadmap_epigenomics H2BK12ac	NA	NA	H2BK12ac	NA	NA	E003-H2BK12ac.narrowPeak	1	175406
1	92	roadmap_epigenomics	1.23499489988302e-11	0.705292786973746	2791	276	283	50	283	203	3533	951	849	roadmap_epigenomics H2A.Z	NA	NA	H2A.Z	NA	NA	E006-H2A.Z.narrowPeak	1	201531
1	147	roadmap_epigenomics	9.05358841982990e-12	0.745827955307373	1805	277	274	731	731	427	2434	1937	1948	roadmap_epigenomics H3K23ac	NA	NA	H3K23ac	NA	NA	E008-H3K23ac.narrowPeak	1	83775
1	48	roadmap_epigenomics	7.08636038802464e-12	0.729363420554849	1079	278	278	1019	1019	525	1565	2663	2817	roadmap_epigenomics H2BK15ac	NA	NA	H2BK15ac	NA	NA	E004-H2BK15ac.narrowPeak	1	83199
1	172	roadmap_epigenomics	3.79294100783728e-12	0.72841612495087	2364	279	279	339	339	299	3076	1378	1306	roadmap_epigenomics H2A.Z	NA	NA	H2A.Z	NA	NA	E010-H2A.Z.narrowPeak	1	113363
1	133	roadmap_epigenomics	8.8438471957692e-13	0.69636227459915	2729	280	286	73	286	213	3482	1013	900	roadmap_epigenomics H4K8ac	NA	NA	H4K8ac	NA	NA	E007-H4K8ac.narrowPeak	1	223512
1	51	roadmap_epigenomics	8.34818287795983e-13	0.732830615513923	1961	281	276	646	646	401	2631	1781	1751	roadmap_epigenomics H3K23ac	NA	NA	H3K23ac	NA	NA	E004-H3K23ac.narrowPeak	1	111604
1	686	roadmap_epigenomics	4.21073588270697e-13	0.727217734193294	2084	282	280	584	584	382	2776	1658	1606	roadmap_epigenomics H3K36me3	NA	NA	H3K36me3	NA	NA	E083-H3K36me3.narrowPeak	1	221146
1	161	roadmap_epigenomics	1.91804733097491e-13	0.727182992165455	1870	283	281	695	695	420	2536	1872	1846	roadmap_epigenomics H3T11ph	NA	NA	H3T11ph	NA	NA	E008-H3T11ph.narrowPeak	1	108647
1	20	roadmap_epigenomics	1.64417833047367e-13	0.710067017787101	1054	284	282	1023	1023	530	1559	2688	2823	roadmap_epigenomics H2BK15ac	NA	NA	H2BK15ac	NA	NA	E003-H2BK15ac.narrowPeak	1	56902
1	10	roadmap_epigenomics	1.0617245406753e-13	0.69160629244289	2658	285	288	100	288	224	3418	1084	964	roadmap_epigenomics H3K4me3	NA	NA	H3K4me3	NA	NA	E002-H3K4me3.narrowPeak	1	147544
1	286	roadmap_epigenomics	2.37706720505392e-14	0.700770816310153	2422	286	285	286	286	286	3171	1320	1211	roadmap_epigenomics H3K9me3	NA	NA	H3K9me3	NA	NA	E022-H3K9me3.narrowPeak	1	207447
1	46	roadmap_epigenomics	2.37224556772115e-14	0.683218604709586	813	287	289	1076	1076	551	1266	2929	3116	roadmap_epigenomics H2AK5ac	NA	NA	H2AK5ac	NA	NA	E004-H2AK5ac.narrowPeak	1	52932
1	164	roadmap_epigenomics	1.10897658653629e-14	0.702120483315641	2328	288	284	375	375	316	3072	1414	1310	roadmap_epigenomics H4K8ac	NA	NA	H4K8ac	NA	NA	E008-H4K8ac.narrowPeak	1	139450
1	18	roadmap_epigenomics	5.40023381269844e-15	0.681115798377643	860	289	291	1067	1067	549	1335	2882	3047	roadmap_epigenomics H2BK120ac	NA	NA	H2BK120ac	NA	NA	E003-H2BK120ac.narrowPeak	1	62846
1	1026	roadmap_epigenomics	6.75029226587302e-16	0.66463673323871	781	290	299	1084	1084	558	1245	2961	3137	roadmap_epigenomics H4K20me1	NA	NA	H4K20me1	NA	NA	E122-H4K20me1.narrowPeak	1	49461
1	856	roadmap_epigenomics	3.85730986621315e-16	0.627704691724211	2958	291	319	13	319	208	3757	784	625	roadmap_epigenomics H3K36me3	NA	NA	H3K36me3	NA	NA	E104-H3K36me3.narrowPeak	1	300362
1	1123	ucsc_features	3.85730986621315e-16	0.173255348621832	16	291	1122	1122	1122	845	106	3726	4276	UCSC Vista enhancers	NA	NA	NA	NA	NA	vistaEnhancers.bed	1	1339
1	149	roadmap_epigenomics	3.37514613293651e-16	0.680347405996409	2448	293	292	265	293	283	3223	1294	1159	roadmap_epigenomics H3K27ac	NA	NA	H3K27ac	NA	NA	E008-H3K27ac.narrowPeak	1	220688
1	156	roadmap_epigenomics	1.92865493310657e-16	0.679448663070234	2432	294	293	278	294	288	3208	1310	1174	roadmap_epigenomics H3K56ac	NA	NA	H3K56ac	NA	NA	E008-H3K56ac.narrowPeak	1	164562
1	17	roadmap_epigenomics	9.64327466553287e-17	0.694493378605728	1513	295	287	857	857	480	2166	2229	2216	roadmap_epigenomics H2AK5ac	NA	NA	H2AK5ac	NA	NA	E003-H2AK5ac.narrowPeak	1	102280
1	96	roadmap_epigenomics	4.82163733276644e-17	0.682531633555403	2235	296	290	460	460	349	3001	1507	1381	roadmap_epigenomics H2BK5ac	NA	NA	H2BK5ac	NA	NA	E006-H2BK5ac.narrowPeak	1	169022
1	121	roadmap_epigenomics	0	0.62406872207947	2671	297	321	94	321	237	3505	1071	877	roadmap_epigenomics H3K18ac	NA	NA	H3K18ac	NA	NA	E007-H3K18ac.narrowPeak	1	252687
1	162	roadmap_epigenomics	0	0.582693779518691	2757	297	361	60	361	239	3627	985	755	roadmap_epigenomics H4K20me1	NA	NA	H4K20me1	NA	NA	E008-H4K20me1.narrowPeak	1	284568
1	44	roadmap_epigenomics	0	0.554148136580451	2768	297	384	54	384	245	3667	974	715	roadmap_epigenomics	NA	NA	NA	NA	NA	E004-DNase.hotspot.fdr0.01.peaks.bed	1	238986
1	1041	roadmap_epigenomics	0	0.601380170916444	2648	297	339	104	339	247	3510	1094	872	roadmap_epigenomics H2A.Z	NA	NA	H2A.Z	NA	NA	E124-H2A.Z.narrowPeak	1	136897
1	979	roadmap_epigenomics	0	0.626306339871704	2595	297	320	133	320	250	3432	1147	950	roadmap_epigenomics H2A.Z	NA	NA	H2A.Z	NA	NA	E119-H2A.Z.narrowPeak	1	137376
1	517	roadmap_epigenomics	0	0.585719537710745	2668	297	360	98	360	252	3546	1074	836	roadmap_epigenomics	NA	NA	NA	NA	NA	E057-DNase.hotspot.fdr0.01.peaks.bed	1	209886
1	145	roadmap_epigenomics	0	0.610597632676672	2592	297	329	135	329	254	3448	1150	934	roadmap_epigenomics H3K14ac	NA	NA	H3K14ac	NA	NA	E008-H3K14ac.narrowPeak	1	181023
1	676	roadmap_epigenomics	0	0.520555860477892	2837	297	436	33	436	255	3758	905	624	roadmap_epigenomics	NA	NA	NA	NA	NA	E082-DNase.macs2.narrowPeak	1	496530
1	280	roadmap_epigenomics	0	0.503188841536179	3231	297	468	4	468	256	4059	511	323	roadmap_epigenomics	NA	NA	NA	NA	NA	E022-DNase.macs2.narrowPeak	1	671885
1	1003	roadmap_epigenomics	0	0.612817813872377	2583	297	327	144	327	256	3437	1159	945	roadmap_epigenomics H2A.Z	NA	NA	H2A.Z	NA	NA	E121-H2A.Z.narrowPeak	1	153394
1	136	roadmap_epigenomics	0	0.5495117257111	2683	297	391	88	391	259	3601	1059	781	roadmap_epigenomics	NA	NA	NA	NA	NA	E008-DNase.hotspot.fdr0.01.peaks.bed	1	189915
1	14	roadmap_epigenomics	0	0.54388354130326	2717	297	406	77	406	260	3636	1025	746	roadmap_epigenomics	NA	NA	NA	NA	NA	E003-DNase.hotspot.fdr0.01.peaks.bed	1	181790
1	279	roadmap_epigenomics	0	0.541304224224283	2734	297	412	72	412	260	3653	1008	729	roadmap_epigenomics	NA	NA	NA	NA	NA	E022-DNase.hotspot.fdr0.01.peaks.bed	1	191448
1	518	roadmap_epigenomics	0	0.513671471130366	2833	297	448	35	448	260	3762	909	620	roadmap_epigenomics	NA	NA	NA	NA	NA	E057-DNase.macs2.narrowPeak	1	290255
1	108	roadmap_epigenomics	0	0.535312856498288	2749	297	420	66	420	261	3672	993	710	roadmap_epigenomics H3K9ac	NA	NA	H3K9ac	NA	NA	E006-H3K9ac.narrowPeak	1	193085
1	318	roadmap_epigenomics	0	0.573888138965941	2625	297	371	116	371	261	3522	1117	860	roadmap_epigenomics	NA	NA	NA	NA	NA	E028-DNase.hotspot.fdr0.01.peaks.bed	1	186595
1	270	roadmap_epigenomics	0	0.537648080635757	2729	297	416	73	416	262	3653	1013	729	roadmap_epigenomics	NA	NA	NA	NA	NA	E021-DNase.hotspot.fdr0.01.peaks.bed	1	182710
1	978	roadmap_epigenomics	0	0.506252535722285	2836	297	461	34	461	264	3772	906	610	roadmap_epigenomics	NA	NA	NA	NA	NA	E119-DNase.macs2.narrowPeak	1	292840
1	753	roadmap_epigenomics	0	0.524378086251768	2750	297	433	64	433	265	3685	992	697	roadmap_epigenomics	NA	NA	NA	NA	NA	E091-DNase.hotspot.fdr0.01.peaks.bed	1	214514
1	66	roadmap_epigenomics	0	0.537282092548512	2691	297	417	85	417	266	3622	1051	760	roadmap_epigenomics	NA	NA	NA	NA	NA	E005-DNase.macs2.narrowPeak	1	271969
1	465	roadmap_epigenomics	0	0.538136503223236	2679	297	413	92	413	267	3611	1063	771	roadmap_epigenomics	NA	NA	NA	NA	NA	E050-DNase.hotspot.fdr0.01.peaks.bed	1	156377
1	119	roadmap_epigenomics	0	0.490295442581007	2976	297	499	12	499	269	3891	766	491	roadmap_epigenomics H2BK5ac	NA	NA	H2BK5ac	NA	NA	E007-H2BK5ac.narrowPeak	1	389247
1	622	roadmap_epigenomics	0	0.544053959132508	2647	297	404	105	404	269	3577	1095	805	roadmap_epigenomics H3K4me3	NA	NA	H3K4me3	NA	NA	E074-H3K4me3.narrowPeak	1	90281
1	319	roadmap_epigenomics	0	0.51190292874054	2750	297	452	64	452	271	3699	992	683	roadmap_epigenomics	NA	NA	NA	NA	NA	E028-DNase.macs2.narrowPeak	1	247966
1	166	roadmap_epigenomics	0	0.596645301650496	2543	297	343	177	343	272	3420	1199	962	roadmap_epigenomics H2A.Z	NA	NA	H2A.Z	NA	NA	E009-H2A.Z.narrowPeak	1	158512
1	668	roadmap_epigenomics	0	0.494734634080908	2765	297	483	57	483	279	3730	977	652	roadmap_epigenomics	NA	NA	NA	NA	NA	E081-DNase.macs2.narrowPeak	1	402299
1	251	roadmap_epigenomics	0	0.533871443453484	2624	297	425	117	425	280	3570	1118	812	roadmap_epigenomics H3K4me1	NA	NA	H3K4me1	NA	NA	E018-H3K4me1.narrowPeak	1	334991
1	726	roadmap_epigenomics	0	0.509958830412516	2682	297	455	89	455	280	3647	1060	735	roadmap_epigenomics	NA	NA	NA	NA	NA	E088-DNase.hotspot.fdr0.01.peaks.bed	1	243016
1	200	roadmap_epigenomics	0	0.586060684852624	2524	297	359	197	359	284	3416	1218	966	roadmap_epigenomics H3K4me1	NA	NA	H3K4me1	NA	NA	E014-H3K4me1.narrowPeak	1	314776
1	531	roadmap_epigenomics	0	0.533136759096803	2604	297	426	128	426	284	3554	1138	828	roadmap_epigenomics	NA	NA	NA	NA	NA	E059-DNase.hotspot.fdr0.01.peaks.bed	1	188414
1	120	roadmap_epigenomics	0	0.652655959989377	2454	297	304	257	304	286	3264	1288	1118	roadmap_epigenomics H3K14ac	NA	NA	H3K14ac	NA	NA	E007-H3K14ac.narrowPeak	1	184207
1	474	roadmap_epigenomics	0	0.52917849142029	2591	297	427	136	427	287	3548	1151	834	roadmap_epigenomics	NA	NA	NA	NA	NA	E051-DNase.hotspot.fdr0.01.peaks.bed	1	133410
1	667	roadmap_epigenomics	0	0.59478136334621	2494	297	345	220	345	287	3377	1248	1005	roadmap_epigenomics	NA	NA	NA	NA	NA	E081-DNase.hotspot.fdr0.01.peaks.bed	1	206920
1	675	roadmap_epigenomics	0	0.59849901975753	2481	297	342	225	342	288	3360	1261	1022	roadmap_epigenomics	NA	NA	NA	NA	NA	E082-DNase.hotspot.fdr0.01.peaks.bed	1	195020
1	990	roadmap_epigenomics	0	0.486230087558133	2800	297	520	46	520	288	3766	942	616	roadmap_epigenomics	NA	NA	NA	NA	NA	E120-DNase.macs2.narrowPeak	1	386665
1	24	roadmap_epigenomics	0	0.628440439012049	2460	297	318	253	318	289	3301	1282	1081	roadmap_epigenomics H3K18ac	NA	NA	H3K18ac	NA	NA	E003-H3K18ac.narrowPeak	1	249755
1	1077	roadmap_epigenomics	0	0.65357934593508	2439	297	303	273	303	291	3248	1303	1134	roadmap_epigenomics H2A.Z	NA	NA	H2A.Z	NA	NA	E127-H2A.Z.narrowPeak	1	137462
1	45	roadmap_epigenomics	0	0.47591178246276	2886	297	555	24	555	292	3840	856	542	roadmap_epigenomics	NA	NA	NA	NA	NA	E004-DNase.macs2.narrowPeak	1	365365
1	81	roadmap_epigenomics	0	0.518109342796031	2586	297	443	140	443	293	3558	1156	824	roadmap_epigenomics H3K4me3	NA	NA	H3K4me3	NA	NA	E005-H3K4me3.narrowPeak	1	88854
1	271	roadmap_epigenomics	0	0.468952731847976	3196	297	581	5	581	294	4057	546	325	roadmap_epigenomics	NA	NA	NA	NA	NA	E021-DNase.macs2.narrowPeak	1	691347
1	798	roadmap_epigenomics	0	0.543931577867132	2540	297	405	180	405	294	3485	1202	897	roadmap_epigenomics H3K4me3	NA	NA	H3K4me3	NA	NA	E096-H3K4me3.narrowPeak	1	96300
1	1101	roadmap_epigenomics	0	0.615716414288605	2450	297	325	262	325	295	3308	1292	1074	roadmap_epigenomics H2A.Z	NA	NA	H2A.Z	NA	NA	E129-H2A.Z.narrowPeak	1	144805
1	449	roadmap_epigenomics	0	0.569314635526252	2499	297	376	217	376	297	3415	1243	967	roadmap_epigenomics H3K9ac	NA	NA	H3K9ac	NA	NA	E047-H3K9ac.narrowPeak	1	147914
1	146	roadmap_epigenomics	0	0.586878477986716	2471	297	357	239	357	298	3366	1271	1016	roadmap_epigenomics H3K18ac	NA	NA	H3K18ac	NA	NA	E008-H3K18ac.narrowPeak	1	148881
1	269	roadmap_epigenomics	0	0.549329492894097	2505	297	392	211	392	300	3447	1237	935	roadmap_epigenomics	NA	NA	NA	NA	NA	E021-DNase.hotspot.all.peaks.bed	1	111181
1	710	roadmap_epigenomics	0	0.493619240611939	2627	297	488	115	488	300	3623	1115	759	roadmap_epigenomics	NA	NA	NA	NA	NA	E086-DNase.hotspot.fdr0.01.peaks.bed	1	178680
1	65	roadmap_epigenomics	0	0.581981311227364	2464	297	362	246	362	302	3366	1278	1016	roadmap_epigenomics	NA	NA	NA	NA	NA	E005-DNase.hotspot.fdr0.01.peaks.bed	1	152235
1	278	roadmap_epigenomics	0	0.542751316175185	2512	297	408	205	408	303	3462	1230	920	roadmap_epigenomics	NA	NA	NA	NA	NA	E022-DNase.hotspot.all.peaks.bed	1	119252
1	13	roadmap_epigenomics	0	0.545626206589335	2487	297	399	224	399	307	3436	1255	946	roadmap_epigenomics	NA	NA	NA	NA	NA	E003-DNase.hotspot.all.peaks.bed	1	111055
1	105	roadmap_epigenomics	0	0.479507390556323	2699	297	541	82	541	307	3697	1043	685	roadmap_epigenomics H3K4me2	NA	NA	H3K4me2	NA	NA	E006-H3K4me2.narrowPeak	1	170555
1	128	roadmap_epigenomics	0	0.47859076808169	2708	297	545	79	545	307	3705	1034	677	roadmap_epigenomics H3K4me2	NA	NA	H3K4me2	NA	NA	E007-H3K4me2.narrowPeak	1	143005
1	214	roadmap_epigenomics	0	0.591310842249215	2441	297	352	271	352	307	3332	1301	1050	roadmap_epigenomics H3K4me1	NA	NA	H3K4me1	NA	NA	E016-H3K4me1.narrowPeak	1	292493
1	221	roadmap_epigenomics	0	0.525105884367906	2525	297	431	196	431	308	3497	1217	885	roadmap_epigenomics H2A.Z	NA	NA	H2A.Z	NA	NA	E017-H2A.Z.narrowPeak	1	121643
1	129	roadmap_epigenomics	0	0.512016447555299	2536	297	451	183	451	310	3524	1206	858	roadmap_epigenomics H3K4me3	NA	NA	H3K4me3	NA	NA	E007-H3K4me3.narrowPeak	1	87807
1	3	roadmap_epigenomics	0	0.562369553447549	2447	297	380	267	380	315	3377	1295	1005	roadmap_epigenomics H3K4me1	NA	NA	H3K4me1	NA	NA	E001-H3K4me1.narrowPeak	1	308728
1	113	roadmap_epigenomics	0	0.519358061483682	2495	297	440	218	440	318	3479	1247	903	roadmap_epigenomics	NA	NA	NA	NA	NA	E007-DNase.hotspot.fdr0.01.peaks.bed	1	135081
1	786	roadmap_epigenomics	0	0.488502858121807	2579	297	509	147	509	318	3591	1163	791	roadmap_epigenomics H3K4me3	NA	NA	H3K4me3	NA	NA	E094-H3K4me3.narrowPeak	1	87979
1	122	roadmap_epigenomics	0	0.455394291645645	2824	297	621	39	621	319	3817	918	565	roadmap_epigenomics H3K23ac	NA	NA	H3K23ac	NA	NA	E007-H3K23ac.narrowPeak	1	240360
1	258	roadmap_epigenomics	0	0.575336232588232	2407	297	370	294	370	320	3322	1335	1060	roadmap_epigenomics H3K4me1	NA	NA	H3K4me1	NA	NA	E019-H3K4me1.narrowPeak	1	213365
1	692	roadmap_epigenomics	0	0.493515262532868	2548	297	490	173	490	320	3559	1194	823	roadmap_epigenomics	NA	NA	NA	NA	NA	E084-DNase.hotspot.fdr0.01.peaks.bed	1	168261
1	701	roadmap_epigenomics	0	0.491239139406211	2554	297	497	165	497	320	3567	1188	815	roadmap_epigenomics	NA	NA	NA	NA	NA	E085-DNase.hotspot.fdr0.01.peaks.bed	1	161983
1	810	roadmap_epigenomics	0	0.50874794037299	2513	297	458	204	458	320	3509	1229	873	roadmap_epigenomics	NA	NA	NA	NA	NA	E098-DNase.hotspot.fdr0.01.peaks.bed	1	150516
1	182	roadmap_epigenomics	0	0.490902556830737	2551	297	498	168	498	321	3565	1191	817	roadmap_epigenomics H3K4me3	NA	NA	H3K4me3	NA	NA	E011-H3K4me3.narrowPeak	1	131844
1	778	roadmap_epigenomics	0	0.59440808610229	2376	297	347	324	347	323	3266	1366	1116	roadmap_epigenomics H3K9me3	NA	NA	H3K9me3	NA	NA	E093-H3K9me3.narrowPeak	1	234001
1	920	roadmap_epigenomics	0	0.667478142435537	2328	297	298	375	375	323	3118	1414	1264	roadmap_epigenomics H2A.Z	NA	NA	H2A.Z	NA	NA	E114-H2A.Z.narrowPeak	1	88217
1	265	roadmap_epigenomics	0	0.52131512817801	2467	297	435	244	435	325	3452	1275	930	roadmap_epigenomics H3K4me1	NA	NA	H3K4me1	NA	NA	E020-H3K4me1.narrowPeak	1	289288
1	473	roadmap_epigenomics	0	0.534536014697862	2454	297	422	257	422	325	3422	1288	960	roadmap_epigenomics	NA	NA	NA	NA	NA	E051-DNase.hotspot.all.peaks.bed	1	105226
1	683	roadmap_epigenomics	0	0.48053452203677	2587	297	539	138	539	325	3608	1155	774	roadmap_epigenomics	NA	NA	NA	NA	NA	E083-DNase.hotspot.fdr0.01.peaks.bed	1	218413
1	220	roadmap_epigenomics	0	0.443490661095973	2888	297	663	23	663	328	3874	854	508	roadmap_epigenomics	NA	NA	NA	NA	NA	E017-DNase.macs2.narrowPeak	1	398131
1	735	roadmap_epigenomics	0	0.473053730468389	2624	297	570	117	570	328	3647	1118	735	roadmap_epigenomics	NA	NA	NA	NA	NA	E089-DNase.hotspot.fdr0.01.peaks.bed	1	210689
1	137	roadmap_epigenomics	0	0.451277911546944	2770	297	638	53	638	329	3783	972	599	roadmap_epigenomics	NA	NA	NA	NA	NA	E008-DNase.macs2.narrowPeak	1	244359
1	1015	roadmap_epigenomics	0	0.588372411528964	2363	297	354	340	354	330	3262	1379	1120	roadmap_epigenomics H2A.Z	NA	NA	H2A.Z	NA	NA	E122-H2A.Z.narrowPeak	1	124665
1	207	roadmap_epigenomics	0	0.480939479165107	2559	297	537	159	537	331	3585	1183	797	roadmap_epigenomics H3K4me1	NA	NA	H3K4me1	NA	NA	E015-H3K4me1.narrowPeak	1	327376
1	806	roadmap_epigenomics	0	0.593566159745112	2355	297	349	348	349	331	3247	1387	1135	roadmap_epigenomics H3K4me1	NA	NA	H3K4me1	NA	NA	E097-H3K4me1.narrowPeak	1	316356
1	1053	roadmap_epigenomics	0	0.567495855301625	2377	297	377	323	377	332	3305	1365	1077	roadmap_epigenomics H2A.Z	NA	NA	H2A.Z	NA	NA	E125-H2A.Z.narrowPeak	1	96604
1	26	roadmap_epigenomics	0	0.610282809516246	2330	297	331	372	372	333	3199	1412	1183	roadmap_epigenomics H3K23me2	NA	NA	H3K23me2	NA	NA	E003-H3K23me2.narrowPeak	1	95590
1	780	roadmap_epigenomics	0	0.491526379799399	2512	297	496	205	496	333	3532	1230	850	roadmap_epigenomics	NA	NA	NA	NA	NA	E094-DNase.hotspot.fdr0.01.peaks.bed	1	165153
1	15	roadmap_epigenomics	0	0.4376959629529	2912	297	685	21	685	334	3896	830	486	roadmap_epigenomics	NA	NA	NA	NA	NA	E003-DNase.macs2.narrowPeak	1	339188
1	744	roadmap_epigenomics	0	0.472657025990137	2594	297	571	134	571	334	3624	1148	758	roadmap_epigenomics	NA	NA	NA	NA	NA	E090-DNase.hotspot.fdr0.01.peaks.bed	1	219306
1	43	roadmap_epigenomics	0	0.581438815672912	2360	297	363	345	363	335	3269	1382	1113	roadmap_epigenomics	NA	NA	NA	NA	NA	E004-DNase.hotspot.all.peaks.bed	1	114500
1	99	roadmap_epigenomics	0	0.45633243996761	2680	297	618	90	618	335	3711	1062	671	roadmap_epigenomics H3K23ac	NA	NA	H3K23ac	NA	NA	E006-H3K23ac.narrowPeak	1	220387
1	464	roadmap_epigenomics	0	0.534859494720653	2422	297	421	286	421	335	3393	1320	989	roadmap_epigenomics	NA	NA	NA	NA	NA	E050-DNase.hotspot.all.peaks.bed	1	104134
1	1089	roadmap_epigenomics	0	0.451843164357054	2724	297	634	75	634	335	3749	1018	633	roadmap_epigenomics	NA	NA	NA	NA	NA	E128-DNase.macs2.narrowPeak	1	363287
1	63	roadmap_epigenomics	0	0.639523557301243	2306	297	311	400	400	336	3134	1436	1248	roadmap_epigenomics H4K8ac	NA	NA	H4K8ac	NA	NA	E004-H4K8ac.narrowPeak	1	131576
1	762	roadmap_epigenomics	0	0.4571397330731	2668	297	612	98	612	336	3701	1074	681	roadmap_epigenomics	NA	NA	NA	NA	NA	E092-DNase.hotspot.fdr0.01.peaks.bed	1	194389
1	296	roadmap_epigenomics	0	0.488784238968591	2511	297	507	208	507	337	3535	1231	847	roadmap_epigenomics H3K4me3	NA	NA	H3K4me3	NA	NA	E024-H3K4me3.narrowPeak	1	73602
1	711	roadmap_epigenomics	0	0.431433184630997	3099	297	714	6	714	339	4022	643	360	roadmap_epigenomics	NA	NA	NA	NA	NA	E086-DNase.macs2.narrowPeak	1	654772
1	1076	roadmap_epigenomics	0	0.435281629233868	2931	297	705	15	705	339	3911	811	471	roadmap_epigenomics	NA	NA	NA	NA	NA	E127-DNase.macs2.narrowPeak	1	449247
1	781	roadmap_epigenomics	0	0.477232679264184	2549	297	551	172	551	340	3582	1193	800	roadmap_epigenomics	NA	NA	NA	NA	NA	E094-DNase.macs2.narrowPeak	1	205035
1	991	roadmap_epigenomics	0	0.571979035249076	2352	297	372	350	372	340	3275	1390	1107	roadmap_epigenomics H2A.Z	NA	NA	H2A.Z	NA	NA	E120-H2A.Z.narrowPeak	1	101641
1	127	roadmap_epigenomics	0	0.514184165667651	2429	297	447	279	447	341	3429	1313	953	roadmap_epigenomics H3K4me1	NA	NA	H3K4me1	NA	NA	E007-H3K4me1.narrowPeak	1	262404
1	917	roadmap_epigenomics	0	0.437162906807056	2833	297	692	35	692	341	3843	909	539	roadmap_epigenomics H3K4me3	NA	NA	H3K4me3	NA	NA	E113-H3K4me3.narrowPeak	1	195000
1	466	roadmap_epigenomics	0	0.432247947130838	2922	297	713	17	713	342	3908	820	474	roadmap_epigenomics	NA	NA	NA	NA	NA	E050-DNase.macs2.narrowPeak	1	329554
1	532	roadmap_epigenomics	0	0.43666360578877	2809	297	694	43	694	345	3827	933	555	roadmap_epigenomics	NA	NA	NA	NA	NA	E059-DNase.macs2.narrowPeak	1	281326
1	181	roadmap_epigenomics	0	0.520097124571188	2389	297	437	308	437	347	3385	1353	997	roadmap_epigenomics H3K4me1	NA	NA	H3K4me1	NA	NA	E011-H3K4me1.narrowPeak	1	274844
1	55	roadmap_epigenomics	0	0.553554028869452	2335	297	385	370	385	351	3286	1407	1096	roadmap_epigenomics H3K4ac	NA	NA	H3K4ac	NA	NA	E004-H3K4ac.narrowPeak	1	176127
1	702	roadmap_epigenomics	0	0.456112896299984	2590	297	620	137	620	351	3643	1152	739	roadmap_epigenomics	NA	NA	NA	NA	NA	E085-DNase.macs2.narrowPeak	1	231841
1	134	roadmap_epigenomics	0	0.602469545725298	2277	297	338	422	422	352	3158	1465	1224	roadmap_epigenomics H4K91ac	NA	NA	H4K91ac	NA	NA	E007-H4K91ac.narrowPeak	1	168000
1	1052	roadmap_epigenomics	0	0.434766572912764	2780	297	707	52	707	352	3809	962	573	roadmap_epigenomics	NA	NA	NA	NA	NA	E125-DNase.macs2.narrowPeak	1	363159
1	816	roadmap_epigenomics	0	0.486588300162443	2464	297	517	246	517	353	3499	1278	883	roadmap_epigenomics H3K4me3	NA	NA	H3K4me3	NA	NA	E098-H3K4me3.narrowPeak	1	57291
1	658	roadmap_epigenomics	0	0.440911007273463	2670	297	673	96	673	355	3723	1072	659	roadmap_epigenomics	NA	NA	NA	NA	NA	E080-DNase.hotspot.fdr0.01.peaks.bed	1	215699
1	771	roadmap_epigenomics	0	0.482561039840137	2475	297	531	236	531	355	3514	1267	868	roadmap_epigenomics	NA	NA	NA	NA	NA	E093-DNase.hotspot.fdr0.01.peaks.bed	1	133624
1	1113	ucsc_features	0	0.467818781998929	2534	297	584	185	584	355	3583	1208	799	UCSC Evo CpG islands	NA	NA	NA	NA	NA	evoCpg.bed	1	129241
1	135	roadmap_epigenomics	0	0.533922237777295	2352	297	424	350	424	357	3331	1390	1051	roadmap_epigenomics	NA	NA	NA	NA	NA	E008-DNase.hotspot.all.peaks.bed	1	106443
1	114	roadmap_epigenomics	0	0.418859273915267	2928	297	762	16	762	358	3925	814	457	roadmap_epigenomics	NA	NA	NA	NA	NA	E007-DNase.macs2.narrowPeak	1	408460
1	886	roadmap_epigenomics	0	0.454149725652018	2571	297	627	155	627	360	3631	1171	751	roadmap_epigenomics	NA	NA	NA	NA	NA	E109-DNase.hotspot.fdr0.01.peaks.bed	1	173129
1	569	roadmap_epigenomics	0	0.486715686475543	2444	297	516	270	516	361	3482	1298	900	roadmap_epigenomics H3K4me3	NA	NA	H3K4me3	NA	NA	E066-H3K4me3.narrowPeak	1	92061
1	201	roadmap_epigenomics	0	0.462274697418767	2528	297	599	190	599	362	3586	1214	796	roadmap_epigenomics H3K4me3	NA	NA	H3K4me3	NA	NA	E014-H3K4me3.narrowPeak	1	79278
1	688	roadmap_epigenomics	0	0.547314023200708	2309	297	395	398	398	363	3271	1433	1111	roadmap_epigenomics H3K4me3	NA	NA	H3K4me3	NA	NA	E083-H3K4me3.narrowPeak	1	112073
1	693	roadmap_epigenomics	0	0.434403329962409	2689	297	709	87	709	364	3745	1053	637	roadmap_epigenomics	NA	NA	NA	NA	NA	E084-DNase.macs2.narrowPeak	1	291379
1	106	roadmap_epigenomics	0	0.442103669126314	2598	297	669	130	669	365	3668	1144	714	roadmap_epigenomics H3K4me3	NA	NA	H3K4me3	NA	NA	E006-H3K4me3.narrowPeak	1	112009
1	67	roadmap_epigenomics	0	0.430858857604606	2680	297	717	90	717	368	3743	1062	639	roadmap_epigenomics H2A.Z	NA	NA	H2A.Z	NA	NA	E005-H2A.Z.narrowPeak	1	202104
1	84	roadmap_epigenomics	0	0.60322317312635	2210	297	336	476	476	370	3090	1532	1292	roadmap_epigenomics H3K9ac	NA	NA	H3K9ac	NA	NA	E005-H3K9ac.narrowPeak	1	76244
1	814	roadmap_epigenomics	0	0.551176121170537	2275	297	389	424	424	370	3233	1467	1149	roadmap_epigenomics H3K36me3	NA	NA	H3K36me3	NA	NA	E098-H3K36me3.narrowPeak	1	278364
1	1064	roadmap_epigenomics	0	0.417263051460366	2823	297	772	40	772	370	3858	919	524	roadmap_epigenomics	NA	NA	NA	NA	NA	E126-DNase.macs2.narrowPeak	1	406203
1	159	roadmap_epigenomics	0	0.444145602192896	2570	297	660	156	660	371	3644	1172	738	roadmap_epigenomics H3K9ac	NA	NA	H3K9ac	NA	NA	E008-H3K9ac.narrowPeak	1	146401
1	219	roadmap_epigenomics	0	0.465782147899199	2477	297	589	231	589	372	3540	1265	842	roadmap_epigenomics	NA	NA	NA	NA	NA	E017-DNase.hotspot.fdr0.01.peaks.bed	1	185164
1	725	roadmap_epigenomics	0	0.545053898680015	2283	297	400	418	418	372	3250	1459	1132	roadmap_epigenomics	NA	NA	NA	NA	NA	E088-DNase.hotspot.all.peaks.bed	1	112194
1	1090	roadmap_epigenomics	0	0.619539853120256	2184	297	323	496	496	372	3039	1558	1343	roadmap_epigenomics H2A.Z	NA	NA	H2A.Z	NA	NA	E128-H2A.Z.narrowPeak	1	88185
1	752	roadmap_epigenomics	0	0.537691137849788	2289	297	414	411	414	374	3267	1453	1115	roadmap_epigenomics	NA	NA	NA	NA	NA	E091-DNase.hotspot.all.peaks.bed	1	111776
1	1065	roadmap_epigenomics	0	0.635239120863097	2168	297	314	511	511	374	2999	1574	1383	roadmap_epigenomics H2A.Z	NA	NA	H2A.Z	NA	NA	E126-H2A.Z.narrowPeak	1	69033
1	475	roadmap_epigenomics	0	0.40823341859614	2921	297	811	18	811	375	3931	821	451	roadmap_epigenomics	NA	NA	NA	NA	NA	E051-DNase.macs2.narrowPeak	1	314537
1	131	roadmap_epigenomics	0	0.405557632270514	3004	297	822	10	822	376	3985	738	397	roadmap_epigenomics H3K9ac	NA	NA	H3K9ac	NA	NA	E007-H3K9ac.narrowPeak	1	313345
1	1028	roadmap_epigenomics	0	0.541965850222508	2279	297	411	419	419	376	3251	1463	1131	roadmap_epigenomics H2A.Z	NA	NA	H2A.Z	NA	NA	E123-H2A.Z.narrowPeak	1	128633
1	317	roadmap_epigenomics	0	0.593937775666605	2194	297	348	486	486	377	3088	1548	1294	roadmap_epigenomics	NA	NA	NA	NA	NA	E028-DNase.hotspot.all.peaks.bed	1	103263
1	731	roadmap_epigenomics	0	0.494443902228715	2345	297	484	357	484	379	3385	1397	997	roadmap_epigenomics H3K4me3	NA	NA	H3K4me3	NA	NA	E088-H3K4me3.narrowPeak	1	96360
1	1040	roadmap_epigenomics	0	0.413394042067676	2785	297	789	51	789	379	3837	957	545	roadmap_epigenomics	NA	NA	NA	NA	NA	E124-DNase.macs2.narrowPeak	1	295595
1	709	roadmap_epigenomics	0	0.488870685145233	2366	297	506	337	506	380	3412	1376	970	roadmap_epigenomics	NA	NA	NA	NA	NA	E086-DNase.hotspot.all.peaks.bed	1	106536
1	64	roadmap_epigenomics	0	0.594501876103462	2176	297	346	506	506	383	3069	1566	1313	roadmap_epigenomics	NA	NA	NA	NA	NA	E005-DNase.hotspot.all.peaks.bed	1	102999
1	39	roadmap_epigenomics	0	0.477589579026377	2390	297	549	307	549	384	3450	1352	932	roadmap_epigenomics H4K20me1	NA	NA	H4K20me1	NA	NA	E003-H4K20me1.narrowPeak	1	266490
1	72	roadmap_epigenomics	0	0.482989989931557	2374	297	528	328	528	384	3428	1368	954	roadmap_epigenomics H3K14ac	NA	NA	H3K14ac	NA	NA	E005-H3K14ac.narrowPeak	1	204548
1	112	roadmap_epigenomics	0	0.519306065873925	2285	297	441	415	441	384	3292	1457	1090	roadmap_epigenomics	NA	NA	NA	NA	NA	E007-DNase.hotspot.all.peaks.bed	1	89801
1	779	roadmap_epigenomics	0	0.525301315298082	2265	297	430	431	431	386	3264	1477	1118	roadmap_epigenomics	NA	NA	NA	NA	NA	E094-DNase.hotspot.all.peaks.bed	1	111695
1	657	roadmap_epigenomics	0	0.47938705954522	2378	297	543	321	543	387	3437	1364	945	roadmap_epigenomics	NA	NA	NA	NA	NA	E080-DNase.hotspot.all.peaks.bed	1	118437
1	649	roadmap_epigenomics	0	0.431176300050891	2574	297	715	152	715	388	3665	1168	717	roadmap_epigenomics H3K4me3	NA	NA	H3K4me3	NA	NA	E078-H3K4me3.narrowPeak	1	74526
1	691	roadmap_epigenomics	0	0.565074710855515	2192	297	379	488	488	388	3131	1550	1251	roadmap_epigenomics	NA	NA	NA	NA	NA	E084-DNase.hotspot.all.peaks.bed	1	97138
1	727	roadmap_epigenomics	0	0.398933181270196	2919	297	848	19	848	388	3939	823	443	roadmap_epigenomics	NA	NA	NA	NA	NA	E088-DNase.macs2.narrowPeak	1	530673
1	700	roadmap_epigenomics	0	0.518246048631967	2268	297	442	429	442	389	3278	1474	1104	roadmap_epigenomics	NA	NA	NA	NA	NA	E085-DNase.hotspot.all.peaks.bed	1	101917
1	1014	roadmap_epigenomics	0	0.439285564010817	2531	297	681	189	681	389	3621	1211	761	roadmap_epigenomics	NA	NA	NA	NA	NA	E122-DNase.macs2.narrowPeak	1	241268
1	322	roadmap_epigenomics	0	0.415780562645192	2674	297	781	93	781	390	3758	1068	624	roadmap_epigenomics H3K4me1	NA	NA	H3K4me1	NA	NA	E028-H3K4me1.narrowPeak	1	354089
1	516	roadmap_epigenomics	0	0.631825412526362	2118	297	317	555	555	390	2952	1624	1430	roadmap_epigenomics	NA	NA	NA	NA	NA	E057-DNase.hotspot.all.peaks.bed	1	102170
1	326	roadmap_epigenomics	0	0.497541016072376	2311	297	479	397	479	391	3350	1431	1032	roadmap_epigenomics	NA	NA	NA	NA	NA	E029-DNase.hotspot.fdr0.01.peaks.bed	1	127216
1	674	roadmap_epigenomics	0	0.579108560849979	2168	297	366	511	511	391	3085	1574	1297	roadmap_epigenomics	NA	NA	NA	NA	NA	E082-DNase.hotspot.all.peaks.bed	1	115791
1	666	roadmap_epigenomics	0	0.594791824183797	2139	297	344	536	536	392	3031	1603	1351	roadmap_epigenomics	NA	NA	NA	NA	NA	E081-DNase.hotspot.all.peaks.bed	1	115426
1	655	roadmap_epigenomics	0	0.457661596287064	2429	297	610	279	610	395	3513	1313	869	roadmap_epigenomics H3K4me3	NA	NA	H3K4me3	NA	NA	E079-H3K4me3.narrowPeak	1	56303
1	1002	roadmap_epigenomics	0	0.392841771831001	2955	297	874	14	874	395	3967	787	415	roadmap_epigenomics	NA	NA	NA	NA	NA	E121-DNase.macs2.narrowPeak	1	476154
1	761	roadmap_epigenomics	0	0.493620126144472	2304	297	487	403	487	396	3350	1438	1032	roadmap_epigenomics	NA	NA	NA	NA	NA	E092-DNase.hotspot.all.peaks.bed	1	92888
1	1112	ucsc_features	0	0.592798140890529	2132	297	350	540	540	396	3027	1610	1355	UCSC CpG islands	NA	NA	NA	NA	NA	cpgIslandExt.bed	1	28633
1	130	roadmap_epigenomics	0	0.464227744865404	2400	297	594	301	594	397	3479	1342	903	roadmap_epigenomics H3K79me1	NA	NA	H3K79me1	NA	NA	E007-H3K79me1.narrowPeak	1	189229
1	315	roadmap_epigenomics	0	0.405355397970418	2738	297	823	71	823	397	3815	1004	567	roadmap_epigenomics H3K9ac	NA	NA	H3K9ac	NA	NA	E027-H3K9ac.narrowPeak	1	217726
1	266	roadmap_epigenomics	0	0.429766639369016	2546	297	720	176	720	398	3646	1196	736	roadmap_epigenomics H3K4me3	NA	NA	H3K4me3	NA	NA	E020-H3K4me3.narrowPeak	1	88728
1	809	roadmap_epigenomics	0	0.511722169103675	2248	297	453	444	453	398	3270	1494	1112	roadmap_epigenomics	NA	NA	NA	NA	NA	E098-DNase.hotspot.all.peaks.bed	1	99617
1	116	roadmap_epigenomics	0	0.657284202315412	2051	297	300	603	603	400	2842	1691	1540	roadmap_epigenomics H2BK120ac	NA	NA	H2BK120ac	NA	NA	E007-H2BK120ac.narrowPeak	1	114993
1	202	roadmap_epigenomics	0	0.525626560866151	2206	297	429	479	479	402	3208	1536	1174	roadmap_epigenomics H3K9ac	NA	NA	H3K9ac	NA	NA	E014-H3K9ac.narrowPeak	1	74747
1	891	roadmap_epigenomics	0	0.457660003572987	2401	297	611	299	611	402	3490	1341	892	roadmap_epigenomics H3K4me1	NA	NA	H3K4me1	NA	NA	E109-H3K4me1.narrowPeak	1	214385
1	984	roadmap_epigenomics	0	0.418573099689976	2580	297	763	145	763	402	3687	1162	695	roadmap_epigenomics H3K4me2	NA	NA	H3K4me2	NA	NA	E119-H3K4me2.narrowPeak	1	119229
1	4	roadmap_epigenomics	0	0.437299986557672	2491	297	689	222	689	403	3593	1251	789	roadmap_epigenomics H3K4me3	NA	NA	H3K4me3	NA	NA	E001-H3K4me3.narrowPeak	1	92429
1	50	roadmap_epigenomics	0	0.537254680358168	2182	297	418	499	499	405	3166	1560	1216	roadmap_epigenomics H3K18ac	NA	NA	H3K18ac	NA	NA	E004-H3K18ac.narrowPeak	1	141200
1	642	roadmap_epigenomics	0	0.408202484341474	2647	297	812	105	812	405	3749	1095	633	roadmap_epigenomics H3K4me3	NA	NA	H3K4me3	NA	NA	E077-H3K4me3.narrowPeak	1	105842
1	811	roadmap_epigenomics	0	0.389974618496979	2859	297	890	27	890	405	3911	883	471	roadmap_epigenomics	NA	NA	NA	NA	NA	E098-DNase.macs2.narrowPeak	1	349441
1	69	roadmap_epigenomics	0	0.469468785259227	2361	297	579	342	579	406	3438	1381	944	roadmap_epigenomics H2BK120ac	NA	NA	H2BK120ac	NA	NA	E005-H2BK120ac.narrowPeak	1	261051
1	583	roadmap_epigenomics	0	0.428144432768408	2527	297	730	191	730	406	3634	1215	748	roadmap_epigenomics H3K4me3	NA	NA	H3K4me3	NA	NA	E068-H3K4me3.narrowPeak	1	89967
1	807	roadmap_epigenomics	0	0.49290063658876	2267	297	491	430	491	406	3318	1475	1064	roadmap_epigenomics H3K4me3	NA	NA	H3K4me3	NA	NA	E097-H3K4me3.narrowPeak	1	41526
1	955	roadmap_epigenomics	0	0.546249190745917	2154	297	398	524	524	406	3124	1588	1258	roadmap_epigenomics H2A.Z	NA	NA	H2A.Z	NA	NA	E117-H2A.Z.narrowPeak	1	87564
1	556	roadmap_epigenomics	0	0.424006478703994	2539	297	743	181	743	407	3649	1203	733	roadmap_epigenomics H3K4me3	NA	NA	H3K4me3	NA	NA	E063-H3K4me3.narrowPeak	1	87655
1	858	roadmap_epigenomics	0	0.469752609748433	2358	297	577	346	577	407	3435	1384	947	roadmap_epigenomics H3K4me3	NA	NA	H3K4me3	NA	NA	E104-H3K4me3.narrowPeak	1	42254
1	892	roadmap_epigenomics	0	0.483437385936542	2307	297	525	399	525	407	3369	1435	1013	roadmap_epigenomics H3K4me3	NA	NA	H3K4me3	NA	NA	E109-H3K4me3.narrowPeak	1	65084
1	590	roadmap_epigenomics	0	0.435879986882157	2478	297	701	230	701	409	3585	1264	797	roadmap_epigenomics H3K4me3	NA	NA	H3K4me3	NA	NA	E069-H3K4me3.narrowPeak	1	79806
1	772	roadmap_epigenomics	0	0.383561673707981	2915	297	911	20	911	409	3952	827	430	roadmap_epigenomics	NA	NA	NA	NA	NA	E093-DNase.macs2.narrowPeak	1	407437
1	870	roadmap_epigenomics	0	0.485330863425827	2298	297	523	406	523	409	3358	1444	1024	roadmap_epigenomics H3K4me3	NA	NA	H3K4me3	NA	NA	E106-H3K4me3.narrowPeak	1	68861
1	148	roadmap_epigenomics	0	0.424522102081026	2524	297	740	197	740	411	3637	1218	745	roadmap_epigenomics H3K23me2	NA	NA	H3K23me2	NA	NA	E008-H3K23me2.narrowPeak	1	123622
1	530	roadmap_epigenomics	0	0.548273500028798	2131	297	394	542	542	411	3098	1611	1284	roadmap_epigenomics	NA	NA	NA	NA	NA	E059-DNase.hotspot.all.peaks.bed	1	97681
1	22	roadmap_epigenomics	0	0.551932485847753	2124	297	386	553	553	412	3085	1618	1297	roadmap_epigenomics H2BK5ac	NA	NA	H2BK5ac	NA	NA	E003-H2BK5ac.narrowPeak	1	151346
1	47	roadmap_epigenomics	0	0.604189148333233	2051	297	335	603	603	412	2925	1691	1457	roadmap_epigenomics H2BK120ac	NA	NA	H2BK120ac	NA	NA	E004-H2BK120ac.narrowPeak	1	149531
1	919	roadmap_epigenomics	0	0.382755936577062	2907	297	916	22	916	412	3948	835	434	roadmap_epigenomics	NA	NA	NA	NA	NA	E114-DNase.macs2.narrowPeak	1	371330
1	91	roadmap_epigenomics	0	0.39666491371975	2710	297	863	78	863	413	3807	1032	575	roadmap_epigenomics	NA	NA	NA	NA	NA	E006-DNase.macs2.narrowPeak	1	343835
1	608	roadmap_epigenomics	0	0.429262658660029	2495	297	723	218	723	413	3608	1247	774	roadmap_epigenomics H3K4me3	NA	NA	H3K4me3	NA	NA	E072-H3K4me3.narrowPeak	1	82143
1	34	roadmap_epigenomics	0	0.672490032914531	1956	297	295	649	649	414	2715	1786	1667	roadmap_epigenomics H3K56ac	NA	NA	H3K56ac	NA	NA	E003-H3K56ac.narrowPeak	1	86476
1	602	roadmap_epigenomics	0	0.422121246553854	2526	297	751	193	751	414	3642	1216	740	roadmap_epigenomics H3K4me3	NA	NA	H3K4me3	NA	NA	E071-H3K4me3.narrowPeak	1	77102
1	943	roadmap_epigenomics	0	0.509779502980054	2192	297	456	488	488	414	3221	1550	1161	roadmap_epigenomics H2A.Z	NA	NA	H2A.Z	NA	NA	E116-H2A.Z.narrowPeak	1	84270
1	373	roadmap_epigenomics	0	0.473485745360033	2323	297	568	380	568	415	3399	1419	983	roadmap_epigenomics H3K4me3	NA	NA	H3K4me3	NA	NA	E035-H3K4me3.narrowPeak	1	47602
1	323	roadmap_epigenomics	0	0.489280293408653	2246	297	502	448	502	416	3305	1496	1077	roadmap_epigenomics H3K4me3	NA	NA	H3K4me3	NA	NA	E028-H3K4me3.narrowPeak	1	54966
1	354	roadmap_epigenomics	0	0.466307829010517	2341	297	587	363	587	416	3426	1401	956	roadmap_epigenomics	NA	NA	NA	NA	NA	E033-DNase.hotspot.fdr0.01.peaks.bed	1	108321
1	576	roadmap_epigenomics	0	0.44005415484836	2434	297	675	276	675	416	3544	1308	838	roadmap_epigenomics H3K4me3	NA	NA	H3K4me3	NA	NA	E067-H3K4me3.narrowPeak	1	70953
1	885	roadmap_epigenomics	0	0.481954277697952	2276	297	534	423	534	418	3344	1466	1038	roadmap_epigenomics	NA	NA	NA	NA	NA	E109-DNase.hotspot.all.peaks.bed	1	108993
1	71	roadmap_epigenomics	0	0.464822984329185	2330	297	591	372	591	420	3419	1412	963	roadmap_epigenomics H2BK5ac	NA	NA	H2BK5ac	NA	NA	E005-H2BK5ac.narrowPeak	1	228979
1	1047	roadmap_epigenomics	0	0.429005703453183	2475	297	726	236	726	420	3593	1267	789	roadmap_epigenomics H3K4me3	NA	NA	H3K4me3	NA	NA	E124-H3K4me3.narrowPeak	1	81682
1	215	roadmap_epigenomics	0	0.425078754294362	2479	297	738	229	738	421	3602	1263	780	roadmap_epigenomics H3K4me3	NA	NA	H3K4me3	NA	NA	E016-H3K4me3.narrowPeak	1	59426
1	284	roadmap_epigenomics	0	0.396307592064803	2656	297	866	101	866	421	3771	1086	611	roadmap_epigenomics H3K4me1	NA	NA	H3K4me1	NA	NA	E022-H3K4me1.narrowPeak	1	324422
1	275	roadmap_epigenomics	0	0.551346674625194	2088	297	388	580	580	422	3050	1654	1332	roadmap_epigenomics H3K4me1	NA	NA	H3K4me1	NA	NA	E021-H3K4me1.narrowPeak	1	187283
1	797	roadmap_epigenomics	0	0.387977575087494	2707	297	893	80	893	423	3816	1035	566	roadmap_epigenomics H3K4me1	NA	NA	H3K4me1	NA	NA	E096-H3K4me1.narrowPeak	1	317595
1	175	roadmap_epigenomics	0	0.411886769959685	2541	297	796	178	796	424	3668	1201	714	roadmap_epigenomics H3K4me1	NA	NA	H3K4me1	NA	NA	E010-H3K4me1.narrowPeak	1	266556
1	437	roadmap_epigenomics	0	0.383811122641718	2742	297	907	69	907	424	3844	1000	538	roadmap_epigenomics	NA	NA	NA	NA	NA	E046-DNase.macs2.narrowPeak	1	287236
1	272	roadmap_epigenomics	0	0.669828167307731	1893	297	297	680	680	425	2649	1849	1733	roadmap_epigenomics H3K27ac	NA	NA	H3K27ac	NA	NA	E021-H3K27ac.narrowPeak	1	103584
1	290	roadmap_epigenomics	0	0.417542741108225	2505	297	771	211	771	426	3633	1237	749	roadmap_epigenomics H3K4me3	NA	NA	H3K4me3	NA	NA	E023-H3K4me3.narrowPeak	1	116720
1	549	roadmap_epigenomics	0	0.486366702720381	2234	297	518	462	518	426	3299	1508	1083	roadmap_epigenomics H3K4me3	NA	NA	H3K4me3	NA	NA	E062-H3K4me3.narrowPeak	1	34361
1	140	roadmap_epigenomics	0	0.587474413795158	2004	297	356	628	628	427	2903	1738	1479	roadmap_epigenomics H2BK120ac	NA	NA	H2BK120ac	NA	NA	E008-H2BK120ac.narrowPeak	1	97781
1	283	roadmap_epigenomics	0	0.359050050056802	2988	297	972	11	972	427	4018	754	364	roadmap_epigenomics H3K36me3	NA	NA	H3K36me3	NA	NA	E022-H3K36me3.narrowPeak	1	407402
1	792	roadmap_epigenomics	0	0.477725177793729	2258	297	548	437	548	427	3335	1484	1047	roadmap_epigenomics H3K4me3	NA	NA	H3K4me3	NA	NA	E095-H3K4me3.narrowPeak	1	41750
1	79	roadmap_epigenomics	0	0.399765595828831	2585	297	845	142	845	428	3717	1157	665	roadmap_epigenomics H3K4me1	NA	NA	H3K4me1	NA	NA	E005-H3K4me1.narrowPeak	1	297165
1	301	roadmap_epigenomics	0	0.407820055319495	2548	297	813	173	813	428	3679	1194	703	roadmap_epigenomics H3K4me3	NA	NA	H3K4me3	NA	NA	E025-H3K4me3.narrowPeak	1	104434
1	499	roadmap_epigenomics	0	0.390998666388256	2650	297	884	103	884	428	3774	1092	608	roadmap_epigenomics	NA	NA	NA	NA	NA	E055-DNase.hotspot.fdr0.01.peaks.bed	1	232786
1	659	roadmap_epigenomics	0	0.364120826144442	2881	297	961	25	961	428	3952	861	430	roadmap_epigenomics	NA	NA	NA	NA	NA	E080-DNase.macs2.narrowPeak	1	420510
1	844	roadmap_epigenomics	0	0.416029649049605	2506	297	778	210	778	428	3636	1236	746	roadmap_epigenomics H3K4me3	NA	NA	H3K4me3	NA	NA	E102-H3K4me3.narrowPeak	1	83775
1	887	roadmap_epigenomics	0	0.370405318255268	2809	297	945	43	945	428	3902	933	480	roadmap_epigenomics	NA	NA	NA	NA	NA	E109-DNase.macs2.narrowPeak	1	334231
1	926	roadmap_epigenomics	0	0.437118360949807	2407	297	693	294	693	428	3527	1335	855	roadmap_epigenomics H3K4me3	NA	NA	H3K4me3	NA	NA	E114-H3K4me3.narrowPeak	1	76182
1	1008	roadmap_epigenomics	0	0.411108169097538	2534	297	801	185	801	428	3664	1208	718	roadmap_epigenomics H3K4me2	NA	NA	H3K4me2	NA	NA	E121-H3K4me2.narrowPeak	1	137508
1	97	roadmap_epigenomics	0	0.489008559652612	2194	297	504	486	504	429	3258	1548	1124	roadmap_epigenomics H3K14ac	NA	NA	H3K14ac	NA	NA	E006-H3K14ac.narrowPeak	1	124581
1	274	roadmap_epigenomics	0	0.546530440810532	2063	297	396	597	597	430	3033	1679	1349	roadmap_epigenomics H3K36me3	NA	NA	H3K36me3	NA	NA	E021-H3K36me3.narrowPeak	1	189937
1	325	roadmap_epigenomics	0	0.505432887956253	2144	297	462	530	530	430	3183	1598	1199	roadmap_epigenomics	NA	NA	NA	NA	NA	E029-DNase.hotspot.all.peaks.bed	1	102960
1	436	roadmap_epigenomics	0	0.461410472775362	2320	297	604	388	604	430	3416	1422	966	roadmap_epigenomics	NA	NA	NA	NA	NA	E046-DNase.hotspot.fdr0.01.peaks.bed	1	109868
1	1082	roadmap_epigenomics	0	0.393637025785748	2623	297	872	120	872	430	3752	1119	630	roadmap_epigenomics H3K4me2	NA	NA	H3K4me2	NA	NA	E127-H3K4me2.narrowPeak	1	129570
1	31	roadmap_epigenomics	0	0.452771779842481	2340	297	630	365	630	431	3447	1402	935	roadmap_epigenomics H3K4me1	NA	NA	H3K4me1	NA	NA	E003-H3K4me1.narrowPeak	1	223118
1	40	roadmap_epigenomics	0	0.542474906821799	2080	297	410	587	587	431	3057	1662	1325	roadmap_epigenomics H4K5ac	NA	NA	H4K5ac	NA	NA	E003-H4K5ac.narrowPeak	1	130639
1	345	roadmap_epigenomics	0	0.44608100148236	2357	297	649	347	649	431	3472	1385	910	roadmap_epigenomics	NA	NA	NA	NA	NA	E032-DNase.hotspot.fdr0.01.peaks.bed	1	114529
1	812	roadmap_epigenomics	0	0.50222913157923	2154	297	471	524	524	431	3198	1588	1184	roadmap_epigenomics H3K27ac	NA	NA	H3K27ac	NA	NA	E098-H3K27ac.narrowPeak	1	102275
1	32	roadmap_epigenomics	0	0.382899220997825	2691	297	915	85	915	432	3812	1051	570	roadmap_epigenomics H3K4me2	NA	NA	H3K4me2	NA	NA	E003-H3K4me2.narrowPeak	1	217090
1	218	roadmap_epigenomics	0	0.493608802943618	2168	297	489	511	511	432	3226	1574	1156	roadmap_epigenomics	NA	NA	NA	NA	NA	E017-DNase.hotspot.all.peaks.bed	1	116011
1	90	roadmap_epigenomics	0	0.432797833699116	2411	297	711	291	711	433	3537	1331	845	roadmap_epigenomics	NA	NA	NA	NA	NA	E006-DNase.hotspot.fdr0.01.peaks.bed	1	174991
1	831	roadmap_epigenomics	0	0.462195467085531	2304	297	600	403	600	433	3401	1438	981	roadmap_epigenomics H3K4me3	NA	NA	H3K4me3	NA	NA	E100-H3K4me3.narrowPeak	1	39238
1	41	roadmap_epigenomics	0	0.350932965081754	3024	297	996	9	996	434	4045	718	337	roadmap_epigenomics H4K8ac	NA	NA	H4K8ac	NA	NA	E003-H4K8ac.narrowPeak	1	371476
1	83	roadmap_epigenomics	0	0.476966660292507	2242	297	553	452	553	434	3322	1500	1060	roadmap_epigenomics H3K79me2	NA	NA	H3K79me2	NA	NA	E005-H3K79me2.narrowPeak	1	154809
1	295	roadmap_epigenomics	0	0.371981422761475	2749	297	939	66	939	434	3863	993	519	roadmap_epigenomics H3K4me1	NA	NA	H3K4me1	NA	NA	E024-H3K4me1.narrowPeak	1	357319
1	327	roadmap_epigenomics	0	0.401229330433552	2550	297	839	170	839	435	3690	1192	692	roadmap_epigenomics	NA	NA	NA	NA	NA	E029-DNase.macs2.narrowPeak	1	209063
1	5	roadmap_epigenomics	0	0.413542758730588	2489	297	788	223	788	436	3627	1253	755	roadmap_epigenomics H3K9ac	NA	NA	H3K9ac	NA	NA	E001-H3K9ac.narrowPeak	1	67397
1	508	roadmap_epigenomics	0	0.390808140847551	2597	297	886	132	886	438	3738	1145	644	roadmap_epigenomics	NA	NA	NA	NA	NA	E056-DNase.hotspot.fdr0.01.peaks.bed	1	223698
1	684	roadmap_epigenomics	0	0.358643208601262	2813	297	975	41	975	438	3918	929	464	roadmap_epigenomics	NA	NA	NA	NA	NA	E083-DNase.macs2.narrowPeak	1	517786
1	837	roadmap_epigenomics	0	0.397381513653583	2559	297	857	159	857	438	3702	1183	680	roadmap_epigenomics H3K4me3	NA	NA	H3K4me3	NA	NA	E101-H3K4me3.narrowPeak	1	96726
1	715	roadmap_epigenomics	0	0.487660002451667	2172	297	513	509	513	440	3240	1570	1142	roadmap_epigenomics H3K4me3	NA	NA	H3K4me3	NA	NA	E086-H3K4me3.narrowPeak	1	45257
1	734	roadmap_epigenomics	0	0.481532870025024	2192	297	535	488	535	440	3269	1550	1113	roadmap_epigenomics	NA	NA	NA	NA	NA	E089-DNase.hotspot.all.peaks.bed	1	103433
1	743	roadmap_epigenomics	0	0.503854657946469	2116	297	467	557	557	440	3159	1626	1223	roadmap_epigenomics	NA	NA	NA	NA	NA	E090-DNase.hotspot.all.peaks.bed	1	99312
1	80	roadmap_epigenomics	0	0.454447403179344	2289	297	623	411	623	444	3401	1453	981	roadmap_epigenomics H3K4me2	NA	NA	H3K4me2	NA	NA	E005-H3K4me2.narrowPeak	1	62053
1	629	roadmap_epigenomics	0	0.391873291391434	2569	297	878	157	878	444	3717	1173	665	roadmap_epigenomics H3K4me3	NA	NA	H3K4me3	NA	NA	E075-H3K4me3.narrowPeak	1	84678
1	736	roadmap_epigenomics	0	0.345439484862416	2865	297	1009	26	1009	444	3963	877	419	roadmap_epigenomics	NA	NA	NA	NA	NA	E089-DNase.macs2.narrowPeak	1	465721
1	931	roadmap_epigenomics	0	0.546249836927302	1989	297	397	637	637	444	2958	1753	1424	roadmap_epigenomics H2A.Z	NA	NA	H2A.Z	NA	NA	E115-H2A.Z.narrowPeak	1	84931
1	1046	roadmap_epigenomics	0	0.400166108741255	2527	297	844	191	844	444	3675	1215	707	roadmap_epigenomics H3K4me2	NA	NA	H3K4me2	NA	NA	E124-H3K4me2.narrowPeak	1	77302
1	289	roadmap_epigenomics	0	0.370969054202725	2670	297	941	96	941	445	3814	1072	568	roadmap_epigenomics H3K4me1	NA	NA	H3K4me1	NA	NA	E023-H3K4me1.narrowPeak	1	307369
1	785	roadmap_epigenomics	0	0.387072290871195	2585	297	896	142	896	445	3735	1157	647	roadmap_epigenomics H3K4me1	NA	NA	H3K4me1	NA	NA	E094-H3K4me1.narrowPeak	1	238260
1	58	roadmap_epigenomics	0	0.50313155338364	2097	297	469	572	572	446	3142	1645	1240	roadmap_epigenomics H3K4me3	NA	NA	H3K4me3	NA	NA	E004-H3K4me3.narrowPeak	1	41020
1	208	roadmap_epigenomics	0	0.404699292841091	2502	297	827	213	827	446	3650	1240	732	roadmap_epigenomics H3K4me3	NA	NA	H3K4me3	NA	NA	E015-H3K4me3.narrowPeak	1	70722
1	763	roadmap_epigenomics	0	0.350092839076138	2808	297	997	45	997	446	3925	934	457	roadmap_epigenomics	NA	NA	NA	NA	NA	E092-DNase.macs2.narrowPeak	1	354211
1	925	roadmap_epigenomics	0	0.404699292841091	2502	297	827	213	827	446	3650	1240	732	roadmap_epigenomics H3K4me2	NA	NA	H3K4me2	NA	NA	E114-H3K4me2.narrowPeak	1	103473
1	1027	roadmap_epigenomics	0	0.359915336956568	2741	297	970	70	970	446	3873	1001	509	roadmap_epigenomics	NA	NA	NA	NA	NA	E123-DNase.macs2.narrowPeak	1	341769
1	154	roadmap_epigenomics	0	0.410581838636034	2471	297	804	239	804	447	3618	1271	764	roadmap_epigenomics H3K4me2	NA	NA	H3K4me2	NA	NA	E008-H3K4me2.narrowPeak	1	111374
1	954	roadmap_epigenomics	0	0.392593270885288	2552	297	876	167	876	447	3704	1190	678	roadmap_epigenomics	NA	NA	NA	NA	NA	E117-DNase.macs2.narrowPeak	1	206823
1	88	roadmap_epigenomics	0	0.443694861607236	2321	297	662	386	662	448	3446	1421	936	roadmap_epigenomics H4K91ac	NA	NA	H4K91ac	NA	NA	E005-H4K91ac.narrowPeak	1	249666
1	194	roadmap_epigenomics	0	0.422916837445619	2400	297	746	301	746	448	3544	1342	838	roadmap_epigenomics H3K4me1	NA	NA	H3K4me1	NA	NA	E013-H3K4me1.narrowPeak	1	275053
1	570	roadmap_epigenomics	0	0.448514074614983	2302	297	643	405	643	448	3422	1440	960	roadmap_epigenomics H3K9ac	NA	NA	H3K9ac	NA	NA	E066-H3K9ac.narrowPeak	1	109594
1	654	roadmap_epigenomics	0	0.379317530348039	2610	297	923	124	923	448	3763	1132	619	roadmap_epigenomics H3K4me1	NA	NA	H3K4me1	NA	NA	E079-H3K4me1.narrowPeak	1	257474
1	722	roadmap_epigenomics	0	0.478754981154185	2178	297	544	503	544	448	3261	1564	1121	roadmap_epigenomics H3K4me3	NA	NA	H3K4me3	NA	NA	E087-H3K4me3.narrowPeak	1	35931
1	754	roadmap_epigenomics	0	0.329067544011102	3027	297	1040	8	1040	448	4066	715	316	roadmap_epigenomics	NA	NA	NA	NA	NA	E091-DNase.macs2.narrowPeak	1	494002
1	259	roadmap_epigenomics	0	0.416330191878546	2438	297	775	274	775	449	3584	1304	798	roadmap_epigenomics H3K4me3	NA	NA	H3K4me3	NA	NA	E019-H3K4me3.narrowPeak	1	61693
1	403	roadmap_epigenomics	0	0.483207348501178	2155	297	526	523	526	449	3232	1587	1150	roadmap_epigenomics H3K4me3	NA	NA	H3K4me3	NA	NA	E040-H3K4me3.narrowPeak	1	63472
1	362	roadmap_epigenomics	0	0.448139834112047	2293	297	644	408	644	450	3415	1449	967	roadmap_epigenomics	NA	NA	NA	NA	NA	E034-DNase.hotspot.fdr0.01.peaks.bed	1	107036
1	461	roadmap_epigenomics	0	0.405690860522211	2477	297	821	231	821	450	3630	1265	752	roadmap_epigenomics H3K4me3	NA	NA	H3K4me3	NA	NA	E049-H3K4me3.narrowPeak	1	76569
1	716	roadmap_epigenomics	0	0.508646408378369	2070	297	459	593	593	450	3106	1672	1276	roadmap_epigenomics H3K9ac	NA	NA	H3K9ac	NA	NA	E086-H3K9ac.narrowPeak	1	45031
1	1106	roadmap_epigenomics	0	0.384182001209575	2579	297	906	147	906	450	3735	1163	647	roadmap_epigenomics H3K4me2	NA	NA	H3K4me2	NA	NA	E129-H3K4me2.narrowPeak	1	131837
1	682	roadmap_epigenomics	0	0.488143770439909	2129	297	511	544	544	451	3199	1613	1183	roadmap_epigenomics	NA	NA	NA	NA	NA	E083-DNase.hotspot.all.peaks.bed	1	98445
1	815	roadmap_epigenomics	0	0.349152610012737	2767	297	1000	55	1000	451	3902	975	480	roadmap_epigenomics H3K4me1	NA	NA	H3K4me1	NA	NA	E098-H3K4me1.narrowPeak	1	293089
1	987	roadmap_epigenomics	0	0.480499721279764	2165	297	540	517	540	451	3246	1577	1136	roadmap_epigenomics H3K9ac	NA	NA	H3K9ac	NA	NA	E119-H3K9ac.narrowPeak	1	82070
1	805	roadmap_epigenomics	0	0.542699669997625	1953	297	409	650	650	452	2927	1789	1455	roadmap_epigenomics H3K36me3	NA	NA	H3K36me3	NA	NA	E097-H3K36me3.narrowPeak	1	343116
1	851	roadmap_epigenomics	0	0.396313593235769	2526	297	865	193	865	452	3680	1216	702	roadmap_epigenomics H3K4me3	NA	NA	H3K4me3	NA	NA	E103-H3K4me3.narrowPeak	1	93750
1	442	roadmap_epigenomics	0	0.498925662773925	2082	297	477	585	585	453	3135	1660	1247	roadmap_epigenomics H3K4me3	NA	NA	H3K4me3	NA	NA	E046-H3K4me3.narrowPeak	1	33250
1	507	roadmap_epigenomics	0	0.465461773425299	2220	297	590	471	590	453	3322	1522	1060	roadmap_epigenomics	NA	NA	NA	NA	NA	E056-DNase.hotspot.all.peaks.bed	1	117994
1	745	roadmap_epigenomics	0	0.332911495389698	2849	297	1031	30	1031	453	3968	893	414	roadmap_epigenomics	NA	NA	NA	NA	NA	E090-DNase.macs2.narrowPeak	1	506090
1	1009	roadmap_epigenomics	0	0.44168724057922	2317	297	671	390	671	453	3446	1425	936	roadmap_epigenomics H3K4me3	NA	NA	H3K4me3	NA	NA	E121-H3K4me3.narrowPeak	1	69233
1	308	roadmap_epigenomics	0	0.421032049930033	2386	297	754	311	754	454	3536	1356	846	roadmap_epigenomics H3K4me3	NA	NA	H3K4me3	NA	NA	E026-H3K4me3.narrowPeak	1	81465
1	471	roadmap_epigenomics	0	0.411781403505216	2447	297	797	267	797	454	3598	1295	784	roadmap_epigenomics H3K4me3	NA	NA	H3K4me3	NA	NA	E050-H3K4me3.narrowPeak	1	62120
1	864	roadmap_epigenomics	0	0.421778097286387	2385	297	753	313	753	454	3534	1357	848	roadmap_epigenomics H3K4me3	NA	NA	H3K4me3	NA	NA	E105-H3K4me3.narrowPeak	1	41900
1	1059	roadmap_epigenomics	0	0.424891385006433	2375	297	739	327	739	454	3521	1367	861	roadmap_epigenomics H3K4me3	NA	NA	H3K4me3	NA	NA	E125-H3K4me3.narrowPeak	1	70898
1	37	roadmap_epigenomics	0	0.426981125030318	2373	297	736	331	736	455	3516	1369	866	roadmap_epigenomics H3K9ac	NA	NA	H3K9ac	NA	NA	E003-H3K9ac.narrowPeak	1	90295
1	897	roadmap_epigenomics	0	0.454220316832806	2248	297	625	444	625	455	3366	1494	1016	roadmap_epigenomics H3K4me3	NA	NA	H3K4me3	NA	NA	E110-H3K4me3.narrowPeak	1	51758
1	29	roadmap_epigenomics	0	0.515091409374737	2007	297	446	626	626	456	3032	1735	1350	roadmap_epigenomics H3K36me3	NA	NA	H3K36me3	NA	NA	E003-H3K36me3.narrowPeak	1	323310
1	276	roadmap_epigenomics	0	0.461927663852474	2221	297	601	469	601	456	3329	1521	1053	roadmap_epigenomics H3K4me3	NA	NA	H3K4me3	NA	NA	E021-H3K4me3.narrowPeak	1	38867
1	321	roadmap_epigenomics	0	0.63810118423959	1761	297	313	757	757	456	2551	1981	1831	roadmap_epigenomics H3K36me3	NA	NA	H3K36me3	NA	NA	E028-H3K36me3.narrowPeak	1	214696
1	542	roadmap_epigenomics	0	0.352329515806917	2704	297	991	81	991	456	3860	1038	522	roadmap_epigenomics H3K4me1	NA	NA	H3K4me1	NA	NA	E061-H3K4me1.narrowPeak	1	294530
1	563	roadmap_epigenomics	0	0.512332689311699	2022	297	450	620	620	456	3052	1720	1330	roadmap_epigenomics H3K4me3	NA	NA	H3K4me3	NA	NA	E065-H3K4me3.narrowPeak	1	39916
1	720	roadmap_epigenomics	0	0.673010974300186	1723	297	294	777	777	456	2450	2019	1932	roadmap_epigenomics H3K36me3	NA	NA	H3K36me3	NA	NA	E087-H3K36me3.narrowPeak	1	101681
1	355	roadmap_epigenomics	0	0.338782276440968	2764	297	1016	58	1016	457	3913	978	469	roadmap_epigenomics	NA	NA	NA	NA	NA	E033-DNase.macs2.narrowPeak	1	279354
1	770	roadmap_epigenomics	0	0.469977138914148	2182	297	575	499	575	457	3280	1560	1102	roadmap_epigenomics	NA	NA	NA	NA	NA	E093-DNase.hotspot.all.peaks.bed	1	86221
1	155	roadmap_epigenomics	0	0.423425681113023	2372	297	744	332	744	458	3521	1370	861	roadmap_epigenomics H3K4me3	NA	NA	H3K4me3	NA	NA	E008-H3K4me3.narrowPeak	1	59360
1	314	roadmap_epigenomics	0	0.410148623105078	2441	297	805	271	805	458	3596	1301	786	roadmap_epigenomics H3K4me3	NA	NA	H3K4me3	NA	NA	E027-H3K4me3.narrowPeak	1	61082
1	479	roadmap_epigenomics	0	0.38246639218281	2558	297	917	161	917	458	3723	1184	659	roadmap_epigenomics H3K4me3	NA	NA	H3K4me3	NA	NA	E051-H3K4me3.narrowPeak	1	94048
1	672	roadmap_epigenomics	0	0.586453738182249	1838	297	358	718	718	458	2726	1904	1656	roadmap_epigenomics H3K4me3	NA	NA	H3K4me3	NA	NA	E081-H3K4me3.narrowPeak	1	47518
1	636	roadmap_epigenomics	0	0.417953171521641	2386	297	769	311	769	459	3541	1356	841	roadmap_epigenomics H3K4me3	NA	NA	H3K4me3	NA	NA	E076-H3K4me3.narrowPeak	1	72243
1	759	roadmap_epigenomics	0	0.475742995312196	2157	297	558	521	558	459	3247	1585	1135	roadmap_epigenomics H3K4me3	NA	NA	H3K4me3	NA	NA	E091-H3K4me3.narrowPeak	1	33481
1	183	roadmap_epigenomics	0	0.476180994498493	2147	297	554	529	554	460	3237	1595	1145	roadmap_epigenomics H3K9ac	NA	NA	H3K9ac	NA	NA	E011-H3K9ac.narrowPeak	1	58328
1	252	roadmap_epigenomics	0	0.395625229819418	2501	297	869	215	869	460	3663	1241	719	roadmap_epigenomics H3K4me3	NA	NA	H3K4me3	NA	NA	E018-H3K4me3.narrowPeak	1	76986
1	768	roadmap_epigenomics	0	0.429412817155765	2342	297	722	361	722	460	3487	1400	895	roadmap_epigenomics H3K4me3	NA	NA	H3K4me3	NA	NA	E092-H3K4me3.narrowPeak	1	39260
1	829	roadmap_epigenomics	0	0.647891289362742	1723	297	306	777	777	460	2491	2019	1891	roadmap_epigenomics H3K36me3	NA	NA	H3K36me3	NA	NA	E100-H3K36me3.narrowPeak	1	160205
1	1083	roadmap_epigenomics	0	0.401195140216985	2469	297	840	243	840	460	3631	1273	751	roadmap_epigenomics H3K4me3	NA	NA	H3K4me3	NA	NA	E127-H3K4me3.narrowPeak	1	83151
1	57	roadmap_epigenomics	0	0.467916190992307	2178	297	583	503	583	461	3280	1564	1102	roadmap_epigenomics H3K4me2	NA	NA	H3K4me2	NA	NA	E004-H3K4me2.narrowPeak	1	59056
1	188	roadmap_epigenomics	0	0.379903390043703	2554	297	921	165	921	461	3724	1188	658	roadmap_epigenomics H3K4me1	NA	NA	H3K4me1	NA	NA	E012-H3K4me1.narrowPeak	1	258735
1	260	roadmap_epigenomics	0	0.436505914716859	2315	297	695	391	695	461	3453	1427	929	roadmap_epigenomics H3K9ac	NA	NA	H3K9ac	NA	NA	E019-H3K9ac.narrowPeak	1	72277
1	300	roadmap_epigenomics	0	0.358899026399187	2632	297	973	112	973	461	3806	1110	576	roadmap_epigenomics H3K4me1	NA	NA	H3K4me1	NA	NA	E025-H3K4me1.narrowPeak	1	312578
1	353	roadmap_epigenomics	0	0.464015335666044	2187	297	595	492	595	461	3295	1555	1087	roadmap_epigenomics	NA	NA	NA	NA	NA	E033-DNase.hotspot.all.peaks.bed	1	89092
1	983	roadmap_epigenomics	0	0.391616271603802	2512	297	880	205	880	461	3677	1230	705	roadmap_epigenomics H3K4me1	NA	NA	H3K4me1	NA	NA	E119-H3K4me1.narrowPeak	1	182438
1	36	roadmap_epigenomics	0	0.656961537968198	1692	297	301	787	787	462	2440	2050	1942	roadmap_epigenomics H3K79me2	NA	NA	H3K79me2	NA	NA	E003-H3K79me2.narrowPeak	1	125042
1	478	roadmap_epigenomics	0	0.335151631293799	2751	297	1026	63	1026	462	3910	991	472	roadmap_epigenomics H3K4me1	NA	NA	H3K4me1	NA	NA	E051-H3K4me1.narrowPeak	1	222976
1	694	roadmap_epigenomics	0	0.444788950785387	2264	297	656	432	656	462	3396	1478	986	roadmap_epigenomics H3K27ac	NA	NA	H3K27ac	NA	NA	E084-H3K27ac.narrowPeak	1	121559
1	703	roadmap_epigenomics	0	0.436011900270317	2314	297	699	394	699	463	3453	1428	929	roadmap_epigenomics H3K27ac	NA	NA	H3K27ac	NA	NA	E085-H3K27ac.narrowPeak	1	130166
1	52	roadmap_epigenomics	0	0.489185883465131	2070	297	503	593	593	464	3141	1672	1241	roadmap_epigenomics H3K27ac	NA	NA	H3K27ac	NA	NA	E004-H3K27ac.narrowPeak	1	144857
1	342	roadmap_epigenomics	0	0.500267878671661	2020	297	473	621	621	464	3072	1722	1310	roadmap_epigenomics H3K4me3	NA	NA	H3K4me3	NA	NA	E031-H3K4me3.narrowPeak	1	39890
1	433	roadmap_epigenomics	0	0.452518928930208	2232	297	632	463	632	464	3355	1510	1027	roadmap_epigenomics H3K4me3	NA	NA	H3K4me3	NA	NA	E045-H3K4me3.narrowPeak	1	50440
1	460	roadmap_epigenomics	0	0.349092458306943	2671	297	1001	94	1001	464	3844	1071	538	roadmap_epigenomics H3K4me1	NA	NA	H3K4me1	NA	NA	E049-H3K4me1.narrowPeak	1	260639
1	1081	roadmap_epigenomics	0	0.374050551397355	2556	297	933	162	933	464	3734	1186	648	roadmap_epigenomics H3K4me1	NA	NA	H3K4me1	NA	NA	E127-H3K4me1.narrowPeak	1	199886
1	750	roadmap_epigenomics	0	0.442463767989959	2264	297	666	432	666	465	3400	1478	982	roadmap_epigenomics H3K4me3	NA	NA	H3K4me3	NA	NA	E090-H3K4me3.narrowPeak	1	35057
1	825	roadmap_epigenomics	0	0.397807213369772	2470	297	855	242	855	465	3637	1272	745	roadmap_epigenomics	NA	NA	NA	NA	NA	E100-DNase.hotspot.fdr0.01.peaks.bed	1	170766
1	144	roadmap_epigenomics	0	0.638271189007838	1691	297	312	788	788	466	2470	2051	1912	roadmap_epigenomics H2BK5ac	NA	NA	H2BK5ac	NA	NA	E008-H2BK5ac.narrowPeak	1	66830
1	527	roadmap_epigenomics	0	0.326632504906505	2755	297	1041	61	1041	466	3923	987	459	roadmap_epigenomics H3K4me1	NA	NA	H3K4me1	NA	NA	E058-H3K4me1.narrowPeak	1	289473
1	615	roadmap_epigenomics	0	0.398676116052658	2461	297	852	249	852	466	3629	1281	753	roadmap_epigenomics H3K4me3	NA	NA	H3K4me3	NA	NA	E073-H3K4me3.narrowPeak	1	75872
1	942	roadmap_epigenomics	0	0.349254014404406	2652	297	999	102	999	466	3832	1090	550	roadmap_epigenomics	NA	NA	NA	NA	NA	E116-DNase.macs2.narrowPeak	1	271082
1	996	roadmap_epigenomics	0	0.416457812758483	2374	297	774	328	774	466	3534	1368	848	roadmap_epigenomics H3K4me2	NA	NA	H3K4me2	NA	NA	E120-H3K4me2.narrowPeak	1	121927
1	104	roadmap_epigenomics	0	0.314945434889015	2794	297	1060	48	1060	468	3959	948	423	roadmap_epigenomics H3K4me1	NA	NA	H3K4me1	NA	NA	E006-H3K4me1.narrowPeak	1	392101
1	509	roadmap_epigenomics	0	0.311708499955115	2811	297	1065	42	1065	468	3972	931	410	roadmap_epigenomics	NA	NA	NA	NA	NA	E056-DNase.macs2.narrowPeak	1	397102
1	243	roadmap_epigenomics	0	0.543116076123618	1860	297	407	702	702	469	2828	1882	1554	roadmap_epigenomics H3K9me1	NA	NA	H3K9me1	NA	NA	E017-H3K9me1.narrowPeak	1	209146
1	344	roadmap_epigenomics	0	0.47565780451827	2118	297	559	555	559	470	3211	1624	1171	roadmap_epigenomics	NA	NA	NA	NA	NA	E032-DNase.hotspot.all.peaks.bed	1	81799
1	435	roadmap_epigenomics	0	0.460347900613908	2172	297	605	509	605	470	3288	1570	1094	roadmap_epigenomics	NA	NA	NA	NA	NA	E046-DNase.hotspot.all.peaks.bed	1	88265
1	470	roadmap_epigenomics	0	0.316812850749816	2767	297	1058	55	1058	470	3942	975	440	roadmap_epigenomics H3K4me1	NA	NA	H3K4me1	NA	NA	E050-H3K4me1.narrowPeak	1	180375
1	117	roadmap_epigenomics	0	0.591298299860079	1741	297	353	764	764	471	2609	2001	1773	roadmap_epigenomics H2BK12ac	NA	NA	H2BK12ac	NA	NA	E007-H2BK12ac.narrowPeak	1	126786
1	253	roadmap_epigenomics	0	0.35631297660636	2586	297	977	140	977	471	3780	1156	602	roadmap_epigenomics H3K9ac	NA	NA	H3K9ac	NA	NA	E018-H3K9ac.narrowPeak	1	148075
1	331	roadmap_epigenomics	0	0.373591785299877	2536	297	934	183	934	471	3721	1206	661	roadmap_epigenomics H3K4me1	NA	NA	H3K4me1	NA	NA	E029-H3K4me1.narrowPeak	1	142027
1	2	roadmap_epigenomics	0	0.559225446530873	1799	297	383	737	737	472	2732	1943	1650	roadmap_epigenomics H3K36me3	NA	NA	H3K36me3	NA	NA	E001-H3K36me3.narrowPeak	1	187250
1	165	roadmap_epigenomics	0	0.606596530233416	1700	297	334	784	784	472	2535	2042	1847	roadmap_epigenomics H4K91ac	NA	NA	H4K91ac	NA	NA	E008-H4K91ac.narrowPeak	1	81358
1	294	roadmap_epigenomics	0	0.488655640338261	2039	297	508	610	610	472	3112	1703	1270	roadmap_epigenomics H3K36me3	NA	NA	H3K36me3	NA	NA	E024-H3K36me3.narrowPeak	1	291581
1	448	roadmap_epigenomics	0	0.466293040597749	2143	297	588	531	588	472	3251	1599	1131	roadmap_epigenomics H3K4me3	NA	NA	H3K4me3	NA	NA	E047-H3K4me3.narrowPeak	1	39614
1	498	roadmap_epigenomics	0	0.442402690185082	2244	297	667	451	667	472	3383	1498	999	roadmap_epigenomics	NA	NA	NA	NA	NA	E055-DNase.hotspot.all.peaks.bed	1	120443
1	916	roadmap_epigenomics	0	0.298521062297537	2831	297	1081	37	1081	472	3998	911	384	roadmap_epigenomics H3K4me1	NA	NA	H3K4me1	NA	NA	E113-H3K4me1.narrowPeak	1	347200
1	1020	roadmap_epigenomics	0	0.406670803569232	2401	297	819	299	819	472	3571	1341	811	roadmap_epigenomics H3K4me2	NA	NA	H3K4me2	NA	NA	E122-H3K4me2.narrowPeak	1	99492
1	75	roadmap_epigenomics	0	0.497168593211696	1973	297	480	642	642	473	3031	1769	1351	roadmap_epigenomics H3K27ac	NA	NA	H3K27ac	NA	NA	E005-H3K27ac.narrowPeak	1	123614
1	125	roadmap_epigenomics	0	0.501343318115167	1953	297	472	650	650	473	3003	1789	1379	roadmap_epigenomics H3K36me3	NA	NA	H3K36me3	NA	NA	E007-H3K36me3.narrowPeak	1	177693
1	304	roadmap_epigenomics	0	0.486264673862001	2052	297	519	602	602	473	3129	1690	1253	roadmap_epigenomics H3K27ac	NA	NA	H3K27ac	NA	NA	E026-H3K27ac.narrowPeak	1	107716
1	27	roadmap_epigenomics	0	0.459776709966606	2162	297	606	519	606	474	3280	1580	1102	roadmap_epigenomics H3K27ac	NA	NA	H3K27ac	NA	NA	E003-H3K27ac.narrowPeak	1	166837
1	151	roadmap_epigenomics	0	0.454161599781379	2182	297	626	499	626	474	3308	1560	1074	roadmap_epigenomics H3K36me3	NA	NA	H3K36me3	NA	NA	E008-H3K36me3.narrowPeak	1	287294
1	500	roadmap_epigenomics	0	0.286800083104352	2858	297	1096	28	1096	474	4025	884	357	roadmap_epigenomics	NA	NA	NA	NA	NA	E055-DNase.macs2.narrowPeak	1	447741
1	9	roadmap_epigenomics	0	0.622473387173508	1643	297	322	807	807	475	2441	2099	1941	roadmap_epigenomics H3K4me1	NA	NA	H3K4me1	NA	NA	E002-H3K4me1.narrowPeak	1	155088
1	1045	roadmap_epigenomics	0	0.345608843950378	2623	297	1007	120	1007	475	3819	1119	563	roadmap_epigenomics H3K4me1	NA	NA	H3K4me1	NA	NA	E124-H3K4me1.narrowPeak	1	127405
1	89	roadmap_epigenomics	0	0.474055458480142	2101	297	566	564	566	476	3198	1641	1184	roadmap_epigenomics	NA	NA	NA	NA	NA	E006-DNase.hotspot.all.peaks.bed	1	102198
1	152	roadmap_epigenomics	0	0.550959896729723	1796	297	390	740	740	476	2744	1946	1638	roadmap_epigenomics H3K4ac	NA	NA	H3K4ac	NA	NA	E008-H3K4ac.narrowPeak	1	70510
1	153	roadmap_epigenomics	0	0.650742605871539	1611	297	305	826	826	476	2355	2131	2027	roadmap_epigenomics H3K4me1	NA	NA	H3K4me1	NA	NA	E008-H3K4me1.narrowPeak	1	135771
1	332	roadmap_epigenomics	0	0.487759713302448	2026	297	512	618	618	476	3101	1716	1281	roadmap_epigenomics H3K4me3	NA	NA	H3K4me3	NA	NA	E029-H3K4me3.narrowPeak	1	29579
1	377	roadmap_epigenomics	0	0.335462366047918	2637	297	1024	110	1024	477	3842	1105	540	roadmap_epigenomics H3K4me1	NA	NA	H3K4me1	NA	NA	E036-H3K4me1.narrowPeak	1	232778
1	822	roadmap_epigenomics	0	0.447369120767566	2192	297	647	488	647	477	3329	1550	1053	roadmap_epigenomics H3K4me3	NA	NA	H3K4me3	NA	NA	E099-H3K4me3.narrowPeak	1	38242
1	42	roadmap_epigenomics	0	0.634967857751981	1618	297	315	823	823	478	2390	2124	1992	roadmap_epigenomics H4K91ac	NA	NA	H4K91ac	NA	NA	E003-H4K91ac.narrowPeak	1	106820
1	61	roadmap_epigenomics	0	0.422444267782474	2319	297	749	389	749	478	3480	1423	902	roadmap_epigenomics H3K9ac	NA	NA	H3K9ac	NA	NA	E004-H3K9ac.narrowPeak	1	93600
1	123	roadmap_epigenomics	0	0.523341698581857	1860	297	434	702	702	478	2865	1882	1517	roadmap_epigenomics H3K27ac	NA	NA	H3K27ac	NA	NA	E007-H3K27ac.narrowPeak	1	78132
1	359	roadmap_epigenomics	0	0.461451897161427	2140	297	603	534	603	478	3257	1602	1125	roadmap_epigenomics H3K4me3	NA	NA	H3K4me3	NA	NA	E033-H3K4me3.narrowPeak	1	42864
1	415	roadmap_epigenomics	0	0.443435946541667	2216	297	664	472	664	478	3357	1526	1025	roadmap_epigenomics H3K4me3	NA	NA	H3K4me3	NA	NA	E042-H3K4me3.narrowPeak	1	58292
1	882	roadmap_epigenomics	0	0.386568844065317	2472	297	899	238	899	478	3656	1270	726	roadmap_epigenomics H3K4me3	NA	NA	H3K4me3	NA	NA	E108-H3K4me3.narrowPeak	1	92210
1	966	roadmap_epigenomics	0	0.301962110567838	2762	297	1078	59	1078	478	3958	980	424	roadmap_epigenomics	NA	NA	NA	NA	NA	E118-DNase.macs2.narrowPeak	1	277975
1	239	roadmap_epigenomics	0	0.502508608468275	1913	297	470	669	669	479	2960	1829	1422	roadmap_epigenomics H3K56ac	NA	NA	H3K56ac	NA	NA	E017-H3K56ac.narrowPeak	1	109751
1	307	roadmap_epigenomics	0	0.390908053501907	2458	297	885	254	885	479	3639	1284	743	roadmap_epigenomics H3K4me1	NA	NA	H3K4me1	NA	NA	E026-H3K4me1.narrowPeak	1	233572
1	801	roadmap_epigenomics	0	0.401872833425941	2396	297	836	305	836	479	3575	1346	807	roadmap_epigenomics	NA	NA	NA	NA	NA	E097-DNase.hotspot.fdr0.01.peaks.bed	1	154095
1	980	roadmap_epigenomics	0	0.482029582926492	2047	297	533	607	607	479	3132	1695	1250	roadmap_epigenomics H3K27ac	NA	NA	H3K27ac	NA	NA	E119-H3K27ac.narrowPeak	1	94592
1	102	roadmap_epigenomics	0	0.391121601955199	2453	297	883	259	883	480	3635	1289	747	roadmap_epigenomics H3K36me3	NA	NA	H3K36me3	NA	NA	E006-H3K36me3.narrowPeak	1	368481
1	230	roadmap_epigenomics	0	0.487500693184687	2000	297	514	630	630	480	3076	1742	1306	roadmap_epigenomics H3K18ac	NA	NA	H3K18ac	NA	NA	E017-H3K18ac.narrowPeak	1	266971
1	313	roadmap_epigenomics	0	0.309585769034953	2721	297	1067	76	1067	480	3926	1021	456	roadmap_epigenomics H3K4me1	NA	NA	H3K4me1	NA	NA	E027-H3K4me1.narrowPeak	1	374655
1	741	roadmap_epigenomics	0	0.443885336284146	2202	297	661	481	661	480	3344	1540	1038	roadmap_epigenomics H3K4me3	NA	NA	H3K4me3	NA	NA	E089-H3K4me3.narrowPeak	1	32241
1	985	roadmap_epigenomics	0	0.435516457428437	2251	297	704	440	704	480	3401	1491	981	roadmap_epigenomics H3K4me3	NA	NA	H3K4me3	NA	NA	E119-H3K4me3.narrowPeak	1	41290
1	262	roadmap_epigenomics	0	0.490289504480733	1958	297	500	647	647	481	3029	1784	1353	roadmap_epigenomics H3K27ac	NA	NA	H3K27ac	NA	NA	E020-H3K27ac.narrowPeak	1	100851
1	368	roadmap_epigenomics	0	0.456947567593977	2142	297	614	532	614	481	3267	1600	1115	roadmap_epigenomics H3K4me3	NA	NA	H3K4me3	NA	NA	E034-H3K4me3.narrowPeak	1	37067
1	730	roadmap_epigenomics	0	0.35522670008102	2556	297	985	162	985	481	3762	1186	620	roadmap_epigenomics H3K4me1	NA	NA	H3K4me1	NA	NA	E088-H3K4me1.narrowPeak	1	291610
1	826	roadmap_epigenomics	0	0.230277109853749	2839	297	1115	32	1115	481	4083	903	299	roadmap_epigenomics	NA	NA	NA	NA	NA	E100-DNase.macs2.narrowPeak	1	441628
1	890	roadmap_epigenomics	0	0.537254552556882	1810	297	419	728	728	481	2785	1932	1597	roadmap_epigenomics H3K36me3	NA	NA	H3K36me3	NA	NA	E109-H3K36me3.narrowPeak	1	171676
1	346	roadmap_epigenomics	0	0.276671323877716	2794	297	1102	48	1102	482	4006	948	376	roadmap_epigenomics	NA	NA	NA	NA	NA	E032-DNase.macs2.narrowPeak	1	359211
1	732	roadmap_epigenomics	0	0.422685763561682	2306	297	748	400	748	482	3469	1436	913	roadmap_epigenomics H3K9ac	NA	NA	H3K9ac	NA	NA	E088-H3K9ac.narrowPeak	1	113769
1	755	roadmap_epigenomics	0	0.469820939678923	2097	297	576	572	576	482	3202	1645	1180	roadmap_epigenomics H3K27ac	NA	NA	H3K27ac	NA	NA	E091-H3K27ac.narrowPeak	1	113281
1	790	roadmap_epigenomics	0	0.519868665266728	1850	297	438	711	711	482	2861	1892	1521	roadmap_epigenomics H3K36me3	NA	NA	H3K36me3	NA	NA	E095-H3K36me3.narrowPeak	1	283237
1	802	roadmap_epigenomics	0	0.246616300949588	2829	297	1111	38	1111	482	4059	913	323	roadmap_epigenomics	NA	NA	NA	NA	NA	E097-DNase.macs2.narrowPeak	1	492363
1	363	roadmap_epigenomics	0	0.263711502907367	2800	297	1106	46	1106	483	4025	942	357	roadmap_epigenomics	NA	NA	NA	NA	NA	E034-DNase.macs2.narrowPeak	1	416560
1	707	roadmap_epigenomics	0	0.406694426262357	2370	297	818	333	818	483	3547	1372	835	roadmap_epigenomics H3K4me3	NA	NA	H3K4me3	NA	NA	E085-H3K4me3.narrowPeak	1	43543
1	869	roadmap_epigenomics	0	0.442348257793016	2200	297	668	484	668	483	3345	1542	1037	roadmap_epigenomics H3K4me1	NA	NA	H3K4me1	NA	NA	E106-H3K4me1.narrowPeak	1	133631
1	267	roadmap_epigenomics	0	0.396884921068318	2405	297	860	296	860	484	3590	1337	792	roadmap_epigenomics H3K9ac	NA	NA	H3K9ac	NA	NA	E020-H3K9ac.narrowPeak	1	108554
1	477	roadmap_epigenomics	0	0.500114699949619	1893	297	474	680	680	484	2944	1849	1438	roadmap_epigenomics H3K36me3	NA	NA	H3K36me3	NA	NA	E051-H3K36me3.narrowPeak	1	355912
1	555	roadmap_epigenomics	0	0.290096765539101	2754	297	1093	62	1093	484	3969	988	413	roadmap_epigenomics H3K4me1	NA	NA	H3K4me1	NA	NA	E063-H3K4me1.narrowPeak	1	260722
1	1058	roadmap_epigenomics	0	0.347347504891712	2578	297	1004	150	1004	484	3788	1164	594	roadmap_epigenomics H3K4me2	NA	NA	H3K4me2	NA	NA	E125-H3K4me2.narrowPeak	1	125847
1	237	roadmap_epigenomics	0	0.367406317670416	2515	297	954	203	954	485	3716	1227	666	roadmap_epigenomics H3K4me2	NA	NA	H3K4me2	NA	NA	E017-H3K4me2.narrowPeak	1	177688
1	351	roadmap_epigenomics	0	0.474494564837908	2069	297	562	595	595	485	3167	1673	1215	roadmap_epigenomics H3K4me3	NA	NA	H3K4me3	NA	NA	E032-H3K4me3.narrowPeak	1	31423
1	358	roadmap_epigenomics	0	0.478503000276518	2035	297	546	612	612	485	3127	1707	1255	roadmap_epigenomics H3K4me1	NA	NA	H3K4me1	NA	NA	E033-H3K4me1.narrowPeak	1	131462
1	390	roadmap_epigenomics	0	0.451797499211002	2156	297	635	522	635	485	3289	1586	1093	roadmap_epigenomics H3K4me3	NA	NA	H3K4me3	NA	NA	E038-H3K4me3.narrowPeak	1	51910
1	664	roadmap_epigenomics	0	0.426138628133738	2278	297	737	421	737	485	3440	1464	942	roadmap_epigenomics H3K4me3	NA	NA	H3K4me3	NA	NA	E080-H3K4me3.narrowPeak	1	34321
1	680	roadmap_epigenomics	0	0.415990730062894	2324	297	779	379	779	485	3495	1418	887	roadmap_epigenomics H3K4me3	NA	NA	H3K4me3	NA	NA	E082-H3K4me3.narrowPeak	1	40821
1	216	roadmap_epigenomics	0	0.411481767245318	2342	297	799	361	799	486	3517	1400	865	roadmap_epigenomics H3K9ac	NA	NA	H3K9ac	NA	NA	E016-H3K9ac.narrowPeak	1	82706
1	401	roadmap_epigenomics	0	0.639701801283397	1527	297	310	852	852	486	2273	2215	2109	roadmap_epigenomics H3K36me3	NA	NA	H3K36me3	NA	NA	E040-H3K36me3.narrowPeak	1	157464
1	857	roadmap_epigenomics	0	0.422043924730935	2290	297	752	410	752	486	3457	1452	925	roadmap_epigenomics H3K4me1	NA	NA	H3K4me1	NA	NA	E104-H3K4me1.narrowPeak	1	271842
1	187	roadmap_epigenomics	0	0.512426872034873	1845	297	449	715	715	487	2870	1897	1512	roadmap_epigenomics H3K36me3	NA	NA	H3K36me3	NA	NA	E012-H3K36me3.narrowPeak	1	226301
1	561	roadmap_epigenomics	0	0.633689255227484	1535	297	316	849	849	487	2293	2207	2089	roadmap_epigenomics H3K36me3	NA	NA	H3K36me3	NA	NA	E065-H3K36me3.narrowPeak	1	104024
1	777	roadmap_epigenomics	0	0.441583441370027	2187	297	672	492	672	487	3335	1555	1047	roadmap_epigenomics H3K4me3	NA	NA	H3K4me3	NA	NA	E093-H3K4me3.narrowPeak	1	37401
1	1107	roadmap_epigenomics	0	0.396854091064817	2397	297	861	304	861	487	3584	1345	798	roadmap_epigenomics H3K4me3	NA	NA	H3K4me3	NA	NA	E129-H3K4me3.narrowPeak	1	73663
1	191	roadmap_epigenomics	0	0.4794524786427	2009	297	542	625	625	488	3100	1733	1282	roadmap_epigenomics H3K27ac	NA	NA	H3K27ac	NA	NA	E013-H3K27ac.narrowPeak	1	139221
1	350	roadmap_epigenomics	0	0.322731368427353	2615	297	1045	123	1045	488	3847	1127	535	roadmap_epigenomics H3K4me1	NA	NA	H3K4me1	NA	NA	E032-H3K4me1.narrowPeak	1	167617
1	698	roadmap_epigenomics	0	0.412345553779252	2330	297	794	372	794	488	3506	1412	876	roadmap_epigenomics H3K4me3	NA	NA	H3K4me3	NA	NA	E084-H3K4me3.narrowPeak	1	40136
1	714	roadmap_epigenomics	0	0.571914805817838	1675	297	373	794	794	488	2569	2067	1813	roadmap_epigenomics H3K4me1	NA	NA	H3K4me1	NA	NA	E086-H3K4me1.narrowPeak	1	91722
1	904	roadmap_epigenomics	0	0.374396271492517	2476	297	932	235	932	488	3678	1266	704	roadmap_epigenomics H3K4me3	NA	NA	H3K4me3	NA	NA	E111-H3K4me3.narrowPeak	1	90969
1	384	roadmap_epigenomics	0	0.454414119093132	2127	297	624	546	624	489	3258	1615	1124	roadmap_epigenomics H3K4me3	NA	NA	H3K4me3	NA	NA	E037-H3K4me3.narrowPeak	1	49554
1	697	roadmap_epigenomics	0	0.332263618809495	2587	297	1032	138	1032	489	3816	1155	566	roadmap_epigenomics H3K4me1	NA	NA	H3K4me1	NA	NA	E084-H3K4me1.narrowPeak	1	247694
1	285	roadmap_epigenomics	0	0.377772013272078	2461	297	925	249	925	490	3662	1281	720	roadmap_epigenomics H3K4me3	NA	NA	H3K4me3	NA	NA	E022-H3K4me3.narrowPeak	1	75387
1	840	roadmap_epigenomics	0	0.428379564182078	2248	297	729	444	729	490	3411	1494	971	roadmap_epigenomics H3K27ac	NA	NA	H3K27ac	NA	NA	E102-H3K27ac.narrowPeak	1	127503
1	1021	roadmap_epigenomics	0	0.437185978546353	2202	297	691	481	691	490	3356	1540	1026	roadmap_epigenomics H3K4me3	NA	NA	H3K4me3	NA	NA	E122-H3K4me3.narrowPeak	1	43730
1	118	roadmap_epigenomics	0	0.608766752991611	1551	297	332	844	844	491	2356	2191	2026	roadmap_epigenomics H2BK15ac	NA	NA	H2BK15ac	NA	NA	E007-H2BK15ac.narrowPeak	1	91360
1	361	roadmap_epigenomics	0	0.458414401101097	2098	297	608	569	608	491	3224	1644	1158	roadmap_epigenomics	NA	NA	NA	NA	NA	E034-DNase.hotspot.all.peaks.bed	1	81127
1	446	roadmap_epigenomics	0	0.603044230373124	1570	297	337	840	840	491	2389	2172	1993	roadmap_epigenomics H3K36me3	NA	NA	H3K36me3	NA	NA	E047-H3K36me3.narrowPeak	1	150951
1	545	roadmap_epigenomics	0	0.528051098644346	1781	297	428	747	747	491	2771	1961	1611	roadmap_epigenomics H3K27ac	NA	NA	H3K27ac	NA	NA	E062-H3K27ac.narrowPeak	1	51862
1	663	roadmap_epigenomics	0	0.261805375648927	2748	297	1108	68	1108	491	4003	994	379	roadmap_epigenomics H3K4me1	NA	NA	H3K4me1	NA	NA	E080-H3K4me1.narrowPeak	1	279457
1	33	roadmap_epigenomics	0	0.414211560152872	2314	297	785	394	785	492	3490	1428	892	roadmap_epigenomics H3K4me3	NA	NA	H3K4me3	NA	NA	E003-H3K4me3.narrowPeak	1	42133
1	1105	roadmap_epigenomics	0	0.356191757615543	2519	297	978	201	978	492	3736	1223	646	roadmap_epigenomics H3K4me1	NA	NA	H3K4me1	NA	NA	E129-H3K4me1.narrowPeak	1	237110
1	409	roadmap_epigenomics	0	0.420524105963438	2271	297	755	427	755	493	3444	1471	938	roadmap_epigenomics H3K4me3	NA	NA	H3K4me3	NA	NA	E041-H3K4me3.narrowPeak	1	57727
1	791	roadmap_epigenomics	0	0.399314934477155	2367	297	847	336	847	493	3557	1375	825	roadmap_epigenomics H3K4me1	NA	NA	H3K4me1	NA	NA	E095-H3K4me1.narrowPeak	1	268306
1	441	roadmap_epigenomics	0	0.314163847780633	2609	297	1061	125	1061	494	3856	1133	526	roadmap_epigenomics H3K4me1	NA	NA	H3K4me1	NA	NA	E046-H3K4me1.narrowPeak	1	167778
1	378	roadmap_epigenomics	0	0.411766962041906	2315	297	798	391	798	495	3495	1427	887	roadmap_epigenomics H3K4me3	NA	NA	H3K4me3	NA	NA	E036-H3K4me3.narrowPeak	1	56252
1	860	roadmap_epigenomics	0	0.264694555811115	2692	297	1105	84	1105	495	3972	1050	410	roadmap_epigenomics H3K27ac	NA	NA	H3K27ac	NA	NA	E105-H3K27ac.narrowPeak	1	294261
1	911	roadmap_epigenomics	0	0.439151894528463	2174	297	682	507	682	495	3328	1568	1054	roadmap_epigenomics H3K4me3	NA	NA	H3K4me3	NA	NA	E112-H3K4me3.narrowPeak	1	28758
1	1049	roadmap_epigenomics	0	0.402053493478478	2351	297	835	352	835	495	3540	1391	842	roadmap_epigenomics H3K9ac	NA	NA	H3K9ac	NA	NA	E124-H3K9ac.narrowPeak	1	72690
1	371	roadmap_epigenomics	0	0.592398466062325	1563	297	351	842	842	497	2400	2179	1982	roadmap_epigenomics H3K36me3	NA	NA	H3K36me3	NA	NA	E035-H3K36me3.narrowPeak	1	184716
1	388	roadmap_epigenomics	0	0.588332272254381	1571	297	355	838	838	497	2417	2171	1965	roadmap_epigenomics H3K36me3	NA	NA	H3K36me3	NA	NA	E038-H3K36me3.narrowPeak	1	143872
1	484	roadmap_epigenomics	0	0.356135037785879	2501	297	979	215	979	497	3724	1241	658	roadmap_epigenomics H3K4me2	NA	NA	H3K4me2	NA	NA	E052-H3K4me2.narrowPeak	1	119840
1	706	roadmap_epigenomics	0	0.304697163856478	2616	297	1073	122	1073	497	3874	1126	508	roadmap_epigenomics H3K4me1	NA	NA	H3K4me1	NA	NA	E085-H3K4me1.narrowPeak	1	285846
1	758	roadmap_epigenomics	0	0.308250014213768	2606	297	1069	126	1069	497	3863	1136	519	roadmap_epigenomics H3K4me1	NA	NA	H3K4me1	NA	NA	E091-H3K4me1.narrowPeak	1	214541
1	1011	roadmap_epigenomics	0	0.440477059598049	2162	297	674	519	674	497	3315	1580	1067	roadmap_epigenomics H3K9ac	NA	NA	H3K9ac	NA	NA	E121-H3K9ac.narrowPeak	1	104079
1	282	roadmap_epigenomics	0	0.655597039155302	1404	297	302	895	895	498	2095	2338	2287	roadmap_epigenomics H3K27me3	NA	NA	H3K27me3	NA	NA	E022-H3K27me3.narrowPeak	1	68203
1	568	roadmap_epigenomics	0	0.292426507733942	2643	297	1089	108	1089	498	3907	1099	475	roadmap_epigenomics H3K4me1	NA	NA	H3K4me1	NA	NA	E066-H3K4me1.narrowPeak	1	233359
1	800	roadmap_epigenomics	0	0.445757948629668	2127	297	652	546	652	498	3274	1615	1108	roadmap_epigenomics	NA	NA	NA	NA	NA	E097-DNase.hotspot.all.peaks.bed	1	99584
1	87	roadmap_epigenomics	0	0.367585542007426	2462	297	953	248	953	499	3679	1280	703	roadmap_epigenomics H4K8ac	NA	NA	H4K8ac	NA	NA	E005-H4K8ac.narrowPeak	1	197762
1	100	roadmap_epigenomics	0	0.48142604646364	1929	297	536	663	663	499	3017	1813	1365	roadmap_epigenomics H3K27ac	NA	NA	H3K27ac	NA	NA	E006-H3K27ac.narrowPeak	1	144157
1	238	roadmap_epigenomics	0	0.419071102052196	2251	297	761	440	761	499	3430	1491	952	roadmap_epigenomics H3K4me3	NA	NA	H3K4me3	NA	NA	E017-H3K4me3.narrowPeak	1	42408
1	491	roadmap_epigenomics	0	0.416233927431643	2274	297	776	425	776	499	3454	1468	928	roadmap_epigenomics H3K4me3	NA	NA	H3K4me3	NA	NA	E053-H3K4me3.narrowPeak	1	36677
1	204	roadmap_epigenomics	0	0.480908395006782	1927	297	538	665	665	500	3016	1815	1366	roadmap_epigenomics H3K27ac	NA	NA	H3K27ac	NA	NA	E015-H3K27ac.narrowPeak	1	106159
1	337	roadmap_epigenomics	0	0.436413413066	2174	297	696	507	696	500	3333	1568	1049	roadmap_epigenomics H3K4me3	NA	NA	H3K4me3	NA	NA	E030-H3K4me3.narrowPeak	1	53793
1	455	roadmap_epigenomics	0	0.444681867637683	2127	297	657	546	657	500	3276	1615	1106	roadmap_epigenomics H3K4me3	NA	NA	H3K4me3	NA	NA	E048-H3K4me3.narrowPeak	1	54009
1	111	roadmap_epigenomics	0	0.354410279680525	2494	297	987	220	987	501	3722	1248	660	roadmap_epigenomics H4K91ac	NA	NA	H4K91ac	NA	NA	E006-H4K91ac.narrowPeak	1	234539
1	185	roadmap_epigenomics	0	0.464277403346407	2032	297	593	614	614	501	3151	1710	1231	roadmap_epigenomics H3K27ac	NA	NA	H3K27ac	NA	NA	E012-H3K27ac.narrowPeak	1	157402
1	641	roadmap_epigenomics	0	0.290976901166646	2630	297	1091	114	1091	501	3902	1112	480	roadmap_epigenomics H3K4me1	NA	NA	H3K4me1	NA	NA	E077-H3K4me1.narrowPeak	1	231713
1	863	roadmap_epigenomics	0	0.303156088751529	2598	297	1077	130	1077	501	3866	1144	516	roadmap_epigenomics H3K4me1	NA	NA	H3K4me1	NA	NA	E105-H3K4me1.narrowPeak	1	309072
1	367	roadmap_epigenomics	0	0.282601167885201	2633	297	1099	111	1099	502	3916	1109	466	roadmap_epigenomics H3K4me1	NA	NA	H3K4me1	NA	NA	E034-H3K4me1.narrowPeak	1	198110
1	524	roadmap_epigenomics	0	0.41136059611719	2293	297	800	408	800	502	3478	1449	904	roadmap_epigenomics H3K27ac	NA	NA	H3K27ac	NA	NA	E058-H3K27ac.narrowPeak	1	155109
1	621	roadmap_epigenomics	0	0.363287192227037	2465	297	963	245	963	502	3688	1277	694	roadmap_epigenomics H3K4me1	NA	NA	H3K4me1	NA	NA	E074-H3K4me1.narrowPeak	1	266870
1	776	roadmap_epigenomics	0	0.285892237731842	2631	297	1097	113	1097	502	3910	1111	472	roadmap_epigenomics H3K4me1	NA	NA	H3K4me1	NA	NA	E093-H3K4me1.narrowPeak	1	250705
1	784	roadmap_epigenomics	0	0.436337440166148	2167	297	697	516	697	503	3327	1575	1055	roadmap_epigenomics H3K36me3	NA	NA	H3K36me3	NA	NA	E094-H3K36me3.narrowPeak	1	243020
1	59	roadmap_epigenomics	0	0.612653598018393	1432	297	328	887	887	504	2204	2310	2178	roadmap_epigenomics H3K79me1	NA	NA	H3K79me1	NA	NA	E004-H3K79me1.narrowPeak	1	133659
1	550	roadmap_epigenomics	0	0.339308489149596	2517	297	1014	202	1014	504	3761	1225	621	roadmap_epigenomics H3K9ac	NA	NA	H3K9ac	NA	NA	E062-H3K9ac.narrowPeak	1	142197
1	830	roadmap_epigenomics	0	0.447097895606462	2100	297	648	567	648	504	3247	1642	1135	roadmap_epigenomics H3K4me1	NA	NA	H3K4me1	NA	NA	E100-H3K4me1.narrowPeak	1	196301
1	1078	roadmap_epigenomics	0	0.450199662577288	2090	297	639	577	639	504	3232	1652	1150	roadmap_epigenomics H3K27ac	NA	NA	H3K27ac	NA	NA	E127-H3K27ac.narrowPeak	1	94902
1	60	roadmap_epigenomics	0	0.608461577219076	1434	297	333	885	885	505	2214	2308	2168	roadmap_epigenomics H3K79me2	NA	NA	H3K79me2	NA	NA	E004-H3K79me2.narrowPeak	1	172076
1	444	roadmap_epigenomics	0	0.488224397447004	1856	297	510	707	707	505	2929	1886	1453	roadmap_epigenomics H3K27ac	NA	NA	H3K27ac	NA	NA	E047-H3K27ac.narrowPeak	1	44461
1	767	roadmap_epigenomics	0	0.306469553905868	2579	297	1071	147	1071	505	3850	1163	532	roadmap_epigenomics H3K4me1	NA	NA	H3K4me1	NA	NA	E092-H3K4me1.narrowPeak	1	275943
1	1004	roadmap_epigenomics	0	0.453830825730263	2079	297	628	589	628	505	3215	1663	1167	roadmap_epigenomics H3K27ac	NA	NA	H3K27ac	NA	NA	E121-H3K27ac.narrowPeak	1	117985
1	1071	roadmap_epigenomics	0	0.44971211915134	2089	297	641	578	641	505	3232	1653	1150	roadmap_epigenomics H3K4me3	NA	NA	H3K4me3	NA	NA	E126-H3K4me3.narrowPeak	1	53066
1	543	roadmap_epigenomics	0	0.398777136567174	2331	297	851	371	851	506	3530	1411	852	roadmap_epigenomics H3K4me3	NA	NA	H3K4me3	NA	NA	E061-H3K4me3.narrowPeak	1	39368
1	896	roadmap_epigenomics	0	0.303574391579547	2580	297	1076	145	1076	506	3855	1162	527	roadmap_epigenomics H3K4me1	NA	NA	H3K4me1	NA	NA	E110-H3K4me1.narrowPeak	1	214877
1	453	roadmap_epigenomics	0	0.579039554504543	1514	297	367	856	856	507	2366	2228	2016	roadmap_epigenomics H3K36me3	NA	NA	H3K36me3	NA	NA	E048-H3K36me3.narrowPeak	1	130411
1	485	roadmap_epigenomics	0	0.39716402503041	2339	297	858	366	858	507	3539	1403	843	roadmap_epigenomics H3K4me3	NA	NA	H3K4me3	NA	NA	E052-H3K4me3.narrowPeak	1	77026
1	496	roadmap_epigenomics	0	0.38584921070262	2378	297	902	321	902	507	3588	1364	794	roadmap_epigenomics H3K4me3	NA	NA	H3K4me3	NA	NA	E054-H3K4me3.narrowPeak	1	59260
1	521	roadmap_epigenomics	0	0.370617517770258	2428	297	943	281	943	507	3650	1314	732	roadmap_epigenomics H3K4me1	NA	NA	H3K4me1	NA	NA	E057-H3K4me1.narrowPeak	1	212997
1	713	roadmap_epigenomics	0	0.59971288710587	1439	297	340	883	883	507	2236	2303	2146	roadmap_epigenomics H3K36me3	NA	NA	H3K36me3	NA	NA	E086-H3K36me3.narrowPeak	1	98059
1	782	roadmap_epigenomics	0	0.444396570869308	2101	297	659	564	659	507	3253	1641	1129	roadmap_epigenomics H3K27ac	NA	NA	H3K27ac	NA	NA	E094-H3K27ac.narrowPeak	1	98193
1	86	roadmap_epigenomics	0	0.308964714945931	2560	297	1068	158	1068	508	3835	1182	547	roadmap_epigenomics H4K12ac	NA	NA	H4K12ac	NA	NA	E005-H4K12ac.narrowPeak	1	157052
1	229	roadmap_epigenomics	0	0.475303261956543	1927	297	561	665	665	508	3027	1815	1355	roadmap_epigenomics H3K14ac	NA	NA	H3K14ac	NA	NA	E017-H3K14ac.narrowPeak	1	195264
1	397	roadmap_epigenomics	0	0.412163228302413	2264	297	795	432	795	508	3453	1478	929	roadmap_epigenomics H3K4me3	NA	NA	H3K4me3	NA	NA	E039-H3K4me3.narrowPeak	1	51115
1	483	roadmap_epigenomics	0	0.337520262932593	2508	297	1018	209	1018	508	3758	1234	624	roadmap_epigenomics H3K4me1	NA	NA	H3K4me1	NA	NA	E052-H3K4me1.narrowPeak	1	247579
1	670	roadmap_epigenomics	0	0.645852502515201	1344	297	307	919	919	508	2036	2398	2346	roadmap_epigenomics H3K36me3	NA	NA	H3K36me3	NA	NA	E081-H3K36me3.narrowPeak	1	55931
1	842	roadmap_epigenomics	0	0.487063561267403	1848	297	515	712	712	508	2923	1894	1459	roadmap_epigenomics H3K36me3	NA	NA	H3K36me3	NA	NA	E102-H3K36me3.narrowPeak	1	305308
1	1070	roadmap_epigenomics	0	0.383469767679891	2382	297	912	316	912	508	3595	1360	787	roadmap_epigenomics H3K4me2	NA	NA	H3K4me2	NA	NA	E126-H3K4me2.narrowPeak	1	115042
1	77	roadmap_epigenomics	0	0.439652419519646	2121	297	677	554	677	509	3280	1621	1102	roadmap_epigenomics H3K36me3	NA	NA	H3K36me3	NA	NA	E005-H3K36me3.narrowPeak	1	277210
1	142	roadmap_epigenomics	0	0.57811898655093	1487	297	368	862	862	509	2335	2255	2047	roadmap_epigenomics H2BK15ac	NA	NA	H2BK15ac	NA	NA	E008-H2BK15ac.narrowPeak	1	52204
1	340	roadmap_epigenomics	0	0.641249312167865	1341	297	309	920	920	509	2040	2401	2342	roadmap_epigenomics H3K36me3	NA	NA	H3K36me3	NA	NA	E031-H3K36me3.narrowPeak	1	119677
1	386	roadmap_epigenomics	0	0.473269687229833	1934	297	569	660	660	509	3038	1808	1344	roadmap_epigenomics H3K27ac	NA	NA	H3K27ac	NA	NA	E038-H3K27ac.narrowPeak	1	50328
1	510	roadmap_epigenomics	0	0.178226156030444	2641	297	1121	109	1121	509	4079	1101	303	roadmap_epigenomics H3K27ac	NA	NA	H3K27ac	NA	NA	E056-H3K27ac.narrowPeak	1	271197
1	528	roadmap_epigenomics	0	0.366524853266807	2434	297	955	276	955	509	3661	1308	721	roadmap_epigenomics H3K4me3	NA	NA	H3K4me3	NA	NA	E058-H3K4me3.narrowPeak	1	45445
1	582	roadmap_epigenomics	0	0.322596534570975	2534	297	1046	185	1046	509	3798	1208	584	roadmap_epigenomics H3K4me1	NA	NA	H3K4me1	NA	NA	E068-H3K4me1.narrowPeak	1	279154
1	997	roadmap_epigenomics	0	0.407565088047216	2286	297	815	414	815	509	3479	1456	903	roadmap_epigenomics H3K4me3	NA	NA	H3K4me3	NA	NA	E120-H3K4me3.narrowPeak	1	47100
1	189	roadmap_epigenomics	0	0.398628504685854	2323	297	853	380	853	510	3524	1419	858	roadmap_epigenomics H3K4me3	NA	NA	H3K4me3	NA	NA	E012-H3K4me3.narrowPeak	1	42211
1	391	roadmap_epigenomics	0	0.43836530131558	2125	297	683	550	683	510	3286	1617	1096	roadmap_epigenomics H3K9ac	NA	NA	H3K9ac	NA	NA	E038-H3K9ac.narrowPeak	1	68708
1	1057	roadmap_epigenomics	0	0.331575597117271	2523	297	1035	199	1035	510	3777	1219	605	roadmap_epigenomics H3K4me1	NA	NA	H3K4me1	NA	NA	E125-H3K4me1.narrowPeak	1	233552
1	255	roadmap_epigenomics	0	0.544903201056644	1578	297	401	835	835	511	2508	2164	1874	roadmap_epigenomics H3K27ac	NA	NA	H3K27ac	NA	NA	E019-H3K27ac.narrowPeak	1	53191
1	347	roadmap_epigenomics	0	0.489829687592265	1800	297	501	735	735	511	2867	1942	1515	roadmap_epigenomics H3K27ac	NA	NA	H3K27ac	NA	NA	E032-H3K27ac.narrowPeak	1	65724
1	504	roadmap_epigenomics	0	0.20314731161284	2624	297	1118	117	1118	511	4033	1118	349	roadmap_epigenomics H3K4me1	NA	NA	H3K4me1	NA	NA	E055-H3K4me1.narrowPeak	1	338865
1	992	roadmap_epigenomics	0	0.478076722431523	1882	297	547	690	690	511	2976	1860	1406	roadmap_epigenomics H3K27ac	NA	NA	H3K27ac	NA	NA	E120-H3K27ac.narrowPeak	1	89677
1	994	roadmap_epigenomics	0	0.577548750578215	1473	297	369	866	866	511	2319	2269	2063	roadmap_epigenomics H3K36me3	NA	NA	H3K36me3	NA	NA	E120-H3K36me3.narrowPeak	1	156848
1	1007	roadmap_epigenomics	0	0.385545205085568	2368	297	903	334	903	511	3581	1374	801	roadmap_epigenomics H3K4me1	NA	NA	H3K4me1	NA	NA	E121-H3K4me1.narrowPeak	1	248336
1	601	roadmap_epigenomics	0	0.29462106140085	2577	297	1087	151	1087	512	3867	1165	515	roadmap_epigenomics H3K4me1	NA	NA	H3K4me1	NA	NA	E071-H3K4me1.narrowPeak	1	226083
1	843	roadmap_epigenomics	0	0.318779076052473	2534	297	1055	185	1055	512	3804	1208	578	roadmap_epigenomics H3K4me1	NA	NA	H3K4me1	NA	NA	E102-H3K4me1.narrowPeak	1	236074
1	1096	roadmap_epigenomics	0	0.43724276571161	2126	297	690	549	690	512	3289	1616	1093	roadmap_epigenomics H3K4me3	NA	NA	H3K4me3	NA	NA	E128-H3K4me3.narrowPeak	1	38014
1	421	roadmap_epigenomics	0	0.409101790208919	2261	297	807	436	807	513	3456	1481	926	roadmap_epigenomics H3K4me3	NA	NA	H3K4me3	NA	NA	E043-H3K4me3.narrowPeak	1	41721
1	671	roadmap_epigenomics	0	0.364129288605498	2427	297	960	282	960	513	3660	1315	722	roadmap_epigenomics H3K4me1	NA	NA	H3K4me1	NA	NA	E081-H3K4me1.narrowPeak	1	160582
1	881	roadmap_epigenomics	0	0.241001574543445	2605	297	1114	127	1114	513	3965	1137	417	roadmap_epigenomics H3K4me1	NA	NA	H3K4me1	NA	NA	E108-H3K4me1.narrowPeak	1	272216
1	372	roadmap_epigenomics	0	0.375188271653388	2382	297	929	316	929	514	3609	1360	773	roadmap_epigenomics H3K4me1	NA	NA	H3K4me1	NA	NA	E035-H3K4me1.narrowPeak	1	126220
1	501	roadmap_epigenomics	0	0.215164822235385	2603	297	1117	129	1117	514	4005	1139	377	roadmap_epigenomics H3K27ac	NA	NA	H3K27ac	NA	NA	E055-H3K27ac.narrowPeak	1	274023
1	660	roadmap_epigenomics	0	0.407670105814776	2264	297	814	432	814	514	3461	1478	921	roadmap_epigenomics H3K27ac	NA	NA	H3K27ac	NA	NA	E080-H3K27ac.narrowPeak	1	158539
1	596	roadmap_epigenomics	0	0.402575512326111	2285	297	834	415	834	515	3487	1457	895	roadmap_epigenomics H3K4me3	NA	NA	H3K4me3	NA	NA	E070-H3K4me3.narrowPeak	1	41846
1	1016	roadmap_epigenomics	0	0.4697416168211	1913	297	578	669	669	515	3024	1829	1358	roadmap_epigenomics H3K27ac	NA	NA	H3K27ac	NA	NA	E122-H3K27ac.narrowPeak	1	71491
1	180	roadmap_epigenomics	0	0.492618213879121	1766	297	494	756	756	516	2825	1976	1557	roadmap_epigenomics H3K36me3	NA	NA	H3K36me3	NA	NA	E011-H3K36me3.narrowPeak	1	271169
1	382	roadmap_epigenomics	0	0.614684177755597	1322	297	326	926	926	516	2062	2420	2320	roadmap_epigenomics H3K36me3	NA	NA	H3K36me3	NA	NA	E037-H3K36me3.narrowPeak	1	97050
1	427	roadmap_epigenomics	0	0.405136995299849	2272	297	824	426	824	516	3472	1470	910	roadmap_epigenomics H3K4me3	NA	NA	H3K4me3	NA	NA	E044-H3K4me3.narrowPeak	1	48938
1	875	roadmap_epigenomics	0	0.372676371240501	2383	297	937	315	937	516	3614	1359	768	roadmap_epigenomics H3K4me3	NA	NA	H3K4me3	NA	NA	E107-H3K4me3.narrowPeak	1	80526
1	1033	roadmap_epigenomics	0	0.383626529318906	2361	297	910	342	910	516	3579	1381	803	roadmap_epigenomics H3K4me2	NA	NA	H3K4me2	NA	NA	E123-H3K4me2.narrowPeak	1	93300
1	224	roadmap_epigenomics	0	0.519772919215578	1626	297	439	816	816	517	2614	2116	1768	roadmap_epigenomics H2BK120ac	NA	NA	H2BK120ac	NA	NA	E017-H2BK120ac.narrowPeak	1	223563
1	420	roadmap_epigenomics	0	0.306123469392919	2539	297	1072	181	1072	517	3827	1203	555	roadmap_epigenomics H3K4me1	NA	NA	H3K4me1	NA	NA	E043-H3K4me1.narrowPeak	1	154217
1	749	roadmap_epigenomics	0	0.276812381182492	2572	297	1101	154	1101	517	3892	1170	490	roadmap_epigenomics H3K4me1	NA	NA	H3K4me1	NA	NA	E090-H3K4me1.narrowPeak	1	268484
1	169	roadmap_epigenomics	0	0.362355255967666	2420	297	968	289	968	518	3658	1322	724	roadmap_epigenomics H3K4me1	NA	NA	H3K4me1	NA	NA	E009-H3K4me1.narrowPeak	1	280630
1	357	roadmap_epigenomics	0	0.56744181726778	1454	297	378	879	879	518	2315	2288	2067	roadmap_epigenomics H3K36me3	NA	NA	H3K36me3	NA	NA	E033-H3K36me3.narrowPeak	1	134198
1	836	roadmap_epigenomics	0	0.317525155929732	2521	297	1057	200	1057	518	3798	1221	584	roadmap_epigenomics H3K4me1	NA	NA	H3K4me1	NA	NA	E101-H3K4me1.narrowPeak	1	208728
1	408	roadmap_epigenomics	0	0.291890705733424	2550	297	1090	170	1090	519	3856	1192	526	roadmap_epigenomics H3K4me1	NA	NA	H3K4me1	NA	NA	E041-H3K4me1.narrowPeak	1	159193
1	419	roadmap_epigenomics	0	0.504256641272983	1673	297	466	795	795	519	2699	2069	1683	roadmap_epigenomics H3K36me3	NA	NA	H3K36me3	NA	NA	E043-H3K36me3.narrowPeak	1	194645
1	522	roadmap_epigenomics	0	0.375581019822691	2368	297	927	334	927	519	3598	1374	784	roadmap_epigenomics H3K4me3	NA	NA	H3K4me3	NA	NA	E057-H3K4me3.narrowPeak	1	48504
1	567	roadmap_epigenomics	0	0.475807828826534	1859	297	557	704	704	519	2957	1883	1425	roadmap_epigenomics H3K36me3	NA	NA	H3K36me3	NA	NA	E066-H3K36me3.narrowPeak	1	303329
1	640	roadmap_epigenomics	0	0.467706611330742	1896	297	585	676	676	519	3011	1846	1371	roadmap_epigenomics H3K36me3	NA	NA	H3K36me3	NA	NA	E077-H3K36me3.narrowPeak	1	271474
1	999	roadmap_epigenomics	0	0.472598708726597	1883	297	572	688	688	519	2988	1859	1394	roadmap_epigenomics H3K9ac	NA	NA	H3K9ac	NA	NA	E120-H3K9ac.narrowPeak	1	64681
1	1018	roadmap_epigenomics	0	0.561166380767869	1449	297	381	881	881	520	2321	2293	2061	roadmap_epigenomics H3K36me3	NA	NA	H3K36me3	NA	NA	E122-H3K36me3.narrowPeak	1	156941
1	628	roadmap_epigenomics	0	0.275123684230848	2556	297	1103	162	1103	521	3886	1186	496	roadmap_epigenomics H3K4me1	NA	NA	H3K4me1	NA	NA	E075-H3K4me1.narrowPeak	1	196719
1	469	roadmap_epigenomics	0	0.486189747453306	1778	297	521	749	749	522	2851	1964	1531	roadmap_epigenomics H3K36me3	NA	NA	H3K36me3	NA	NA	E050-H3K36me3.narrowPeak	1	262839
1	589	roadmap_epigenomics	0	0.330662304567593	2477	297	1038	231	1038	522	3749	1265	633	roadmap_epigenomics H3K4me1	NA	NA	H3K4me1	NA	NA	E069-H3K4me1.narrowPeak	1	263106
1	648	roadmap_epigenomics	0	0.331272960848832	2477	297	1037	231	1037	522	3748	1265	634	roadmap_epigenomics H3K4me1	NA	NA	H3K4me1	NA	NA	E078-H3K4me1.narrowPeak	1	192644
1	818	roadmap_epigenomics	0	0.488997545458574	1748	297	505	763	763	522	2813	1994	1569	roadmap_epigenomics H3K27ac	NA	NA	H3K27ac	NA	NA	E099-H3K27ac.narrowPeak	1	75578
1	946	roadmap_epigenomics	0	0.551679440607425	1442	297	387	882	882	522	2331	2300	2051	roadmap_epigenomics H3K36me3	NA	NA	H3K36me3	NA	NA	E116-H3K36me3.narrowPeak	1	165402
1	1044	roadmap_epigenomics	0	0.497555143911084	1683	297	478	790	790	522	2724	2059	1658	roadmap_epigenomics H3K36me3	NA	NA	H3K36me3	NA	NA	E124-H3K36me3.narrowPeak	1	195147
1	495	roadmap_epigenomics	0	0.363078406935008	2395	297	965	306	965	523	3639	1347	743	roadmap_epigenomics H3K4me1	NA	NA	H3K4me1	NA	NA	E054-H3K4me1.narrowPeak	1	191253
1	513	roadmap_epigenomics	0	0.193716849993324	2574	297	1120	152	1120	523	4028	1168	354	roadmap_epigenomics H3K4me1	NA	NA	H3K4me1	NA	NA	E056-H3K4me1.narrowPeak	1	303644
1	868	roadmap_epigenomics	0	0.464729098566594	1894	297	592	679	679	523	3015	1848	1367	roadmap_epigenomics H3K36me3	NA	NA	H3K36me3	NA	NA	E106-H3K36me3.narrowPeak	1	291154
1	440	roadmap_epigenomics	0	0.50437930147318	1636	297	465	809	809	524	2657	2106	1725	roadmap_epigenomics H3K36me3	NA	NA	H3K36me3	NA	NA	E046-H3K36me3.narrowPeak	1	269244
1	821	roadmap_epigenomics	0	0.322088281718158	2480	297	1048	227	1048	524	3765	1262	617	roadmap_epigenomics H3K4me1	NA	NA	H3K4me1	NA	NA	E099-H3K4me1.narrowPeak	1	176837
1	835	roadmap_epigenomics	0	0.458741305713173	1925	297	607	667	667	524	3058	1817	1324	roadmap_epigenomics H3K36me3	NA	NA	H3K36me3	NA	NA	E101-H3K36me3.narrowPeak	1	322521
1	838	roadmap_epigenomics	0	0.381267993977605	2345	297	918	357	918	524	3571	1397	811	roadmap_epigenomics H3K9ac	NA	NA	H3K9ac	NA	NA	E101-H3K9ac.narrowPeak	1	104171
1	862	roadmap_epigenomics	0	0.41598453486601	2186	297	780	495	780	524	3381	1556	1001	roadmap_epigenomics H3K36me3	NA	NA	H3K36me3	NA	NA	E105-H3K36me3.narrowPeak	1	267060
1	895	roadmap_epigenomics	0	0.51801483907338	1596	297	444	832	832	524	2583	2146	1799	roadmap_epigenomics H3K36me3	NA	NA	H3K36me3	NA	NA	E110-H3K36me3.narrowPeak	1	86270
1	1019	roadmap_epigenomics	0	0.367928695091734	2376	297	951	324	951	524	3617	1366	765	roadmap_epigenomics H3K4me1	NA	NA	H3K4me1	NA	NA	E122-H3K4me1.narrowPeak	1	142277
1	176	roadmap_epigenomics	0	0.424497354035898	2135	297	741	538	741	525	3321	1607	1061	roadmap_epigenomics H3K4me3	NA	NA	H3K4me3	NA	NA	E010-H3K4me3.narrowPeak	1	37746
1	209	roadmap_epigenomics	0	0.337301865813644	2451	297	1019	260	1019	525	3721	1291	661	roadmap_epigenomics H3K9ac	NA	NA	H3K9ac	NA	NA	E015-H3K9ac.narrowPeak	1	116131
1	335	roadmap_epigenomics	0	0.508331791897272	1623	297	460	818	818	525	2634	2119	1748	roadmap_epigenomics H3K36me3	NA	NA	H3K36me3	NA	NA	E030-H3K36me3.narrowPeak	1	180397
1	402	roadmap_epigenomics	0	0.319436564877384	2481	297	1054	225	1054	525	3770	1261	612	roadmap_epigenomics H3K4me1	NA	NA	H3K4me1	NA	NA	E040-H3K4me1.narrowPeak	1	147396
1	740	roadmap_epigenomics	0	0.255544155890261	2551	297	1110	168	1110	525	3915	1191	467	roadmap_epigenomics H3K4me1	NA	NA	H3K4me1	NA	NA	E089-H3K4me1.narrowPeak	1	234241
1	94	roadmap_epigenomics	0	0.429641995078909	2111	297	721	560	721	526	3290	1631	1092	roadmap_epigenomics H2BK120ac	NA	NA	H2BK120ac	NA	NA	E006-H2BK120ac.narrowPeak	1	168326
1	539	roadmap_epigenomics	0	0.273166264230459	2541	297	1104	178	1104	526	3881	1201	501	roadmap_epigenomics H3K27ac	NA	NA	H3K27ac	NA	NA	E061-H3K27ac.narrowPeak	1	199363
1	849	roadmap_epigenomics	0	0.462748969177864	1891	297	598	683	683	526	3016	1851	1366	roadmap_epigenomics H3K36me3	NA	NA	H3K36me3	NA	NA	E103-H3K36me3.narrowPeak	1	225315
1	948	roadmap_epigenomics	0	0.358811697495533	2389	297	974	308	974	526	3642	1353	740	roadmap_epigenomics H3K4me2	NA	NA	H3K4me2	NA	NA	E116-H3K4me2.narrowPeak	1	124500
1	1084	roadmap_epigenomics	0	0.505090894501977	1625	297	464	817	817	526	2643	2117	1739	roadmap_epigenomics H3K79me2	NA	NA	H3K79me2	NA	NA	E127-H3K79me2.narrowPeak	1	203560
1	70	roadmap_epigenomics	0	0.441996779057647	2033	297	670	613	670	527	3195	1709	1187	roadmap_epigenomics H2BK12ac	NA	NA	H2BK12ac	NA	NA	E005-H2BK12ac.narrowPeak	1	257315
1	336	roadmap_epigenomics	0	0.355937692865186	2399	297	981	303	981	527	3654	1343	728	roadmap_epigenomics H3K4me1	NA	NA	H3K4me1	NA	NA	E030-H3K4me1.narrowPeak	1	116739
1	431	roadmap_epigenomics	0	0.50516152436954	1619	297	463	821	821	527	2636	2123	1746	roadmap_epigenomics H3K36me3	NA	NA	H3K36me3	NA	NA	E045-H3K36me3.narrowPeak	1	196705
1	490	roadmap_epigenomics	0	0.334684125159791	2455	297	1029	255	1029	527	3728	1287	654	roadmap_epigenomics H3K4me1	NA	NA	H3K4me1	NA	NA	E053-H3K4me1.narrowPeak	1	185030
1	1054	roadmap_epigenomics	0	0.438091044632628	2055	297	684	601	684	527	3223	1687	1159	roadmap_epigenomics H3K27ac	NA	NA	H3K27ac	NA	NA	E125-H3K27ac.narrowPeak	1	117634
1	211	roadmap_epigenomics	0	0.445694031625571	1994	297	653	634	653	528	3151	1748	1231	roadmap_epigenomics H3K27ac	NA	NA	H3K27ac	NA	NA	E016-H3K27ac.narrowPeak	1	111185
1	330	roadmap_epigenomics	0	0.499601908377273	1629	297	475	813	813	528	2659	2113	1723	roadmap_epigenomics H3K36me3	NA	NA	H3K36me3	NA	NA	E029-H3K36me3.narrowPeak	1	235858
1	773	roadmap_epigenomics	0	0.437325542570674	2061	297	688	598	688	528	3230	1681	1152	roadmap_epigenomics H3K27ac	NA	NA	H3K27ac	NA	NA	E093-H3K27ac.narrowPeak	1	114812
1	982	roadmap_epigenomics	0	0.515298728144256	1568	297	445	841	841	528	2556	2174	1826	roadmap_epigenomics H3K36me3	NA	NA	H3K36me3	NA	NA	E119-H3K36me3.narrowPeak	1	199445
1	447	roadmap_epigenomics	0	0.331680920824815	2455	297	1034	255	1034	529	3733	1287	649	roadmap_epigenomics H3K4me1	NA	NA	H3K4me1	NA	NA	E047-H3K4me1.narrowPeak	1	124596
1	1066	roadmap_epigenomics	0	0.474494155884642	1813	297	563	727	727	529	2912	1929	1470	roadmap_epigenomics H3K27ac	NA	NA	H3K27ac	NA	NA	E126-H3K27ac.narrowPeak	1	91265
1	1095	roadmap_epigenomics	0	0.359311955054502	2379	297	971	320	971	529	3634	1363	748	roadmap_epigenomics H3K4me2	NA	NA	H3K4me2	NA	NA	E128-H3K4me2.narrowPeak	1	118811
1	11	roadmap_epigenomics	0	0.537661512781709	1455	297	415	877	877	530	2375	2287	2007	roadmap_epigenomics H3K9ac	NA	NA	H3K9ac	NA	NA	E002-H3K9ac.narrowPeak	1	18733
1	584	roadmap_epigenomics	0	0.31985008098411	2471	297	1053	239	1053	530	3763	1271	619	roadmap_epigenomics H3K9ac	NA	NA	H3K9ac	NA	NA	E068-H3K9ac.narrowPeak	1	183791
1	1023	roadmap_epigenomics	0	0.435853269872011	2071	297	702	592	702	530	3242	1671	1140	roadmap_epigenomics H3K9ac	NA	NA	H3K9ac	NA	NA	E122-H3K9ac.narrowPeak	1	64234
1	653	roadmap_epigenomics	0	0.419692334263563	2136	297	759	537	759	531	3331	1606	1051	roadmap_epigenomics H3K36me3	NA	NA	H3K36me3	NA	NA	E079-H3K36me3.narrowPeak	1	264229
1	803	roadmap_epigenomics	0	0.423035232179402	2125	297	745	550	745	531	3315	1617	1067	roadmap_epigenomics H3K27ac	NA	NA	H3K27ac	NA	NA	E097-H3K27ac.narrowPeak	1	194850
1	1068	roadmap_epigenomics	0	0.581248449375772	1311	297	364	933	933	531	2109	2431	2273	roadmap_epigenomics H3K36me3	NA	NA	H3K36me3	NA	NA	E126-H3K36me3.narrowPeak	1	102513
1	49	roadmap_epigenomics	0	0.67174853389705	1128	297	296	1003	1003	532	1714	2614	2668	roadmap_epigenomics H2BK5ac	NA	NA	H2BK5ac	NA	NA	E004-H2BK5ac.narrowPeak	1	64664
1	78	roadmap_epigenomics	0	0.424177981119246	2115	297	742	558	742	532	3304	1627	1078	roadmap_epigenomics H3K4ac	NA	NA	H3K4ac	NA	NA	E005-H3K4ac.narrowPeak	1	228267
1	302	roadmap_epigenomics	0	0.353336672982786	2387	297	989	310	989	532	3650	1355	732	roadmap_epigenomics H3K9ac	NA	NA	H3K9ac	NA	NA	E025-H3K9ac.narrowPeak	1	134727
1	630	roadmap_epigenomics	0	0.320835771501848	2461	297	1049	249	1049	532	3755	1281	627	roadmap_epigenomics H3K9ac	NA	NA	H3K9ac	NA	NA	E075-H3K9ac.narrowPeak	1	109949
1	986	roadmap_epigenomics	0	0.492630416149177	1647	297	493	805	805	532	2694	2095	1688	roadmap_epigenomics H3K79me2	NA	NA	H3K79me2	NA	NA	E119-H3K79me2.narrowPeak	1	189409
1	1010	roadmap_epigenomics	0	0.499215215886746	1616	297	476	824	824	532	2645	2126	1737	roadmap_epigenomics H3K79me2	NA	NA	H3K79me2	NA	NA	E121-H3K79me2.narrowPeak	1	258600
1	115	roadmap_epigenomics	0	0.492849932950223	1635	297	492	811	811	533	2680	2107	1702	roadmap_epigenomics H2AK5ac	NA	NA	H2AK5ac	NA	NA	E007-H2AK5ac.narrowPeak	1	115306
1	438	roadmap_epigenomics	0	0.456864032847099	1886	297	615	687	687	533	3023	1856	1359	roadmap_epigenomics H3K27ac	NA	NA	H3K27ac	NA	NA	E046-H3K27ac.narrowPeak	1	68379
1	737	roadmap_epigenomics	0	0.437450708742901	2032	297	687	614	687	533	3203	1710	1179	roadmap_epigenomics H3K27ac	NA	NA	H3K27ac	NA	NA	E089-H3K27ac.narrowPeak	1	114750
1	852	roadmap_epigenomics	0	0.368900821806585	2351	297	949	352	949	533	3597	1391	785	roadmap_epigenomics H3K9ac	NA	NA	H3K9ac	NA	NA	E103-H3K9ac.narrowPeak	1	111468
1	213	roadmap_epigenomics	0	0.477344430618211	1759	297	550	758	758	535	2849	1983	1533	roadmap_epigenomics H3K36me3	NA	NA	H3K36me3	NA	NA	E016-H3K36me3.narrowPeak	1	237501
1	866	roadmap_epigenomics	0	0.375217670619896	2323	297	928	380	928	535	3565	1419	817	roadmap_epigenomics H3K27ac	NA	NA	H3K27ac	NA	NA	E106-H3K27ac.narrowPeak	1	184602
1	226	roadmap_epigenomics	0	0.544470917919034	1375	297	403	907	907	536	2262	2367	2120	roadmap_epigenomics H2BK15ac	NA	NA	H2BK15ac	NA	NA	E017-H2BK15ac.narrowPeak	1	218402
1	965	roadmap_epigenomics	0	0.471758035780267	1799	297	573	737	737	536	2903	1943	1479	roadmap_epigenomics H4K20me1	NA	NA	H4K20me1	NA	NA	E117-H4K20me1.narrowPeak	1	124987
1	158	roadmap_epigenomics	0	0.643295771147941	1118	297	308	1006	1006	537	1746	2624	2636	roadmap_epigenomics H3K79me2	NA	NA	H3K79me2	NA	NA	E008-H3K79me2.narrowPeak	1	81576
1	248	roadmap_epigenomics	0	0.439495415565348	1982	297	679	639	679	538	3152	1760	1230	roadmap_epigenomics H4K91ac	NA	NA	H4K91ac	NA	NA	E017-H4K91ac.narrowPeak	1	263787
1	257	roadmap_epigenomics	0	0.497094876273598	1573	297	481	836	836	538	2600	2169	1782	roadmap_epigenomics H3K36me3	NA	NA	H3K36me3	NA	NA	E019-H3K36me3.narrowPeak	1	162030
1	288	roadmap_epigenomics	0	0.475810755019031	1756	297	556	760	760	538	2849	1986	1533	roadmap_epigenomics H3K36me3	NA	NA	H3K36me3	NA	NA	E023-H3K36me3.narrowPeak	1	228728
1	349	roadmap_epigenomics	0	0.477010676259829	1736	297	552	766	766	538	2825	2006	1557	roadmap_epigenomics H3K36me3	NA	NA	H3K36me3	NA	NA	E032-H3K36me3.narrowPeak	1	342847
1	366	roadmap_epigenomics	0	0.482533893284483	1698	297	532	786	786	538	2772	2044	1610	roadmap_epigenomics H3K36me3	NA	NA	H3K36me3	NA	NA	E034-H3K36me3.narrowPeak	1	302239
1	514	roadmap_epigenomics	0	0.166451918575415	2526	297	1123	193	1123	538	4057	1216	325	roadmap_epigenomics H3K4me3	NA	NA	H3K4me3	NA	NA	E056-H3K4me3.narrowPeak	1	152592
1	915	roadmap_epigenomics	0	0.367839525345883	2339	297	952	366	952	538	3590	1403	792	roadmap_epigenomics H3K36me3	NA	NA	H3K36me3	NA	NA	E113-H3K36me3.narrowPeak	1	279691
1	107	roadmap_epigenomics	0	0.456315878938744	1865	297	619	700	700	539	3003	1877	1379	roadmap_epigenomics H3K79me1	NA	NA	H3K79me1	NA	NA	E006-H3K79me1.narrowPeak	1	327815
1	247	roadmap_epigenomics	0	0.419557369890292	2114	297	760	559	760	539	3312	1628	1070	roadmap_epigenomics H4K8ac	NA	NA	H4K8ac	NA	NA	E017-H4K8ac.narrowPeak	1	220315
1	396	roadmap_epigenomics	0	0.306577512033277	2461	297	1070	249	1070	539	3779	1281	603	roadmap_epigenomics H3K4me1	NA	NA	H3K4me1	NA	NA	E039-H3K4me1.narrowPeak	1	159065
1	82	roadmap_epigenomics	0	0.398289066377627	2221	297	854	469	854	540	3443	1521	939	roadmap_epigenomics H3K79me1	NA	NA	H3K79me1	NA	NA	E005-H3K79me1.narrowPeak	1	225880
1	197	roadmap_epigenomics	0	0.397691753375212	2227	297	856	466	856	540	3449	1515	933	roadmap_epigenomics H3K27ac	NA	NA	H3K27ac	NA	NA	E014-H3K27ac.narrowPeak	1	149273
1	414	roadmap_epigenomics	0	0.315347654740557	2448	297	1059	265	1059	540	3756	1294	626	roadmap_epigenomics H3K4me1	NA	NA	H3K4me1	NA	NA	E042-H3K4me1.narrowPeak	1	160756
1	794	roadmap_epigenomics	0	0.325570539276001	2427	297	1042	282	1042	540	3725	1315	657	roadmap_epigenomics H3K27ac	NA	NA	H3K27ac	NA	NA	E096-H3K27ac.narrowPeak	1	220045
1	68	roadmap_epigenomics	0	0.398914925690674	2209	297	849	477	849	541	3432	1533	950	roadmap_epigenomics H2AK5ac	NA	NA	H2AK5ac	NA	NA	E005-H2AK5ac.narrowPeak	1	229817
1	236	roadmap_epigenomics	0	0.312192788558992	2449	297	1063	263	1063	541	3762	1293	620	roadmap_epigenomics H3K4me1	NA	NA	H3K4me1	NA	NA	E017-H3K4me1.narrowPeak	1	328152
1	312	roadmap_epigenomics	0	0.431102650125726	2039	297	716	610	716	541	3222	1703	1160	roadmap_epigenomics H3K36me3	NA	NA	H3K36me3	NA	NA	E027-H3K36me3.narrowPeak	1	455177
1	383	roadmap_epigenomics	0	0.331426733508551	2418	297	1036	290	1036	541	3709	1324	673	roadmap_epigenomics H3K4me1	NA	NA	H3K4me1	NA	NA	E037-H3K4me1.narrowPeak	1	143294
1	548	roadmap_epigenomics	0	0.365306756104939	2337	297	957	369	957	541	3593	1405	789	roadmap_epigenomics H3K4me1	NA	NA	H3K4me1	NA	NA	E062-H3K4me1.narrowPeak	1	122182
1	635	roadmap_epigenomics	0	0.356634210644933	2353	297	976	349	976	541	3620	1389	762	roadmap_epigenomics H3K4me1	NA	NA	H3K4me1	NA	NA	E076-H3K4me1.narrowPeak	1	178997
1	1073	roadmap_epigenomics	0	0.449582603916547	1890	297	642	684	684	541	3042	1852	1340	roadmap_epigenomics H3K9ac	NA	NA	H3K9ac	NA	NA	E126-H3K9ac.narrowPeak	1	50757
1	687	roadmap_epigenomics	0	0.332185712064237	2405	297	1033	296	1033	542	3699	1337	683	roadmap_epigenomics H3K4me1	NA	NA	H3K4me1	NA	NA	E083-H3K4me1.narrowPeak	1	190314
1	972	roadmap_epigenomics	0	0.330462069546496	2411	297	1039	291	1039	542	3706	1331	676	roadmap_epigenomics H3K4me2	NA	NA	H3K4me2	NA	NA	E118-H3K4me2.narrowPeak	1	96755
1	998	roadmap_epigenomics	0	0.524684270223452	1401	297	432	897	897	542	2335	2341	2047	roadmap_epigenomics H3K79me2	NA	NA	H3K79me2	NA	NA	E120-H3K79me2.narrowPeak	1	153900
1	195	roadmap_epigenomics	0	0.396571534894865	2222	297	864	467	864	543	3447	1520	935	roadmap_epigenomics H3K4me3	NA	NA	H3K4me3	NA	NA	E013-H3K4me3.narrowPeak	1	28003
1	309	roadmap_epigenomics	0	0.413241652235969	2131	297	790	542	790	543	3339	1611	1043	roadmap_epigenomics H3K9ac	NA	NA	H3K9ac	NA	NA	E026-H3K9ac.narrowPeak	1	80106
1	407	roadmap_epigenomics	0	0.48266101418222	1654	297	529	802	802	543	2723	2088	1659	roadmap_epigenomics H3K36me3	NA	NA	H3K36me3	NA	NA	E041-H3K36me3.narrowPeak	1	202854
1	645	roadmap_epigenomics	0	0.42709018622653	2061	297	733	598	733	543	3250	1681	1132	roadmap_epigenomics H3K27ac	NA	NA	H3K27ac	NA	NA	E078-H3K27ac.narrowPeak	1	97341
1	938	roadmap_epigenomics	0	0.491799030524518	1571	297	495	838	838	543	2609	2171	1773	roadmap_epigenomics H3K79me2	NA	NA	H3K79me2	NA	NA	E115-H3K79me2.narrowPeak	1	200232
1	73	roadmap_epigenomics	0	0.351782876213861	2362	297	995	341	995	544	3635	1380	747	roadmap_epigenomics H3K18ac	NA	NA	H3K18ac	NA	NA	E005-H3K18ac.narrowPeak	1	251380
1	228	roadmap_epigenomics	0	0.439978887489077	1934	297	676	660	676	544	3105	1808	1277	roadmap_epigenomics H2BK5ac	NA	NA	H2BK5ac	NA	NA	E017-H2BK5ac.narrowPeak	1	166186
1	833	roadmap_epigenomics	0	0.364674084650315	2326	297	958	377	958	544	3586	1416	796	roadmap_epigenomics H3K27ac	NA	NA	H3K27ac	NA	NA	E101-H3K27ac.narrowPeak	1	137582
1	126	roadmap_epigenomics	0	0.560170733109992	1259	297	382	955	955	545	2082	2483	2300	roadmap_epigenomics H3K4ac	NA	NA	H3K4ac	NA	NA	E007-H3K4ac.narrowPeak	1	45590
1	141	roadmap_epigenomics	0	0.570790336991038	1235	297	375	964	964	545	2030	2507	2352	roadmap_epigenomics H2BK12ac	NA	NA	H2BK12ac	NA	NA	E008-H2BK12ac.narrowPeak	1	46023
1	264	roadmap_epigenomics	0	0.47147274260409	1740	297	574	765	765	545	2841	2002	1541	roadmap_epigenomics H3K36me3	NA	NA	H3K36me3	NA	NA	E020-H3K36me3.narrowPeak	1	225893
1	575	roadmap_epigenomics	0	0.319995091883402	2423	297	1052	285	1052	545	3732	1319	650	roadmap_epigenomics H3K4me1	NA	NA	H3K4me1	NA	NA	E067-H3K4me1.narrowPeak	1	240432
1	1013	roadmap_epigenomics	0	0.548710572451254	1280	297	393	946	946	545	2132	2462	2250	roadmap_epigenomics H4K20me1	NA	NA	H4K20me1	NA	NA	E121-H4K20me1.narrowPeak	1	116908
1	389	roadmap_epigenomics	0	0.34124650799355	2374	297	1012	328	1012	546	3662	1368	720	roadmap_epigenomics H3K4me1	NA	NA	H3K4me1	NA	NA	E038-H3K4me1.narrowPeak	1	143594
1	225	roadmap_epigenomics	0	0.510429969971855	1422	297	454	890	890	547	2391	2320	1991	roadmap_epigenomics H2BK12ac	NA	NA	H2BK12ac	NA	NA	E017-H2BK12ac.narrowPeak	1	250249
1	824	roadmap_epigenomics	0	0.42001106777506	2080	297	758	587	758	547	3281	1662	1101	roadmap_epigenomics	NA	NA	NA	NA	NA	E100-DNase.hotspot.all.peaks.bed	1	100209
1	898	roadmap_epigenomics	0	0.334905831626944	2381	297	1027	318	1027	547	3678	1361	704	roadmap_epigenomics H3K9ac	NA	NA	H3K9ac	NA	NA	E110-H3K9ac.narrowPeak	1	89018
1	960	roadmap_epigenomics	0	0.389081103525513	2242	297	892	452	892	547	3477	1500	905	roadmap_epigenomics H3K4me2	NA	NA	H3K4me2	NA	NA	E117-H3K4me2.narrowPeak	1	85197
1	341	roadmap_epigenomics	0	0.342794831691058	2365	297	1010	338	1010	548	3653	1377	729	roadmap_epigenomics H3K4me1	NA	NA	H3K4me1	NA	NA	E031-H3K4me1.narrowPeak	1	93412
1	426	roadmap_epigenomics	0	0.311709308956173	2424	297	1064	284	1064	548	3747	1318	635	roadmap_epigenomics H3K4me1	NA	NA	H3K4me1	NA	NA	E044-H3K4me1.narrowPeak	1	150223
1	505	roadmap_epigenomics	0	0.202886526399303	2480	297	1119	227	1119	548	3972	1262	410	roadmap_epigenomics H3K4me3	NA	NA	H3K4me3	NA	NA	E055-H3K4me3.narrowPeak	1	115193
1	1034	roadmap_epigenomics	0	0.400761535220535	2177	297	842	505	842	548	3402	1565	980	roadmap_epigenomics H3K4me3	NA	NA	H3K4me3	NA	NA	E123-H3K4me3.narrowPeak	1	62691
1	764	roadmap_epigenomics	0	0.364584699675253	2315	297	959	391	959	549	3578	1427	804	roadmap_epigenomics H3K27ac	NA	NA	H3K27ac	NA	NA	E092-H3K27ac.narrowPeak	1	135058
1	974	roadmap_epigenomics	0	0.53399026600353	1322	297	423	926	926	549	2216	2420	2166	roadmap_epigenomics H3K79me2	NA	NA	H3K79me2	NA	NA	E118-H3K79me2.narrowPeak	1	97080
1	1075	roadmap_epigenomics	0	0.496984915312212	1468	297	482	869	869	549	2476	2274	1906	roadmap_epigenomics H4K20me1	NA	NA	H4K20me1	NA	NA	E126-H4K20me1.narrowPeak	1	91092
1	651	roadmap_epigenomics	0	0.3847378899192	2247	297	905	447	905	550	3489	1495	893	roadmap_epigenomics H3K27ac	NA	NA	H3K27ac	NA	NA	E079-H3K27ac.narrowPeak	1	156932
1	903	roadmap_epigenomics	0	0.290823741557087	2451	297	1092	260	1092	550	3800	1291	582	roadmap_epigenomics H3K4me1	NA	NA	H3K4me1	NA	NA	E111-H3K4me1.narrowPeak	1	225429
1	23	roadmap_epigenomics	0	0.616116416258468	1009	297	324	1032	1032	551	1642	2733	2740	roadmap_epigenomics H3K14ac	NA	NA	H3K14ac	NA	NA	E003-H3K14ac.narrowPeak	1	30274
1	554	roadmap_epigenomics	0	0.444818445582063	1861	297	655	701	701	551	3023	1881	1359	roadmap_epigenomics H3K36me3	NA	NA	H3K36me3	NA	NA	E063-H3K36me3.narrowPeak	1	257192
1	328	roadmap_epigenomics	0	0.456354698356456	1790	297	617	743	743	552	2926	1952	1456	roadmap_epigenomics H3K27ac	NA	NA	H3K27ac	NA	NA	E029-H3K27ac.narrowPeak	1	61033
1	614	roadmap_epigenomics	0	0.295046479940798	2435	297	1085	275	1085	552	3783	1307	599	roadmap_epigenomics H3K4me1	NA	NA	H3K4me1	NA	NA	E073-H3K4me1.narrowPeak	1	233560
1	609	roadmap_epigenomics	0	0.278130207635977	2449	297	1100	263	1100	553	3821	1293	561	roadmap_epigenomics H3K9ac	NA	NA	H3K9ac	NA	NA	E072-H3K9ac.narrowPeak	1	165236
1	718	roadmap_epigenomics	0	0.452811590306712	1802	297	629	733	733	553	2946	1940	1436	roadmap_epigenomics H3K27ac	NA	NA	H3K27ac	NA	NA	E087-H3K27ac.narrowPeak	1	71309
1	1022	roadmap_epigenomics	0	0.493989528540096	1456	297	486	876	876	553	2468	2286	1914	roadmap_epigenomics H3K79me2	NA	NA	H3K79me2	NA	NA	E122-H3K79me2.narrowPeak	1	181682
1	1048	roadmap_epigenomics	0	0.474236432222381	1662	297	565	798	798	553	2750	2080	1632	roadmap_epigenomics H3K79me2	NA	NA	H3K79me2	NA	NA	E124-H3K79me2.narrowPeak	1	259630
1	547	roadmap_epigenomics	0	0.456554985485547	1777	297	616	750	750	554	2912	1965	1470	roadmap_epigenomics H3K36me3	NA	NA	H3K36me3	NA	NA	E062-H3K36me3.narrowPeak	1	253984
1	647	roadmap_epigenomics	0	0.439524094802583	1887	297	678	686	686	554	3060	1855	1322	roadmap_epigenomics H3K36me3	NA	NA	H3K36me3	NA	NA	E078-H3K36me3.narrowPeak	1	225957
1	949	roadmap_epigenomics	0	0.410669037172588	2108	297	802	562	802	554	3324	1634	1058	roadmap_epigenomics H3K4me3	NA	NA	H3K4me3	NA	NA	E116-H3K4me3.narrowPeak	1	76167
1	950	roadmap_epigenomics	0	0.483083545881352	1572	297	527	837	837	554	2629	2170	1753	roadmap_epigenomics H3K79me2	NA	NA	H3K79me2	NA	NA	E116-H3K79me2.narrowPeak	1	158037
1	227	roadmap_epigenomics	0	0.580323767750832	1134	297	365	1002	1002	555	1877	2608	2505	roadmap_epigenomics H2BK20ac	NA	NA	H2BK20ac	NA	NA	E017-H2BK20ac.narrowPeak	1	200922
1	679	roadmap_epigenomics	0	0.377380137170362	2250	297	926	442	926	555	3505	1492	877	roadmap_epigenomics H3K4me1	NA	NA	H3K4me1	NA	NA	E082-H3K4me1.narrowPeak	1	167812
1	607	roadmap_epigenomics	0	0.334509238061866	2361	297	1030	342	1030	556	3665	1381	717	roadmap_epigenomics H3K4me1	NA	NA	H3K4me1	NA	NA	E072-H3K4me1.narrowPeak	1	211846
1	883	roadmap_epigenomics	0	0.297563677005507	2421	297	1083	288	1083	556	3770	1321	612	roadmap_epigenomics H3K9ac	NA	NA	H3K9ac	NA	NA	E108-H3K9ac.narrowPeak	1	129620
1	928	roadmap_epigenomics	0	0.38371020925973	2232	297	909	463	909	556	3479	1510	903	roadmap_epigenomics H3K9ac	NA	NA	H3K9ac	NA	NA	E114-H3K9ac.narrowPeak	1	71993
1	432	roadmap_epigenomics	0	0.34072329542195	2344	297	1013	360	1013	557	3642	1398	740	roadmap_epigenomics H3K4me1	NA	NA	H3K4me1	NA	NA	E045-H3K4me1.narrowPeak	1	132617
1	944	roadmap_epigenomics	0	0.434254139765383	1929	297	710	663	710	557	3112	1813	1270	roadmap_epigenomics H3K27ac	NA	NA	H3K27ac	NA	NA	E116-H3K27ac.narrowPeak	1	78915
1	457	roadmap_epigenomics	0	0.408705415804931	2099	297	809	568	809	558	3320	1643	1062	roadmap_epigenomics H3K27ac	NA	NA	H3K27ac	NA	NA	E049-H3K27ac.narrowPeak	1	126902
1	874	roadmap_epigenomics	0	0.258322165138318	2445	297	1109	269	1109	558	3854	1297	528	roadmap_epigenomics H3K4me1	NA	NA	H3K4me1	NA	NA	E107-H3K4me1.narrowPeak	1	238000
1	494	roadmap_epigenomics	0	0.463934236880053	1700	297	596	784	784	559	2814	2042	1568	roadmap_epigenomics H3K36me3	NA	NA	H3K36me3	NA	NA	E054-H3K36me3.narrowPeak	1	221911
1	625	roadmap_epigenomics	0	0.381239669012589	2235	297	919	460	919	559	3486	1507	896	roadmap_epigenomics H3K27ac	NA	NA	H3K27ac	NA	NA	E075-H3K27ac.narrowPeak	1	146119
1	888	roadmap_epigenomics	0	0.338455269747615	2341	297	1017	363	1017	559	3644	1401	738	roadmap_epigenomics H3K27ac	NA	NA	H3K27ac	NA	NA	E109-H3K27ac.narrowPeak	1	194782
1	1061	roadmap_epigenomics	0	0.372671183640909	2249	297	938	443	938	559	3513	1493	869	roadmap_epigenomics H3K9ac	NA	NA	H3K9ac	NA	NA	E125-H3K9ac.narrowPeak	1	92035
1	206	roadmap_epigenomics	0	0.44583828578277	1804	297	650	732	732	560	2963	1938	1419	roadmap_epigenomics H3K36me3	NA	NA	H3K36me3	NA	NA	E015-H3K36me3.narrowPeak	1	252828
1	643	roadmap_epigenomics	0	0.348484565805682	2323	297	1003	380	1003	560	3613	1419	769	roadmap_epigenomics H3K9ac	NA	NA	H3K9ac	NA	NA	E077-H3K9ac.narrowPeak	1	96957
1	845	roadmap_epigenomics	0	0.355410432840165	2306	297	983	400	983	560	3588	1436	794	roadmap_epigenomics H3K9ac	NA	NA	H3K9ac	NA	NA	E102-H3K9ac.narrowPeak	1	85154
1	30	roadmap_epigenomics	0	0.610472414571851	928	297	330	1055	1055	561	1537	2814	2845	roadmap_epigenomics H3K4ac	NA	NA	H3K4ac	NA	NA	E003-H3K4ac.narrowPeak	1	34100
1	157	roadmap_epigenomics	0	0.46882307457199	1646	297	582	806	806	562	2744	2096	1638	roadmap_epigenomics H3K79me1	NA	NA	H3K79me1	NA	NA	E008-H3K79me1.narrowPeak	1	120353
1	364	roadmap_epigenomics	0	0.432338310529528	1895	297	712	678	712	562	3083	1847	1299	roadmap_epigenomics H3K27ac	NA	NA	H3K27ac	NA	NA	E034-H3K27ac.narrowPeak	1	78882
1	454	roadmap_epigenomics	0	0.352193291190807	2313	297	993	396	993	562	3599	1429	783	roadmap_epigenomics H3K4me1	NA	NA	H3K4me1	NA	NA	E048-H3K4me1.narrowPeak	1	144692
1	620	roadmap_epigenomics	0	0.466892242263837	1653	297	586	803	803	562	2756	2089	1626	roadmap_epigenomics H3K36me3	NA	NA	H3K36me3	NA	NA	E074-H3K36me3.narrowPeak	1	154097
1	796	roadmap_epigenomics	0	0.418508116817461	2018	297	767	623	767	562	3228	1724	1154	roadmap_epigenomics H3K36me3	NA	NA	H3K36me3	NA	NA	E096-H3K36me3.narrowPeak	1	338349
1	959	roadmap_epigenomics	0	0.360809263047329	2279	297	969	419	969	562	3558	1463	824	roadmap_epigenomics H3K4me1	NA	NA	H3K4me1	NA	NA	E117-H3K4me1.narrowPeak	1	156415
1	970	roadmap_epigenomics	0	0.484123524377611	1477	297	524	865	865	562	2515	2265	1867	roadmap_epigenomics H3K36me3	NA	NA	H3K36me3	NA	NA	E118-H3K36me3.narrowPeak	1	168886
1	35	roadmap_epigenomics	0	0.473844827865228	1613	297	567	825	825	563	2696	2129	1686	roadmap_epigenomics H3K79me1	NA	NA	H3K79me1	NA	NA	E003-H3K79me1.narrowPeak	1	133190
1	291	roadmap_epigenomics	0	0.33925151273105	2326	297	1015	377	1015	563	3632	1416	750	roadmap_epigenomics H3K9ac	NA	NA	H3K9ac	NA	NA	E023-H3K9ac.narrowPeak	1	124570
1	910	roadmap_epigenomics	0	0.390441475300972	2181	297	889	502	889	563	3425	1561	957	roadmap_epigenomics H3K4me1	NA	NA	H3K4me1	NA	NA	E112-H3K4me1.narrowPeak	1	124560
1	376	roadmap_epigenomics	0	0.451871767912789	1755	297	633	761	761	564	2899	1987	1483	roadmap_epigenomics H3K36me3	NA	NA	H3K36me3	NA	NA	E036-H3K36me3.narrowPeak	1	328921
1	696	roadmap_epigenomics	0	0.427047753799837	1930	297	734	662	734	564	3128	1812	1254	roadmap_epigenomics H3K36me3	NA	NA	H3K36me3	NA	NA	E084-H3K36me3.narrowPeak	1	327499
1	565	roadmap_epigenomics	0	0.370899821524006	2237	297	942	457	942	565	3507	1505	875	roadmap_epigenomics H3K27ac	NA	NA	H3K27ac	NA	NA	E066-H3K27ac.narrowPeak	1	117377
1	637	roadmap_epigenomics	0	0.418554305659889	1992	297	764	635	764	565	3204	1750	1178	roadmap_epigenomics H3K9ac	NA	NA	H3K9ac	NA	NA	E076-H3K9ac.narrowPeak	1	60918
1	689	roadmap_epigenomics	0	0.297554819842717	2384	297	1084	314	1084	565	3747	1358	635	roadmap_epigenomics H3K9ac	NA	NA	H3K9ac	NA	NA	E083-H3K9ac.narrowPeak	1	110500
1	411	roadmap_epigenomics	0	0.422413373757424	1945	297	750	652	750	566	3152	1797	1230	roadmap_epigenomics H3K27ac	NA	NA	H3K27ac	NA	NA	E042-H3K27ac.narrowPeak	1	68927
1	627	roadmap_epigenomics	0	0.402700151258237	2098	297	833	569	833	566	3331	1644	1051	roadmap_epigenomics H3K36me3	NA	NA	H3K36me3	NA	NA	E075-H3K36me3.narrowPeak	1	274849
1	1056	roadmap_epigenomics	0	0.469184780631396	1619	297	580	821	821	566	2713	2123	1669	roadmap_epigenomics H3K36me3	NA	NA	H3K36me3	NA	NA	E125-H3K36me3.narrowPeak	1	248840
1	1072	roadmap_epigenomics	0	0.485778557013194	1451	297	522	880	880	566	2480	2291	1902	roadmap_epigenomics H3K79me2	NA	NA	H3K79me2	NA	NA	E126-H3K79me2.narrowPeak	1	155850
1	98	roadmap_epigenomics	0	0.404800763011473	2089	297	826	578	826	567	3319	1653	1063	roadmap_epigenomics H3K18ac	NA	NA	H3K18ac	NA	NA	E006-H3K18ac.narrowPeak	1	207264
1	486	roadmap_epigenomics	0	0.369723160565294	2238	297	948	456	948	567	3510	1504	872	roadmap_epigenomics H3K9ac	NA	NA	H3K9ac	NA	NA	E052-H3K9ac.narrowPeak	1	98792
1	598	roadmap_epigenomics	0	0.263242999792022	2402	297	1107	298	1107	567	3821	1340	561	roadmap_epigenomics H3K27ac	NA	NA	H3K27ac	NA	NA	E071-H3K27ac.narrowPeak	1	152169
1	876	roadmap_epigenomics	0	0.242333916480663	2411	297	1113	291	1113	567	3865	1331	517	roadmap_epigenomics H3K9ac	NA	NA	H3K9ac	NA	NA	E107-H3K9ac.narrowPeak	1	144247
1	746	roadmap_epigenomics	0	0.38696997293317	2168	297	897	511	897	568	3421	1574	961	roadmap_epigenomics H3K27ac	NA	NA	H3K27ac	NA	NA	E090-H3K27ac.narrowPeak	1	148419
1	962	roadmap_epigenomics	0	0.457689292688257	1650	297	609	804	804	570	2773	2092	1609	roadmap_epigenomics H3K79me2	NA	NA	H3K79me2	NA	NA	E117-H3K79me2.narrowPeak	1	176874
1	971	roadmap_epigenomics	0	0.37439793145289	2201	297	931	483	931	570	3472	1541	910	roadmap_epigenomics H3K4me1	NA	NA	H3K4me1	NA	NA	E118-H3K4me1.narrowPeak	1	142346
1	1085	roadmap_epigenomics	0	0.373234526732758	2207	297	935	478	935	570	3479	1535	903	roadmap_epigenomics H3K9ac	NA	NA	H3K9ac	NA	NA	E127-H3K9ac.narrowPeak	1	78312
1	462	roadmap_epigenomics	0	0.320756823735016	2339	297	1050	366	1050	571	3675	1403	707	roadmap_epigenomics H3K9ac	NA	NA	H3K9ac	NA	NA	E049-H3K9ac.narrowPeak	1	107453
1	902	roadmap_epigenomics	0	0.449725252346883	1726	297	640	776	776	571	2873	2016	1509	roadmap_epigenomics H3K36me3	NA	NA	H3K36me3	NA	NA	E111-H3K36me3.narrowPeak	1	219857
1	241	roadmap_epigenomics	0	0.445835726704978	1733	297	651	769	769	572	2889	2009	1493	roadmap_epigenomics H3K79me2	NA	NA	H3K79me2	NA	NA	E017-H3K79me2.narrowPeak	1	283453
1	231	roadmap_epigenomics	0	0.422711856508694	1909	297	747	674	747	573	3117	1833	1265	roadmap_epigenomics H3K23ac	NA	NA	H3K23ac	NA	NA	E017-H3K23ac.narrowPeak	1	154412
1	557	roadmap_epigenomics	0	0.310887592853865	2349	297	1066	355	1066	573	3700	1393	682	roadmap_epigenomics H3K9ac	NA	NA	H3K9ac	NA	NA	E063-H3K9ac.narrowPeak	1	112712
1	1098	roadmap_epigenomics	0	0.412546403343888	1997	297	791	632	791	573	3221	1745	1161	roadmap_epigenomics H3K9ac	NA	NA	H3K9ac	NA	NA	E128-H3K9ac.narrowPeak	1	50400
1	559	roadmap_epigenomics	0	0.436199159405393	1810	297	698	728	728	574	2990	1932	1392	roadmap_epigenomics H3K27ac	NA	NA	H3K27ac	NA	NA	E065-H3K27ac.narrowPeak	1	141729
1	973	roadmap_epigenomics	0	0.34201300990937	2287	297	1011	413	1011	574	3599	1455	783	roadmap_epigenomics H3K4me3	NA	NA	H3K4me3	NA	NA	E118-H3K4me3.narrowPeak	1	58435
1	1097	roadmap_epigenomics	0	0.474264385865653	1498	297	564	860	860	574	2562	2244	1820	roadmap_epigenomics H3K79me2	NA	NA	H3K79me2	NA	NA	E128-H3K79me2.narrowPeak	1	160134
1	591	roadmap_epigenomics	0	0.304041800524262	2351	297	1075	352	1075	575	3714	1391	668	roadmap_epigenomics H3K9ac	NA	NA	H3K9ac	NA	NA	E069-H3K9ac.narrowPeak	1	133007
1	850	roadmap_epigenomics	0	0.390583064777325	2132	297	888	540	888	575	3384	1610	998	roadmap_epigenomics H3K4me1	NA	NA	H3K4me1	NA	NA	E103-H3K4me1.narrowPeak	1	172034
1	924	roadmap_epigenomics	0	0.336785904498772	2297	297	1022	407	1022	575	3616	1445	766	roadmap_epigenomics H3K4me1	NA	NA	H3K4me1	NA	NA	E114-H3K4me1.narrowPeak	1	202029
1	281	roadmap_epigenomics	0	0.323848159264393	2321	297	1044	386	1044	576	3657	1421	725	roadmap_epigenomics H3K27ac	NA	NA	H3K27ac	NA	NA	E022-H3K27ac.narrowPeak	1	140357
1	574	roadmap_epigenomics	0	0.434418120047159	1819	297	708	724	724	576	3003	1923	1379	roadmap_epigenomics H3K36me3	NA	NA	H3K36me3	NA	NA	E067-H3K36me3.narrowPeak	1	195810
1	199	roadmap_epigenomics	0	0.444971486265205	1718	297	654	781	781	577	2875	2024	1507	roadmap_epigenomics H3K36me3	NA	NA	H3K36me3	NA	NA	E014-H3K36me3.narrowPeak	1	224149
1	299	roadmap_epigenomics	0	0.434823008378491	1810	297	706	728	728	577	2993	1932	1389	roadmap_epigenomics H3K36me3	NA	NA	H3K36me3	NA	NA	E025-H3K36me3.narrowPeak	1	257733
1	958	roadmap_epigenomics	0	0.442673303319734	1733	297	665	769	769	577	2896	2009	1486	roadmap_epigenomics H3K36me3	NA	NA	H3K36me3	NA	NA	E117-H3K36me3.narrowPeak	1	316270
1	139	roadmap_epigenomics	0	0.599110539971983	724	297	341	1096	1096	578	1253	3018	3129	roadmap_epigenomics H2AK5ac	NA	NA	H2AK5ac	NA	NA	E008-H2AK5ac.narrowPeak	1	27211
1	25	roadmap_epigenomics	0	0.571433814400363	884	297	374	1066	1066	579	1539	2858	2843	roadmap_epigenomics H3K23ac	NA	NA	H3K23ac	NA	NA	E003-H3K23ac.narrowPeak	1	29392
1	577	roadmap_epigenomics	0	0.298232969997456	2345	297	1082	357	1082	579	3721	1397	661	roadmap_epigenomics H3K9ac	NA	NA	H3K9ac	NA	NA	E067-H3K9ac.narrowPeak	1	146266
1	927	roadmap_epigenomics	0	0.457066987671909	1611	297	613	826	826	579	2731	2131	1651	roadmap_epigenomics H3K79me2	NA	NA	H3K79me2	NA	NA	E114-H3K79me2.narrowPeak	1	178908
1	935	roadmap_epigenomics	0	0.383295687334783	2152	297	914	526	914	579	3415	1590	967	roadmap_epigenomics H3K4me1	NA	NA	H3K4me1	NA	NA	E115-H3K4me1.narrowPeak	1	130919
1	579	roadmap_epigenomics	0	0.294664494092666	2347	297	1086	356	1086	580	3729	1395	653	roadmap_epigenomics H3K27ac	NA	NA	H3K27ac	NA	NA	E068-H3K27ac.narrowPeak	1	214725
1	1102	roadmap_epigenomics	0	0.39137179750142	2109	297	881	561	881	580	3363	1633	1019	roadmap_epigenomics H3K27ac	NA	NA	H3K27ac	NA	NA	E129-H3K27ac.narrowPeak	1	145020
1	170	roadmap_epigenomics	0	0.387113096198992	2125	297	895	550	895	581	3385	1617	997	roadmap_epigenomics H3K4me3	NA	NA	H3K4me3	NA	NA	E009-H3K4me3.narrowPeak	1	38823
1	1006	roadmap_epigenomics	0	0.44443603515017	1687	297	658	789	789	581	2843	2055	1539	roadmap_epigenomics H3K36me3	NA	NA	H3K36me3	NA	NA	E121-H3K36me3.narrowPeak	1	200978
1	399	roadmap_epigenomics	0	0.42802125867914	1840	297	731	717	731	582	3038	1902	1344	roadmap_epigenomics H3K27ac	NA	NA	H3K27ac	NA	NA	E040-H3K27ac.narrowPeak	1	50690
1	489	roadmap_epigenomics	0	0.451341590552131	1629	297	637	813	813	582	2764	2113	1618	roadmap_epigenomics H3K36me3	NA	NA	H3K36me3	NA	NA	E053-H3K36me3.narrowPeak	1	193840
1	847	roadmap_epigenomics	0	0.402890951306601	2028	297	832	616	832	582	3269	1714	1113	roadmap_epigenomics H3K27ac	NA	NA	H3K27ac	NA	NA	E103-H3K27ac.narrowPeak	1	119896
1	1035	roadmap_epigenomics	0	0.463452842172466	1524	297	597	853	853	582	2617	2218	1765	roadmap_epigenomics H3K79me2	NA	NA	H3K79me2	NA	NA	E123-H3K79me2.narrowPeak	1	112209
1	788	roadmap_epigenomics	0	0.394021186145607	2086	297	871	582	871	583	3338	1656	1044	roadmap_epigenomics H3K27ac	NA	NA	H3K27ac	NA	NA	E095-H3K27ac.narrowPeak	1	153453
1	854	roadmap_epigenomics	0	0.40073788159393	2041	297	843	609	843	583	3285	1701	1097	roadmap_epigenomics H3K27ac	NA	NA	H3K27ac	NA	NA	E104-H3K27ac.narrowPeak	1	154086
1	1042	roadmap_epigenomics	0	0.378316958405538	2151	297	924	528	924	583	3424	1591	958	roadmap_epigenomics H3K27ac	NA	NA	H3K27ac	NA	NA	E124-H3K27ac.narrowPeak	1	154618
1	246	roadmap_epigenomics	0	0.395844951315605	2081	297	868	586	868	584	3330	1661	1052	roadmap_epigenomics H4K5ac	NA	NA	H4K5ac	NA	NA	E017-H4K5ac.narrowPeak	1	228064
1	634	roadmap_epigenomics	0	0.43942939115764	1729	297	680	774	774	584	2899	2013	1483	roadmap_epigenomics H3K36me3	NA	NA	H3K36me3	NA	NA	E076-H3K36me3.narrowPeak	1	180209
1	110	roadmap_epigenomics	0	0.304077731369821	2322	297	1074	385	1074	585	3695	1420	687	roadmap_epigenomics H4K8ac	NA	NA	H4K8ac	NA	NA	E006-H4K8ac.narrowPeak	1	209112
1	951	roadmap_epigenomics	0	0.408788492794536	1942	297	808	654	808	586	3178	1800	1204	roadmap_epigenomics H3K9ac	NA	NA	H3K9ac	NA	NA	E116-H3K9ac.narrowPeak	1	50567
1	1031	roadmap_epigenomics	0	0.461895398007539	1509	297	602	858	858	586	2603	2233	1779	roadmap_epigenomics H3K36me3	NA	NA	H3K36me3	NA	NA	E123-H3K36me3.narrowPeak	1	190856
1	1108	roadmap_epigenomics	0	0.447767172681128	1628	297	645	815	815	586	2771	2114	1611	roadmap_epigenomics H3K79me2	NA	NA	H3K79me2	NA	NA	E129-H3K79me2.narrowPeak	1	217609
1	913	roadmap_epigenomics	0	0.349944796295596	2229	297	998	465	998	587	3541	1513	841	roadmap_epigenomics H3K27ac	NA	NA	H3K27ac	NA	NA	E113-H3K27ac.narrowPeak	1	130427
1	235	roadmap_epigenomics	0	0.404891854968584	1973	297	825	642	825	588	3215	1769	1167	roadmap_epigenomics H3K4ac	NA	NA	H3K4ac	NA	NA	E017-H3K4ac.narrowPeak	1	243193
1	723	roadmap_epigenomics	0	0.39704670710165	2046	297	859	608	859	588	3297	1696	1085	roadmap_epigenomics H3K9ac	NA	NA	H3K9ac	NA	NA	E087-H3K9ac.narrowPeak	1	62354
1	459	roadmap_epigenomics	0	0.427461065223575	1797	297	732	739	739	589	2996	1945	1386	roadmap_epigenomics H3K36me3	NA	NA	H3K36me3	NA	NA	E049-H3K36me3.narrowPeak	1	236300
1	482	roadmap_epigenomics	0	0.435567899620718	1736	297	703	766	766	589	2915	2006	1467	roadmap_epigenomics H3K36me3	NA	NA	H3K36me3	NA	NA	E052-H3K36me3.narrowPeak	1	253308
1	425	roadmap_epigenomics	0	0.429126324840584	1781	297	725	747	747	590	2976	1961	1406	roadmap_epigenomics H3K36me3	NA	NA	H3K36me3	NA	NA	E044-H3K36me3.narrowPeak	1	227711
1	907	roadmap_epigenomics	0	0.389153013821359	2085	297	891	583	891	590	3347	1657	1035	roadmap_epigenomics H3K27ac	NA	NA	H3K27ac	NA	NA	E112-H3K27ac.narrowPeak	1	123630
1	250	roadmap_epigenomics	0	0.426983140579788	1793	297	735	741	741	591	2993	1949	1389	roadmap_epigenomics H3K36me3	NA	NA	H3K36me3	NA	NA	E018-H3K36me3.narrowPeak	1	167069
1	537	roadmap_epigenomics	0	0.314057166412975	2285	297	1062	415	1062	591	3651	1457	731	roadmap_epigenomics H3K4me3	NA	NA	H3K4me3	NA	NA	E059-H3K4me3.narrowPeak	1	47573
1	1060	roadmap_epigenomics	0	0.447520094924108	1597	297	646	831	831	591	2737	2145	1645	roadmap_epigenomics H3K79me2	NA	NA	H3K79me2	NA	NA	E125-H3K79me2.narrowPeak	1	204517
1	526	roadmap_epigenomics	0	0.414990259175205	1869	297	782	697	782	592	3095	1873	1287	roadmap_epigenomics H3K36me3	NA	NA	H3K36me3	NA	NA	E058-H3K36me3.narrowPeak	1	288215
1	623	roadmap_epigenomics	0	0.336593387873177	2237	297	1023	457	1023	592	3573	1505	809	roadmap_epigenomics H3K9ac	NA	NA	H3K9ac	NA	NA	E074-H3K9ac.narrowPeak	1	124462
1	947	roadmap_epigenomics	0	0.401548905729526	1974	297	838	641	838	592	3223	1768	1159	roadmap_epigenomics H3K4me1	NA	NA	H3K4me1	NA	NA	E116-H3K4me1.narrowPeak	1	129094
1	1069	roadmap_epigenomics	0	0.414008750635864	1874	297	786	694	786	592	3102	1868	1280	roadmap_epigenomics H3K4me1	NA	NA	H3K4me1	NA	NA	E126-H3K4me1.narrowPeak	1	191388
1	242	roadmap_epigenomics	0	0.325542640805622	2254	297	1043	439	1043	593	3607	1488	775	roadmap_epigenomics H3K9ac	NA	NA	H3K9ac	NA	NA	E017-H3K9ac.narrowPeak	1	130449
1	581	roadmap_epigenomics	0	0.408682795315569	1912	297	810	671	810	593	3150	1830	1232	roadmap_epigenomics H3K36me3	NA	NA	H3K36me3	NA	NA	E068-H3K36me3.narrowPeak	1	230963
1	729	roadmap_epigenomics	0	0.417936269262747	1848	297	770	712	770	593	3068	1894	1314	roadmap_epigenomics H3K36me3	NA	NA	H3K36me3	NA	NA	E088-H3K36me3.narrowPeak	1	301918
1	937	roadmap_epigenomics	0	0.412513367060568	1882	297	792	690	792	593	3113	1860	1269	roadmap_epigenomics H3K4me3	NA	NA	H3K4me3	NA	NA	E115-H3K4me3.narrowPeak	1	45841
1	595	roadmap_epigenomics	0	0.404122290027154	1942	297	830	654	830	594	3188	1800	1194	roadmap_epigenomics H3K4me1	NA	NA	H3K4me1	NA	NA	E070-H3K4me1.narrowPeak	1	107068
1	909	roadmap_epigenomics	0	0.452717894329456	1520	297	631	854	854	594	2637	2222	1745	roadmap_epigenomics H3K36me3	NA	NA	H3K36me3	NA	NA	E112-H3K36me3.narrowPeak	1	202936
1	1080	roadmap_epigenomics	0	0.418045150306233	1828	297	768	721	768	595	3048	1914	1334	roadmap_epigenomics H3K36me3	NA	NA	H3K36me3	NA	NA	E127-H3K36me3.narrowPeak	1	328717
1	611	roadmap_epigenomics	0	0.244338280709039	2323	297	1112	380	1112	596	3813	1419	569	roadmap_epigenomics H3K27ac	NA	NA	H3K27ac	NA	NA	E073-H3K27ac.narrowPeak	1	206720
1	968	roadmap_epigenomics	0	0.41852098248089	1815	297	765	725	765	596	3034	1927	1348	roadmap_epigenomics H3K27ac	NA	NA	H3K27ac	NA	NA	E118-H3K27ac.narrowPeak	1	71755
1	995	roadmap_epigenomics	0	0.370328961240804	2129	297	946	544	946	596	3422	1613	960	roadmap_epigenomics H3K4me1	NA	NA	H3K4me1	NA	NA	E120-H3K4me1.narrowPeak	1	205504
1	451	roadmap_epigenomics	0	0.396709936076729	1998	297	862	631	862	597	3255	1744	1127	roadmap_epigenomics H3K27ac	NA	NA	H3K27ac	NA	NA	E048-H3K27ac.narrowPeak	1	60881
1	552	roadmap_epigenomics	0	0.365334122646592	2135	297	956	538	956	597	3437	1607	945	roadmap_epigenomics H3K27ac	NA	NA	H3K27ac	NA	NA	E063-H3K27ac.narrowPeak	1	123465
1	921	roadmap_epigenomics	0	0.395943551602288	2004	297	867	628	867	597	3262	1738	1120	roadmap_epigenomics H3K27ac	NA	NA	H3K27ac	NA	NA	E114-H3K27ac.narrowPeak	1	69512
1	1039	roadmap_epigenomics	0	0.50896478893665	995	297	457	1037	1037	597	1822	2747	2560	roadmap_epigenomics H4K20me1	NA	NA	H4K20me1	NA	NA	E123-H4K20me1.narrowPeak	1	56074
1	1100	roadmap_epigenomics	0	0.54467100640359	736	297	402	1093	1093	597	1359	3006	3023	roadmap_epigenomics H4K20me1	NA	NA	H4K20me1	NA	NA	E128-H4K20me1.narrowPeak	1	29799
1	306	roadmap_epigenomics	0	0.429230996387636	1730	297	724	772	772	598	2923	2012	1459	roadmap_epigenomics H3K36me3	NA	NA	H3K36me3	NA	NA	E026-H3K36me3.narrowPeak	1	262442
1	541	roadmap_epigenomics	0	0.41478113215854	1846	297	784	714	784	598	3073	1896	1309	roadmap_epigenomics H3K36me3	NA	NA	H3K36me3	NA	NA	E061-H3K36me3.narrowPeak	1	295294
1	932	roadmap_epigenomics	0	0.41621698740439	1834	297	777	720	777	598	3058	1908	1324	roadmap_epigenomics H3K27ac	NA	NA	H3K27ac	NA	NA	E115-H3K27ac.narrowPeak	1	105299
1	1104	roadmap_epigenomics	0	0.430307212786288	1701	297	718	782	782	599	2890	2041	1492	roadmap_epigenomics H3K36me3	NA	NA	H3K36me3	NA	NA	E129-H3K36me3.narrowPeak	1	239707
1	178	roadmap_epigenomics	0	0.391154939204524	2014	297	882	624	882	601	3281	1728	1101	roadmap_epigenomics H3K27ac	NA	NA	H3K27ac	NA	NA	E011-H3K27ac.narrowPeak	1	157674
1	520	roadmap_epigenomics	0	0.428995242129607	1719	297	727	780	780	601	2912	2023	1470	roadmap_epigenomics H3K36me3	NA	NA	H3K36me3	NA	NA	E057-H3K36me3.narrowPeak	1	239831
1	588	roadmap_epigenomics	0	0.407535489587462	1880	297	816	692	816	602	3122	1862	1260	roadmap_epigenomics H3K36me3	NA	NA	H3K36me3	NA	NA	E069-H3K36me3.narrowPeak	1	210227
1	232	roadmap_epigenomics	0	0.370568134148159	2098	297	944	569	944	603	3396	1644	986	roadmap_epigenomics H3K27ac	NA	NA	H3K27ac	NA	NA	E017-H3K27ac.narrowPeak	1	179168
1	606	roadmap_epigenomics	0	0.401551489456952	1904	297	837	675	837	603	3158	1838	1224	roadmap_epigenomics H3K36me3	NA	NA	H3K36me3	NA	NA	E072-H3K36me3.narrowPeak	1	221904
1	616	roadmap_epigenomics	0	0.318477763431031	2240	297	1056	455	1056	603	3611	1502	771	roadmap_epigenomics H3K9ac	NA	NA	H3K9ac	NA	NA	E073-H3K9ac.narrowPeak	1	108381
1	380	roadmap_epigenomics	0	0.371947122792723	2093	297	940	574	940	604	3389	1649	993	roadmap_epigenomics H3K27ac	NA	NA	H3K27ac	NA	NA	E037-H3K27ac.narrowPeak	1	75646
1	1032	roadmap_epigenomics	0	0.3368899957165	2184	297	1020	496	1020	604	3533	1558	849	roadmap_epigenomics H3K4me1	NA	NA	H3K4me1	NA	NA	E123-H3K4me1.narrowPeak	1	169621
1	174	roadmap_epigenomics	0	0.416681871109076	1785	297	773	746	773	605	3008	1957	1374	roadmap_epigenomics H3K36me3	NA	NA	H3K36me3	NA	NA	E010-H3K36me3.narrowPeak	1	378468
1	632	roadmap_epigenomics	0	0.35232796392358	2152	297	992	526	992	605	3477	1590	905	roadmap_epigenomics H3K27ac	NA	NA	H3K27ac	NA	NA	E076-H3K27ac.narrowPeak	1	142168
1	961	roadmap_epigenomics	0	0.353365920768393	2142	297	988	532	988	606	3467	1600	915	roadmap_epigenomics H3K4me3	NA	NA	H3K4me3	NA	NA	E117-H3K4me3.narrowPeak	1	60631
1	880	roadmap_epigenomics	0	0.409459488532057	1838	297	806	718	806	607	3077	1904	1305	roadmap_epigenomics H3K36me3	NA	NA	H3K36me3	NA	NA	E108-H3K36me3.narrowPeak	1	243209
1	905	roadmap_epigenomics	0	0.379393630058969	2051	297	922	603	922	607	3338	1691	1044	roadmap_epigenomics H3K9ac	NA	NA	H3K9ac	NA	NA	E111-H3K9ac.narrowPeak	1	73574
1	103	roadmap_epigenomics	0	0.37001787660486	2087	297	947	581	947	608	3388	1655	994	roadmap_epigenomics H3K4ac	NA	NA	H3K4ac	NA	NA	E006-H3K4ac.narrowPeak	1	187901
1	678	roadmap_epigenomics	0	0.42008601769308	1733	297	757	769	769	608	2947	2009	1435	roadmap_epigenomics H3K36me3	NA	NA	H3K36me3	NA	NA	E082-H3K36me3.narrowPeak	1	205425
1	934	roadmap_epigenomics	0	0.420471378076383	1730	297	756	772	772	608	2943	2012	1439	roadmap_epigenomics H3K36me3	NA	NA	H3K36me3	NA	NA	E115-H3K36me3.narrowPeak	1	329592
1	1036	roadmap_epigenomics	0	0.393500267531807	1942	297	873	654	873	608	3211	1800	1171	roadmap_epigenomics H3K9ac	NA	NA	H3K9ac	NA	NA	E123-H3K9ac.narrowPeak	1	48136
1	936	roadmap_epigenomics	0	0.383366495686706	2026	297	913	618	913	609	3308	1716	1074	roadmap_epigenomics H3K4me2	NA	NA	H3K4me2	NA	NA	E115-H3K4me2.narrowPeak	1	70834
1	417	roadmap_epigenomics	0	0.414830585081601	1769	297	783	753	783	611	2996	1973	1386	roadmap_epigenomics H3K27ac	NA	NA	H3K27ac	NA	NA	E043-H3K27ac.narrowPeak	1	65032
1	467	roadmap_epigenomics	0	0.36375588809552	2093	297	962	574	962	611	3406	1649	976	roadmap_epigenomics H3K27ac	NA	NA	H3K27ac	NA	NA	E050-H3K27ac.narrowPeak	1	105551
1	1091	roadmap_epigenomics	0	0.391856429992277	1937	297	879	659	879	612	3210	1805	1172	roadmap_epigenomics H3K27ac	NA	NA	H3K27ac	NA	NA	E128-H3K27ac.narrowPeak	1	84016
1	533	roadmap_epigenomics	0	0.322271412939957	2184	297	1047	496	1047	613	3563	1558	819	roadmap_epigenomics H3K27ac	NA	NA	H3K27ac	NA	NA	E059-H3K27ac.narrowPeak	1	103939
1	604	roadmap_epigenomics	0	0.288888481338948	2246	297	1095	448	1095	613	3675	1496	707	roadmap_epigenomics H3K27ac	NA	NA	H3K27ac	NA	NA	E072-H3K27ac.narrowPeak	1	177783
1	423	roadmap_epigenomics	0	0.394081934359439	1896	297	870	676	870	614	3167	1846	1215	roadmap_epigenomics H3K27ac	NA	NA	H3K27ac	NA	NA	E044-H3K27ac.narrowPeak	1	85187
1	618	roadmap_epigenomics	0	0.292785119403377	2237	297	1088	457	1088	614	3661	1505	721	roadmap_epigenomics H3K27ac	NA	NA	H3K27ac	NA	NA	E074-H3K27ac.narrowPeak	1	158702
1	93	roadmap_epigenomics	0	0.437586330189354	1486	297	686	863	863	615	2633	2256	1749	roadmap_epigenomics H2AK5ac	NA	NA	H2AK5ac	NA	NA	E006-H2AK5ac.narrowPeak	1	168829
1	429	roadmap_epigenomics	0	0.386022035966761	1957	297	901	648	901	615	3241	1785	1141	roadmap_epigenomics H3K27ac	NA	NA	H3K27ac	NA	NA	E045-H3K27ac.narrowPeak	1	75442
1	395	roadmap_epigenomics	0	0.40333894529334	1828	297	831	721	831	616	3081	1914	1301	roadmap_epigenomics H3K36me3	NA	NA	H3K36me3	NA	NA	E039-H3K36me3.narrowPeak	1	205683
1	594	roadmap_epigenomics	0	0.435886624142741	1529	297	700	851	851	616	2687	2213	1695	roadmap_epigenomics H3K36me3	NA	NA	H3K36me3	NA	NA	E070-H3K36me3.narrowPeak	1	132982
1	705	roadmap_epigenomics	0	0.29943877566835	2216	297	1079	472	1079	616	3633	1526	749	roadmap_epigenomics H3K36me3	NA	NA	H3K36me3	NA	NA	E085-H3K36me3.narrowPeak	1	359487
1	405	roadmap_epigenomics	0	0.363263008606321	2076	297	964	590	964	617	3393	1666	989	roadmap_epigenomics H3K27ac	NA	NA	H3K27ac	NA	NA	E041-H3K27ac.narrowPeak	1	106442
1	600	roadmap_epigenomics	0	0.392820180763284	1893	297	875	680	875	617	3167	1849	1215	roadmap_epigenomics H3K36me3	NA	NA	H3K36me3	NA	NA	E071-H3K36me3.narrowPeak	1	193688
1	873	roadmap_epigenomics	0	0.405708498842319	1800	297	820	735	820	617	3048	1942	1334	roadmap_epigenomics H3K36me3	NA	NA	H3K36me3	NA	NA	E107-H3K36me3.narrowPeak	1	192945
1	878	roadmap_epigenomics	0	0.352069141944218	2101	297	994	564	994	618	3437	1641	945	roadmap_epigenomics H3K27ac	NA	NA	H3K27ac	NA	NA	E108-H3K27ac.narrowPeak	1	109113
1	923	roadmap_epigenomics	0	0.418508194228672	1679	297	766	792	792	618	2894	2063	1488	roadmap_epigenomics H3K36me3	NA	NA	H3K36me3	NA	NA	E114-H3K36me3.narrowPeak	1	218138
1	512	roadmap_epigenomics	0	0.216422822333641	2246	297	1116	448	1116	620	3830	1496	552	roadmap_epigenomics H3K36me3	NA	NA	H3K36me3	NA	NA	E056-H3K36me3.narrowPeak	1	339193
1	572	roadmap_epigenomics	0	0.298580187194985	2196	297	1080	485	1080	621	3621	1546	761	roadmap_epigenomics H3K27ac	NA	NA	H3K27ac	NA	NA	E067-H3K27ac.narrowPeak	1	171902
1	586	roadmap_epigenomics	0	0.28415385124898	2222	297	1098	467	1098	621	3669	1520	713	roadmap_epigenomics H3K27ac	NA	NA	H3K27ac	NA	NA	E069-H3K27ac.narrowPeak	1	169793
1	168	roadmap_epigenomics	0	0.407018300078426	1775	297	817	751	817	622	3020	1967	1362	roadmap_epigenomics H3K36me3	NA	NA	H3K36me3	NA	NA	E009-H3K36me3.narrowPeak	1	389216
1	775	roadmap_epigenomics	0	0.410618345397009	1736	297	803	766	803	622	2972	2006	1410	roadmap_epigenomics H3K36me3	NA	NA	H3K36me3	NA	NA	E093-H3K36me3.narrowPeak	1	312106
1	820	roadmap_epigenomics	0	0.399436183515834	1823	297	846	723	846	622	3085	1919	1297	roadmap_epigenomics H3K36me3	NA	NA	H3K36me3	NA	NA	E099-H3K36me3.narrowPeak	1	192233
1	1029	roadmap_epigenomics	0	0.386454562214542	1911	297	900	673	900	623	3198	1831	1184	roadmap_epigenomics H3K27ac	NA	NA	H3K27ac	NA	NA	E123-H3K27ac.narrowPeak	1	72757
1	827	roadmap_epigenomics	0	0.347226676715536	2092	297	1005	576	1005	626	3440	1650	942	roadmap_epigenomics H3K27ac	NA	NA	H3K27ac	NA	NA	E100-H3K27ac.narrowPeak	1	163031
1	939	roadmap_epigenomics	0	0.386875866821919	1883	297	898	688	898	628	3171	1859	1211	roadmap_epigenomics H3K9ac	NA	NA	H3K9ac	NA	NA	E115-H3K9ac.narrowPeak	1	45532
1	1001	roadmap_epigenomics	0	0.482639407496705	911	297	530	1062	1062	630	1753	2831	2629	roadmap_epigenomics H4K20me1	NA	NA	H4K20me1	NA	NA	E120-H4K20me1.narrowPeak	1	47891
1	240	roadmap_epigenomics	0	0.398811804716018	1786	297	850	745	850	631	3050	1956	1332	roadmap_epigenomics H3K79me1	NA	NA	H3K79me1	NA	NA	E017-H3K79me1.narrowPeak	1	390673
1	757	roadmap_epigenomics	0	0.400969103006376	1767	297	841	755	841	631	3026	1975	1356	roadmap_epigenomics H3K36me3	NA	NA	H3K36me3	NA	NA	E091-H3K36me3.narrowPeak	1	240653
1	989	roadmap_epigenomics	0	0.4942719923224	436	297	485	1115	1115	632	923	3306	3459	roadmap_epigenomics H4K20me1	NA	NA	H4K20me1	NA	NA	E119-H4K20me1.narrowPeak	1	17540
1	193	roadmap_epigenomics	0	0.383717616861113	1870	297	908	695	908	633	3166	1872	1216	roadmap_epigenomics H3K36me3	NA	NA	H3K36me3	NA	NA	E013-H3K36me3.narrowPeak	1	304339
1	413	roadmap_epigenomics	0	0.387549437369583	1856	297	894	707	894	633	3144	1886	1238	roadmap_epigenomics H3K36me3	NA	NA	H3K36me3	NA	NA	E042-H3K36me3.narrowPeak	1	199452
1	941	roadmap_epigenomics	0	0.430249177702113	1438	297	719	884	884	633	2594	2304	1788	roadmap_epigenomics H4K20me1	NA	NA	H4K20me1	NA	NA	E115-H4K20me1.narrowPeak	1	156894
1	613	roadmap_epigenomics	0	0.381006085847617	1888	297	920	685	920	634	3189	1854	1193	roadmap_epigenomics H3K36me3	NA	NA	H3K36me3	NA	NA	E073-H3K36me3.narrowPeak	1	202192
1	975	roadmap_epigenomics	0	0.354717689634379	2005	297	986	627	986	637	3352	1737	1030	roadmap_epigenomics H3K9ac	NA	NA	H3K9ac	NA	NA	E118-H3K9ac.narrowPeak	1	55292
1	1086	roadmap_epigenomics	0	0.451611410735811	1204	297	636	977	977	637	2245	2538	2137	roadmap_epigenomics H3K9me1	NA	NA	H3K9me1	NA	NA	E127-H3K9me1.narrowPeak	1	49792
1	1094	roadmap_epigenomics	0	0.362804196391832	1945	297	966	652	966	638	3282	1797	1100	roadmap_epigenomics H3K4me1	NA	NA	H3K4me1	NA	NA	E128-H3K4me1.narrowPeak	1	167405
1	223	roadmap_epigenomics	0	0.355916540619685	1987	297	982	638	982	639	3334	1755	1048	roadmap_epigenomics H2AK9ac	NA	NA	H2AK9ac	NA	NA	E017-H2AK9ac.narrowPeak	1	85385
1	662	roadmap_epigenomics	0	0.368310109407819	1912	297	950	671	950	639	3240	1830	1142	roadmap_epigenomics H3K36me3	NA	NA	H3K36me3	NA	NA	E080-H3K36me3.narrowPeak	1	296790
1	766	roadmap_epigenomics	0	0.336791567500903	2060	297	1021	600	1021	639	3437	1682	945	roadmap_epigenomics H3K36me3	NA	NA	H3K36me3	NA	NA	E092-H3K36me3.narrowPeak	1	329663
1	95	roadmap_epigenomics	0	0.3458477856878	2028	297	1006	616	1006	640	3391	1714	991	roadmap_epigenomics H2BK12ac	NA	NA	H2BK12ac	NA	NA	E006-H2BK12ac.narrowPeak	1	286658
1	234	roadmap_epigenomics	0	0.374820290163793	1877	297	930	693	930	640	3193	1865	1189	roadmap_epigenomics H3K36me3	NA	NA	H3K36me3	NA	NA	E017-H3K36me3.narrowPeak	1	352022
1	393	roadmap_epigenomics	0	0.355939994414288	1965	297	980	644	980	640	3315	1777	1067	roadmap_epigenomics H3K27ac	NA	NA	H3K27ac	NA	NA	E039-H3K27ac.narrowPeak	1	79843
1	956	roadmap_epigenomics	0	0.355340963578581	1982	297	984	639	984	640	3331	1760	1051	roadmap_epigenomics H3K27ac	NA	NA	H3K27ac	NA	NA	E117-H3K27ac.narrowPeak	1	68992
1	739	roadmap_epigenomics	0	0.390766015951544	1770	297	887	752	887	645	3053	1972	1329	roadmap_epigenomics H3K36me3	NA	NA	H3K36me3	NA	NA	E089-H3K36me3.narrowPeak	1	233424
1	900	roadmap_epigenomics	0	0.345488056861961	1997	297	1008	632	1008	646	3366	1745	1016	roadmap_epigenomics H3K27ac	NA	NA	H3K27ac	NA	NA	E111-H3K27ac.narrowPeak	1	102045
1	963	roadmap_epigenomics	0	0.320435085781335	2075	297	1051	591	1051	646	3485	1667	897	roadmap_epigenomics H3K9ac	NA	NA	H3K9ac	NA	NA	E117-H3K9ac.narrowPeak	1	64430
1	535	roadmap_epigenomics	0	0.413576034734935	1480	297	787	864	864	649	2685	2262	1697	roadmap_epigenomics H3K36me3	NA	NA	H3K36me3	NA	NA	E059-H3K36me3.narrowPeak	1	98754
1	748	roadmap_epigenomics	0	0.372743131340203	1845	297	936	715	936	649	3168	1897	1214	roadmap_epigenomics H3K36me3	NA	NA	H3K36me3	NA	NA	E090-H3K36me3.narrowPeak	1	278916
1	977	roadmap_epigenomics	0	0.475319975406242	566	297	560	1111	1111	656	1195	3176	3187	roadmap_epigenomics H4K20me1	NA	NA	H4K20me1	NA	NA	E118-H4K20me1.narrowPeak	1	34450
1	503	roadmap_epigenomics	0	0.289378136956639	2066	297	1094	596	1094	662	3549	1676	833	roadmap_epigenomics H3K36me3	NA	NA	H3K36me3	NA	NA	E055-H3K36me3.narrowPeak	1	289239
1	1093	roadmap_epigenomics	0	0.404411425847167	1466	297	829	870	870	665	2692	2276	1690	roadmap_epigenomics H3K36me3	NA	NA	H3K36me3	NA	NA	E128-H3K36me3.narrowPeak	1	129078
1	1037	roadmap_epigenomics	0	0.454797526498609	777	297	622	1086	1086	668	1602	2965	2780	roadmap_epigenomics H3K9me1	NA	NA	H3K9me1	NA	NA	E123-H3K9me1.narrowPeak	1	22183
1	222	roadmap_epigenomics	0	0.335345396810177	1851	297	1025	710	1025	677	3264	1891	1118	roadmap_epigenomics H2AK5ac	NA	NA	H2AK5ac	NA	NA	E017-H2AK5ac.narrowPeak	1	296165
1	1088	roadmap_epigenomics	0	0.428672238134733	995	297	728	1037	1037	687	2007	2747	2375	roadmap_epigenomics H4K20me1	NA	NA	H4K20me1	NA	NA	E127-H4K20me1.narrowPeak	1	66330
1	536	roadmap_epigenomics	0	0.334710368371476	1753	297	1028	762	1028	696	3176	1989	1206	roadmap_epigenomics H3K4me1	NA	NA	H3K4me1	NA	NA	E059-H3K4me1.narrowPeak	1	104649
1	245	roadmap_epigenomics	0	0.392101671320534	1298	297	877	938	938	704	2521	2444	1861	roadmap_epigenomics H4K20me1	NA	NA	H4K20me1	NA	NA	E017-H4K20me1.narrowPeak	1	192735
1	1110	roadmap_epigenomics	0	0.385219096018342	1339	297	904	921	921	707	2591	2403	1791	roadmap_epigenomics H4K20me1	NA	NA	H4K20me1	NA	NA	E129-H4K20me1.narrowPeak	1	157676
1	1063	roadmap_epigenomics	0	0.362394358067117	1410	297	967	893	967	719	2740	2332	1642	roadmap_epigenomics H4K20me1	NA	NA	H4K20me1	NA	NA	E125-H4K20me1.narrowPeak	1	167649
1	953	roadmap_epigenomics	0	0.412424511880906	402	297	793	1117	1117	736	990	3340	3392	roadmap_epigenomics H4K20me1	NA	NA	H4K20me1	NA	NA	E116-H4K20me1.narrowPeak	1	13628
1	1051	roadmap_epigenomics	0	0.348855065856525	1294	297	1002	939	1002	746	2640	2448	1742	roadmap_epigenomics H4K20me1	NA	NA	H4K20me1	NA	NA	E124-H4K20me1.narrowPeak	1	157666
1	930	roadmap_epigenomics	0	0.353221112428917	1069	297	990	1020	1020	769	2327	2673	2055	roadmap_epigenomics H4K20me1	NA	NA	H4K20me1	NA	NA	E114-H4K20me1.narrowPeak	1	69077
